{"type":"FeatureCollection","features":[{"type":"Feature","properties":{"ele":20,"major":0},"geometry":{"type":"LineString","coordinates":[[-122.285042,37.857388],[-122.284697,37.857378],[-122.284581,37.857249],[-122.284352,37.856759],[-122.283833,37.856159],[-122.283662,37.855569],[-122.283317,37.855307],[-122.283037,37.854796]]}},{"type":"Feature","properties":{"ele":40,"major":0},"geometry":{"type":"LineString","coordinates":[[-122.285042,37.890267],[-122.284352,37.889923],[-122.283854,37.889401],[-122.284007,37.88933]]}},{"type":"Feature","properties":{"ele":40,"major":0},"geometry":{"type":"LineString","coordinates":[[-122.285042,37.887775],[-122.284815,37.887494],[-122.284805,37.887222],[-122.28492,37.886677],[-122.285042,37.886592]]}},{"type":"Feature","properties":{"ele":40,"major":0},"geometry":{"type":"LineString","coordinates":[[-122.282138,37.883135],[-122.281937,37.883243],[-122.281723,37.883135],[-122.281635,37.88259],[-122.281247,37.881947]]}},{"type":"Feature","properties":{"ele":40,"major":0},"geometry":{"type":"LineString","coordinates":[[-122.281276,37.881773],[-122.281242,37.881228],[-122.280966,37.880683],[-122.281247,37.880296]]}},{"type":"Feature","properties":{"ele":40,"major":0},"geometry":{"type":"LineString","coordinates":[[-122.2831,37.879594],[-122.283152,37.879049],[-122.282972,37.878929],[-122.282282,37.878676],[-122.281592,37.878712]]}},{"type":"Feature","properties":{"ele":40,"major":0},"geometry":{"type":"LineString","coordinates":[[-122.281262,37.878776],[-122.280557,37.878497],[-122.280212,37.878137],[-122.279177,37.878118],[-122.278675,37.877959],[-122.278832,37.877853]]}},{"type":"Feature","properties":{"ele":40,"major":0},"geometry":{"type":"LineString","coordinates":[[-122.280578,37.876052],[-122.280611,37.875779],[-122.279982,37.874689],[-122.279837,37.873872],[-122.279375,37.873327],[-122.279315,37.872782],[-122.279522,37.872253]]}},{"type":"Feature","properties":{"ele":40,"major":0},"geometry":{"type":"LineString","coordinates":[[-122.279532,37.872237],[-122.279622,37.871692],[-122.279398,37.871147],[-122.278966,37.870602],[-122.27903,37.869785],[-122.278487,37.869348],[-122.277452,37.869262],[-122.277008,37.868967],[-122.276809,37.868695],[-122.27688,37.867877],[-122.276793,37.867605],[-122.276027,37.86597],[-122.275382,37.865083],[-122.274692,37.864716],[-122.273312,37.863546],[-122.27293,37.862972],[-122.272967,37.86263]]}},{"type":"Feature","properties":{"ele":40,"major":0},"geometry":{"type":"LineString","coordinates":[[-122.273028,37.862427],[-122.273059,37.861882],[-122.272424,37.860792],[-122.272272,37.860247],[-122.270552,37.859045],[-122.270207,37.857626],[-122.269783,37.857249],[-122.269361,37.856159],[-122.268827,37.85569],[-122.268503,37.854796]]}},{"type":"Feature","properties":{"ele":60,"major":0},"geometry":{"type":"LineString","coordinates":[[-122.285042,37.901618],[-122.284697,37.901166],[-122.28369,37.900569],[-122.282627,37.90028]]}},{"type":"Feature","properties":{"ele":60,"major":0},"geometry":{"type":"LineString","coordinates":[[-122.284483,37.89839],[-122.284608,37.898118],[-122.284696,37.897028],[-122.284468,37.896484],[-122.283662,37.89593],[-122.282627,37.895652],[-122.282282,37.895425],[-122.281937,37.894652],[-122.281247,37.894565]]}},{"type":"Feature","properties":{"ele":60,"major":0},"geometry":{"type":"LineString","coordinates":[[-122.280269,37.89376],[-122.280038,37.893487],[-122.279522,37.893236],[-122.278427,37.892942],[-122.278487,37.892414]]}},{"type":"Feature","properties":{"ele":60,"major":0},"geometry":{"type":"LineString","coordinates":[[-122.279631,37.89158],[-122.279828,37.891308],[-122.279333,37.890763],[-122.278876,37.889946],[-122.278947,37.889674],[-122.279177,37.889613]]}},{"type":"Feature","properties":{"ele":60,"major":0},"geometry":{"type":"LineString","coordinates":[[-122.282284,37.887494],[-122.282429,37.886677],[-122.282282,37.886237],[-122.281592,37.885967],[-122.280902,37.886128]]}},{"type":"Feature","properties":{"ele":60,"major":0},"geometry":{"type":"LineString","coordinates":[[-122.28089,37.886132],[-122.280212,37.886363],[-122.279867,37.886352],[-122.278832,37.885765],[-122.278487,37.885221]]}},{"type":"Feature","properties":{"ele":60,"major":0},"geometry":{"type":"LineString","coordinates":[[-122.276753,37.88586],[-122.276417,37.885986],[-122.27552,37.885315],[-122.275038,37.88477],[-122.275037,37.884432]]}},{"type":"Feature","properties":{"ele":60,"major":0},"geometry":{"type":"LineString","coordinates":[[-122.277143,37.881773],[-122.277277,37.881501],[-122.277244,37.881228],[-122.276762,37.880827],[-122.276417,37.880837]]}},{"type":"Feature","properties":{"ele":60,"major":0},"geometry":{"type":"LineString","coordinates":[[-122.275791,37.881228],[-122.275382,37.881478],[-122.274347,37.881435],[-122.274146,37.881228],[-122.274095,37.880683],[-122.274347,37.87996]]}},{"type":"Feature","properties":{"ele":60,"major":0},"geometry":{"type":"LineString","coordinates":[[-122.27441,37.879866],[-122.274593,37.879321],[-122.274545,37.879049],[-122.274347,37.87893],[-122.273657,37.878997],[-122.273312,37.878842],[-122.273312,37.878715]]}},{"type":"Feature","properties":{"ele":60,"major":0},"geometry":{"type":"LineString","coordinates":[[-122.273684,37.878231],[-122.273821,37.877686],[-122.273122,37.876052],[-122.273092,37.875234],[-122.272931,37.874962],[-122.271932,37.874488],[-122.271242,37.873587]]}},{"type":"Feature","properties":{"ele":60,"major":0},"geometry":{"type":"LineString","coordinates":[[-122.271328,37.873327],[-122.271349,37.873054],[-122.270897,37.872971],[-122.270207,37.872612],[-122.269517,37.872457],[-122.268827,37.872479]]}},{"type":"Feature","properties":{"ele":60,"major":0},"geometry":{"type":"LineString","coordinates":[[-122.268669,37.87251],[-122.268243,37.87251],[-122.267703,37.872237],[-122.267447,37.87189],[-122.267277,37.871147],[-122.266583,37.87033],[-122.266635,37.868967],[-122.266349,37.867877],[-122.266066,37.867352],[-122.265697,37.86706],[-122.265064,37.865425],[-122.264358,37.864335],[-122.262021,37.862972],[-122.261921,37.86161],[-122.261338,37.860247],[-122.261248,37.85943],[-122.260922,37.858884],[-122.260659,37.857522],[-122.260155,37.856704],[-122.259586,37.856159],[-122.259322,37.855614],[-122.258567,37.854796]]}},{"type":"Feature","properties":{"ele":80,"major":0},"geometry":{"type":"LineString","coordinates":[[-122.284772,37.902748],[-122.284338,37.902748],[-122.284007,37.902509],[-122.284007,37.90239]]}},{"type":"Feature","properties":{"ele":80,"major":0},"geometry":{"type":"LineString","coordinates":[[-122.284051,37.902204],[-122.284189,37.901931],[-122.284007,37.901612],[-122.283317,37.901632],[-122.282972,37.901227],[-122.282282,37.90115],[-122.281592,37.900875],[-122.280557,37.900834]]}},{"type":"Feature","properties":{"ele":80,"major":0},"geometry":{"type":"LineString","coordinates":[[-122.283051,37.898663],[-122.283228,37.89839],[-122.283229,37.898118],[-122.282762,37.897573],[-122.282819,37.896756],[-122.282604,37.896484],[-122.281592,37.896144],[-122.280902,37.895743],[-122.277797,37.895785],[-122.277447,37.895122],[-122.27716,37.894849],[-122.276553,37.894577],[-122.27632,37.894304],[-122.276216,37.894032],[-122.276417,37.893629]]}},{"type":"Feature","properties":{"ele":80,"major":0},"geometry":{"type":"LineString","coordinates":[[-122.276776,37.892942],[-122.27676,37.892398],[-122.27644,37.891853],[-122.274787,37.890763],[-122.274839,37.890491],[-122.275037,37.890366]]}},{"type":"Feature","properties":{"ele":80,"major":0},"geometry":{"type":"LineString","coordinates":[[-122.275792,37.889674],[-122.275869,37.889401],[-122.275631,37.888856],[-122.275727,37.8885]]}},{"type":"Feature","properties":{"ele":80,"major":0},"geometry":{"type":"LineString","coordinates":[[-122.272847,37.888856],[-122.272622,37.888942],[-122.272427,37.888856],[-122.272381,37.888039],[-122.272534,37.886949],[-122.272296,37.886132],[-122.270996,37.88586],[-122.270959,37.885587],[-122.271202,37.885042],[-122.271152,37.88477],[-122.270897,37.884542],[-122.270207,37.884628],[-122.270009,37.884498],[-122.270207,37.884142]]}},{"type":"Feature","properties":{"ele":80,"major":0},"geometry":{"type":"LineString","coordinates":[[-122.271428,37.883408],[-122.27158,37.883135],[-122.27066,37.882046],[-122.270207,37.88185],[-122.269402,37.881773],[-122.269002,37.881501],[-122.268352,37.879866],[-122.268482,37.879258]]}},{"type":"Feature","properties":{"ele":80,"major":0},"geometry":{"type":"LineString","coordinates":[[-122.2685,37.879049],[-122.268383,37.878776],[-122.267638,37.878231],[-122.266486,37.876869],[-122.266075,37.875779],[-122.264149,37.874689],[-122.263996,37.874495],[-122.263835,37.874144],[-122.263905,37.873327],[-122.263807,37.873054],[-122.263306,37.872873],[-122.262616,37.872911]]}},{"type":"Feature","properties":{"ele":80,"major":0},"geometry":{"type":"LineString","coordinates":[[-122.262065,37.873327],[-122.261581,37.87342],[-122.260891,37.87292],[-122.260794,37.871965],[-122.260546,37.871114]]}},{"type":"Feature","properties":{"ele":80,"major":0},"geometry":{"type":"LineString","coordinates":[[-122.260607,37.870875],[-122.260587,37.87033],[-122.260101,37.870057],[-122.259932,37.869785],[-122.259856,37.86893]]}},{"type":"Feature","properties":{"ele":80,"major":0},"geometry":{"type":"LineString","coordinates":[[-122.259993,37.868695],[-122.259856,37.868368],[-122.257441,37.867251],[-122.25727,37.86706],[-122.257369,37.866515],[-122.257009,37.86597],[-122.255973,37.863517],[-122.254681,37.862039],[-122.254681,37.861494]]}},{"type":"Feature","properties":{"ele":80,"major":0},"geometry":{"type":"LineString","coordinates":[[-122.255084,37.860792],[-122.254939,37.86052],[-122.254336,37.86016],[-122.253748,37.85943],[-122.253061,37.858884],[-122.250886,37.857571],[-122.250378,37.856432],[-122.249247,37.854796]]}},{"type":"Feature","properties":{"ele":100,"major":1},"geometry":{"type":"LineString","coordinates":[[-122.284851,37.90411],[-122.284863,37.903838],[-122.284697,37.903688],[-122.283317,37.903241],[-122.283007,37.903021],[-122.282903,37.902476],[-122.282717,37.902204],[-122.281681,37.901659],[-122.281471,37.901386],[-122.281247,37.90126],[-122.279177,37.900932],[-122.278967,37.900842],[-122.279177,37.900504]]}},{"type":"Feature","properties":{"ele":100,"major":1},"geometry":{"type":"LineString","coordinates":[[-122.280953,37.898935],[-122.281143,37.89839],[-122.281071,37.898118],[-122.280194,37.896756],[-122.279867,37.896513],[-122.278487,37.896414]]}},{"type":"Feature","properties":{"ele":100,"major":1},"geometry":{"type":"LineString","coordinates":[[-122.277979,37.896756],[-122.277452,37.896851],[-122.276762,37.89658],[-122.276427,37.895666],[-122.275727,37.895167],[-122.275037,37.894332],[-122.274473,37.894032],[-122.274514,37.89376],[-122.274692,37.893608]]}},{"type":"Feature","properties":{"ele":100,"major":1},"geometry":{"type":"LineString","coordinates":[[-122.275139,37.893215],[-122.275213,37.892942],[-122.275037,37.892611],[-122.273694,37.89158],[-122.272622,37.891254],[-122.272332,37.891036],[-122.27209,37.890491],[-122.2718,37.890218],[-122.270994,37.889946],[-122.270921,37.889674],[-122.271185,37.888856],[-122.270585,37.888584],[-122.270841,37.887767],[-122.270757,37.887222],[-122.270207,37.886849],[-122.269552,37.886132],[-122.268827,37.885835],[-122.268095,37.885315],[-122.267102,37.884938],[-122.266651,37.884498],[-122.266314,37.883135],[-122.265303,37.881773],[-122.265195,37.880411],[-122.26436,37.879594],[-122.263651,37.879313],[-122.263306,37.879],[-122.262945,37.878504],[-122.262825,37.877686],[-122.262961,37.877353]]}},{"type":"Feature","properties":{"ele":100,"major":1},"geometry":{"type":"LineString","coordinates":[[-122.264454,37.876869],[-122.264501,37.876324],[-122.263996,37.87591],[-122.262961,37.875591],[-122.262616,37.875234],[-122.262271,37.875084],[-122.261236,37.875177]]}},{"type":"Feature","properties":{"ele":100,"major":1},"geometry":{"type":"LineString","coordinates":[[-122.260649,37.875507],[-122.260201,37.875746],[-122.259856,37.875615],[-122.259752,37.874962],[-122.259565,37.874689],[-122.258632,37.873872],[-122.257991,37.873599],[-122.257096,37.872367],[-122.255409,37.872237],[-122.255222,37.871965],[-122.255371,37.871683]]}},{"type":"Feature","properties":{"ele":100,"major":1},"geometry":{"type":"LineString","coordinates":[[-122.255599,37.87142],[-122.254448,37.870057],[-122.253216,37.867877],[-122.252302,37.866787],[-122.252133,37.86597],[-122.251854,37.865425],[-122.250886,37.864928],[-122.250675,37.864607],[-122.2504,37.863517],[-122.249506,37.861882],[-122.249821,37.861337],[-122.249826,37.861065],[-122.249455,37.859702],[-122.249161,37.859419],[-122.248126,37.859283],[-122.246746,37.858781],[-122.245397,37.857794],[-122.245021,37.857322],[-122.244676,37.857453],[-122.244331,37.857386],[-122.244046,37.856432],[-122.243296,37.855753],[-122.242575,37.855342],[-122.24205,37.854796]]}},{"type":"Feature","properties":{"ele":120,"major":0},"geometry":{"type":"LineString","coordinates":[[-122.28305,37.905199],[-122.283048,37.904655],[-122.282308,37.90411],[-122.281973,37.903293],[-122.281424,37.902476],[-122.280571,37.901659],[-122.280032,37.901386],[-122.278187,37.901114],[-122.278487,37.900751]]}},{"type":"Feature","properties":{"ele":120,"major":0},"geometry":{"type":"LineString","coordinates":[[-122.220094,37.905199],[-122.218111,37.904307],[-122.21739,37.90411],[-122.21713,37.903838],[-122.217076,37.902965]]}},{"type":"Feature","properties":{"ele":120,"major":0},"geometry":{"type":"LineString","coordinates":[[-122.217012,37.903293],[-122.216386,37.90355],[-122.216041,37.903459],[-122.215785,37.903021],[-122.215014,37.902476],[-122.214661,37.902043]]}},{"type":"Feature","properties":{"ele":120,"major":0},"geometry":{"type":"LineString","coordinates":[[-122.279275,37.900025],[-122.279517,37.899752],[-122.279252,37.899207],[-122.279522,37.898726]]}},{"type":"Feature","properties":{"ele":120,"major":0},"geometry":{"type":"LineString","coordinates":[[-122.27956,37.898663],[-122.279419,37.89839],[-122.279177,37.898299],[-122.277797,37.898349],[-122.277452,37.898186],[-122.277107,37.897599],[-122.276029,37.897301],[-122.274692,37.895476],[-122.274002,37.895141],[-122.273657,37.895102]]}},{"type":"Feature","properties":{"ele":120,"major":0},"geometry":{"type":"LineString","coordinates":[[-122.27359,37.895122],[-122.272967,37.895284],[-122.272793,37.894849],[-122.272349,37.894304],[-122.272622,37.894031]]}},{"type":"Feature","properties":{"ele":120,"major":0},"geometry":{"type":"LineString","coordinates":[[-122.273314,37.893487],[-122.273327,37.893215],[-122.272967,37.892705],[-122.271558,37.892125],[-122.271368,37.891853],[-122.271281,37.891308],[-122.271054,37.891036],[-122.270552,37.890777],[-122.269517,37.890665],[-122.269201,37.890491],[-122.268959,37.889674],[-122.268515,37.888856],[-122.268827,37.88829]]}},{"type":"Feature","properties":{"ele":120,"major":0},"geometry":{"type":"LineString","coordinates":[[-122.268951,37.888039],[-122.268873,37.887767],[-122.268071,37.887494],[-122.267575,37.886677],[-122.267202,37.886405],[-122.266412,37.886151],[-122.266066,37.885814],[-122.265031,37.885558],[-122.264225,37.885042],[-122.264228,37.88477],[-122.264341,37.884697]]}},{"type":"Feature","properties":{"ele":120,"major":0},"geometry":{"type":"LineString","coordinates":[[-122.265162,37.884225],[-122.265288,37.88368],[-122.2651,37.883408],[-122.26469,37.883135],[-122.263767,37.882863],[-122.263683,37.88259],[-122.263821,37.881773],[-122.263653,37.881228],[-122.262961,37.880848],[-122.262532,37.879866],[-122.259752,37.878231],[-122.259035,37.877414],[-122.258076,37.877142],[-122.25791,37.876869],[-122.257912,37.876324],[-122.257786,37.876088],[-122.257256,37.875779],[-122.256612,37.874962],[-122.255371,37.874154],[-122.254263,37.873054],[-122.252781,37.87251],[-122.252543,37.872237],[-122.252538,37.87142],[-122.252266,37.87082],[-122.251213,37.869512],[-122.250196,37.867627],[-122.249139,37.86706],[-122.248949,37.866242],[-122.248253,37.865152],[-122.247258,37.864335],[-122.246715,37.863517],[-122.245444,37.8627],[-122.245179,37.861882],[-122.24482,37.861337],[-122.244331,37.861158],[-122.243641,37.861186],[-122.243348,37.861065],[-122.243296,37.860749]]}},{"type":"Feature","properties":{"ele":120,"major":0},"geometry":{"type":"LineString","coordinates":[[-122.248867,37.86052],[-122.248471,37.860636],[-122.248107,37.86052],[-122.24789,37.860247],[-122.247963,37.859975],[-122.248126,37.859931]]}},{"type":"Feature","properties":{"ele":120,"major":0},"geometry":{"type":"LineString","coordinates":[[-122.248867,37.86052],[-122.248816,37.860135],[-122.248471,37.859939],[-122.248126,37.859931]]}},{"type":"Feature","properties":{"ele":120,"major":0},"geometry":{"type":"LineString","coordinates":[[-122.243659,37.86052],[-122.242606,37.859598],[-122.242116,37.858067],[-122.241571,37.85734],[-122.241571,37.857105]]}},{"type":"Feature","properties":{"ele":120,"major":0},"geometry":{"type":"LineString","coordinates":[[-122.24303,37.856977],[-122.242951,37.85713],[-122.242606,37.857232],[-122.241571,37.857105]]}},{"type":"Feature","properties":{"ele":120,"major":0},"geometry":{"type":"LineString","coordinates":[[-122.24303,37.856977],[-122.242871,37.856432],[-122.241916,37.855773],[-122.24105,37.854796]]}},{"type":"Feature","properties":{"ele":140,"major":0},"geometry":{"type":"LineString","coordinates":[[-122.281131,37.905199],[-122.280902,37.904704],[-122.280212,37.904398],[-122.279693,37.903838],[-122.279867,37.902806]]}},{"type":"Feature","properties":{"ele":140,"major":0},"geometry":{"type":"LineString","coordinates":[[-122.228333,37.905199],[-122.227426,37.904856],[-122.226736,37.904763],[-122.226396,37.90411],[-122.226046,37.904065]]}},{"type":"Feature","properties":{"ele":140,"major":0},"geometry":{"type":"LineString","coordinates":[[-122.222737,37.904927],[-122.222251,37.904958],[-122.218451,37.903293],[-122.218003,37.903021],[-122.218111,37.902627]]}},{"type":"Feature","properties":{"ele":140,"major":0},"geometry":{"type":"LineString","coordinates":[[-122.225878,37.90411],[-122.225011,37.904359],[-122.224525,37.90411],[-122.223631,37.903277]]}},{"type":"Feature","properties":{"ele":140,"major":0},"geometry":{"type":"LineString","coordinates":[[-122.277995,37.902204],[-122.277797,37.902423],[-122.277107,37.902288],[-122.276945,37.901931],[-122.277107,37.901542]]}},{"type":"Feature","properties":{"ele":140,"major":0},"geometry":{"type":"LineString","coordinates":[[-122.217208,37.902204],[-122.216731,37.9023],[-122.215696,37.902187],[-122.215358,37.901931],[-122.215394,37.901659],[-122.215696,37.901231]]}},{"type":"Feature","properties":{"ele":140,"major":0},"geometry":{"type":"LineString","coordinates":[[-122.279877,37.902204],[-122.279852,37.901931],[-122.279522,37.901626],[-122.279177,37.901535],[-122.278487,37.901634]]}},{"type":"Feature","properties":{"ele":140,"major":0},"geometry":{"type":"LineString","coordinates":[[-122.277925,37.900569],[-122.277967,37.900297],[-122.277666,37.899752],[-122.277107,37.899497],[-122.276417,37.899454],[-122.276116,37.899207],[-122.276072,37.898825]]}},{"type":"Feature","properties":{"ele":140,"major":0},"geometry":{"type":"LineString","coordinates":[[-122.276099,37.898663],[-122.276053,37.89839],[-122.275727,37.898148],[-122.275037,37.898047],[-122.274762,37.897846],[-122.274624,37.897301],[-122.273657,37.896119],[-122.273312,37.895926],[-122.272622,37.895844],[-122.272432,37.895666],[-122.272277,37.894985],[-122.271428,37.894304],[-122.27122,37.894032],[-122.271242,37.893659]]}},{"type":"Feature","properties":{"ele":140,"major":0},"geometry":{"type":"LineString","coordinates":[[-122.271303,37.893487],[-122.271229,37.893215],[-122.270151,37.89267],[-122.269749,37.89158],[-122.268827,37.891234],[-122.268638,37.891036],[-122.267036,37.888856],[-122.266412,37.887758],[-122.266066,37.887561],[-122.265238,37.887494],[-122.264686,37.886846],[-122.264341,37.886733],[-122.263651,37.886087],[-122.2632,37.88586],[-122.263067,37.885587],[-122.263306,37.884796]]}},{"type":"Feature","properties":{"ele":140,"major":0},"geometry":{"type":"LineString","coordinates":[[-122.263982,37.88368],[-122.263306,37.88376],[-122.262961,37.88367],[-122.26281,37.883408],[-122.262875,37.882863],[-122.262544,37.882046],[-122.262064,37.881501],[-122.261923,37.880683],[-122.260546,37.879667],[-122.259166,37.879059],[-122.258131,37.878763],[-122.257709,37.878231],[-122.256233,37.877414],[-122.256282,37.876869],[-122.255986,37.876324],[-122.255258,37.875507],[-122.254486,37.874962],[-122.253557,37.873872],[-122.252956,37.873659],[-122.252266,37.8732],[-122.251387,37.872237],[-122.250541,37.871823],[-122.249654,37.871147],[-122.249555,37.870602],[-122.249774,37.869785],[-122.249386,37.868422],[-122.248752,37.867877],[-122.24782,37.867332],[-122.247401,37.866242],[-122.246412,37.864607],[-122.245366,37.864052],[-122.245021,37.863502],[-122.243549,37.861882],[-122.242606,37.861085],[-122.242261,37.860904],[-122.241571,37.860934]]}},{"type":"Feature","properties":{"ele":140,"major":0},"geometry":{"type":"LineString","coordinates":[[-122.241596,37.859975],[-122.240761,37.858612],[-122.240576,37.857522],[-122.240162,37.856704],[-122.239156,37.855496],[-122.238331,37.854796]]}},{"type":"Feature","properties":{"ele":140,"major":0},"geometry":{"type":"LineString","coordinates":[[-122.241169,37.855887],[-122.240881,37.855959],[-122.239625,37.855342],[-122.239077,37.854796]]}},{"type":"Feature","properties":{"ele":160,"major":0},"geometry":{"type":"LineString","coordinates":[[-122.278388,37.905199],[-122.278174,37.904927],[-122.278023,37.904382],[-122.277522,37.903838],[-122.277452,37.903129],[-122.276116,37.902476],[-122.275703,37.901931],[-122.275727,37.901585]]}},{"type":"Feature","properties":{"ele":160,"major":0},"geometry":{"type":"LineString","coordinates":[[-122.229193,37.905199],[-122.228806,37.90489],[-122.227404,37.904382],[-122.227081,37.904151],[-122.226736,37.903442],[-122.226391,37.903435]]}},{"type":"Feature","properties":{"ele":160,"major":0},"geometry":{"type":"LineString","coordinates":[[-122.221589,37.90411],[-122.221216,37.904047],[-122.219327,37.903021],[-122.219276,37.902748],[-122.219491,37.902565]]}},{"type":"Feature","properties":{"ele":160,"major":0},"geometry":{"type":"LineString","coordinates":[[-122.226162,37.903565],[-122.225356,37.903802],[-122.225011,37.903639],[-122.224972,37.903293],[-122.224777,37.903021],[-122.223631,37.902349]]}},{"type":"Feature","properties":{"ele":160,"major":0},"geometry":{"type":"LineString","coordinates":[[-122.219602,37.902476],[-122.219798,37.902204],[-122.218801,37.901454],[-122.218456,37.900793],[-122.218111,37.900545]]}},{"type":"Feature","properties":{"ele":160,"major":0},"geometry":{"type":"LineString","coordinates":[[-122.217126,37.901659],[-122.216604,37.900842],[-122.216386,37.900705],[-122.215351,37.900558],[-122.215006,37.899901],[-122.214661,37.899898]]}},{"type":"Feature","properties":{"ele":160,"major":0},"geometry":{"type":"LineString","coordinates":[[-122.275929,37.901386],[-122.276029,37.901114],[-122.275465,37.900297],[-122.275377,37.899752],[-122.275203,37.89948],[-122.274385,37.898935],[-122.274002,37.898303],[-122.27328,37.897846],[-122.272967,37.896892],[-122.272277,37.896944],[-122.272088,37.896756],[-122.271587,37.895293],[-122.271094,37.894849],[-122.270515,37.894577],[-122.269862,37.893542],[-122.268827,37.893082],[-122.267792,37.892101],[-122.267256,37.890763],[-122.266227,37.889401],[-122.265434,37.888856],[-122.265031,37.888254],[-122.264341,37.888067],[-122.262961,37.88741]]}},{"type":"Feature","properties":{"ele":160,"major":0},"geometry":{"type":"LineString","coordinates":[[-122.262618,37.888039],[-122.262029,37.887494],[-122.261236,37.887201],[-122.260891,37.886899]]}},{"type":"Feature","properties":{"ele":160,"major":0},"geometry":{"type":"LineString","coordinates":[[-122.261004,37.886677],[-122.2612,37.886132],[-122.260546,37.885219],[-122.260201,37.885001]]}},{"type":"Feature","properties":{"ele":160,"major":0},"geometry":{"type":"LineString","coordinates":[[-122.261251,37.883135],[-122.261141,37.88259],[-122.260616,37.882046],[-122.260396,37.881501],[-122.259971,37.880956],[-122.260197,37.880411],[-122.259676,37.880138],[-122.259166,37.880135]]}},{"type":"Feature","properties":{"ele":160,"major":0},"geometry":{"type":"LineString","coordinates":[[-122.25915,37.880138],[-122.258821,37.880233],[-122.258131,37.87996],[-122.257026,37.879049],[-122.255808,37.877686],[-122.254681,37.877568],[-122.254592,37.877414],[-122.254681,37.877326]]}},{"type":"Feature","properties":{"ele":160,"major":0},"geometry":{"type":"LineString","coordinates":[[-122.255136,37.876869],[-122.25515,37.876597],[-122.254681,37.875899],[-122.253646,37.874948],[-122.251668,37.873599],[-122.251306,37.872782],[-122.251062,37.87251],[-122.250196,37.872102],[-122.249506,37.871958]]}},{"type":"Feature","properties":{"ele":160,"major":0},"geometry":{"type":"LineString","coordinates":[[-122.246682,37.87251],[-122.245711,37.872749],[-122.24468,37.87251],[-122.245021,37.872379]]}},{"type":"Feature","properties":{"ele":160,"major":0},"geometry":{"type":"LineString","coordinates":[[-122.249105,37.869785],[-122.248988,37.86924],[-122.248226,37.86815],[-122.247781,37.867942],[-122.246746,37.867968],[-122.24653,37.867877],[-122.246348,37.867605],[-122.246401,37.867485]]}},{"type":"Feature","properties":{"ele":160,"major":0},"geometry":{"type":"LineString","coordinates":[[-122.246458,37.867332],[-122.246554,37.866515],[-122.246298,37.86597],[-122.244683,37.86488],[-122.244676,37.864555]]}},{"type":"Feature","properties":{"ele":160,"major":0},"geometry":{"type":"LineString","coordinates":[[-122.244751,37.864335],[-122.2447,37.86379],[-122.243765,37.862972],[-122.243268,37.8627],[-122.242951,37.86185],[-122.241916,37.861344],[-122.240881,37.86159]]}},{"type":"Feature","properties":{"ele":160,"major":0},"geometry":{"type":"LineString","coordinates":[[-122.240944,37.860247],[-122.241053,37.859975],[-122.238466,37.856527],[-122.237806,37.856159],[-122.237479,37.855614],[-122.236741,37.855306]]}},{"type":"Feature","properties":{"ele":180,"major":0},"geometry":{"type":"LineString","coordinates":[[-122.277307,37.905199],[-122.276525,37.90411],[-122.276072,37.903948],[-122.275727,37.904089],[-122.275382,37.903988],[-122.275382,37.90381]]}},{"type":"Feature","properties":{"ele":180,"major":0},"geometry":{"type":"LineString","coordinates":[[-122.262346,37.905199],[-122.261581,37.904788],[-122.260891,37.904724],[-122.259856,37.904124],[-122.259169,37.903565],[-122.258821,37.903513]]}},{"type":"Feature","properties":{"ele":180,"major":0},"geometry":{"type":"LineString","coordinates":[[-122.229971,37.904927],[-122.229841,37.90515],[-122.229496,37.90508],[-122.228267,37.90411],[-122.227983,37.903565],[-122.227376,37.903021],[-122.226736,37.902689],[-122.226391,37.902725]]}},{"type":"Feature","properties":{"ele":180,"major":0},"geometry":{"type":"LineString","coordinates":[[-122.259518,37.904927],[-122.259107,37.90411],[-122.258655,37.903565],[-122.258821,37.903513]]}},{"type":"Feature","properties":{"ele":180,"major":0},"geometry":{"type":"LineString","coordinates":[[-122.229971,37.904927],[-122.229982,37.904655],[-122.229735,37.90411],[-122.229841,37.903746]]}},{"type":"Feature","properties":{"ele":180,"major":0},"geometry":{"type":"LineString","coordinates":[[-122.230925,37.904382],[-122.230531,37.904356],[-122.230186,37.903769],[-122.229841,37.903746]]}},{"type":"Feature","properties":{"ele":180,"major":0},"geometry":{"type":"LineString","coordinates":[[-122.275959,37.903565],[-122.275973,37.903293],[-122.273966,37.901386],[-122.273312,37.900414],[-122.273312,37.900169]]}},{"type":"Feature","properties":{"ele":180,"major":0},"geometry":{"type":"LineString","coordinates":[[-122.226238,37.902748],[-122.225701,37.902672],[-122.224666,37.901906],[-122.223631,37.901613]]}},{"type":"Feature","properties":{"ele":180,"major":0},"geometry":{"type":"LineString","coordinates":[[-122.222602,37.902748],[-122.221561,37.902668],[-122.221258,37.902476],[-122.220871,37.901574],[-122.21989,37.901386],[-122.218801,37.900439],[-122.218111,37.899284],[-122.217766,37.899397]]}},{"type":"Feature","properties":{"ele":180,"major":0},"geometry":{"type":"LineString","coordinates":[[-122.217166,37.900025],[-122.217076,37.900271],[-122.216041,37.900215],[-122.215727,37.900025],[-122.21568,37.899752],[-122.215351,37.899507],[-122.215006,37.899465]]}},{"type":"Feature","properties":{"ele":180,"major":0},"geometry":{"type":"LineString","coordinates":[[-122.273366,37.900025],[-122.273434,37.899752],[-122.273145,37.899207],[-122.272277,37.898284],[-122.271519,37.897846],[-122.271183,37.897301],[-122.270588,37.896756],[-122.270483,37.896484],[-122.270552,37.896334]]}},{"type":"Feature","properties":{"ele":180,"major":0},"geometry":{"type":"LineString","coordinates":[[-122.270609,37.896211],[-122.270686,37.895666],[-122.270419,37.895394],[-122.269217,37.894849],[-122.268482,37.893827],[-122.268137,37.893562],[-122.267102,37.893205],[-122.26687,37.892942],[-122.266573,37.892398],[-122.266353,37.89158],[-122.266412,37.891081]]}},{"type":"Feature","properties":{"ele":180,"major":0},"geometry":{"type":"LineString","coordinates":[[-122.266426,37.891036],[-122.266414,37.890763],[-122.265637,37.889674],[-122.265031,37.889346],[-122.264341,37.889382],[-122.263996,37.889251],[-122.263651,37.888813]]}},{"type":"Feature","properties":{"ele":180,"major":0},"geometry":{"type":"LineString","coordinates":[[-122.263591,37.888856],[-122.263306,37.889125],[-122.261926,37.88861],[-122.261236,37.888555],[-122.260779,37.887767],[-122.259856,37.887621],[-122.259738,37.887494],[-122.259856,37.887163]]}},{"type":"Feature","properties":{"ele":180,"major":0},"geometry":{"type":"LineString","coordinates":[[-122.260363,37.886677],[-122.260489,37.886132],[-122.258821,37.884954],[-122.258278,37.884225],[-122.258476,37.883937]]}},{"type":"Feature","properties":{"ele":180,"major":0},"geometry":{"type":"LineString","coordinates":[[-122.259995,37.883135],[-122.260186,37.882863],[-122.259856,37.882359],[-122.259274,37.882046],[-122.258131,37.880896],[-122.257441,37.880687],[-122.257096,37.880443],[-122.256834,37.879866],[-122.256061,37.879252],[-122.255899,37.879049],[-122.255756,37.878231],[-122.255557,37.877959],[-122.254681,37.877941]]}},{"type":"Feature","properties":{"ele":180,"major":0},"geometry":{"type":"LineString","coordinates":[[-122.254552,37.876869],[-122.254462,37.876597],[-122.254099,37.876324],[-122.253578,37.875507],[-122.252266,37.87474],[-122.252064,37.874417],[-122.250886,37.873638],[-122.250541,37.872713],[-122.250196,37.87249],[-122.249506,37.87234],[-122.249161,37.872474]]}},{"type":"Feature","properties":{"ele":180,"major":0},"geometry":{"type":"LineString","coordinates":[[-122.244352,37.873327],[-122.243986,37.873299],[-122.241963,37.87251],[-122.241916,37.872216]]}},{"type":"Feature","properties":{"ele":180,"major":0},"geometry":{"type":"LineString","coordinates":[[-122.247879,37.873054],[-122.247781,37.873143],[-122.246746,37.872849],[-122.246401,37.872976]]}},{"type":"Feature","properties":{"ele":180,"major":0},"geometry":{"type":"LineString","coordinates":[[-122.246266,37.873054],[-122.246056,37.873256],[-122.245711,37.873302],[-122.245021,37.873022]]}},{"type":"Feature","properties":{"ele":180,"major":0},"geometry":{"type":"LineString","coordinates":[[-122.248287,37.869785],[-122.248321,37.86924],[-122.248126,37.86891],[-122.247436,37.868446],[-122.24552,37.86815],[-122.245268,37.867877],[-122.245203,37.867605],[-122.245366,37.867308]]}},{"type":"Feature","properties":{"ele":180,"major":0},"geometry":{"type":"LineString","coordinates":[[-122.245875,37.866787],[-122.245907,37.866242],[-122.245739,37.86597],[-122.245021,37.865449],[-122.243942,37.865152],[-122.243986,37.864869]]}},{"type":"Feature","properties":{"ele":180,"major":0},"geometry":{"type":"LineString","coordinates":[[-122.244401,37.864335],[-122.244379,37.864062],[-122.244173,37.86379],[-122.242882,37.862972],[-122.24259,37.862427],[-122.242261,37.862111],[-122.241571,37.86191],[-122.240536,37.862089]]}},{"type":"Feature","properties":{"ele":180,"major":0},"geometry":{"type":"LineString","coordinates":[[-122.23816,37.863517],[-122.238121,37.86363],[-122.237431,37.863248],[-122.237086,37.863197]]}},{"type":"Feature","properties":{"ele":180,"major":0},"geometry":{"type":"LineString","coordinates":[[-122.236858,37.863245],[-122.235361,37.863453],[-122.235094,37.863245],[-122.235361,37.863084]]}},{"type":"Feature","properties":{"ele":180,"major":0},"geometry":{"type":"LineString","coordinates":[[-122.240294,37.860247],[-122.240262,37.859975],[-122.239757,37.85943],[-122.238466,37.857378],[-122.238121,37.85702],[-122.237431,37.856963]]}},{"type":"Feature","properties":{"ele":180,"major":0},"geometry":{"type":"LineString","coordinates":[[-122.237304,37.856977],[-122.236741,37.856939],[-122.236051,37.856378],[-122.235706,37.856354]]}},{"type":"Feature","properties":{"ele":200,"major":1},"geometry":{"type":"LineString","coordinates":[[-122.274972,37.905199],[-122.274261,37.904927],[-122.273938,37.904382],[-122.273264,37.903838],[-122.273312,37.903729]]}},{"type":"Feature","properties":{"ele":200,"major":1},"geometry":{"type":"LineString","coordinates":[[-122.263198,37.905199],[-122.261581,37.903651],[-122.261236,37.903505],[-122.260201,37.903543],[-122.259976,37.903293],[-122.259839,37.902748],[-122.259511,37.902346],[-122.259166,37.902185]]}},{"type":"Feature","properties":{"ele":200,"major":1},"geometry":{"type":"LineString","coordinates":[[-122.256558,37.905199],[-122.256725,37.904382],[-122.254574,37.903293],[-122.254681,37.902462]]}},{"type":"Feature","properties":{"ele":200,"major":1},"geometry":{"type":"LineString","coordinates":[[-122.237041,37.905199],[-122.236801,37.904655],[-122.236396,37.904161],[-122.236051,37.904079]]}},{"type":"Feature","properties":{"ele":200,"major":1},"geometry":{"type":"LineString","coordinates":[[-122.233718,37.904927],[-122.233636,37.905145],[-122.232988,37.904927],[-122.232873,37.904655],[-122.232938,37.90411],[-122.232601,37.90377],[-122.231566,37.903233],[-122.230531,37.903091],[-122.229496,37.902644]]}},{"type":"Feature","properties":{"ele":200,"major":1},"geometry":{"type":"LineString","coordinates":[[-122.257945,37.903565],[-122.257786,37.903749],[-122.257441,37.903825],[-122.256751,37.903713],[-122.255716,37.903268],[-122.254681,37.902462]]}},{"type":"Feature","properties":{"ele":200,"major":1},"geometry":{"type":"LineString","coordinates":[[-122.27379,37.903293],[-122.273888,37.903021],[-122.273045,37.902204],[-122.272514,37.901931],[-122.272453,37.901386],[-122.27226,37.901114],[-122.271607,37.900842],[-122.271587,37.900541]]}},{"type":"Feature","properties":{"ele":200,"major":1},"geometry":{"type":"LineString","coordinates":[[-122.229077,37.903021],[-122.228806,37.903287],[-122.227081,37.902237],[-122.226736,37.902179]]}},{"type":"Feature","properties":{"ele":200,"major":1},"geometry":{"type":"LineString","coordinates":[[-122.2266,37.902204],[-122.226046,37.902231],[-122.225356,37.901559],[-122.224666,37.901255],[-122.223976,37.901231],[-122.223631,37.901029],[-122.223286,37.900384],[-122.222941,37.900461]]}},{"type":"Feature","properties":{"ele":200,"major":1},"geometry":{"type":"LineString","coordinates":[[-122.222669,37.901114],[-122.222596,37.901305],[-122.222251,37.901192],[-122.221906,37.900903],[-122.221561,37.900158],[-122.220871,37.900015]]}},{"type":"Feature","properties":{"ele":200,"major":1},"geometry":{"type":"LineString","coordinates":[[-122.219975,37.900297],[-122.219491,37.900357],[-122.219073,37.900025],[-122.21894,37.89948],[-122.219056,37.898663],[-122.218801,37.898121]]}},{"type":"Feature","properties":{"ele":200,"major":1},"geometry":{"type":"LineString","coordinates":[[-122.272334,37.899752],[-122.271791,37.898935],[-122.270879,37.89839],[-122.270552,37.897845],[-122.269439,37.897028],[-122.269072,37.896484],[-122.269031,37.895666],[-122.267792,37.895122],[-122.267447,37.894631],[-122.266757,37.894627],[-122.266412,37.894443],[-122.26624,37.894032],[-122.266338,37.893487],[-122.266224,37.892942],[-122.265768,37.892398],[-122.265668,37.891853],[-122.265376,37.891253],[-122.264821,37.890763],[-122.264613,37.890491],[-122.264686,37.890453]]}},{"type":"Feature","properties":{"ele":200,"major":1},"geometry":{"type":"LineString","coordinates":[[-122.215756,37.896484],[-122.215858,37.896211],[-122.215686,37.895939],[-122.215642,37.895394],[-122.215351,37.895114]]}},{"type":"Feature","properties":{"ele":200,"major":1},"geometry":{"type":"LineString","coordinates":[[-122.263779,37.890491],[-122.262961,37.890619],[-122.262271,37.88998],[-122.261962,37.889401],[-122.260891,37.889039],[-122.260678,37.888856],[-122.26046,37.888311],[-122.260201,37.888066],[-122.259856,37.888039]]}},{"type":"Feature","properties":{"ele":200,"major":1},"geometry":{"type":"LineString","coordinates":[[-122.259851,37.888039],[-122.259145,37.888039],[-122.258956,37.887767],[-122.259166,37.887472]]}},{"type":"Feature","properties":{"ele":200,"major":1},"geometry":{"type":"LineString","coordinates":[[-122.259679,37.886677],[-122.259616,37.886132],[-122.258821,37.885734],[-122.258131,37.885012],[-122.257257,37.884498],[-122.257132,37.884225],[-122.257441,37.883952]]}},{"type":"Feature","properties":{"ele":200,"major":1},"geometry":{"type":"LineString","coordinates":[[-122.258496,37.883135],[-122.258131,37.882453],[-122.257065,37.881773],[-122.256061,37.879949],[-122.255371,37.87964],[-122.255262,37.878504],[-122.255095,37.878231],[-122.254681,37.878207]]}},{"type":"Feature","properties":{"ele":200,"major":1},"geometry":{"type":"LineString","coordinates":[[-122.254524,37.878231],[-122.252956,37.878312],[-122.252611,37.878217],[-122.252482,37.877959],[-122.252611,37.877765]]}},{"type":"Feature","properties":{"ele":200,"major":1},"geometry":{"type":"LineString","coordinates":[[-122.253732,37.877142],[-122.253788,37.876869],[-122.253301,37.876386],[-122.252731,37.875507],[-122.251594,37.874962],[-122.251478,37.874417],[-122.250544,37.873872],[-122.250054,37.873054],[-122.249506,37.872867],[-122.248471,37.873036]]}},{"type":"Feature","properties":{"ele":200,"major":1},"geometry":{"type":"LineString","coordinates":[[-122.246158,37.873872],[-122.246056,37.873982],[-122.245711,37.873892],[-122.245021,37.873373]]}},{"type":"Feature","properties":{"ele":200,"major":1},"geometry":{"type":"LineString","coordinates":[[-122.244478,37.873872],[-122.244331,37.874055],[-122.243986,37.8741],[-122.243296,37.873818],[-122.242606,37.873096],[-122.241226,37.872947]]}},{"type":"Feature","properties":{"ele":200,"major":1},"geometry":{"type":"LineString","coordinates":[[-122.248054,37.873599],[-122.247781,37.873724],[-122.247091,37.873232],[-122.246746,37.87317]]}},{"type":"Feature","properties":{"ele":200,"major":1},"geometry":{"type":"LineString","coordinates":[[-122.240337,37.873599],[-122.240191,37.87376],[-122.240039,37.873599],[-122.240019,37.873054],[-122.239846,37.872866],[-122.239501,37.872825],[-122.239156,37.87297]]}},{"type":"Feature","properties":{"ele":200,"major":1},"geometry":{"type":"LineString","coordinates":[[-122.238919,37.873054],[-122.238811,37.873103],[-122.238664,37.872782],[-122.238671,37.87251],[-122.238811,37.872426]]}},{"type":"Feature","properties":{"ele":200,"major":1},"geometry":{"type":"LineString","coordinates":[[-122.24759,37.869785],[-122.247643,37.869512],[-122.247509,37.86924],[-122.247091,37.868876],[-122.246056,37.868565],[-122.245366,37.868576],[-122.244516,37.86815],[-122.244354,37.867877],[-122.244676,37.867431]]}},{"type":"Feature","properties":{"ele":200,"major":1},"geometry":{"type":"LineString","coordinates":[[-122.245412,37.866515],[-122.245417,37.866242],[-122.245021,37.865797],[-122.243038,37.865152],[-122.242951,37.864867]]}},{"type":"Feature","properties":{"ele":200,"major":1},"geometry":{"type":"LineString","coordinates":[[-122.2382,37.864335],[-122.238121,37.864417],[-122.237925,37.864335],[-122.237555,37.86379],[-122.237086,37.863532],[-122.236051,37.86366]]}},{"type":"Feature","properties":{"ele":200,"major":1},"geometry":{"type":"LineString","coordinates":[[-122.244006,37.864335],[-122.243946,37.864062],[-122.243641,37.863829],[-122.242367,37.863245],[-122.241916,37.862597],[-122.241571,37.862448],[-122.240881,37.862403]]}},{"type":"Feature","properties":{"ele":200,"major":1},"geometry":{"type":"LineString","coordinates":[[-122.239391,37.860247],[-122.2395,37.859975],[-122.238121,37.858378],[-122.237776,37.85781],[-122.237431,37.857567],[-122.237086,37.857669]]}},{"type":"Feature","properties":{"ele":200,"major":1},"geometry":{"type":"LineString","coordinates":[[-122.233333,37.858339],[-122.232946,37.858557],[-122.232652,37.858339],[-122.232946,37.857358]]}},{"type":"Feature","properties":{"ele":200,"major":1},"geometry":{"type":"LineString","coordinates":[[-122.236922,37.857794],[-122.236741,37.857913],[-122.236396,37.857856],[-122.236051,37.857312],[-122.235706,37.857187],[-122.235016,37.857236]]}},{"type":"Feature","properties":{"ele":220,"major":0},"geometry":{"type":"LineString","coordinates":[[-122.273259,37.905199],[-122.273082,37.904655],[-122.272277,37.90416],[-122.272094,37.903838],[-122.27227,37.903021],[-122.272197,37.902748],[-122.271587,37.90224],[-122.271242,37.901475],[-122.270381,37.901114],[-122.270552,37.900527]]}},{"type":"Feature","properties":{"ele":220,"major":0},"geometry":{"type":"LineString","coordinates":[[-122.264174,37.905199],[-122.263996,37.905038],[-122.263306,37.904841],[-122.262975,37.90411],[-122.262588,37.903838],[-122.261926,37.902953],[-122.260546,37.902892],[-122.259768,37.901659],[-122.259511,37.901471],[-122.258476,37.901274]]}},{"type":"Feature","properties":{"ele":220,"major":0},"geometry":{"type":"LineString","coordinates":[[-122.255443,37.905199],[-122.255572,37.904382],[-122.255026,37.903867],[-122.254681,37.903919]]}},{"type":"Feature","properties":{"ele":220,"major":0},"geometry":{"type":"LineString","coordinates":[[-122.25337,37.904655],[-122.252956,37.904804],[-122.252612,37.904655],[-122.252611,37.904287],[-122.252054,37.903838],[-122.252266,37.90376]]}},{"type":"Feature","properties":{"ele":220,"major":0},"geometry":{"type":"LineString","coordinates":[[-122.238304,37.904655],[-122.238212,37.904382],[-122.237431,37.90394],[-122.237086,37.903531],[-122.235361,37.903564]]}},{"type":"Feature","properties":{"ele":220,"major":0},"geometry":{"type":"LineString","coordinates":[[-122.23462,37.903565],[-122.233981,37.90374],[-122.233636,37.903696],[-122.233362,37.903293],[-122.232601,37.902882],[-122.231911,37.9023],[-122.231555,37.902204],[-122.231221,37.901867],[-122.230531,37.901921]]}},{"type":"Feature","properties":{"ele":220,"major":0},"geometry":{"type":"LineString","coordinates":[[-122.25767,37.903293],[-122.257441,37.9035],[-122.256751,37.903455],[-122.255785,37.903021],[-122.25519,37.902476],[-122.254123,37.901114],[-122.253631,37.900025],[-122.253646,37.899288]]}},{"type":"Feature","properties":{"ele":220,"major":0},"geometry":{"type":"LineString","coordinates":[[-122.254018,37.903021],[-122.254022,37.902748],[-122.253237,37.901659],[-122.252395,37.89948],[-122.252235,37.899207],[-122.251569,37.898663],[-122.25146,37.89839],[-122.251576,37.898097]]}},{"type":"Feature","properties":{"ele":220,"major":0},"geometry":{"type":"LineString","coordinates":[[-122.230493,37.901931],[-122.230186,37.902027],[-122.229841,37.901559],[-122.228806,37.901606]]}},{"type":"Feature","properties":{"ele":220,"major":0},"geometry":{"type":"LineString","coordinates":[[-122.228255,37.901931],[-122.227771,37.901974],[-122.227081,37.9016],[-122.226046,37.901556],[-122.225701,37.901056],[-122.224321,37.900841],[-122.223976,37.900675],[-122.223826,37.900297],[-122.223861,37.89948],[-122.223631,37.89931],[-122.223286,37.899342]]}},{"type":"Feature","properties":{"ele":220,"major":0},"geometry":{"type":"LineString","coordinates":[[-122.270715,37.900297],[-122.270873,37.900025],[-122.270781,37.899752],[-122.270552,37.89958],[-122.270207,37.899481],[-122.269172,37.899727],[-122.268873,37.89948],[-122.268382,37.898663],[-122.268482,37.898378]]}},{"type":"Feature","properties":{"ele":220,"major":0},"geometry":{"type":"LineString","coordinates":[[-122.222725,37.899752],[-122.222596,37.899851],[-122.222251,37.899779],[-122.221216,37.899408],[-122.220181,37.899444],[-122.219919,37.899207],[-122.21967,37.898118],[-122.219836,37.897636]]}},{"type":"Feature","properties":{"ele":220,"major":0},"geometry":{"type":"LineString","coordinates":[[-122.2533,37.89839],[-122.252266,37.898534],[-122.251875,37.89839],[-122.251576,37.898097]]}},{"type":"Feature","properties":{"ele":220,"major":0},"geometry":{"type":"LineString","coordinates":[[-122.217016,37.898118],[-122.216731,37.898277],[-122.216386,37.898218],[-122.215643,37.897573],[-122.215696,37.897234]]}},{"type":"Feature","properties":{"ele":220,"major":0},"geometry":{"type":"LineString","coordinates":[[-122.268679,37.898118],[-122.268766,37.897846],[-122.268687,37.897573],[-122.268039,37.896756],[-122.26779,37.896211],[-122.266757,37.896041],[-122.266464,37.895394],[-122.266082,37.895122],[-122.265376,37.894792],[-122.264488,37.894577],[-122.264233,37.894304],[-122.264167,37.894032],[-122.264341,37.893808]]}},{"type":"Feature","properties":{"ele":220,"major":0},"geometry":{"type":"LineString","coordinates":[[-122.218587,37.897573],[-122.218111,37.897695],[-122.217766,37.897607],[-122.217421,37.897754]]}},{"type":"Feature","properties":{"ele":220,"major":0},"geometry":{"type":"LineString","coordinates":[[-122.217077,37.896211],[-122.216339,37.895666],[-122.215696,37.894444],[-122.214661,37.894311]]}},{"type":"Feature","properties":{"ele":220,"major":0},"geometry":{"type":"LineString","coordinates":[[-122.264732,37.893487],[-122.264923,37.893215],[-122.264686,37.892565],[-122.264686,37.892042]]}},{"type":"Feature","properties":{"ele":220,"major":0},"geometry":{"type":"LineString","coordinates":[[-122.263103,37.891853],[-122.262616,37.892089],[-122.262271,37.892029],[-122.261333,37.891308],[-122.261236,37.890839]]}},{"type":"Feature","properties":{"ele":220,"major":0},"geometry":{"type":"LineString","coordinates":[[-122.264706,37.891853],[-122.264556,37.89158],[-122.264341,37.891485],[-122.263651,37.891539]]}},{"type":"Feature","properties":{"ele":220,"major":0},"geometry":{"type":"LineString","coordinates":[[-122.261259,37.890763],[-122.261484,37.890218],[-122.261351,37.889946],[-122.26107,37.889674],[-122.26012,37.889401],[-122.259933,37.889129],[-122.259985,37.888584],[-122.259856,37.888469],[-122.258821,37.888476],[-122.258131,37.888139],[-122.257932,37.887494],[-122.257969,37.887222],[-122.258131,37.887158]]}},{"type":"Feature","properties":{"ele":220,"major":0},"geometry":{"type":"LineString","coordinates":[[-122.258925,37.886949],[-122.259087,37.886677],[-122.258914,37.886405],[-122.258476,37.886243],[-122.258131,37.885697],[-122.256623,37.884498],[-122.256591,37.884225],[-122.256751,37.88403]]}},{"type":"Feature","properties":{"ele":220,"major":0},"geometry":{"type":"LineString","coordinates":[[-122.257904,37.883135],[-122.257854,37.882863],[-122.257593,37.88259],[-122.256751,37.882319],[-122.256494,37.882046],[-122.255716,37.880418],[-122.25477,37.880138],[-122.254681,37.879772]]}},{"type":"Feature","properties":{"ele":220,"major":0},"geometry":{"type":"LineString","coordinates":[[-122.254739,37.879594],[-122.254829,37.878776],[-122.254681,37.878591],[-122.253301,37.878696]]}},{"type":"Feature","properties":{"ele":220,"major":0},"geometry":{"type":"LineString","coordinates":[[-122.253036,37.878776],[-122.252266,37.878904],[-122.250886,37.878431],[-122.250677,37.877959],[-122.250886,37.877291]]}},{"type":"Feature","properties":{"ele":220,"major":0},"geometry":{"type":"LineString","coordinates":[[-122.252697,37.876869],[-122.252504,37.876052],[-122.252266,37.875677],[-122.251185,37.875507],[-122.250877,37.874689],[-122.250633,37.874417],[-122.249506,37.873481],[-122.248816,37.873414]]}},{"type":"Feature","properties":{"ele":220,"major":0},"geometry":{"type":"LineString","coordinates":[[-122.244524,37.874689],[-122.244331,37.874868],[-122.243641,37.874844],[-122.242866,37.874417],[-122.242261,37.873439],[-122.241571,37.873317]]}},{"type":"Feature","properties":{"ele":220,"major":0},"geometry":{"type":"LineString","coordinates":[[-122.240415,37.874417],[-122.240191,37.874557],[-122.239156,37.874667],[-122.238466,37.874353],[-122.237776,37.874235],[-122.237776,37.873917]]}},{"type":"Feature","properties":{"ele":220,"major":0},"geometry":{"type":"LineString","coordinates":[[-122.248128,37.874144],[-122.247781,37.874214],[-122.247091,37.873729],[-122.246746,37.873685]]}},{"type":"Feature","properties":{"ele":220,"major":0},"geometry":{"type":"LineString","coordinates":[[-122.246596,37.874144],[-122.246401,37.874412],[-122.246056,37.87441],[-122.245021,37.87404]]}},{"type":"Feature","properties":{"ele":220,"major":0},"geometry":{"type":"LineString","coordinates":[[-122.238155,37.873327],[-122.238121,37.872987],[-122.236991,37.87251],[-122.236936,37.872237],[-122.237086,37.872196]]}},{"type":"Feature","properties":{"ele":220,"major":0},"geometry":{"type":"LineString","coordinates":[[-122.244163,37.87142],[-122.243641,37.871571],[-122.242951,37.871327],[-122.242261,37.871413]]}},{"type":"Feature","properties":{"ele":220,"major":0},"geometry":{"type":"LineString","coordinates":[[-122.246805,37.869512],[-122.246661,37.86924],[-122.246199,37.868967],[-122.245021,37.868838],[-122.243517,37.86815],[-122.243525,37.867877],[-122.243641,37.867784]]}},{"type":"Feature","properties":{"ele":220,"major":0},"geometry":{"type":"LineString","coordinates":[[-122.244746,37.866787],[-122.244985,37.866515],[-122.244979,37.866242],[-122.2447,37.86597],[-122.243296,37.865546],[-122.242429,37.865425],[-122.242261,37.86531],[-122.242261,37.86505]]}},{"type":"Feature","properties":{"ele":220,"major":0},"geometry":{"type":"LineString","coordinates":[[-122.23096,37.866242],[-122.230531,37.866448],[-122.230428,37.866242],[-122.230531,37.865941]]}},{"type":"Feature","properties":{"ele":220,"major":0},"geometry":{"type":"LineString","coordinates":[[-122.238088,37.86488],[-122.237776,37.865049],[-122.237574,37.86488],[-122.237431,37.864234],[-122.237086,37.863943],[-122.236051,37.864002]]}},{"type":"Feature","properties":{"ele":220,"major":0},"geometry":{"type":"LineString","coordinates":[[-122.243016,37.864062],[-122.242677,37.86379],[-122.241956,37.863517],[-122.241571,37.86293],[-122.240881,37.862815]]}},{"type":"Feature","properties":{"ele":220,"major":0},"geometry":{"type":"LineString","coordinates":[[-122.237491,37.861337],[-122.237086,37.861444],[-122.236396,37.861353],[-122.235706,37.861605]]}},{"type":"Feature","properties":{"ele":220,"major":0},"geometry":{"type":"LineString","coordinates":[[-122.232019,37.85943],[-122.230969,37.859157],[-122.230896,37.858884],[-122.231221,37.858692]]}},{"type":"Feature","properties":{"ele":220,"major":0},"geometry":{"type":"LineString","coordinates":[[-122.237259,37.858339],[-122.236741,37.858504],[-122.236396,37.858462],[-122.235706,37.857766],[-122.235361,37.857645],[-122.234671,37.857703]]}},{"type":"Feature","properties":{"ele":240,"major":0},"geometry":{"type":"LineString","coordinates":[[-122.272413,37.905199],[-122.272285,37.904927],[-122.271587,37.90448],[-122.270992,37.903838],[-122.270552,37.90207],[-122.269517,37.902061],[-122.269172,37.901939],[-122.26909,37.901659],[-122.269172,37.901407]]}},{"type":"Feature","properties":{"ele":240,"major":0},"geometry":{"type":"LineString","coordinates":[[-122.269209,37.905199],[-122.268827,37.904766],[-122.268482,37.904723],[-122.268137,37.904875]]}},{"type":"Feature","properties":{"ele":240,"major":0},"geometry":{"type":"LineString","coordinates":[[-122.264841,37.905199],[-122.264686,37.904648],[-122.264341,37.90445],[-122.263651,37.90441],[-122.263329,37.903838],[-122.262271,37.902634],[-122.261926,37.902426],[-122.260891,37.902338],[-122.2607,37.902204],[-122.260468,37.901931],[-122.260201,37.901],[-122.259511,37.900958],[-122.258476,37.90052],[-122.257786,37.900545]]}},{"type":"Feature","properties":{"ele":240,"major":0},"geometry":{"type":"LineString","coordinates":[[-122.239678,37.905199],[-122.239715,37.904927],[-122.23955,37.904655],[-122.238246,37.903293],[-122.237086,37.902845],[-122.236051,37.902739]]}},{"type":"Feature","properties":{"ele":240,"major":0},"geometry":{"type":"LineString","coordinates":[[-122.251934,37.904655],[-122.251576,37.904285],[-122.250458,37.903838],[-122.250311,37.903565],[-122.250541,37.903333]]}},{"type":"Feature","properties":{"ele":240,"major":0},"geometry":{"type":"LineString","coordinates":[[-122.257132,37.903021],[-122.257096,37.903163],[-122.256751,37.903209],[-122.256193,37.903021],[-122.255716,37.902694],[-122.254336,37.900983],[-122.25421,37.900569],[-122.254336,37.900186]]}},{"type":"Feature","properties":{"ele":240,"major":0},"geometry":{"type":"LineString","coordinates":[[-122.23595,37.902748],[-122.234671,37.902937],[-122.233981,37.902838],[-122.231911,37.901163],[-122.231566,37.901028],[-122.231221,37.901071]]}},{"type":"Feature","properties":{"ele":240,"major":0},"geometry":{"type":"LineString","coordinates":[[-122.253036,37.902204],[-122.252296,37.900842],[-122.251883,37.900569],[-122.251921,37.900106]]}},{"type":"Feature","properties":{"ele":240,"major":0},"geometry":{"type":"LineString","coordinates":[[-122.269177,37.901386],[-122.269422,37.900569],[-122.268137,37.90027],[-122.267865,37.900025],[-122.267447,37.89882],[-122.267447,37.89793]]}},{"type":"Feature","properties":{"ele":240,"major":0},"geometry":{"type":"LineString","coordinates":[[-122.225596,37.900297],[-122.225011,37.900418],[-122.224848,37.900297],[-122.224989,37.89948],[-122.224882,37.899207],[-122.222941,37.898607]]}},{"type":"Feature","properties":{"ele":240,"major":0},"geometry":{"type":"LineString","coordinates":[[-122.254928,37.900025],[-122.254973,37.89948],[-122.254771,37.898935],[-122.254827,37.898118],[-122.254684,37.897846],[-122.253991,37.89764],[-122.253301,37.897257]]}},{"type":"Feature","properties":{"ele":240,"major":0},"geometry":{"type":"LineString","coordinates":[[-122.251968,37.900025],[-122.251968,37.89948],[-122.251199,37.898663],[-122.250541,37.897423],[-122.249851,37.896966],[-122.249597,37.895939],[-122.249022,37.895666],[-122.24898,37.895394],[-122.249161,37.89513]]}},{"type":"Feature","properties":{"ele":240,"major":0},"geometry":{"type":"LineString","coordinates":[[-122.222673,37.898935],[-122.222251,37.899207],[-122.220526,37.898794],[-122.22043,37.89839],[-122.220526,37.897826]]}},{"type":"Feature","properties":{"ele":240,"major":0},"geometry":{"type":"LineString","coordinates":[[-122.252431,37.897846],[-122.252266,37.897924],[-122.251576,37.897356],[-122.251039,37.897301],[-122.250886,37.897025]]}},{"type":"Feature","properties":{"ele":240,"major":0},"geometry":{"type":"LineString","coordinates":[[-122.267469,37.897846],[-122.26733,37.897573],[-122.266865,37.897301],[-122.265721,37.897182],[-122.265569,37.897028],[-122.265693,37.896211],[-122.265376,37.895752],[-122.264341,37.895771],[-122.263651,37.895151],[-122.263178,37.894577],[-122.263098,37.894304],[-122.263306,37.893408]]}},{"type":"Feature","properties":{"ele":240,"major":0},"geometry":{"type":"LineString","coordinates":[[-122.21819,37.897028],[-122.217766,37.896911],[-122.217681,37.896756],[-122.217766,37.896482]]}},{"type":"Feature","properties":{"ele":240,"major":0},"geometry":{"type":"LineString","coordinates":[[-122.251174,37.896756],[-122.250975,37.895939],[-122.251021,37.895666],[-122.250886,37.89551],[-122.249506,37.895036]]}},{"type":"Feature","properties":{"ele":240,"major":0},"geometry":{"type":"LineString","coordinates":[[-122.218145,37.895666],[-122.218077,37.895394],[-122.217766,37.89527],[-122.217421,37.895392]]}},{"type":"Feature","properties":{"ele":240,"major":0},"geometry":{"type":"LineString","coordinates":[[-122.217416,37.895394],[-122.217076,37.895528],[-122.216731,37.895407],[-122.21649,37.895122],[-122.216392,37.894849],[-122.216731,37.894463]]}},{"type":"Feature","properties":{"ele":240,"major":0},"geometry":{"type":"LineString","coordinates":[[-122.262714,37.892942],[-122.261926,37.893055],[-122.261745,37.892942],[-122.261447,37.892125],[-122.260636,37.89158],[-122.260459,37.891036],[-122.260201,37.890714],[-122.259679,37.890491],[-122.259704,37.890218],[-122.259856,37.890082]]}},{"type":"Feature","properties":{"ele":240,"major":0},"geometry":{"type":"LineString","coordinates":[[-122.259956,37.889946],[-122.259166,37.889117],[-122.257363,37.888584],[-122.257221,37.888311],[-122.257162,37.887494],[-122.25686,37.886949],[-122.257096,37.886724]]}},{"type":"Feature","properties":{"ele":240,"major":0},"geometry":{"type":"LineString","coordinates":[[-122.25788,37.886132],[-122.257816,37.88586],[-122.257096,37.885364],[-122.256061,37.885072],[-122.255479,37.884498],[-122.255716,37.884332]]}},{"type":"Feature","properties":{"ele":240,"major":0},"geometry":{"type":"LineString","coordinates":[[-122.257039,37.883135],[-122.257049,37.882863],[-122.256406,37.88266],[-122.256061,37.882396],[-122.255515,37.881501],[-122.255499,37.880956],[-122.255286,37.880683],[-122.254237,37.880411],[-122.253982,37.879866],[-122.253646,37.879646],[-122.252611,37.879363],[-122.251576,37.879469],[-122.250345,37.878504],[-122.249696,37.877142],[-122.249851,37.87677]]}},{"type":"Feature","properties":{"ele":240,"major":0},"geometry":{"type":"LineString","coordinates":[[-122.250985,37.876324],[-122.250913,37.876052],[-122.250648,37.875779],[-122.250255,37.874689],[-122.249161,37.873906],[-122.248816,37.874004]]}},{"type":"Feature","properties":{"ele":240,"major":0},"geometry":{"type":"LineString","coordinates":[[-122.239015,37.875779],[-122.238466,37.875748],[-122.237776,37.875169],[-122.237431,37.875036],[-122.23662,37.874962],[-122.236718,37.873327],[-122.235706,37.872515],[-122.235119,37.872237],[-122.235361,37.871892]]}},{"type":"Feature","properties":{"ele":240,"major":0},"geometry":{"type":"LineString","coordinates":[[-122.244704,37.875507],[-122.244331,37.875757],[-122.243641,37.875732],[-122.243296,37.875576],[-122.242606,37.874914],[-122.242113,37.874689],[-122.241571,37.874134]]}},{"type":"Feature","properties":{"ele":240,"major":0},"geometry":{"type":"LineString","coordinates":[[-122.248392,37.874417],[-122.248126,37.87465],[-122.247781,37.874623],[-122.247091,37.874302]]}},{"type":"Feature","properties":{"ele":240,"major":0},"geometry":{"type":"LineString","coordinates":[[-122.237076,37.871692],[-122.236396,37.87189],[-122.235706,37.871808],[-122.235361,37.871892]]}},{"type":"Feature","properties":{"ele":240,"major":0},"geometry":{"type":"LineString","coordinates":[[-122.242019,37.871147],[-122.241226,37.871241],[-122.240881,37.871171],[-122.240536,37.870868],[-122.240191,37.870829]]}},{"type":"Feature","properties":{"ele":240,"major":0},"geometry":{"type":"LineString","coordinates":[[-122.2454,37.869512],[-122.243986,37.868754],[-122.242606,37.868497],[-122.242474,37.868422],[-122.242606,37.868026]]}},{"type":"Feature","properties":{"ele":240,"major":0},"geometry":{"type":"LineString","coordinates":[[-122.229576,37.86706],[-122.229812,37.866515],[-122.229212,37.86597],[-122.229496,37.865832]]}},{"type":"Feature","properties":{"ele":240,"major":0},"geometry":{"type":"LineString","coordinates":[[-122.24423,37.866515],[-122.244305,37.866242],[-122.243986,37.866094],[-122.242606,37.865866],[-122.241916,37.865905],[-122.241571,37.865664]]}},{"type":"Feature","properties":{"ele":240,"major":0},"geometry":{"type":"LineString","coordinates":[[-122.237646,37.865425],[-122.237431,37.865528],[-122.237345,37.865425],[-122.237086,37.864387],[-122.236741,37.864233],[-122.236396,37.864253]]}},{"type":"Feature","properties":{"ele":240,"major":0},"geometry":{"type":"LineString","coordinates":[[-122.241932,37.86488],[-122.242193,37.864335],[-122.242104,37.864062],[-122.241226,37.863236],[-122.240881,37.863244]]}},{"type":"Feature","properties":{"ele":240,"major":0},"geometry":{"type":"LineString","coordinates":[[-122.234959,37.864607],[-122.234671,37.864777],[-122.233981,37.864659],[-122.233636,37.864722]]}},{"type":"Feature","properties":{"ele":240,"major":0},"geometry":{"type":"LineString","coordinates":[[-122.232333,37.86379],[-122.232418,37.863517],[-122.232306,37.862972],[-122.232601,37.862688]]}},{"type":"Feature","properties":{"ele":240,"major":0},"geometry":{"type":"LineString","coordinates":[[-122.237464,37.860247],[-122.237676,37.859702],[-122.237593,37.85943],[-122.237086,37.858849]]}},{"type":"Feature","properties":{"ele":240,"major":0},"geometry":{"type":"LineString","coordinates":[[-122.232483,37.859702],[-122.231911,37.859924],[-122.231221,37.859572],[-122.230876,37.859647]]}},{"type":"Feature","properties":{"ele":240,"major":0},"geometry":{"type":"LineString","coordinates":[[-122.230789,37.859702],[-122.230531,37.859823],[-122.229841,37.859784],[-122.229755,37.859702],[-122.229841,37.859477]]}},{"type":"Feature","properties":{"ele":240,"major":0},"geometry":{"type":"LineString","coordinates":[[-122.236837,37.858884],[-122.236396,37.858858],[-122.235361,37.858156],[-122.235016,37.858047]]}},{"type":"Feature","properties":{"ele":240,"major":0},"geometry":{"type":"LineString","coordinates":[[-122.221238,37.857794],[-122.220871,37.857973],[-122.220693,37.857249],[-122.220467,37.856977],[-122.219555,37.856432],[-122.219634,37.855887],[-122.219491,37.855334],[-122.219146,37.855112],[-122.218111,37.855021],[-122.217601,37.854796]]}},{"type":"Feature","properties":{"ele":240,"major":0},"geometry":{"type":"LineString","coordinates":[[-122.221634,37.856704],[-122.221273,37.855614],[-122.221274,37.855342],[-122.221561,37.85491]]}},{"type":"Feature","properties":{"ele":240,"major":0},"geometry":{"type":"LineString","coordinates":[[-122.231075,37.855069],[-122.230876,37.855161],[-122.229841,37.85491],[-122.229496,37.85498]]}},{"type":"Feature","properties":{"ele":260,"major":0},"geometry":{"type":"LineString","coordinates":[[-122.24049,37.905199],[-122.240402,37.904655],[-122.240231,37.904382],[-122.238811,37.902711],[-122.235706,37.901917]]}},{"type":"Feature","properties":{"ele":260,"major":0},"geometry":{"type":"LineString","coordinates":[[-122.25099,37.904927],[-122.251177,37.904655],[-122.250748,37.904382],[-122.249421,37.90411],[-122.248983,37.903838],[-122.249161,37.903498]]}},{"type":"Feature","properties":{"ele":260,"major":0},"geometry":{"type":"LineString","coordinates":[[-122.266989,37.904382],[-122.265721,37.904401],[-122.264686,37.903894],[-122.263996,37.903834],[-122.263372,37.903293],[-122.262523,37.902204],[-122.261236,37.901857],[-122.260966,37.901659],[-122.260761,37.900569],[-122.260546,37.900277]]}},{"type":"Feature","properties":{"ele":260,"major":0},"geometry":{"type":"LineString","coordinates":[[-122.269602,37.903565],[-122.269517,37.903717],[-122.269172,37.903783],[-122.268137,37.90365],[-122.267792,37.90381]]}},{"type":"Feature","properties":{"ele":260,"major":0},"geometry":{"type":"LineString","coordinates":[[-122.269602,37.903565],[-122.269517,37.902964],[-122.269194,37.902748],[-122.268205,37.902476],[-122.267941,37.902204],[-122.268137,37.901433]]}},{"type":"Feature","properties":{"ele":260,"major":0},"geometry":{"type":"LineString","coordinates":[[-122.256138,37.902476],[-122.256061,37.902534],[-122.25543,37.901931],[-122.255189,37.901386],[-122.254681,37.900971],[-122.254681,37.900668]]}},{"type":"Feature","properties":{"ele":260,"major":0},"geometry":{"type":"LineString","coordinates":[[-122.256138,37.902476],[-122.255945,37.901659],[-122.255509,37.900842],[-122.255026,37.900655],[-122.254681,37.900668]]}},{"type":"Feature","properties":{"ele":260,"major":0},"geometry":{"type":"LineString","coordinates":[[-122.23504,37.902204],[-122.234671,37.902089],[-122.233595,37.901114],[-122.232601,37.900782],[-122.231911,37.900205],[-122.230876,37.900207],[-122.230531,37.899732],[-122.230186,37.899503],[-122.229841,37.899359],[-122.229496,37.899424]]}},{"type":"Feature","properties":{"ele":260,"major":0},"geometry":{"type":"LineString","coordinates":[[-122.252287,37.901659],[-122.251417,37.900569],[-122.251379,37.900297],[-122.251576,37.899909]]}},{"type":"Feature","properties":{"ele":260,"major":0},"geometry":{"type":"LineString","coordinates":[[-122.268142,37.901386],[-122.267961,37.901114],[-122.267447,37.900877],[-122.267151,37.900569],[-122.266865,37.900025],[-122.2668,37.89948],[-122.266938,37.898935],[-122.266757,37.898369],[-122.266412,37.898046],[-122.265721,37.898078],[-122.265376,37.897961],[-122.264468,37.897301],[-122.264286,37.896756],[-122.263996,37.896399],[-122.262636,37.895666],[-122.262247,37.894032],[-122.261926,37.89379],[-122.261236,37.893688],[-122.260901,37.893487],[-122.260891,37.892739]]}},{"type":"Feature","properties":{"ele":260,"major":0},"geometry":{"type":"LineString","coordinates":[[-122.260475,37.900297],[-122.259856,37.900415],[-122.259511,37.900349],[-122.258821,37.899896],[-122.258476,37.899842],[-122.257786,37.89996]]}},{"type":"Feature","properties":{"ele":260,"major":0},"geometry":{"type":"LineString","coordinates":[[-122.227974,37.900297],[-122.226736,37.900187],[-122.225608,37.898935],[-122.225011,37.898587],[-122.224238,37.89839],[-122.223286,37.897544],[-122.222596,37.897352],[-122.221561,37.89756],[-122.221352,37.897301],[-122.221382,37.896211],[-122.221216,37.895873],[-122.219491,37.895934]]}},{"type":"Feature","properties":{"ele":260,"major":0},"geometry":{"type":"LineString","coordinates":[[-122.257597,37.900025],[-122.256751,37.90019],[-122.25633,37.900025],[-122.255563,37.898663],[-122.255513,37.89839],[-122.255716,37.897782]]}},{"type":"Feature","properties":{"ele":260,"major":0},"geometry":{"type":"LineString","coordinates":[[-122.251648,37.899752],[-122.251346,37.899207],[-122.250196,37.89785],[-122.248656,37.897301],[-122.248816,37.896733]]}},{"type":"Feature","properties":{"ele":260,"major":0},"geometry":{"type":"LineString","coordinates":[[-122.255761,37.897573],[-122.255692,37.897301],[-122.255371,37.896952],[-122.253991,37.896863],[-122.253189,37.896484],[-122.252266,37.895604],[-122.251921,37.894292]]}},{"type":"Feature","properties":{"ele":260,"major":0},"geometry":{"type":"LineString","coordinates":[[-122.24891,37.896484],[-122.248816,37.896294],[-122.248126,37.896188],[-122.247781,37.895833],[-122.246056,37.895599],[-122.245366,37.895369]]}},{"type":"Feature","properties":{"ele":260,"major":0},"geometry":{"type":"LineString","coordinates":[[-122.219166,37.895122],[-122.218801,37.894904],[-122.217766,37.894644],[-122.217766,37.89453]]}},{"type":"Feature","properties":{"ele":260,"major":0},"geometry":{"type":"LineString","coordinates":[[-122.251255,37.894577],[-122.250886,37.894599],[-122.250541,37.894299],[-122.249851,37.894115],[-122.249161,37.893755]]}},{"type":"Feature","properties":{"ele":260,"major":0},"geometry":{"type":"LineString","coordinates":[[-122.218237,37.89376],[-122.218413,37.893487],[-122.218389,37.893215],[-122.218111,37.8926],[-122.217766,37.892438],[-122.216731,37.892629],[-122.215696,37.892248],[-122.215006,37.891583],[-122.214661,37.891565]]}},{"type":"Feature","properties":{"ele":260,"major":0},"geometry":{"type":"LineString","coordinates":[[-122.260901,37.89267],[-122.260201,37.892455],[-122.259741,37.892125],[-122.259829,37.891308],[-122.259582,37.891036],[-122.258229,37.890763],[-122.258476,37.890334]]}},{"type":"Feature","properties":{"ele":260,"major":0},"geometry":{"type":"LineString","coordinates":[[-122.258862,37.889946],[-122.258821,37.889616],[-122.257786,37.889373],[-122.256406,37.88873],[-122.255731,37.887767],[-122.256061,37.887538]]}},{"type":"Feature","properties":{"ele":260,"major":0},"geometry":{"type":"LineString","coordinates":[[-122.257267,37.886132],[-122.257228,37.88586],[-122.257096,37.885778],[-122.256061,37.885622],[-122.255716,37.885729]]}},{"type":"Feature","properties":{"ele":260,"major":0},"geometry":{"type":"LineString","coordinates":[[-122.25538,37.88586],[-122.25514,37.885587],[-122.25502,37.885042],[-122.254336,37.884756],[-122.254212,37.884498],[-122.254336,37.884087]]}},{"type":"Feature","properties":{"ele":260,"major":0},"geometry":{"type":"LineString","coordinates":[[-122.256081,37.883408],[-122.256074,37.883135],[-122.255052,37.881773],[-122.254863,37.880956],[-122.253842,37.880683],[-122.253235,37.879866],[-122.252611,37.879706],[-122.251921,37.87986]]}},{"type":"Feature","properties":{"ele":260,"major":0},"geometry":{"type":"LineString","coordinates":[[-122.251902,37.879866],[-122.251231,37.88],[-122.250886,37.879558],[-122.250196,37.879047]]}},{"type":"Feature","properties":{"ele":260,"major":0},"geometry":{"type":"LineString","coordinates":[[-122.239391,37.876869],[-122.239156,37.877039],[-122.238121,37.876709],[-122.237711,37.875779],[-122.237431,37.875521],[-122.236741,37.875439]]}},{"type":"Feature","properties":{"ele":260,"major":0},"geometry":{"type":"LineString","coordinates":[[-122.244855,37.876052],[-122.244331,37.876269],[-122.242951,37.876266],[-122.242606,37.876173],[-122.242261,37.875598],[-122.241916,37.875386],[-122.241571,37.875325],[-122.241226,37.875452]]}},{"type":"Feature","properties":{"ele":260,"major":0},"geometry":{"type":"LineString","coordinates":[[-122.249576,37.875779],[-122.249603,37.875234],[-122.249487,37.874962],[-122.249161,37.874561],[-122.248816,37.874623]]}},{"type":"Feature","properties":{"ele":260,"major":0},"geometry":{"type":"LineString","coordinates":[[-122.24833,37.874962],[-122.248126,37.875077],[-122.247436,37.874907],[-122.247091,37.874954]]}},{"type":"Feature","properties":{"ele":260,"major":0},"geometry":{"type":"LineString","coordinates":[[-122.235928,37.874962],[-122.236051,37.874417],[-122.235989,37.874144],[-122.235273,37.873054],[-122.234326,37.872693],[-122.233636,37.87266],[-122.233148,37.872237],[-122.233291,37.872198]]}},{"type":"Feature","properties":{"ele":260,"major":0},"geometry":{"type":"LineString","coordinates":[[-122.236819,37.87142],[-122.236396,37.871634],[-122.236051,37.871639],[-122.235361,37.871417]]}},{"type":"Feature","properties":{"ele":260,"major":0},"geometry":{"type":"LineString","coordinates":[[-122.242261,37.870602],[-122.241916,37.87079],[-122.241226,37.870834],[-122.240536,37.870435],[-122.240191,37.87037]]}},{"type":"Feature","properties":{"ele":260,"major":0},"geometry":{"type":"LineString","coordinates":[[-122.239888,37.870602],[-122.239501,37.870816],[-122.239156,37.870715],[-122.238466,37.870158],[-122.238121,37.870034]]}},{"type":"Feature","properties":{"ele":260,"major":0},"geometry":{"type":"LineString","coordinates":[[-122.243797,37.87033],[-122.243641,37.870537],[-122.243296,37.870599],[-122.242606,37.870486],[-122.242261,37.870602]]}},{"type":"Feature","properties":{"ele":260,"major":0},"geometry":{"type":"LineString","coordinates":[[-122.244374,37.869512],[-122.243641,37.868974],[-122.241916,37.868752],[-122.241705,37.868422],[-122.241916,37.868179]]}},{"type":"Feature","properties":{"ele":260,"major":0},"geometry":{"type":"LineString","coordinates":[[-122.228511,37.868967],[-122.227929,37.868967],[-122.227902,37.868695],[-122.228116,37.868568]]}},{"type":"Feature","properties":{"ele":260,"major":0},"geometry":{"type":"LineString","coordinates":[[-122.233306,37.866787],[-122.233414,37.866515],[-122.233218,37.865697],[-122.233291,37.865412]]}},{"type":"Feature","properties":{"ele":260,"major":0},"geometry":{"type":"LineString","coordinates":[[-122.22931,37.866787],[-122.229285,37.866515],[-122.22839,37.86597],[-122.228053,37.865425],[-122.228116,37.865261]]}},{"type":"Feature","properties":{"ele":260,"major":0},"geometry":{"type":"LineString","coordinates":[[-122.2422,37.866242],[-122.241159,37.866242],[-122.240998,37.86597],[-122.241226,37.865431]]}},{"type":"Feature","properties":{"ele":260,"major":0},"geometry":{"type":"LineString","coordinates":[[-122.237834,37.865697],[-122.237431,37.865921],[-122.237086,37.865717],[-122.236937,37.86488],[-122.236741,37.864604],[-122.236396,37.864603]]}},{"type":"Feature","properties":{"ele":260,"major":0},"geometry":{"type":"LineString","coordinates":[[-122.235265,37.86488],[-122.234671,37.865114],[-122.233981,37.86496],[-122.233636,37.865138]]}},{"type":"Feature","properties":{"ele":260,"major":0},"geometry":{"type":"LineString","coordinates":[[-122.232157,37.860247],[-122.231566,37.860303],[-122.231221,37.860048],[-122.230876,37.860026],[-122.229841,37.860247]]}},{"type":"Feature","properties":{"ele":260,"major":0},"geometry":{"type":"LineString","coordinates":[[-122.22984,37.860247],[-122.229151,37.86045],[-122.228806,37.860343],[-122.228806,37.860213]]}},{"type":"Feature","properties":{"ele":260,"major":0},"geometry":{"type":"LineString","coordinates":[[-122.236909,37.860247],[-122.237063,37.859975],[-122.236917,37.85943],[-122.235361,37.858804]]}},{"type":"Feature","properties":{"ele":260,"major":0},"geometry":{"type":"LineString","coordinates":[[-122.22074,37.859157],[-122.220526,37.859313],[-122.220229,37.858884],[-122.219929,37.858067],[-122.220092,37.857522],[-122.22001,37.857249],[-122.219734,37.856977],[-122.21887,37.856704],[-122.218801,37.85638]]}},{"type":"Feature","properties":{"ele":260,"major":0},"geometry":{"type":"LineString","coordinates":[[-122.229863,37.858884],[-122.230076,37.858339],[-122.230008,37.857522],[-122.230186,37.857304]]}},{"type":"Feature","properties":{"ele":260,"major":0},"geometry":{"type":"LineString","coordinates":[[-122.222291,37.857794],[-122.22245,37.857522],[-122.222253,37.856704],[-122.221691,37.855614],[-122.221732,37.855342],[-122.221906,37.855163]]}},{"type":"Feature","properties":{"ele":260,"major":0},"geometry":{"type":"LineString","coordinates":[[-122.231922,37.856159],[-122.232188,37.855614],[-122.232178,37.855342],[-122.231911,37.855044]]}},{"type":"Feature","properties":{"ele":260,"major":0},"geometry":{"type":"LineString","coordinates":[[-122.229341,37.855887],[-122.228806,37.855978],[-122.228079,37.855614],[-122.227498,37.855069],[-122.227496,37.854796]]}},{"type":"Feature","properties":{"ele":260,"major":0},"geometry":{"type":"LineString","coordinates":[[-122.219177,37.855614],[-122.218456,37.855365],[-122.217766,37.855446],[-122.217385,37.855069],[-122.217076,37.854942],[-122.216731,37.854998]]}},{"type":"Feature","properties":{"ele":280,"major":0},"geometry":{"type":"LineString","coordinates":[[-122.242011,37.905199],[-122.241226,37.904721],[-122.240341,37.903565],[-122.240133,37.903021],[-122.239156,37.902155],[-122.237776,37.901886],[-122.236741,37.901539],[-122.236396,37.901387],[-122.235361,37.900523],[-122.233291,37.89994],[-122.232601,37.899478],[-122.232256,37.899385],[-122.231911,37.899474]]}},{"type":"Feature","properties":{"ele":280,"major":0},"geometry":{"type":"LineString","coordinates":[[-122.250306,37.904927],[-122.250196,37.90466],[-122.247861,37.904382],[-122.247631,37.90411],[-122.247781,37.903768]]}},{"type":"Feature","properties":{"ele":280,"major":0},"geometry":{"type":"LineString","coordinates":[[-122.265986,37.903565],[-122.265721,37.903736],[-122.265031,37.903383],[-122.263996,37.903097],[-122.263172,37.901659],[-122.261629,37.901114],[-122.261463,37.900025],[-122.261236,37.899637],[-122.260891,37.899515],[-122.260546,37.89963]]}},{"type":"Feature","properties":{"ele":280,"major":0},"geometry":{"type":"LineString","coordinates":[[-122.266448,37.901386],[-122.265834,37.899752],[-122.26583,37.899207],[-122.265376,37.898963],[-122.264686,37.898872],[-122.264341,37.898649],[-122.263999,37.898118],[-122.263233,37.897846],[-122.263031,37.897573],[-122.263101,37.897028],[-122.262926,37.896756],[-122.261926,37.896374],[-122.261497,37.895939],[-122.261299,37.895394],[-122.261326,37.894577],[-122.260525,37.894304],[-122.260201,37.894038],[-122.259938,37.893215],[-122.259511,37.892758],[-122.258857,37.892398],[-122.258821,37.892029]]}},{"type":"Feature","properties":{"ele":280,"major":0},"geometry":{"type":"LineString","coordinates":[[-122.251068,37.901386],[-122.251214,37.901114],[-122.251017,37.900297],[-122.251231,37.899828]]}},{"type":"Feature","properties":{"ele":280,"major":0},"geometry":{"type":"LineString","coordinates":[[-122.260287,37.899752],[-122.259856,37.899876],[-122.258821,37.899176],[-122.258131,37.899093]]}},{"type":"Feature","properties":{"ele":280,"major":0},"geometry":{"type":"LineString","coordinates":[[-122.257134,37.899752],[-122.256751,37.89972],[-122.256592,37.89948],[-122.256297,37.898663],[-122.256406,37.898264]]}},{"type":"Feature","properties":{"ele":280,"major":0},"geometry":{"type":"LineString","coordinates":[[-122.231891,37.89948],[-122.231566,37.899571],[-122.231349,37.89948],[-122.230186,37.898438],[-122.229841,37.898535]]}},{"type":"Feature","properties":{"ele":280,"major":0},"geometry":{"type":"LineString","coordinates":[[-122.228487,37.89948],[-122.227771,37.899685],[-122.227081,37.899544],[-122.225356,37.898151],[-122.224666,37.897861],[-122.224321,37.897433],[-122.222596,37.896747]]}},{"type":"Feature","properties":{"ele":280,"major":0},"geometry":{"type":"LineString","coordinates":[[-122.250257,37.898935],[-122.249751,37.898935],[-122.249418,37.898663],[-122.24942,37.89839],[-122.249161,37.898167],[-122.248109,37.898118],[-122.247791,37.897846],[-122.247781,37.897265],[-122.247091,37.897217],[-122.246401,37.896642],[-122.245658,37.896484],[-122.245366,37.895961],[-122.244676,37.895779],[-122.243641,37.894883],[-122.242951,37.894465],[-122.242635,37.894032],[-122.242466,37.893487],[-122.242606,37.893033]]}},{"type":"Feature","properties":{"ele":280,"major":0},"geometry":{"type":"LineString","coordinates":[[-122.256474,37.898118],[-122.256587,37.897573],[-122.256363,37.896756],[-122.256061,37.89612],[-122.255716,37.895893]]}},{"type":"Feature","properties":{"ele":280,"major":0},"geometry":{"type":"LineString","coordinates":[[-122.254808,37.896211],[-122.253646,37.8962],[-122.252748,37.895394],[-122.252588,37.895122],[-122.252611,37.894715]]}},{"type":"Feature","properties":{"ele":280,"major":0},"geometry":{"type":"LineString","coordinates":[[-122.222277,37.895939],[-122.222359,37.895666],[-122.222251,37.895504],[-122.221216,37.895013]]}},{"type":"Feature","properties":{"ele":280,"major":0},"geometry":{"type":"LineString","coordinates":[[-122.220969,37.895122],[-122.220526,37.895157],[-122.220154,37.894849],[-122.219836,37.894111],[-122.219491,37.893884],[-122.218977,37.892398],[-122.218617,37.891853],[-122.218111,37.891728],[-122.217421,37.891767],[-122.216386,37.891336],[-122.215696,37.890604],[-122.214661,37.890664]]}},{"type":"Feature","properties":{"ele":280,"major":0},"geometry":{"type":"LineString","coordinates":[[-122.245458,37.894577],[-122.245021,37.894724],[-122.244221,37.894304],[-122.243727,37.89376],[-122.243911,37.892942],[-122.243856,37.89267],[-122.243641,37.892499],[-122.242951,37.892546]]}},{"type":"Feature","properties":{"ele":280,"major":0},"geometry":{"type":"LineString","coordinates":[[-122.25266,37.894577],[-122.252811,37.894032],[-122.252266,37.893695],[-122.251921,37.893696]]}},{"type":"Feature","properties":{"ele":280,"major":0},"geometry":{"type":"LineString","coordinates":[[-122.251294,37.894032],[-122.250886,37.893956],[-122.249709,37.893215],[-122.249161,37.893209]]}},{"type":"Feature","properties":{"ele":280,"major":0},"geometry":{"type":"LineString","coordinates":[[-122.258899,37.891853],[-122.258977,37.89158],[-122.258821,37.891436],[-122.257429,37.891308],[-122.257237,37.891036],[-122.257224,37.890763],[-122.257441,37.890347]]}},{"type":"Feature","properties":{"ele":280,"major":0},"geometry":{"type":"LineString","coordinates":[[-122.257796,37.890218],[-122.257841,37.889946],[-122.257441,37.889673],[-122.256061,37.889464],[-122.254745,37.888856],[-122.254336,37.888216],[-122.254336,37.887728]]}},{"type":"Feature","properties":{"ele":280,"major":0},"geometry":{"type":"LineString","coordinates":[[-122.254739,37.886949],[-122.254407,37.886132],[-122.25384,37.885315],[-122.253102,37.88477],[-122.253301,37.884639]]}},{"type":"Feature","properties":{"ele":280,"major":0},"geometry":{"type":"LineString","coordinates":[[-122.25366,37.884498],[-122.253707,37.883953],[-122.253499,37.883135],[-122.253646,37.882861]]}},{"type":"Feature","properties":{"ele":280,"major":0},"geometry":{"type":"LineString","coordinates":[[-122.254912,37.88368],[-122.254681,37.883722],[-122.254336,37.883516],[-122.253646,37.882861]]}},{"type":"Feature","properties":{"ele":280,"major":0},"geometry":{"type":"LineString","coordinates":[[-122.255074,37.883408],[-122.255212,37.883135],[-122.255172,37.88259],[-122.254644,37.882046],[-122.254319,37.881501],[-122.254056,37.881228],[-122.253646,37.881085],[-122.252956,37.880185],[-122.252611,37.880058],[-122.252266,37.880109]]}},{"type":"Feature","properties":{"ele":280,"major":0},"geometry":{"type":"LineString","coordinates":[[-122.251291,37.880411],[-122.250886,37.880428],[-122.250196,37.879902],[-122.248672,37.879594],[-122.248588,37.879321],[-122.248746,37.878776],[-122.248699,37.878231],[-122.248223,37.877414],[-122.247629,37.876869],[-122.247673,37.876324],[-122.247535,37.876052],[-122.247311,37.875779],[-122.246401,37.875574]]}},{"type":"Feature","properties":{"ele":280,"major":0},"geometry":{"type":"LineString","coordinates":[[-122.239254,37.877959],[-122.238466,37.877245],[-122.237776,37.877281],[-122.237641,37.877142],[-122.237389,37.876052],[-122.237086,37.875768],[-122.236741,37.875726]]}},{"type":"Feature","properties":{"ele":280,"major":0},"geometry":{"type":"LineString","coordinates":[[-122.243822,37.877142],[-122.243144,37.877142],[-122.24222,37.876597],[-122.241916,37.876194],[-122.241571,37.876109]]}},{"type":"Feature","properties":{"ele":280,"major":0},"geometry":{"type":"LineString","coordinates":[[-122.234783,37.876324],[-122.234197,37.876324],[-122.234138,37.876052],[-122.234326,37.875714]]}},{"type":"Feature","properties":{"ele":280,"major":0},"geometry":{"type":"LineString","coordinates":[[-122.235707,37.874417],[-122.234671,37.87328],[-122.234326,37.873032],[-122.233981,37.872992]]}},{"type":"Feature","properties":{"ele":280,"major":0},"geometry":{"type":"LineString","coordinates":[[-122.242073,37.87033],[-122.241226,37.870403],[-122.240536,37.870045],[-122.240191,37.870015]]}},{"type":"Feature","properties":{"ele":280,"major":0},"geometry":{"type":"LineString","coordinates":[[-122.23967,37.87033],[-122.239501,37.870457],[-122.239156,37.870354],[-122.238121,37.869501],[-122.237776,37.86941]]}},{"type":"Feature","properties":{"ele":280,"major":0},"geometry":{"type":"LineString","coordinates":[[-122.243532,37.869785],[-122.243547,37.869512],[-122.243296,37.869325],[-122.241916,37.869102],[-122.24128,37.868695],[-122.240988,37.868422],[-122.241226,37.868099]]}},{"type":"Feature","properties":{"ele":280,"major":0},"geometry":{"type":"LineString","coordinates":[[-122.22731,37.869512],[-122.226046,37.869595],[-122.225483,37.869512],[-122.225701,37.869379]]}},{"type":"Feature","properties":{"ele":280,"major":0},"geometry":{"type":"LineString","coordinates":[[-122.242109,37.867332],[-122.242174,37.866787],[-122.241916,37.866643],[-122.240803,37.866515],[-122.240438,37.866242],[-122.240536,37.865931]]}},{"type":"Feature","properties":{"ele":280,"major":0},"geometry":{"type":"LineString","coordinates":[[-122.228571,37.86706],[-122.228723,37.866787],[-122.227771,37.866047],[-122.227081,37.865216],[-122.226824,37.864607],[-122.227081,37.864503]]}},{"type":"Feature","properties":{"ele":280,"major":0},"geometry":{"type":"LineString","coordinates":[[-122.237795,37.866242],[-122.237431,37.866237],[-122.236935,37.86597],[-122.236723,37.865697],[-122.2366,37.865152],[-122.236396,37.864973],[-122.235706,37.865102]]}},{"type":"Feature","properties":{"ele":280,"major":0},"geometry":{"type":"LineString","coordinates":[[-122.229497,37.86488],[-122.229151,37.865146],[-122.228461,37.864839],[-122.227081,37.864503]]}},{"type":"Feature","properties":{"ele":280,"major":0},"geometry":{"type":"LineString","coordinates":[[-122.231569,37.863517],[-122.231711,37.863245],[-122.231477,37.8627],[-122.231566,37.862339]]}},{"type":"Feature","properties":{"ele":280,"major":0},"geometry":{"type":"LineString","coordinates":[[-122.229383,37.860792],[-122.229151,37.860909],[-122.228362,37.860792],[-122.227863,37.86052],[-122.227771,37.860219]]}},{"type":"Feature","properties":{"ele":280,"major":0},"geometry":{"type":"LineString","coordinates":[[-122.232268,37.86052],[-122.231566,37.860625],[-122.230876,37.860423],[-122.230186,37.86046]]}},{"type":"Feature","properties":{"ele":280,"major":0},"geometry":{"type":"LineString","coordinates":[[-122.220993,37.860247],[-122.220871,37.860506],[-122.220526,37.860367],[-122.220081,37.859702],[-122.219491,37.859373],[-122.219364,37.859157],[-122.219491,37.858846]]}},{"type":"Feature","properties":{"ele":280,"major":0},"geometry":{"type":"LineString","coordinates":[[-122.236053,37.859975],[-122.236132,37.859702],[-122.235706,37.859456],[-122.234671,37.859692]]}},{"type":"Feature","properties":{"ele":280,"major":0},"geometry":{"type":"LineString","coordinates":[[-122.222972,37.857794],[-122.223029,37.856704],[-122.222424,37.855887],[-122.222596,37.855549]]}},{"type":"Feature","properties":{"ele":280,"major":0},"geometry":{"type":"LineString","coordinates":[[-122.219586,37.857522],[-122.219415,37.857249],[-122.218456,37.856975],[-122.218111,37.856686]]}},{"type":"Feature","properties":{"ele":280,"major":0},"geometry":{"type":"LineString","coordinates":[[-122.229599,37.856977],[-122.229742,37.856432],[-122.228461,37.856357],[-122.227771,37.856095],[-122.227081,37.856083],[-122.226736,37.855794],[-122.226736,37.855236]]}},{"type":"Feature","properties":{"ele":280,"major":0},"geometry":{"type":"LineString","coordinates":[[-122.231017,37.856432],[-122.230186,37.856419],[-122.229997,37.856159],[-122.230186,37.855779]]}},{"type":"Feature","properties":{"ele":280,"major":0},"geometry":{"type":"LineString","coordinates":[[-122.231336,37.856159],[-122.231399,37.855887],[-122.231221,37.855793],[-122.230186,37.855779]]}},{"type":"Feature","properties":{"ele":280,"major":0},"geometry":{"type":"LineString","coordinates":[[-122.218465,37.856159],[-122.21857,37.855887],[-122.218456,37.855765],[-122.217766,37.855793]]}},{"type":"Feature","properties":{"ele":280,"major":0},"geometry":{"type":"LineString","coordinates":[[-122.217464,37.855887],[-122.217325,37.855887],[-122.21713,37.855614],[-122.217076,37.855327],[-122.216731,37.855276]]}},{"type":"Feature","properties":{"ele":280,"major":0},"geometry":{"type":"LineString","coordinates":[[-122.216443,37.855342],[-122.215696,37.855405],[-122.215006,37.85526],[-122.214661,37.855056]]}},{"type":"Feature","properties":{"ele":300,"major":1},"geometry":{"type":"LineString","coordinates":[[-122.248922,37.905199],[-122.247268,37.904927],[-122.246506,37.904382],[-122.246401,37.90408]]}},{"type":"Feature","properties":{"ele":300,"major":1},"geometry":{"type":"LineString","coordinates":[[-122.242455,37.905199],[-122.241007,37.903293],[-122.24076,37.902748],[-122.239846,37.901688],[-122.239156,37.901479],[-122.237953,37.901386],[-122.237431,37.901032],[-122.236396,37.900731],[-122.235706,37.899695],[-122.233981,37.899313],[-122.232699,37.898663],[-122.231566,37.898544],[-122.230876,37.898213],[-122.230531,37.89778],[-122.230186,37.897589],[-122.229841,37.897675]]}},{"type":"Feature","properties":{"ele":300,"major":1},"geometry":{"type":"LineString","coordinates":[[-122.26498,37.902204],[-122.264686,37.902385],[-122.264341,37.902225],[-122.263945,37.901114],[-122.262875,37.900025],[-122.2628,37.899752],[-122.262961,37.899544]]}},{"type":"Feature","properties":{"ele":300,"major":1},"geometry":{"type":"LineString","coordinates":[[-122.26505,37.901931],[-122.265091,37.900569],[-122.264686,37.900055],[-122.264349,37.899752],[-122.263996,37.899632],[-122.262961,37.899544]]}},{"type":"Feature","properties":{"ele":300,"major":1},"geometry":{"type":"LineString","coordinates":[[-122.250619,37.901114],[-122.250751,37.900842],[-122.250689,37.900569],[-122.250541,37.90015],[-122.250169,37.899752],[-122.249506,37.899494],[-122.248471,37.899653],[-122.248126,37.899643],[-122.247839,37.89948],[-122.24743,37.898663],[-122.246401,37.897774],[-122.246056,37.897247],[-122.245021,37.897048],[-122.244331,37.896689],[-122.244064,37.896484],[-122.243986,37.896155],[-122.243544,37.895666],[-122.242606,37.894788],[-122.24183,37.894304],[-122.241517,37.893487],[-122.241442,37.892398],[-122.24066,37.891036],[-122.240338,37.889946],[-122.240536,37.889679]]}},{"type":"Feature","properties":{"ele":300,"major":1},"geometry":{"type":"LineString","coordinates":[[-122.260407,37.899207],[-122.259856,37.899373],[-122.258821,37.898474],[-122.258476,37.898412],[-122.257786,37.898588]]}},{"type":"Feature","properties":{"ele":300,"major":1},"geometry":{"type":"LineString","coordinates":[[-122.257521,37.898663],[-122.257319,37.898663],[-122.25715,37.89839],[-122.257157,37.897846],[-122.257379,37.897301],[-122.256725,37.895939],[-122.256061,37.895281],[-122.255716,37.89507],[-122.255371,37.895073]]}},{"type":"Feature","properties":{"ele":300,"major":1},"geometry":{"type":"LineString","coordinates":[[-122.228856,37.89839],[-122.228461,37.898559],[-122.228116,37.898506],[-122.227218,37.897846],[-122.226391,37.896746],[-122.226046,37.896516],[-122.225701,37.896476]]}},{"type":"Feature","properties":{"ele":300,"major":1},"geometry":{"type":"LineString","coordinates":[[-122.261601,37.897846],[-122.2617,37.897301],[-122.261581,37.897104],[-122.260662,37.896484],[-122.2605,37.895666],[-122.259749,37.894577],[-122.259511,37.893874],[-122.259091,37.893215],[-122.258203,37.89267],[-122.257959,37.891853],[-122.257096,37.891832],[-122.256792,37.89158],[-122.256489,37.891036],[-122.256286,37.890218],[-122.255716,37.889905],[-122.254336,37.889672],[-122.253802,37.889401],[-122.253564,37.889129],[-122.253347,37.888584],[-122.253567,37.887767],[-122.253555,37.887222],[-122.253147,37.886132],[-122.253294,37.885587],[-122.253071,37.885315],[-122.252611,37.885073],[-122.251951,37.884225],[-122.252266,37.883926]]}},{"type":"Feature","properties":{"ele":300,"major":1},"geometry":{"type":"LineString","coordinates":[[-122.225681,37.896484],[-122.225011,37.896684],[-122.224666,37.896554],[-122.224257,37.895666],[-122.222941,37.895215],[-122.222596,37.894614],[-122.221561,37.894235],[-122.221216,37.894232]]}},{"type":"Feature","properties":{"ele":300,"major":1},"geometry":{"type":"LineString","coordinates":[[-122.254621,37.895666],[-122.253991,37.89586],[-122.253683,37.895666],[-122.253162,37.895122],[-122.253076,37.894849],[-122.253301,37.894414]]}},{"type":"Feature","properties":{"ele":300,"major":1},"geometry":{"type":"LineString","coordinates":[[-122.221082,37.894304],[-122.220871,37.894459],[-122.220526,37.894394],[-122.220526,37.893778]]}},{"type":"Feature","properties":{"ele":300,"major":1},"geometry":{"type":"LineString","coordinates":[[-122.253373,37.894304],[-122.253443,37.89376],[-122.253301,37.893435],[-122.252266,37.893015],[-122.251921,37.892984],[-122.251576,37.893198]]}},{"type":"Feature","properties":{"ele":300,"major":1},"geometry":{"type":"LineString","coordinates":[[-122.220527,37.89376],[-122.220063,37.893487],[-122.219903,37.893215],[-122.219489,37.89158],[-122.21922,37.891308],[-122.218801,37.891121],[-122.217766,37.891052],[-122.217421,37.890654],[-122.217076,37.890527],[-122.216386,37.890558],[-122.215351,37.889939]]}},{"type":"Feature","properties":{"ele":300,"major":1},"geometry":{"type":"LineString","coordinates":[[-122.251543,37.893215],[-122.251231,37.893361],[-122.250686,37.893215],[-122.250196,37.892363]]}},{"type":"Feature","properties":{"ele":300,"major":1},"geometry":{"type":"LineString","coordinates":[[-122.247279,37.892942],[-122.246746,37.893173],[-122.245711,37.89312],[-122.24547,37.892398],[-122.245691,37.891853],[-122.245661,37.89158],[-122.244676,37.891231],[-122.242951,37.88963],[-122.241916,37.889466],[-122.240881,37.889604]]}},{"type":"Feature","properties":{"ele":300,"major":1},"geometry":{"type":"LineString","coordinates":[[-122.249587,37.89267],[-122.249161,37.892866],[-122.248126,37.892568],[-122.247781,37.892601]]}},{"type":"Feature","properties":{"ele":300,"major":1},"geometry":{"type":"LineString","coordinates":[[-122.254196,37.882318],[-122.253838,37.881773],[-122.253301,37.881714],[-122.252843,37.881228],[-122.251921,37.880697],[-122.251231,37.880814]]}},{"type":"Feature","properties":{"ele":300,"major":1},"geometry":{"type":"LineString","coordinates":[[-122.250887,37.880956],[-122.250541,37.880925],[-122.250196,37.88035],[-122.249161,37.880073],[-122.248471,37.880082],[-122.248126,37.879918],[-122.247998,37.879594],[-122.248126,37.879277]]}},{"type":"Feature","properties":{"ele":300,"major":1},"geometry":{"type":"LineString","coordinates":[[-122.248248,37.879049],[-122.248336,37.878504],[-122.248032,37.877959],[-122.247091,37.877141],[-122.246746,37.877033],[-122.246401,37.87709]]}},{"type":"Feature","properties":{"ele":300,"major":1},"geometry":{"type":"LineString","coordinates":[[-122.239901,37.878504],[-122.239156,37.87875],[-122.238584,37.878504],[-122.238466,37.877664],[-122.238121,37.877559],[-122.237776,37.877681]]}},{"type":"Feature","properties":{"ele":300,"major":1},"geometry":{"type":"LineString","coordinates":[[-122.24502,37.877959],[-122.244676,37.877994],[-122.244331,37.877598],[-122.243296,37.877569],[-122.241916,37.877007],[-122.241226,37.876999]]}},{"type":"Feature","properties":{"ele":300,"major":1},"geometry":{"type":"LineString","coordinates":[[-122.237757,37.877686],[-122.237431,37.87779],[-122.23728,37.877686],[-122.237223,37.876597],[-122.237086,37.876225],[-122.236741,37.876016],[-122.236396,37.876034]]}},{"type":"Feature","properties":{"ele":300,"major":1},"geometry":{"type":"LineString","coordinates":[[-122.233748,37.876869],[-122.233545,37.876869],[-122.23349,37.876597],[-122.233452,37.875779],[-122.233636,37.875606]]}},{"type":"Feature","properties":{"ele":300,"major":1},"geometry":{"type":"LineString","coordinates":[[-122.235088,37.874689],[-122.23523,37.874417],[-122.235025,37.874144],[-122.234326,37.873422],[-122.233981,37.8733]]}},{"type":"Feature","properties":{"ele":300,"major":1},"geometry":{"type":"LineString","coordinates":[[-122.230722,37.873872],[-122.230531,37.874001],[-122.230186,37.873938],[-122.230186,37.873571]]}},{"type":"Feature","properties":{"ele":300,"major":1},"geometry":{"type":"LineString","coordinates":[[-122.233851,37.873327],[-122.233291,37.87336],[-122.232946,37.872923],[-122.232601,37.872866],[-122.232256,37.872972]]}},{"type":"Feature","properties":{"ele":300,"major":1},"geometry":{"type":"LineString","coordinates":[[-122.233862,37.87142],[-122.233291,37.871522],[-122.232601,37.871427],[-122.232256,37.871533]]}},{"type":"Feature","properties":{"ele":300,"major":1},"geometry":{"type":"LineString","coordinates":[[-122.224394,37.870602],[-122.224321,37.870641],[-122.224052,37.870057],[-122.223565,37.869512],[-122.223631,37.869392]]}},{"type":"Feature","properties":{"ele":300,"major":1},"geometry":{"type":"LineString","coordinates":[[-122.242369,37.869785],[-122.241571,37.869947],[-122.240536,37.869671],[-122.239846,37.869765]]}},{"type":"Feature","properties":{"ele":300,"major":1},"geometry":{"type":"LineString","coordinates":[[-122.239796,37.869785],[-122.239501,37.869965],[-122.238466,37.869148],[-122.237431,37.868966]]}},{"type":"Feature","properties":{"ele":300,"major":1},"geometry":{"type":"LineString","coordinates":[[-122.227784,37.869785],[-122.227426,37.870024],[-122.226736,37.86983],[-122.225701,37.870024]]}},{"type":"Feature","properties":{"ele":300,"major":1},"geometry":{"type":"LineString","coordinates":[[-122.242369,37.869785],[-122.242169,37.869512],[-122.24063,37.868695],[-122.240396,37.868422],[-122.240536,37.868248]]}},{"type":"Feature","properties":{"ele":300,"major":1},"geometry":{"type":"LineString","coordinates":[[-122.230038,37.86924],[-122.229841,37.869382],[-122.229151,37.869291],[-122.228116,37.869478]]}},{"type":"Feature","properties":{"ele":300,"major":1},"geometry":{"type":"LineString","coordinates":[[-122.234039,37.867605],[-122.233636,37.867801],[-122.232946,37.867633],[-122.231911,37.86775]]}},{"type":"Feature","properties":{"ele":300,"major":1},"geometry":{"type":"LineString","coordinates":[[-122.227931,37.867605],[-122.227954,37.86706],[-122.226544,37.865697],[-122.226353,37.86488],[-122.22577,37.864335],[-122.226046,37.864019]]}},{"type":"Feature","properties":{"ele":300,"major":1},"geometry":{"type":"LineString","coordinates":[[-122.241579,37.867332],[-122.241463,37.86706],[-122.240191,37.866727],[-122.239922,37.866515],[-122.24011,37.86597],[-122.239994,37.865697],[-122.239156,37.865627]]}},{"type":"Feature","properties":{"ele":300,"major":1},"geometry":{"type":"LineString","coordinates":[[-122.234492,37.86706],[-122.234528,37.866787],[-122.234152,37.86597],[-122.234326,37.865783]]}},{"type":"Feature","properties":{"ele":300,"major":1},"geometry":{"type":"LineString","coordinates":[[-122.238032,37.866515],[-122.237776,37.866703],[-122.236741,37.866248],[-122.236051,37.86542]]}},{"type":"Feature","properties":{"ele":300,"major":1},"geometry":{"type":"LineString","coordinates":[[-122.228942,37.864335],[-122.228806,37.864576],[-122.228461,37.864547],[-122.226736,37.863965],[-122.226046,37.864019]]}},{"type":"Feature","properties":{"ele":300,"major":1},"geometry":{"type":"LineString","coordinates":[[-122.232083,37.86161],[-122.232218,37.861065],[-122.230876,37.860809],[-122.229841,37.86102]]}},{"type":"Feature","properties":{"ele":300,"major":1},"geometry":{"type":"LineString","coordinates":[[-122.220547,37.861337],[-122.220291,37.861065],[-122.220048,37.860247],[-122.219836,37.859975],[-122.219491,37.859915]]}},{"type":"Feature","properties":{"ele":300,"major":1},"geometry":{"type":"LineString","coordinates":[[-122.229737,37.861065],[-122.229151,37.861265],[-122.227115,37.860792],[-122.226927,37.86052],[-122.227081,37.860201]]}},{"type":"Feature","properties":{"ele":300,"major":1},"geometry":{"type":"LineString","coordinates":[[-122.219351,37.859975],[-122.219146,37.860061],[-122.218753,37.859975],[-122.218588,37.859702],[-122.218801,37.859303]]}},{"type":"Feature","properties":{"ele":300,"major":1},"geometry":{"type":"LineString","coordinates":[[-122.218879,37.859157],[-122.219011,37.858612],[-122.218674,37.858067],[-122.218801,37.857752]]}},{"type":"Feature","properties":{"ele":300,"major":1},"geometry":{"type":"LineString","coordinates":[[-122.223406,37.858339],[-122.223626,37.858067],[-122.223494,37.857522],[-122.223631,37.857193]]}},{"type":"Feature","properties":{"ele":300,"major":1},"geometry":{"type":"LineString","coordinates":[[-122.229157,37.858067],[-122.228964,37.857522],[-122.229015,37.856977],[-122.228806,37.856819],[-122.227426,37.856539],[-122.226736,37.856633],[-122.226256,37.856432],[-122.225787,37.855614],[-122.226046,37.855171]]}},{"type":"Feature","properties":{"ele":300,"major":1},"geometry":{"type":"LineString","coordinates":[[-122.218847,37.857522],[-122.218456,37.857303],[-122.217766,37.857238],[-122.217575,37.856977],[-122.217766,37.856432]]}},{"type":"Feature","properties":{"ele":300,"major":1},"geometry":{"type":"LineString","coordinates":[[-122.223799,37.856977],[-122.223766,37.856704],[-122.223317,37.855887],[-122.223631,37.855703]]}},{"type":"Feature","properties":{"ele":300,"major":1},"geometry":{"type":"LineString","coordinates":[[-122.217766,37.856432],[-122.217421,37.856285],[-122.216731,37.856266],[-122.216629,37.855887],[-122.216386,37.855649],[-122.214661,37.855768]]}},{"type":"Feature","properties":{"ele":320,"major":0},"geometry":{"type":"LineString","coordinates":[[-122.243559,37.904927],[-122.242951,37.905094],[-122.241573,37.902748],[-122.240536,37.90146],[-122.240191,37.901155],[-122.239511,37.900842],[-122.239156,37.900201],[-122.238811,37.90001]]}},{"type":"Feature","properties":{"ele":320,"major":0},"geometry":{"type":"LineString","coordinates":[[-122.249264,37.901386],[-122.249355,37.901114],[-122.248908,37.900569],[-122.247781,37.900488],[-122.246056,37.899817],[-122.24542,37.898663],[-122.24405,37.897846],[-122.243916,37.897573],[-122.243296,37.89711],[-122.24243,37.895939],[-122.241226,37.894703],[-122.240191,37.891956],[-122.239546,37.891308],[-122.237524,37.889946],[-122.237552,37.889674],[-122.237776,37.889495]]}},{"type":"Feature","properties":{"ele":320,"major":0},"geometry":{"type":"LineString","coordinates":[[-122.23809,37.900297],[-122.237431,37.900366],[-122.236741,37.9001],[-122.235706,37.899051],[-122.235016,37.89857],[-122.234671,37.898438],[-122.233636,37.898375],[-122.232601,37.89776],[-122.231735,37.897573],[-122.230876,37.896802],[-122.229151,37.896998],[-122.228461,37.896929]]}},{"type":"Feature","properties":{"ele":320,"major":0},"geometry":{"type":"LineString","coordinates":[[-122.26025,37.898663],[-122.259856,37.89882],[-122.258821,37.897919],[-122.257786,37.897947],[-122.257786,37.897576]]}},{"type":"Feature","properties":{"ele":320,"major":0},"geometry":{"type":"LineString","coordinates":[[-122.26025,37.898663],[-122.260201,37.89801],[-122.25978,37.897028],[-122.259856,37.896297]]}},{"type":"Feature","properties":{"ele":320,"major":0},"geometry":{"type":"LineString","coordinates":[[-122.257787,37.897573],[-122.257854,37.897028],[-122.25741,37.896211],[-122.257441,37.89589]]}},{"type":"Feature","properties":{"ele":320,"major":0},"geometry":{"type":"LineString","coordinates":[[-122.228158,37.897028],[-122.227771,37.897192],[-122.227426,37.897081],[-122.226046,37.895749],[-122.223631,37.894621],[-122.223286,37.894083],[-122.222251,37.893892],[-122.221561,37.893509],[-122.221216,37.893032],[-122.220572,37.89267],[-122.220526,37.89236]]}},{"type":"Feature","properties":{"ele":320,"major":0},"geometry":{"type":"LineString","coordinates":[[-122.259881,37.896211],[-122.259803,37.895666],[-122.259166,37.894773],[-122.25795,37.894032],[-122.257441,37.892723],[-122.256194,37.892398],[-122.255944,37.892125],[-122.255595,37.891308],[-122.254828,37.890491],[-122.252611,37.889699],[-122.252266,37.889441],[-122.252032,37.888856],[-122.252266,37.887858]]}},{"type":"Feature","properties":{"ele":320,"major":0},"geometry":{"type":"LineString","coordinates":[[-122.257566,37.895666],[-122.257634,37.895122],[-122.257441,37.894876],[-122.256406,37.894196],[-122.255371,37.893902],[-122.254681,37.893935]]}},{"type":"Feature","properties":{"ele":320,"major":0},"geometry":{"type":"LineString","coordinates":[[-122.254437,37.894032],[-122.254278,37.894032],[-122.254118,37.89376],[-122.254215,37.892942],[-122.253991,37.89255],[-122.253301,37.892531],[-122.252956,37.892444],[-122.252611,37.892091],[-122.251921,37.892065]]}},{"type":"Feature","properties":{"ele":320,"major":0},"geometry":{"type":"LineString","coordinates":[[-122.249269,37.892398],[-122.248816,37.892347],[-122.248126,37.891892],[-122.247781,37.892037]]}},{"type":"Feature","properties":{"ele":320,"major":0},"geometry":{"type":"LineString","coordinates":[[-122.246844,37.892398],[-122.246645,37.892398],[-122.246502,37.892125],[-122.246746,37.891609]]}},{"type":"Feature","properties":{"ele":320,"major":0},"geometry":{"type":"LineString","coordinates":[[-122.251603,37.892125],[-122.251231,37.892239],[-122.250886,37.891909],[-122.249851,37.891845]]}},{"type":"Feature","properties":{"ele":320,"major":0},"geometry":{"type":"LineString","coordinates":[[-122.220566,37.892125],[-122.220484,37.89158],[-122.220038,37.891036],[-122.219146,37.890627],[-122.218401,37.890491],[-122.217766,37.889636],[-122.217421,37.889473],[-122.217076,37.889517]]}},{"type":"Feature","properties":{"ele":320,"major":0},"geometry":{"type":"LineString","coordinates":[[-122.246778,37.89158],[-122.246672,37.891308],[-122.246138,37.891036],[-122.245711,37.890462],[-122.24479,37.889674],[-122.244331,37.888786],[-122.243296,37.888759],[-122.242606,37.888346],[-122.242461,37.888039],[-122.242458,37.887494],[-122.242261,37.88734],[-122.240881,37.887435]]}},{"type":"Feature","properties":{"ele":320,"major":0},"geometry":{"type":"LineString","coordinates":[[-122.216896,37.889674],[-122.216731,37.889906],[-122.216386,37.88992],[-122.215351,37.889112],[-122.214661,37.888312]]}},{"type":"Feature","properties":{"ele":320,"major":0},"geometry":{"type":"LineString","coordinates":[[-122.238193,37.889401],[-122.238121,37.889139],[-122.237637,37.888856],[-122.237666,37.888584],[-122.237776,37.888542]]}},{"type":"Feature","properties":{"ele":320,"major":0},"geometry":{"type":"LineString","coordinates":[[-122.252322,37.887767],[-122.252479,37.887494],[-122.252387,37.886949],[-122.252473,37.886405],[-122.252417,37.886132],[-122.252075,37.88586],[-122.251921,37.885534]]}},{"type":"Feature","properties":{"ele":320,"major":0},"geometry":{"type":"LineString","coordinates":[[-122.251977,37.885315],[-122.252011,37.885042],[-122.251752,37.88477],[-122.250886,37.884471],[-122.250779,37.884225],[-122.250886,37.88405]]}},{"type":"Feature","properties":{"ele":320,"major":0},"geometry":{"type":"LineString","coordinates":[[-122.250977,37.881501],[-122.250541,37.881585],[-122.250326,37.881501],[-122.249707,37.880683],[-122.248471,37.880439],[-122.247861,37.880138],[-122.247553,37.879594],[-122.247781,37.879028]]}},{"type":"Feature","properties":{"ele":320,"major":0},"geometry":{"type":"LineString","coordinates":[[-122.239323,37.879321],[-122.238811,37.87928],[-122.238466,37.878888],[-122.238121,37.878945],[-122.237932,37.878776],[-122.238121,37.878406]]}},{"type":"Feature","properties":{"ele":320,"major":0},"geometry":{"type":"LineString","coordinates":[[-122.241279,37.879049],[-122.24149,37.878776],[-122.241363,37.877959],[-122.241391,37.877686],[-122.241571,37.877476]]}},{"type":"Feature","properties":{"ele":320,"major":0},"geometry":{"type":"LineString","coordinates":[[-122.247888,37.878776],[-122.247676,37.878231],[-122.247091,37.877561],[-122.246746,37.877391]]}},{"type":"Feature","properties":{"ele":320,"major":0},"geometry":{"type":"LineString","coordinates":[[-122.245264,37.878504],[-122.244596,37.878504],[-122.243371,37.877959],[-122.241916,37.877484],[-122.241571,37.877476]]}},{"type":"Feature","properties":{"ele":320,"major":0},"geometry":{"type":"LineString","coordinates":[[-122.237045,37.878231],[-122.236665,37.878231],[-122.236588,37.877959],[-122.236741,37.877765]]}},{"type":"Feature","properties":{"ele":320,"major":0},"geometry":{"type":"LineString","coordinates":[[-122.23679,37.877686],[-122.236958,37.877414],[-122.236873,37.876597],[-122.236741,37.87638],[-122.236396,37.876309]]}},{"type":"Feature","properties":{"ele":320,"major":0},"geometry":{"type":"LineString","coordinates":[[-122.233447,37.877414],[-122.232946,37.877403],[-122.23281,37.877142],[-122.232946,37.876469]]}},{"type":"Feature","properties":{"ele":320,"major":0},"geometry":{"type":"LineString","coordinates":[[-122.234511,37.874689],[-122.234647,37.874417],[-122.23431,37.873872],[-122.233981,37.873658],[-122.232946,37.873743],[-122.232601,37.873177]]}},{"type":"Feature","properties":{"ele":320,"major":0},"geometry":{"type":"LineString","coordinates":[[-122.224592,37.87142],[-122.224321,37.871598],[-122.223976,37.871461],[-122.223591,37.87033],[-122.223286,37.870035],[-122.222325,37.869512],[-122.222414,37.86924],[-122.222596,37.869137]]}},{"type":"Feature","properties":{"ele":320,"major":0},"geometry":{"type":"LineString","coordinates":[[-122.233461,37.871147],[-122.232946,37.871172],[-122.232256,37.871004],[-122.231911,37.871104]]}},{"type":"Feature","properties":{"ele":320,"major":0},"geometry":{"type":"LineString","coordinates":[[-122.227962,37.87033],[-122.227771,37.870463],[-122.227081,37.870143],[-122.226391,37.870054]]}},{"type":"Feature","properties":{"ele":320,"major":0},"geometry":{"type":"LineString","coordinates":[[-122.230254,37.869512],[-122.229841,37.869784],[-122.229151,37.869619],[-122.228461,37.869646]]}},{"type":"Feature","properties":{"ele":320,"major":0},"geometry":{"type":"LineString","coordinates":[[-122.240166,37.86924],[-122.239501,37.869223],[-122.238466,37.86864],[-122.237086,37.868621]]}},{"type":"Feature","properties":{"ele":320,"major":0},"geometry":{"type":"LineString","coordinates":[[-122.240277,37.868967],[-122.239864,37.868422],[-122.239902,37.86815],[-122.240191,37.867999]]}},{"type":"Feature","properties":{"ele":320,"major":0},"geometry":{"type":"LineString","coordinates":[[-122.234179,37.86815],[-122.233636,37.868222],[-122.232601,37.86797],[-122.231911,37.868128]]}},{"type":"Feature","properties":{"ele":320,"major":0},"geometry":{"type":"LineString","coordinates":[[-122.240894,37.867332],[-122.240536,37.867091],[-122.239846,37.867033],[-122.239501,37.866787],[-122.239624,37.86597],[-122.239156,37.865913]]}},{"type":"Feature","properties":{"ele":320,"major":0},"geometry":{"type":"LineString","coordinates":[[-122.227547,37.867332],[-122.226736,37.866384],[-122.226046,37.8658],[-122.225999,37.865152],[-122.225035,37.864607],[-122.224928,37.864335],[-122.225011,37.864178]]}},{"type":"Feature","properties":{"ele":320,"major":0},"geometry":{"type":"LineString","coordinates":[[-122.238269,37.866787],[-122.238121,37.866974],[-122.237776,37.86705],[-122.236599,37.866515],[-122.236051,37.866036],[-122.235706,37.865945]]}},{"type":"Feature","properties":{"ele":320,"major":0},"geometry":{"type":"LineString","coordinates":[[-122.228303,37.86379],[-122.228116,37.863951],[-122.227771,37.863965],[-122.226736,37.863568],[-122.225701,37.86355]]}},{"type":"Feature","properties":{"ele":320,"major":0},"geometry":{"type":"LineString","coordinates":[[-122.23004,37.863245],[-122.229841,37.863347],[-122.228806,37.863265],[-122.228461,37.863466]]}},{"type":"Feature","properties":{"ele":320,"major":0},"geometry":{"type":"LineString","coordinates":[[-122.220598,37.861882],[-122.219879,37.86161],[-122.219767,37.861337],[-122.219836,37.861068]]}},{"type":"Feature","properties":{"ele":320,"major":0},"geometry":{"type":"LineString","coordinates":[[-122.231476,37.86161],[-122.2315,37.861337],[-122.231221,37.8612],[-122.230531,37.861293]]}},{"type":"Feature","properties":{"ele":320,"major":0},"geometry":{"type":"LineString","coordinates":[[-122.230361,37.861337],[-122.229151,37.861544],[-122.228461,37.861389],[-122.227771,37.861433],[-122.226736,37.861106],[-122.226454,37.860792],[-122.226452,37.86052],[-122.226462,37.860247],[-122.226736,37.85996]]}},{"type":"Feature","properties":{"ele":320,"major":0},"geometry":{"type":"LineString","coordinates":[[-122.219837,37.861065],[-122.219836,37.860473],[-122.219491,37.860315],[-122.219146,37.860457]]}},{"type":"Feature","properties":{"ele":320,"major":0},"geometry":{"type":"LineString","coordinates":[[-122.218949,37.86052],[-122.218801,37.860565],[-122.218456,37.860344],[-122.218061,37.859702],[-122.218111,37.859387]]}},{"type":"Feature","properties":{"ele":320,"major":0},"geometry":{"type":"LineString","coordinates":[[-122.218469,37.858884],[-122.218138,37.858339],[-122.218235,37.857794],[-122.218111,37.857601],[-122.217421,37.857488],[-122.217155,37.857249],[-122.217076,37.85667]]}},{"type":"Feature","properties":{"ele":320,"major":0},"geometry":{"type":"LineString","coordinates":[[-122.224025,37.858612],[-122.224188,37.858339],[-122.224049,37.857794],[-122.224103,37.857522],[-122.224321,37.8573]]}},{"type":"Feature","properties":{"ele":320,"major":0},"geometry":{"type":"LineString","coordinates":[[-122.228624,37.858067],[-122.228424,37.857249],[-122.228116,37.857096],[-122.227426,37.856902],[-122.226391,37.856954],[-122.226046,37.85681],[-122.225407,37.856159],[-122.225011,37.855267]]}},{"type":"Feature","properties":{"ele":320,"major":0},"geometry":{"type":"LineString","coordinates":[[-122.224349,37.857249],[-122.224399,37.856704],[-122.224066,37.856159],[-122.224321,37.855917]]}},{"type":"Feature","properties":{"ele":320,"major":0},"geometry":{"type":"LineString","coordinates":[[-122.216801,37.856704],[-122.216041,37.856821],[-122.215809,37.856704],[-122.215765,37.856432],[-122.215351,37.856175],[-122.214661,37.856153]]}},{"type":"Feature","properties":{"ele":340,"major":0},"geometry":{"type":"LineString","coordinates":[[-122.244525,37.90411],[-122.243986,37.904309],[-122.242951,37.904293],[-122.242143,37.902748],[-122.241234,37.901659],[-122.239978,37.900569],[-122.239501,37.899823],[-122.239156,37.899511],[-122.238811,37.899363],[-122.238466,37.899409]]}},{"type":"Feature","properties":{"ele":340,"major":0},"geometry":{"type":"LineString","coordinates":[[-122.248608,37.901386],[-122.248471,37.90106],[-122.247091,37.900941],[-122.245021,37.900473],[-122.24465,37.899752],[-122.243296,37.898621],[-122.242105,37.897028],[-122.241812,37.896211],[-122.240216,37.894577],[-122.240125,37.89376],[-122.239763,37.893215],[-122.239824,37.89267],[-122.239551,37.892125],[-122.239156,37.89197],[-122.238811,37.891992],[-122.237431,37.891041],[-122.236741,37.890879],[-122.236051,37.890525],[-122.234188,37.889401],[-122.234326,37.889265]]}},{"type":"Feature","properties":{"ele":340,"major":0},"geometry":{"type":"LineString","coordinates":[[-122.238201,37.899752],[-122.237776,37.899884],[-122.237213,37.899207],[-122.236396,37.899063],[-122.236051,37.898512],[-122.235445,37.898118],[-122.234826,37.897846],[-122.233981,37.897811],[-122.233636,37.897682],[-122.232946,37.896833],[-122.232256,37.896667],[-122.230876,37.895895]]}},{"type":"Feature","properties":{"ele":340,"major":0},"geometry":{"type":"LineString","coordinates":[[-122.25885,37.897301],[-122.258585,37.897301],[-122.258559,37.897028],[-122.258821,37.896959]]}},{"type":"Feature","properties":{"ele":340,"major":0},"geometry":{"type":"LineString","coordinates":[[-122.227979,37.896211],[-122.227771,37.896405],[-122.227426,37.896369],[-122.226981,37.895939],[-122.226981,37.895122],[-122.226808,37.894849],[-122.226046,37.894298],[-122.225701,37.894156],[-122.225356,37.89424]]}},{"type":"Feature","properties":{"ele":340,"major":0},"geometry":{"type":"LineString","coordinates":[[-122.225125,37.894304],[-122.224989,37.894304],[-122.22476,37.89376],[-122.224338,37.893487],[-122.223631,37.893379],[-122.222941,37.893484],[-122.222596,37.893304],[-122.221985,37.89267],[-122.221906,37.892125]]}},{"type":"Feature","properties":{"ele":340,"major":0},"geometry":{"type":"LineString","coordinates":[[-122.221917,37.891853],[-122.221786,37.89158],[-122.220871,37.890693],[-122.218869,37.889674],[-122.218665,37.889129],[-122.218456,37.88895],[-122.217421,37.888762],[-122.216041,37.888789],[-122.215686,37.888584],[-122.215571,37.888039],[-122.215351,37.887798],[-122.214661,37.887441]]}},{"type":"Feature","properties":{"ele":340,"major":0},"geometry":{"type":"LineString","coordinates":[[-122.251188,37.891036],[-122.250541,37.891193],[-122.248816,37.89115],[-122.248126,37.890654],[-122.247781,37.890664]]}},{"type":"Feature","properties":{"ele":340,"major":0},"geometry":{"type":"LineString","coordinates":[[-122.247529,37.890763],[-122.246746,37.890872],[-122.246539,37.890763],[-122.246491,37.890491],[-122.246746,37.89019]]}},{"type":"Feature","properties":{"ele":340,"major":0},"geometry":{"type":"LineString","coordinates":[[-122.251693,37.890491],[-122.251739,37.889946],[-122.251483,37.889401],[-122.251494,37.888311],[-122.251292,37.887767],[-122.25135,37.887222],[-122.250758,37.88586],[-122.250061,37.885315],[-122.249598,37.884225],[-122.249619,37.883953],[-122.249851,37.883664]]}},{"type":"Feature","properties":{"ele":340,"major":0},"geometry":{"type":"LineString","coordinates":[[-122.246252,37.889401],[-122.245711,37.88965],[-122.245366,37.889485],[-122.245366,37.889203]]}},{"type":"Feature","properties":{"ele":340,"major":0},"geometry":{"type":"LineString","coordinates":[[-122.2465,37.888311],[-122.246056,37.887904],[-122.245021,37.887696],[-122.244331,37.887388],[-122.243641,37.886787],[-122.242818,37.886405],[-122.242606,37.885897],[-122.242261,37.886014]]}},{"type":"Feature","properties":{"ele":340,"major":0},"geometry":{"type":"LineString","coordinates":[[-122.236101,37.888311],[-122.236158,37.887494],[-122.236227,37.887222],[-122.236396,37.887128]]}},{"type":"Feature","properties":{"ele":340,"major":0},"geometry":{"type":"LineString","coordinates":[[-122.251047,37.883135],[-122.250315,37.882046],[-122.249379,37.881501],[-122.249233,37.880956],[-122.248009,37.880683],[-122.247436,37.880298],[-122.247091,37.880163],[-122.246746,37.880209],[-122.246401,37.879945],[-122.246275,37.879049],[-122.246401,37.878885]]}},{"type":"Feature","properties":{"ele":340,"major":0},"geometry":{"type":"LineString","coordinates":[[-122.240714,37.880138],[-122.240536,37.880206],[-122.239501,37.879649],[-122.238811,37.87981]]}},{"type":"Feature","properties":{"ele":340,"major":0},"geometry":{"type":"LineString","coordinates":[[-122.238659,37.879866],[-122.238466,37.879978],[-122.238323,37.879866],[-122.238121,37.879314]]}},{"type":"Feature","properties":{"ele":340,"major":0},"geometry":{"type":"LineString","coordinates":[[-122.237989,37.879321],[-122.237431,37.879401],[-122.237319,37.879321],[-122.237431,37.878821]]}},{"type":"Feature","properties":{"ele":340,"major":0},"geometry":{"type":"LineString","coordinates":[[-122.246305,37.878776],[-122.245711,37.878947],[-122.244676,37.878851],[-122.243641,37.878581],[-122.242951,37.878149],[-122.242261,37.878003]]}},{"type":"Feature","properties":{"ele":340,"major":0},"geometry":{"type":"LineString","coordinates":[[-122.241939,37.879049],[-122.242077,37.878776],[-122.242018,37.878231],[-122.242261,37.878003]]}},{"type":"Feature","properties":{"ele":340,"major":0},"geometry":{"type":"LineString","coordinates":[[-122.237154,37.878504],[-122.236396,37.878703],[-122.236051,37.878602],[-122.235847,37.878231],[-122.236051,37.877724]]}},{"type":"Feature","properties":{"ele":340,"major":0},"geometry":{"type":"LineString","coordinates":[[-122.233622,37.877959],[-122.232946,37.87809],[-122.232529,37.877959],[-122.232063,37.877142],[-122.232051,37.876869],[-122.232256,37.876497]]}},{"type":"Feature","properties":{"ele":340,"major":0},"geometry":{"type":"LineString","coordinates":[[-122.236466,37.877414],[-122.236501,37.876869],[-122.236396,37.876753],[-122.236051,37.876778]]}},{"type":"Feature","properties":{"ele":340,"major":0},"geometry":{"type":"LineString","coordinates":[[-122.229647,37.875507],[-122.229151,37.875728],[-122.228771,37.875507],[-122.228806,37.875275]]}},{"type":"Feature","properties":{"ele":340,"major":0},"geometry":{"type":"LineString","coordinates":[[-122.228811,37.875234],[-122.229067,37.874417],[-122.22892,37.873327],[-122.229151,37.873002]]}},{"type":"Feature","properties":{"ele":340,"major":0},"geometry":{"type":"LineString","coordinates":[[-122.234072,37.874689],[-122.234158,37.874417],[-122.233981,37.874094],[-122.233636,37.873953],[-122.232946,37.874095],[-122.232256,37.873745],[-122.231911,37.873802]]}},{"type":"Feature","properties":{"ele":340,"major":0},"geometry":{"type":"LineString","coordinates":[[-122.224335,37.87251],[-122.223976,37.872463],[-122.22334,37.871965],[-122.223121,37.870602],[-122.222941,37.870354],[-122.222251,37.870019],[-122.221216,37.869855],[-122.220942,37.869512],[-122.221216,37.869213]]}},{"type":"Feature","properties":{"ele":340,"major":0},"geometry":{"type":"LineString","coordinates":[[-122.228253,37.870602],[-122.227771,37.870753],[-122.226885,37.87033],[-122.226391,37.870311]]}},{"type":"Feature","properties":{"ele":340,"major":0},"geometry":{"type":"LineString","coordinates":[[-122.230123,37.870057],[-122.229496,37.870063],[-122.228806,37.869845],[-122.228461,37.86995]]}},{"type":"Feature","properties":{"ele":340,"major":0},"geometry":{"type":"LineString","coordinates":[[-122.23924,37.868422],[-122.238121,37.868263],[-122.237431,37.868359],[-122.236741,37.868281]]}},{"type":"Feature","properties":{"ele":340,"major":0},"geometry":{"type":"LineString","coordinates":[[-122.234679,37.868422],[-122.234326,37.868662],[-122.232946,37.868318],[-122.232256,37.868347]]}},{"type":"Feature","properties":{"ele":340,"major":0},"geometry":{"type":"LineString","coordinates":[[-122.225154,37.868422],[-122.224666,37.86845],[-122.223976,37.868287],[-122.222251,37.868412]]}},{"type":"Feature","properties":{"ele":340,"major":0},"geometry":{"type":"LineString","coordinates":[[-122.240093,37.867605],[-122.239501,37.86736],[-122.238976,37.866515],[-122.238811,37.866474]]}},{"type":"Feature","properties":{"ele":340,"major":0},"geometry":{"type":"LineString","coordinates":[[-122.238507,37.86706],[-122.238121,37.867288],[-122.237776,37.867298],[-122.236396,37.866771],[-122.235706,37.866342],[-122.235361,37.866455]]}},{"type":"Feature","properties":{"ele":340,"major":0},"geometry":{"type":"LineString","coordinates":[[-122.226901,37.867332],[-122.226841,37.86706],[-122.226434,37.866515],[-122.22561,37.86597],[-122.225667,37.865425],[-122.22423,37.864607],[-122.224321,37.864282]]}},{"type":"Feature","properties":{"ele":340,"major":0},"geometry":{"type":"LineString","coordinates":[[-122.216775,37.865152],[-122.216041,37.86479],[-122.215351,37.864245],[-122.214661,37.86406]]}},{"type":"Feature","properties":{"ele":340,"major":0},"geometry":{"type":"LineString","coordinates":[[-122.227884,37.863245],[-122.227426,37.863428],[-122.226736,37.863048],[-122.225356,37.863025]]}},{"type":"Feature","properties":{"ele":340,"major":0},"geometry":{"type":"LineString","coordinates":[[-122.220908,37.862427],[-122.220526,37.862463],[-122.220181,37.862132],[-122.219467,37.861882],[-122.219205,37.86161],[-122.219427,37.861065],[-122.219146,37.860805],[-122.218456,37.860987],[-122.218282,37.860792],[-122.217748,37.859975],[-122.217709,37.859157],[-122.217377,37.858612],[-122.217421,37.858316]]}},{"type":"Feature","properties":{"ele":340,"major":0},"geometry":{"type":"LineString","coordinates":[[-122.230536,37.862155],[-122.230485,37.861882],[-122.230186,37.861726],[-122.228461,37.861858]]}},{"type":"Feature","properties":{"ele":340,"major":0},"geometry":{"type":"LineString","coordinates":[[-122.228365,37.861882],[-122.228116,37.861951],[-122.227081,37.861505],[-122.226182,37.861337],[-122.225967,37.86052],[-122.226046,37.859791]]}},{"type":"Feature","properties":{"ele":340,"major":0},"geometry":{"type":"LineString","coordinates":[[-122.217189,37.858067],[-122.216731,37.85819],[-122.216397,37.858067],[-122.216369,37.857522],[-122.216041,37.8573],[-122.215351,37.857177],[-122.215006,37.856482],[-122.214661,37.856429]]}},{"type":"Feature","properties":{"ele":340,"major":0},"geometry":{"type":"LineString","coordinates":[[-122.228165,37.857794],[-122.228039,37.857522],[-122.227771,37.857333],[-122.227081,37.857247]]}},{"type":"Feature","properties":{"ele":340,"major":0},"geometry":{"type":"LineString","coordinates":[[-122.227045,37.857249],[-122.226046,37.857257],[-122.225356,37.856802],[-122.225011,37.856749]]}},{"type":"Feature","properties":{"ele":360,"major":0},"geometry":{"type":"LineString","coordinates":[[-122.244079,37.903838],[-122.243296,37.903905],[-122.242951,37.903634],[-122.24241,37.902476],[-122.241217,37.901114],[-122.240238,37.900297],[-122.239874,37.899752],[-122.239253,37.899207],[-122.23698,37.898663],[-122.236051,37.897878],[-122.234308,37.897301],[-122.233382,37.896211],[-122.231911,37.895973],[-122.231341,37.895394],[-122.230876,37.895363]]}},{"type":"Feature","properties":{"ele":360,"major":0},"geometry":{"type":"LineString","coordinates":[[-122.24732,37.901659],[-122.244676,37.900945],[-122.24338,37.900025],[-122.242592,37.898935],[-122.241888,37.897573],[-122.239378,37.894577],[-122.239156,37.893837],[-122.238814,37.893487],[-122.238955,37.892942],[-122.238811,37.892697],[-122.238466,37.892574],[-122.237806,37.891853],[-122.237086,37.891519],[-122.236396,37.891466],[-122.235706,37.891121],[-122.235189,37.890491],[-122.234671,37.890215],[-122.232173,37.889674],[-122.232256,37.889382]]}},{"type":"Feature","properties":{"ele":360,"major":0},"geometry":{"type":"LineString","coordinates":[[-122.230756,37.895394],[-122.230186,37.895486],[-122.229496,37.895292],[-122.228461,37.895359],[-122.227771,37.895068],[-122.226485,37.89376],[-122.225356,37.892981],[-122.224666,37.892716],[-122.223631,37.892847]]}},{"type":"Feature","properties":{"ele":360,"major":0},"geometry":{"type":"LineString","coordinates":[[-122.222986,37.892125],[-122.222864,37.89158],[-122.222054,37.891036],[-122.221561,37.890305],[-122.220526,37.88992],[-122.220181,37.889526],[-122.219551,37.889129],[-122.219146,37.888412],[-122.217766,37.888227],[-122.217076,37.888306]]}},{"type":"Feature","properties":{"ele":360,"major":0},"geometry":{"type":"LineString","coordinates":[[-122.250894,37.890491],[-122.250196,37.890705],[-122.248816,37.890451],[-122.248269,37.889946],[-122.247821,37.889129],[-122.247789,37.888856],[-122.2481,37.888039],[-122.247993,37.887767],[-122.246401,37.886859],[-122.245021,37.886827],[-122.244461,37.886405],[-122.243296,37.886252],[-122.243015,37.88586],[-122.243074,37.88477],[-122.242951,37.884636],[-122.242606,37.884676]]}},{"type":"Feature","properties":{"ele":360,"major":0},"geometry":{"type":"LineString","coordinates":[[-122.250894,37.890491],[-122.251139,37.889946],[-122.251072,37.888584],[-122.25046,37.887494],[-122.250196,37.886743],[-122.248882,37.88586],[-122.248676,37.885587],[-122.248683,37.885042],[-122.248188,37.884498],[-122.248248,37.884225],[-122.248471,37.884123]]}},{"type":"Feature","properties":{"ele":360,"major":0},"geometry":{"type":"LineString","coordinates":[[-122.217031,37.888311],[-122.216386,37.888289],[-122.216041,37.887537],[-122.215006,37.886953],[-122.214661,37.886918]]}},{"type":"Feature","properties":{"ele":360,"major":0},"geometry":{"type":"LineString","coordinates":[[-122.241909,37.88586],[-122.241571,37.886052],[-122.239501,37.885949],[-122.238466,37.886091],[-122.237776,37.885946],[-122.237431,37.88609]]}},{"type":"Feature","properties":{"ele":360,"major":0},"geometry":{"type":"LineString","coordinates":[[-122.249298,37.883135],[-122.249469,37.88259],[-122.249195,37.882318],[-122.248634,37.882046],[-122.248126,37.881419],[-122.247781,37.881335],[-122.247436,37.881446]]}},{"type":"Feature","properties":{"ele":360,"major":0},"geometry":{"type":"LineString","coordinates":[[-122.247103,37.881773],[-122.246746,37.881698],[-122.246463,37.881228],[-122.245997,37.880956],[-122.2449,37.879321],[-122.243986,37.879022]]}},{"type":"Feature","properties":{"ele":360,"major":0},"geometry":{"type":"LineString","coordinates":[[-122.241021,37.880956],[-122.240536,37.880889],[-122.240191,37.880636],[-122.239846,37.88013],[-122.239501,37.879956],[-122.239156,37.879968]]}},{"type":"Feature","properties":{"ele":360,"major":0},"geometry":{"type":"LineString","coordinates":[[-122.237379,37.879866],[-122.236741,37.87987],[-122.236682,37.879321],[-122.236396,37.879137],[-122.235361,37.879232],[-122.23507,37.879049],[-122.235057,37.877959],[-122.234671,37.877936]]}},{"type":"Feature","properties":{"ele":360,"major":0},"geometry":{"type":"LineString","coordinates":[[-122.243883,37.879049],[-122.243641,37.879149],[-122.243437,37.879049],[-122.242951,37.87851],[-122.242606,37.878575]]}},{"type":"Feature","properties":{"ele":360,"major":0},"geometry":{"type":"LineString","coordinates":[[-122.234067,37.878504],[-122.232601,37.878712],[-122.232069,37.878504],[-122.231382,37.877142],[-122.231351,37.876869],[-122.231566,37.876442]]}},{"type":"Feature","properties":{"ele":360,"major":0},"geometry":{"type":"LineString","coordinates":[[-122.229291,37.876324],[-122.229151,37.876391],[-122.227959,37.875507],[-122.228116,37.875173]]}},{"type":"Feature","properties":{"ele":360,"major":0},"geometry":{"type":"LineString","coordinates":[[-122.231633,37.876324],[-122.231776,37.875779],[-122.231672,37.875234],[-122.231566,37.875104],[-122.230876,37.875183]]}},{"type":"Feature","properties":{"ele":360,"major":0},"geometry":{"type":"LineString","coordinates":[[-122.224805,37.873054],[-122.223473,37.873054],[-122.222596,37.872333],[-122.222596,37.871874]]}},{"type":"Feature","properties":{"ele":360,"major":0},"geometry":{"type":"LineString","coordinates":[[-122.230749,37.871965],[-122.230861,37.871692],[-122.230751,37.870875],[-122.230876,37.870677]]}},{"type":"Feature","properties":{"ele":360,"major":0},"geometry":{"type":"LineString","coordinates":[[-122.222688,37.871692],[-122.222716,37.871147],[-122.222417,37.870602],[-122.221906,37.870497],[-122.221216,37.87059]]}},{"type":"Feature","properties":{"ele":360,"major":0},"geometry":{"type":"LineString","coordinates":[[-122.221022,37.870602],[-122.220841,37.870602],[-122.220516,37.870057],[-122.219742,37.869512],[-122.219836,37.869182]]}},{"type":"Feature","properties":{"ele":360,"major":0},"geometry":{"type":"LineString","coordinates":[[-122.234012,37.869785],[-122.234222,37.869512],[-122.234226,37.86924],[-122.233872,37.868967],[-122.232946,37.868626],[-122.232601,37.86857],[-122.232256,37.868693]]}},{"type":"Feature","properties":{"ele":360,"major":0},"geometry":{"type":"LineString","coordinates":[[-122.235974,37.868422],[-122.235706,37.868678],[-122.235418,37.868422],[-122.235706,37.868078]]}},{"type":"Feature","properties":{"ele":360,"major":0},"geometry":{"type":"LineString","coordinates":[[-122.237753,37.867877],[-122.237086,37.86804],[-122.236051,37.867658],[-122.236051,37.867326]]}},{"type":"Feature","properties":{"ele":360,"major":0},"geometry":{"type":"LineString","coordinates":[[-122.226006,37.867877],[-122.225701,37.868114],[-122.224666,37.868114],[-122.222596,37.86776],[-122.221561,37.867797]]}},{"type":"Feature","properties":{"ele":360,"major":0},"geometry":{"type":"LineString","coordinates":[[-122.237753,37.867877],[-122.237664,37.867605],[-122.236741,37.867295],[-122.236396,37.867214],[-122.236051,37.867326]]}},{"type":"Feature","properties":{"ele":360,"major":0},"geometry":{"type":"LineString","coordinates":[[-122.226175,37.867605],[-122.226353,37.86706],[-122.226242,37.866787],[-122.225272,37.866242],[-122.22513,37.865697],[-122.224463,37.865152],[-122.223631,37.864957],[-122.223519,37.864607],[-122.223631,37.864512]]}},{"type":"Feature","properties":{"ele":360,"major":0},"geometry":{"type":"LineString","coordinates":[[-122.21765,37.86597],[-122.217421,37.86614],[-122.217076,37.866027],[-122.215203,37.864607],[-122.214661,37.864483]]}},{"type":"Feature","properties":{"ele":360,"major":0},"geometry":{"type":"LineString","coordinates":[[-122.21765,37.86597],[-122.217635,37.865425],[-122.21732,37.864607],[-122.217196,37.863517],[-122.215244,37.862155],[-122.214736,37.86161],[-122.214661,37.861361]]}},{"type":"Feature","properties":{"ele":360,"major":0},"geometry":{"type":"LineString","coordinates":[[-122.22089,37.862972],[-122.220526,37.86305],[-122.220114,37.862427],[-122.219836,37.862255],[-122.219134,37.862155],[-122.218856,37.861882],[-122.218801,37.861411],[-122.218091,37.861337],[-122.217766,37.860618],[-122.217407,37.860247],[-122.217287,37.859157],[-122.216731,37.858676],[-122.216041,37.858432],[-122.215913,37.857794],[-122.215696,37.857592],[-122.215006,37.857516],[-122.214661,37.85684]]}},{"type":"Feature","properties":{"ele":360,"major":0},"geometry":{"type":"LineString","coordinates":[[-122.227696,37.8627],[-122.227426,37.862859],[-122.227081,37.862775],[-122.226736,37.862496],[-122.225701,37.862636],[-122.225011,37.862474]]}},{"type":"Feature","properties":{"ele":360,"major":0},"geometry":{"type":"LineString","coordinates":[[-122.227793,37.862427],[-122.226933,37.861882],[-122.226046,37.861818],[-122.22573,37.86161],[-122.225453,37.86052],[-122.225574,37.859702],[-122.225701,37.859575]]}},{"type":"Feature","properties":{"ele":380,"major":0},"geometry":{"type":"LineString","coordinates":[[-122.244365,37.903293],[-122.243641,37.903548],[-122.243296,37.903454],[-122.242646,37.902204],[-122.241245,37.900569],[-122.239501,37.899046],[-122.238455,37.898663],[-122.237086,37.898398],[-122.236051,37.897464],[-122.235259,37.897301],[-122.234662,37.897028],[-122.233636,37.895903],[-122.232256,37.895468],[-122.231566,37.89491],[-122.231221,37.894777]]}},{"type":"Feature","properties":{"ele":380,"major":0},"geometry":{"type":"LineString","coordinates":[[-122.245529,37.902204],[-122.245554,37.901931],[-122.245096,37.901659],[-122.244331,37.901587],[-122.243104,37.900842],[-122.241835,37.898935],[-122.241632,37.898118],[-122.241315,37.897573],[-122.240191,37.896677],[-122.239247,37.895394],[-122.23861,37.894849],[-122.238121,37.894011],[-122.238121,37.8933]]}},{"type":"Feature","properties":{"ele":380,"major":0},"geometry":{"type":"LineString","coordinates":[[-122.229431,37.894849],[-122.228806,37.894966],[-122.228116,37.894785],[-122.226551,37.893215],[-122.225829,37.89267],[-122.223631,37.891672],[-122.222654,37.891036],[-122.222382,37.890763],[-122.222251,37.890213],[-122.221997,37.889946],[-122.221167,37.889674],[-122.220058,37.888856],[-122.219703,37.888039],[-122.218801,37.887972],[-122.218111,37.887771],[-122.217076,37.887893],[-122.216737,37.887767],[-122.216533,37.887222],[-122.215805,37.886949],[-122.214933,37.886405],[-122.21485,37.886132],[-122.215006,37.885806]]}},{"type":"Feature","properties":{"ele":380,"major":0},"geometry":{"type":"LineString","coordinates":[[-122.238126,37.893215],[-122.237255,37.892125],[-122.236741,37.891831],[-122.236396,37.891826]]}},{"type":"Feature","properties":{"ele":380,"major":0},"geometry":{"type":"LineString","coordinates":[[-122.236105,37.891853],[-122.235016,37.891399],[-122.234928,37.890763],[-122.234671,37.890598],[-122.232946,37.890152],[-122.232601,37.890202]]}},{"type":"Feature","properties":{"ele":380,"major":0},"geometry":{"type":"LineString","coordinates":[[-122.232552,37.890218],[-122.231911,37.8903],[-122.230531,37.890009],[-122.230352,37.889946],[-122.230186,37.88963]]}},{"type":"Feature","properties":{"ele":380,"major":0},"geometry":{"type":"LineString","coordinates":[[-122.250203,37.889946],[-122.249161,37.890063],[-122.248909,37.889946],[-122.248678,37.888856],[-122.248816,37.888492]]}},{"type":"Feature","properties":{"ele":380,"major":0},"geometry":{"type":"LineString","coordinates":[[-122.250203,37.889946],[-122.250498,37.889674],[-122.250196,37.888859],[-122.249851,37.888616],[-122.249161,37.888443],[-122.248816,37.888492]]}},{"type":"Feature","properties":{"ele":380,"major":0},"geometry":{"type":"LineString","coordinates":[[-122.232353,37.888039],[-122.232429,37.887767],[-122.232056,37.886677],[-122.232256,37.886202]]}},{"type":"Feature","properties":{"ele":380,"major":0},"geometry":{"type":"LineString","coordinates":[[-122.249247,37.886949],[-122.249161,37.88712],[-122.248471,37.887055],[-122.246401,37.886095]]}},{"type":"Feature","properties":{"ele":380,"major":0},"geometry":{"type":"LineString","coordinates":[[-122.249247,37.886949],[-122.249139,37.886677],[-122.248234,37.88586],[-122.24791,37.885315],[-122.247267,37.88477],[-122.247109,37.884498],[-122.247152,37.884225],[-122.247436,37.883858]]}},{"type":"Feature","properties":{"ele":380,"major":0},"geometry":{"type":"LineString","coordinates":[[-122.246308,37.886132],[-122.245711,37.886244],[-122.24556,37.886132],[-122.245366,37.885503],[-122.245021,37.885524]]}},{"type":"Feature","properties":{"ele":380,"major":0},"geometry":{"type":"LineString","coordinates":[[-122.244188,37.88586],[-122.243986,37.885949],[-122.243537,37.88586],[-122.243477,37.885587],[-122.243641,37.885141]]}},{"type":"Feature","properties":{"ele":380,"major":0},"geometry":{"type":"LineString","coordinates":[[-122.241376,37.885587],[-122.240191,37.885651],[-122.239501,37.885437],[-122.239156,37.885574]]}},{"type":"Feature","properties":{"ele":380,"major":0},"geometry":{"type":"LineString","coordinates":[[-122.239123,37.885587],[-122.238811,37.885683],[-122.238466,37.885618],[-122.238121,37.88517],[-122.237776,37.885271]]}},{"type":"Feature","properties":{"ele":380,"major":0},"geometry":{"type":"LineString","coordinates":[[-122.237029,37.885587],[-122.236741,37.885728],[-122.236396,37.885709],[-122.235706,37.885507]]}},{"type":"Feature","properties":{"ele":380,"major":0},"geometry":{"type":"LineString","coordinates":[[-122.245034,37.88368],[-122.245245,37.883408],[-122.245042,37.883135],[-122.244331,37.88301],[-122.243986,37.883088]]}},{"type":"Feature","properties":{"ele":380,"major":0},"geometry":{"type":"LineString","coordinates":[[-122.246998,37.883135],[-122.246746,37.883188],[-122.246056,37.882952],[-122.245719,37.88259],[-122.245711,37.882315]]}},{"type":"Feature","properties":{"ele":380,"major":0},"geometry":{"type":"LineString","coordinates":[[-122.24833,37.883135],[-122.248362,37.882863],[-122.248126,37.882545],[-122.247781,37.882337],[-122.247436,37.882459]]}},{"type":"Feature","properties":{"ele":380,"major":0},"geometry":{"type":"LineString","coordinates":[[-122.245801,37.882046],[-122.245711,37.881814],[-122.245021,37.881893],[-122.244676,37.881783],[-122.244676,37.8815]]}},{"type":"Feature","properties":{"ele":380,"major":0},"geometry":{"type":"LineString","coordinates":[[-122.241039,37.881501],[-122.240536,37.881526],[-122.240191,37.881361],[-122.239501,37.880324]]}},{"type":"Feature","properties":{"ele":380,"major":0},"geometry":{"type":"LineString","coordinates":[[-122.238508,37.880956],[-122.237776,37.881188],[-122.237431,37.881151],[-122.237086,37.880553],[-122.236396,37.880358],[-122.236117,37.880138],[-122.236051,37.879731],[-122.235706,37.879612],[-122.234671,37.879659],[-122.234302,37.879049],[-122.233981,37.878926],[-122.233291,37.878952]]}},{"type":"Feature","properties":{"ele":380,"major":0},"geometry":{"type":"LineString","coordinates":[[-122.245157,37.880956],[-122.244669,37.879866],[-122.244331,37.879529],[-122.243986,37.87953]]}},{"type":"Feature","properties":{"ele":380,"major":0},"geometry":{"type":"LineString","coordinates":[[-122.232967,37.879049],[-122.232256,37.87926],[-122.231575,37.878776],[-122.231432,37.877959],[-122.230711,37.877142],[-122.230705,37.876597],[-122.230876,37.876157]]}},{"type":"Feature","properties":{"ele":380,"major":0},"geometry":{"type":"LineString","coordinates":[[-122.229377,37.876869],[-122.229151,37.876988],[-122.228821,37.876869],[-122.228461,37.876236],[-122.227329,37.875779],[-122.227213,37.875507],[-122.227426,37.875117]]}},{"type":"Feature","properties":{"ele":380,"major":0},"geometry":{"type":"LineString","coordinates":[[-122.224294,37.873599],[-122.223286,37.873668],[-122.222941,37.873263],[-122.222251,37.872897],[-122.221929,37.871965],[-122.222208,37.87142],[-122.222207,37.871147],[-122.221906,37.870904],[-122.220871,37.87105],[-122.219836,37.870956],[-122.219823,37.87033],[-122.219105,37.869785],[-122.218719,37.86924],[-122.218661,37.868967],[-122.218801,37.868815]]}},{"type":"Feature","properties":{"ele":380,"major":0},"geometry":{"type":"LineString","coordinates":[[-122.215712,37.873872],[-122.21573,37.873599],[-122.215351,37.873234],[-122.215172,37.872782],[-122.214661,37.872416]]}},{"type":"Feature","properties":{"ele":380,"major":0},"geometry":{"type":"LineString","coordinates":[[-122.230367,37.871965],[-122.23053,37.871692],[-122.230509,37.87142],[-122.230243,37.870875],[-122.229151,37.870557]]}},{"type":"Feature","properties":{"ele":380,"major":0},"geometry":{"type":"LineString","coordinates":[[-122.231712,37.870057],[-122.231566,37.870176],[-122.231221,37.870172],[-122.231109,37.870057],[-122.231221,37.869821]]}},{"type":"Feature","properties":{"ele":380,"major":0},"geometry":{"type":"LineString","coordinates":[[-122.233642,37.869512],[-122.233291,37.869783],[-122.232256,37.869665],[-122.231948,37.869512],[-122.232256,37.869087]]}},{"type":"Feature","properties":{"ele":380,"major":0},"geometry":{"type":"LineString","coordinates":[[-122.233642,37.869512],[-122.2336,37.86924],[-122.233291,37.86906],[-122.232601,37.868924]]}},{"type":"Feature","properties":{"ele":380,"major":0},"geometry":{"type":"LineString","coordinates":[[-122.215434,37.867332],[-122.215351,37.867452],[-122.215006,37.867492],[-122.214661,37.867277]]}},{"type":"Feature","properties":{"ele":380,"major":0},"geometry":{"type":"LineString","coordinates":[[-122.225825,37.867332],[-122.22587,37.86706],[-122.225701,37.866801],[-122.225011,37.866606],[-122.2247,37.86597],[-122.224321,37.865526],[-122.223631,37.865403],[-122.222786,37.864607],[-122.222941,37.864319]]}},{"type":"Feature","properties":{"ele":380,"major":0},"geometry":{"type":"LineString","coordinates":[[-122.218028,37.86706],[-122.217766,37.867293],[-122.217421,37.867147],[-122.217076,37.866516],[-122.216386,37.865955],[-122.215696,37.865603],[-122.215351,37.865681]]}},{"type":"Feature","properties":{"ele":380,"major":0},"geometry":{"type":"LineString","coordinates":[[-122.215434,37.867332],[-122.215629,37.86706],[-122.215652,37.866787],[-122.215351,37.865681]]}},{"type":"Feature","properties":{"ele":380,"major":0},"geometry":{"type":"LineString","coordinates":[[-122.218484,37.86597],[-122.218115,37.864607],[-122.21776,37.864062],[-122.217651,37.863245],[-122.215351,37.86178],[-122.215043,37.861337],[-122.215219,37.86052],[-122.214661,37.860354]]}},{"type":"Feature","properties":{"ele":380,"major":0},"geometry":{"type":"LineString","coordinates":[[-122.223655,37.864062],[-122.22378,37.86379],[-122.22365,37.862972],[-122.223976,37.862466]]}},{"type":"Feature","properties":{"ele":380,"major":0},"geometry":{"type":"LineString","coordinates":[[-122.221049,37.863245],[-122.220871,37.863416],[-122.220526,37.863464],[-122.220181,37.863223],[-122.219836,37.862622],[-122.218801,37.86232],[-122.21859,37.862155],[-122.218432,37.861882],[-122.217766,37.861408],[-122.21763,37.861065],[-122.217071,37.86052],[-122.216915,37.860247],[-122.216982,37.85943],[-122.216848,37.859157],[-122.215696,37.858662],[-122.215385,37.858067],[-122.214661,37.85779]]}},{"type":"Feature","properties":{"ele":380,"major":0},"geometry":{"type":"LineString","coordinates":[[-122.223655,37.861882],[-122.223286,37.862107],[-122.222596,37.861969],[-122.221906,37.862079]]}},{"type":"Feature","properties":{"ele":380,"major":0},"geometry":{"type":"LineString","coordinates":[[-122.225064,37.86161],[-122.224877,37.861065],[-122.224666,37.860901],[-122.224321,37.860945]]}},{"type":"Feature","properties":{"ele":400,"major":1},"geometry":{"type":"LineString","coordinates":[[-122.243722,37.903021],[-122.243296,37.902643],[-122.242935,37.901931],[-122.242951,37.901609]]}},{"type":"Feature","properties":{"ele":400,"major":1},"geometry":{"type":"LineString","coordinates":[[-122.244157,37.902748],[-122.244268,37.902476],[-122.24411,37.902204],[-122.243296,37.901642],[-122.242951,37.901609]]}},{"type":"Feature","properties":{"ele":400,"major":1},"geometry":{"type":"LineString","coordinates":[[-122.241918,37.900025],[-122.241571,37.900192],[-122.240379,37.899207],[-122.239365,37.898663],[-122.237285,37.898118],[-122.236462,37.897301],[-122.235016,37.896811],[-122.233981,37.895747],[-122.232256,37.895016],[-122.231221,37.894227]]}},{"type":"Feature","properties":{"ele":400,"major":1},"geometry":{"type":"LineString","coordinates":[[-122.241918,37.900025],[-122.241212,37.898935],[-122.240881,37.897958],[-122.239846,37.897101],[-122.239156,37.896121],[-122.237861,37.894849],[-122.236675,37.892398],[-122.236396,37.892241],[-122.235706,37.892201],[-122.235193,37.891853],[-122.234671,37.891733],[-122.23449,37.89158],[-122.234428,37.891036],[-122.233636,37.890615],[-122.232946,37.890507],[-122.232601,37.890645]]}},{"type":"Feature","properties":{"ele":400,"major":1},"geometry":{"type":"LineString","coordinates":[[-122.230709,37.894577],[-122.230531,37.894733],[-122.230186,37.894703],[-122.229841,37.894382],[-122.229496,37.894337],[-122.229151,37.894568],[-122.228116,37.894374],[-122.226391,37.892626],[-122.224666,37.891564],[-122.222941,37.89093],[-122.222615,37.890491],[-122.222642,37.889674],[-122.221611,37.889401],[-122.220955,37.888856],[-122.220303,37.888584],[-122.220197,37.888311],[-122.220309,37.887494],[-122.220181,37.887243],[-122.219836,37.887292]]}},{"type":"Feature","properties":{"ele":400,"major":1},"geometry":{"type":"LineString","coordinates":[[-122.230672,37.890491],[-122.230186,37.890509],[-122.229151,37.89018],[-122.228827,37.889946],[-122.229151,37.889745]]}},{"type":"Feature","properties":{"ele":400,"major":1},"geometry":{"type":"LineString","coordinates":[[-122.231472,37.888039],[-122.231538,37.887767],[-122.23058,37.886677],[-122.230531,37.886271]]}},{"type":"Feature","properties":{"ele":400,"major":1},"geometry":{"type":"LineString","coordinates":[[-122.219551,37.887494],[-122.219146,37.887666],[-122.218111,37.887401],[-122.217766,37.887459]]}},{"type":"Feature","properties":{"ele":400,"major":1},"geometry":{"type":"LineString","coordinates":[[-122.217646,37.887494],[-122.217076,37.887494],[-122.216918,37.886949],[-122.216041,37.886659],[-122.215663,37.886405],[-122.215477,37.886132],[-122.215696,37.885745]]}},{"type":"Feature","properties":{"ele":400,"major":1},"geometry":{"type":"LineString","coordinates":[[-122.230557,37.886132],[-122.230417,37.885587],[-122.23042,37.885315],[-122.230531,37.885266]]}},{"type":"Feature","properties":{"ele":400,"major":1},"geometry":{"type":"LineString","coordinates":[[-122.247041,37.885315],[-122.246746,37.885481],[-122.246401,37.885332],[-122.246401,37.885232]]}},{"type":"Feature","properties":{"ele":400,"major":1},"geometry":{"type":"LineString","coordinates":[[-122.233552,37.885315],[-122.232946,37.885585],[-122.231911,37.885156],[-122.231221,37.885033]]}},{"type":"Feature","properties":{"ele":400,"major":1},"geometry":{"type":"LineString","coordinates":[[-122.241291,37.885042],[-122.240881,37.885283],[-122.240536,37.885282],[-122.240191,37.885264],[-122.239501,37.884975]]}},{"type":"Feature","properties":{"ele":400,"major":1},"geometry":{"type":"LineString","coordinates":[[-122.21617,37.885315],[-122.216274,37.885042],[-122.215977,37.883953],[-122.215696,37.883789],[-122.214661,37.8837]]}},{"type":"Feature","properties":{"ele":400,"major":1},"geometry":{"type":"LineString","coordinates":[[-122.241291,37.885042],[-122.241324,37.88477],[-122.240893,37.883953],[-122.240881,37.883595]]}},{"type":"Feature","properties":{"ele":400,"major":1},"geometry":{"type":"LineString","coordinates":[[-122.246454,37.884498],[-122.246401,37.883946],[-122.246056,37.883773],[-122.245711,37.883869]]}},{"type":"Feature","properties":{"ele":400,"major":1},"geometry":{"type":"LineString","coordinates":[[-122.24128,37.882046],[-122.240881,37.882233],[-122.240536,37.882149],[-122.239881,37.881773],[-122.239501,37.881181],[-122.239156,37.881098]]}},{"type":"Feature","properties":{"ele":400,"major":1},"geometry":{"type":"LineString","coordinates":[[-122.23802,37.881501],[-122.237431,37.881772],[-122.236741,37.880855],[-122.235706,37.880624],[-122.235555,37.880138],[-122.235361,37.880008],[-122.234326,37.879997],[-122.23407,37.879321],[-122.233291,37.879243]]}},{"type":"Feature","properties":{"ele":400,"major":1},"geometry":{"type":"LineString","coordinates":[[-122.24368,37.881501],[-122.243755,37.881228],[-122.243641,37.880923],[-122.242951,37.880837],[-122.242606,37.88094]]}},{"type":"Feature","properties":{"ele":400,"major":1},"geometry":{"type":"LineString","coordinates":[[-122.232498,37.879594],[-122.232256,37.879765],[-122.231911,37.879628],[-122.231686,37.879321],[-122.231162,37.879049],[-122.231199,37.878231],[-122.231034,37.877959],[-122.230186,37.877102],[-122.229841,37.876994]]}},{"type":"Feature","properties":{"ele":400,"major":1},"geometry":{"type":"LineString","coordinates":[[-122.228488,37.876869],[-122.228402,37.876597],[-122.228105,37.876324],[-122.227771,37.876211],[-122.227081,37.876248],[-122.226646,37.875507],[-122.226736,37.875396]]}},{"type":"Feature","properties":{"ele":400,"major":1},"geometry":{"type":"LineString","coordinates":[[-122.216644,37.874417],[-122.216682,37.874144],[-122.216461,37.873599],[-122.215676,37.873054],[-122.215351,37.872386],[-122.214661,37.872116]]}},{"type":"Feature","properties":{"ele":400,"major":1},"geometry":{"type":"LineString","coordinates":[[-122.225701,37.873872],[-122.223976,37.87392],[-122.223286,37.874107],[-122.222941,37.874033],[-122.222596,37.873445],[-122.221906,37.873281],[-122.221498,37.87142],[-122.220181,37.871355]]}},{"type":"Feature","properties":{"ele":400,"major":1},"geometry":{"type":"LineString","coordinates":[[-122.230167,37.871692],[-122.230161,37.87142],[-122.229841,37.870998],[-122.229496,37.870881],[-122.229151,37.870965]]}},{"type":"Feature","properties":{"ele":400,"major":1},"geometry":{"type":"LineString","coordinates":[[-122.228827,37.87142],[-122.228461,37.871542],[-122.227771,37.871435],[-122.227426,37.871511]]}},{"type":"Feature","properties":{"ele":400,"major":1},"geometry":{"type":"LineString","coordinates":[[-122.219927,37.87142],[-122.219429,37.87142],[-122.219345,37.870602],[-122.219187,37.87033],[-122.217861,37.86924],[-122.217649,37.868967],[-122.217641,37.868422],[-122.216888,37.867877],[-122.216386,37.86707]]}},{"type":"Feature","properties":{"ele":400,"major":1},"geometry":{"type":"LineString","coordinates":[[-122.219373,37.86815],[-122.218189,37.86815],[-122.218154,37.867877],[-122.218456,37.867504]]}},{"type":"Feature","properties":{"ele":400,"major":1},"geometry":{"type":"LineString","coordinates":[[-122.215559,37.86815],[-122.215351,37.868307],[-122.215006,37.868282],[-122.214661,37.867841]]}},{"type":"Feature","properties":{"ele":400,"major":1},"geometry":{"type":"LineString","coordinates":[[-122.224657,37.86706],[-122.224321,37.867295],[-122.222941,37.86724],[-122.222286,37.86706],[-122.221561,37.866643],[-122.221216,37.866712]]}},{"type":"Feature","properties":{"ele":400,"major":1},"geometry":{"type":"LineString","coordinates":[[-122.224657,37.86706],[-122.224187,37.86597],[-122.223976,37.865794],[-122.223286,37.865771],[-122.222991,37.865152],[-122.222492,37.86488],[-122.22234,37.864335],[-122.222596,37.864075]]}},{"type":"Feature","properties":{"ele":400,"major":1},"geometry":{"type":"LineString","coordinates":[[-122.21965,37.86597],[-122.219612,37.865697],[-122.21886,37.865152],[-122.218167,37.864062],[-122.217932,37.862972],[-122.21562,37.86161],[-122.21542,37.861337],[-122.215433,37.861065],[-122.215696,37.860638]]}},{"type":"Feature","properties":{"ele":400,"major":1},"geometry":{"type":"LineString","coordinates":[[-122.220978,37.86379],[-122.220871,37.863916],[-122.220526,37.863953],[-122.219836,37.863348],[-122.219491,37.862866],[-122.218456,37.862438],[-122.217484,37.86161],[-122.217221,37.861065],[-122.216468,37.860247],[-122.2165,37.85943],[-122.216152,37.859157],[-122.215446,37.858884],[-122.214661,37.858251]]}},{"type":"Feature","properties":{"ele":400,"major":1},"geometry":{"type":"LineString","coordinates":[[-122.223377,37.86379],[-122.223131,37.8627],[-122.2229,37.862427],[-122.222251,37.862318]]}},{"type":"Feature","properties":{"ele":420,"major":0},"geometry":{"type":"LineString","coordinates":[[-122.240316,37.89839],[-122.240191,37.898536],[-122.23767,37.897846],[-122.236396,37.896851],[-122.235016,37.896371],[-122.234394,37.895666],[-122.233291,37.894998],[-122.232256,37.89466],[-122.231566,37.893903],[-122.231221,37.893798],[-122.230876,37.893982]]}},{"type":"Feature","properties":{"ele":420,"major":0},"geometry":{"type":"LineString","coordinates":[[-122.240316,37.89839],[-122.240221,37.898118],[-122.238359,37.895939],[-122.237431,37.895285],[-122.236784,37.894304],[-122.23637,37.894032],[-122.23615,37.893215],[-122.23591,37.892942],[-122.235361,37.892629],[-122.235016,37.892262],[-122.233981,37.891924],[-122.233981,37.891535]]}},{"type":"Feature","properties":{"ele":420,"major":0},"geometry":{"type":"LineString","coordinates":[[-122.230775,37.894032],[-122.230531,37.894163],[-122.229841,37.893886],[-122.229496,37.893879]]}},{"type":"Feature","properties":{"ele":420,"major":0},"geometry":{"type":"LineString","coordinates":[[-122.22925,37.894032],[-122.228806,37.894094],[-122.228116,37.893957],[-122.226904,37.89267],[-122.226145,37.892125],[-122.224666,37.891177],[-122.223245,37.890763],[-122.222965,37.890491],[-122.223088,37.889674],[-122.222941,37.889395],[-122.221967,37.889129],[-122.221561,37.888757],[-122.220554,37.888311],[-122.220759,37.887494],[-122.220673,37.887222],[-122.220181,37.886848],[-122.219836,37.886923]]}},{"type":"Feature","properties":{"ele":420,"major":0},"geometry":{"type":"LineString","coordinates":[[-122.232618,37.891036],[-122.232256,37.891231],[-122.231911,37.891237],[-122.231221,37.890838],[-122.230531,37.890994]]}},{"type":"Feature","properties":{"ele":420,"major":0},"geometry":{"type":"LineString","coordinates":[[-122.230435,37.891036],[-122.230186,37.891157],[-122.229496,37.890689],[-122.228461,37.890761],[-122.227518,37.889946],[-122.227771,37.889857]]}},{"type":"Feature","properties":{"ele":420,"major":0},"geometry":{"type":"LineString","coordinates":[[-122.230622,37.887767],[-122.230327,37.887222],[-122.22958,37.886677],[-122.22898,37.885587],[-122.22888,37.885315],[-122.229151,37.884719]]}},{"type":"Feature","properties":{"ele":420,"major":0},"geometry":{"type":"LineString","coordinates":[[-122.219259,37.887222],[-122.218801,37.887253],[-122.217421,37.88695],[-122.217076,37.886478],[-122.21665,37.886405],[-122.216225,37.886132],[-122.216386,37.885814]]}},{"type":"Feature","properties":{"ele":420,"major":0},"geometry":{"type":"LineString","coordinates":[[-122.216783,37.885587],[-122.217056,37.885315],[-122.217049,37.885042],[-122.216386,37.883382],[-122.215351,37.883388],[-122.214661,37.883084]]}},{"type":"Feature","properties":{"ele":420,"major":0},"geometry":{"type":"LineString","coordinates":[[-122.240818,37.88477],[-122.240536,37.884908],[-122.240191,37.884895],[-122.239501,37.884644],[-122.239156,37.884674],[-122.238832,37.884498],[-122.238466,37.883928],[-122.238121,37.883848]]}},{"type":"Feature","properties":{"ele":420,"major":0},"geometry":{"type":"LineString","coordinates":[[-122.240818,37.88477],[-122.240286,37.88368],[-122.240371,37.882863],[-122.239501,37.88235],[-122.238835,37.881773],[-122.238466,37.881732]]}},{"type":"Feature","properties":{"ele":420,"major":0},"geometry":{"type":"LineString","coordinates":[[-122.231173,37.884498],[-122.230531,37.884703],[-122.229496,37.884516],[-122.229151,37.884719]]}},{"type":"Feature","properties":{"ele":420,"major":0},"geometry":{"type":"LineString","coordinates":[[-122.242807,37.882318],[-122.242606,37.882491],[-122.242261,37.882487],[-122.241996,37.882318],[-122.242084,37.882046],[-122.242261,37.881938]]}},{"type":"Feature","properties":{"ele":420,"major":0},"geometry":{"type":"LineString","coordinates":[[-122.237686,37.882046],[-122.237086,37.882153],[-122.236396,37.881139],[-122.235361,37.881061],[-122.235016,37.880336],[-122.233981,37.880386],[-122.233769,37.879594],[-122.233291,37.879521]]}},{"type":"Feature","properties":{"ele":420,"major":0},"geometry":{"type":"LineString","coordinates":[[-122.232217,37.880138],[-122.231911,37.880162],[-122.231566,37.879607],[-122.230827,37.879321],[-122.2307,37.879049],[-122.230823,37.878231],[-122.229841,37.87739]]}},{"type":"Feature","properties":{"ele":420,"major":0},"geometry":{"type":"LineString","coordinates":[[-122.228976,37.877686],[-122.228461,37.877895],[-122.228116,37.87786],[-122.228008,37.877686],[-122.228116,37.877217]]}},{"type":"Feature","properties":{"ele":420,"major":0},"geometry":{"type":"LineString","coordinates":[[-122.228142,37.877142],[-122.228185,37.876869],[-122.227999,37.876597],[-122.227771,37.876481],[-122.227426,37.876579]]}},{"type":"Feature","properties":{"ele":420,"major":0},"geometry":{"type":"LineString","coordinates":[[-122.227382,37.876597],[-122.227081,37.876722],[-122.226865,37.876597],[-122.22661,37.876052],[-122.225969,37.875507],[-122.226046,37.875432]]}},{"type":"Feature","properties":{"ele":420,"major":0},"geometry":{"type":"LineString","coordinates":[[-122.216571,37.876597],[-122.216386,37.876767],[-122.215696,37.87649],[-122.215351,37.876485]]}},{"type":"Feature","properties":{"ele":420,"major":0},"geometry":{"type":"LineString","coordinates":[[-122.216571,37.876597],[-122.215494,37.875507],[-122.215528,37.875234],[-122.215696,37.875121]]}},{"type":"Feature","properties":{"ele":420,"major":0},"geometry":{"type":"LineString","coordinates":[[-122.217557,37.874962],[-122.217076,37.87506],[-122.216041,37.875006],[-122.215696,37.875121]]}},{"type":"Feature","properties":{"ele":420,"major":0},"geometry":{"type":"LineString","coordinates":[[-122.226622,37.874962],[-122.226569,37.874144],[-122.226391,37.874017],[-122.226046,37.874058]]}},{"type":"Feature","properties":{"ele":420,"major":0},"geometry":{"type":"LineString","coordinates":[[-122.217557,37.874962],[-122.217641,37.874689],[-122.217528,37.874417],[-122.216731,37.873359],[-122.215932,37.872782],[-122.215766,37.872237],[-122.214661,37.871788]]}},{"type":"Feature","properties":{"ele":420,"major":0},"geometry":{"type":"LineString","coordinates":[[-122.223217,37.874417],[-122.222596,37.874434],[-122.222436,37.873872],[-122.221561,37.873509],[-122.221432,37.873327],[-122.221298,37.871965],[-122.221157,37.871692],[-122.220181,37.871615]]}},{"type":"Feature","properties":{"ele":420,"major":0},"geometry":{"type":"LineString","coordinates":[[-122.21998,37.871692],[-122.219491,37.871839],[-122.219086,37.871692],[-122.218948,37.87142],[-122.218951,37.870602],[-122.218724,37.87033],[-122.217421,37.869483],[-122.216386,37.868484],[-122.216041,37.868557]]}},{"type":"Feature","properties":{"ele":420,"major":0},"geometry":{"type":"LineString","coordinates":[[-122.219665,37.867332],[-122.219491,37.867488],[-122.219346,37.867332],[-122.219491,37.866987]]}},{"type":"Feature","properties":{"ele":420,"major":0},"geometry":{"type":"LineString","coordinates":[[-122.223563,37.866787],[-122.222941,37.866942],[-122.221561,37.866323],[-122.220871,37.866402]]}},{"type":"Feature","properties":{"ele":420,"major":0},"geometry":{"type":"LineString","coordinates":[[-122.223563,37.866787],[-122.223627,37.866515],[-122.222941,37.866133],[-122.222718,37.865425],[-122.221973,37.86488],[-122.222016,37.864062],[-122.222251,37.863892]]}},{"type":"Feature","properties":{"ele":420,"major":0},"geometry":{"type":"LineString","coordinates":[[-122.220191,37.866242],[-122.220325,37.865697],[-122.21912,37.86488],[-122.218384,37.86379],[-122.218456,37.863229]]}},{"type":"Feature","properties":{"ele":420,"major":0},"geometry":{"type":"LineString","coordinates":[[-122.220984,37.864335],[-122.220526,37.864361],[-122.218801,37.863082],[-122.218456,37.863229]]}},{"type":"Feature","properties":{"ele":420,"major":0},"geometry":{"type":"LineString","coordinates":[[-122.222998,37.863517],[-122.222941,37.863159],[-122.222626,37.8627],[-122.222251,37.862681]]}},{"type":"Feature","properties":{"ele":420,"major":0},"geometry":{"type":"LineString","coordinates":[[-122.217153,37.861882],[-122.217076,37.862034],[-122.216731,37.861948],[-122.216041,37.861496],[-122.215898,37.861337],[-122.216041,37.860866]]}},{"type":"Feature","properties":{"ele":420,"major":0},"geometry":{"type":"LineString","coordinates":[[-122.217153,37.861882],[-122.216731,37.861118],[-122.216386,37.860822],[-122.216041,37.860866]]}},{"type":"Feature","properties":{"ele":440,"major":0},"geometry":{"type":"LineString","coordinates":[[-122.237859,37.896484],[-122.237776,37.896629],[-122.237431,37.896725],[-122.236887,37.896211],[-122.235016,37.895796],[-122.233291,37.894667],[-122.232601,37.894491],[-122.232321,37.894304],[-122.231911,37.893732],[-122.231221,37.89344]]}},{"type":"Feature","properties":{"ele":440,"major":0},"geometry":{"type":"LineString","coordinates":[[-122.237859,37.896484],[-122.237776,37.896197],[-122.237086,37.89607],[-122.236693,37.895122],[-122.235889,37.894304],[-122.235329,37.893215],[-122.234326,37.892456],[-122.233636,37.892328],[-122.233472,37.892125],[-122.233422,37.891308],[-122.232946,37.891209]]}},{"type":"Feature","properties":{"ele":440,"major":0},"geometry":{"type":"LineString","coordinates":[[-122.230543,37.89376],[-122.229841,37.893508],[-122.228806,37.893697],[-122.228116,37.89357],[-122.226736,37.892202],[-122.224321,37.890582],[-122.223631,37.890426],[-122.223433,37.890218],[-122.223328,37.889401],[-122.222941,37.888964],[-122.222251,37.888866],[-122.220993,37.888039],[-122.22116,37.887494],[-122.221106,37.887222],[-122.220526,37.886444],[-122.219836,37.886621]]}},{"type":"Feature","properties":{"ele":440,"major":0},"geometry":{"type":"LineString","coordinates":[[-122.232238,37.89158],[-122.231911,37.8917],[-122.231221,37.891253],[-122.230876,37.891234]]}},{"type":"Feature","properties":{"ele":440,"major":0},"geometry":{"type":"LineString","coordinates":[[-122.230279,37.89158],[-122.229841,37.891544],[-122.229496,37.891104],[-122.228806,37.891134]]}},{"type":"Feature","properties":{"ele":440,"major":0},"geometry":{"type":"LineString","coordinates":[[-122.228547,37.891308],[-122.228116,37.891578],[-122.227771,37.891446],[-122.227657,37.890763],[-122.226932,37.890218],[-122.226584,37.889401],[-122.226736,37.889326]]}},{"type":"Feature","properties":{"ele":440,"major":0},"geometry":{"type":"LineString","coordinates":[[-122.228237,37.889401],[-122.228411,37.889129],[-122.228223,37.888584],[-122.228258,37.888311],[-122.228461,37.888249]]}},{"type":"Feature","properties":{"ele":440,"major":0},"geometry":{"type":"LineString","coordinates":[[-122.229315,37.887767],[-122.229409,37.887494],[-122.228586,37.886677],[-122.228444,37.88586],[-122.227761,37.885315],[-122.227671,37.885042],[-122.227771,37.884812]]}},{"type":"Feature","properties":{"ele":440,"major":0},"geometry":{"type":"LineString","coordinates":[[-122.219684,37.886677],[-122.218801,37.886901],[-122.217766,37.886577],[-122.217328,37.886132],[-122.217227,37.88586],[-122.217421,37.885709]]}},{"type":"Feature","properties":{"ele":440,"major":0},"geometry":{"type":"LineString","coordinates":[[-122.217906,37.885315],[-122.21749,37.88477],[-122.217268,37.883953],[-122.216892,37.883408],[-122.21687,37.882863],[-122.216731,37.882738],[-122.216386,37.882729]]}},{"type":"Feature","properties":{"ele":440,"major":0},"geometry":{"type":"LineString","coordinates":[[-122.239853,37.884225],[-122.239156,37.884229],[-122.238811,37.883764],[-122.238466,37.883547],[-122.237776,37.88352]]}},{"type":"Feature","properties":{"ele":440,"major":0},"geometry":{"type":"LineString","coordinates":[[-122.233116,37.884225],[-122.232946,37.884407],[-122.232601,37.884348],[-122.231911,37.883592],[-122.231566,37.883584],[-122.230611,37.883135],[-122.230186,37.883106]]}},{"type":"Feature","properties":{"ele":440,"major":0},"geometry":{"type":"LineString","coordinates":[[-122.239853,37.884225],[-122.239766,37.88368],[-122.239358,37.882863],[-122.238811,37.882363],[-122.238466,37.882199],[-122.238121,37.882243]]}},{"type":"Feature","properties":{"ele":440,"major":0},"geometry":{"type":"LineString","coordinates":[[-122.237156,37.883953],[-122.236396,37.884177],[-122.236051,37.884113],[-122.235706,37.88372],[-122.235361,37.883631]]}},{"type":"Feature","properties":{"ele":440,"major":0},"geometry":{"type":"LineString","coordinates":[[-122.234757,37.883953],[-122.234326,37.884045],[-122.233981,37.88387],[-122.233636,37.883891]]}},{"type":"Feature","properties":{"ele":440,"major":0},"geometry":{"type":"LineString","coordinates":[[-122.21617,37.882863],[-122.215696,37.883063],[-122.215006,37.882728],[-122.214661,37.882732]]}},{"type":"Feature","properties":{"ele":440,"major":0},"geometry":{"type":"LineString","coordinates":[[-122.237845,37.882318],[-122.237086,37.882522],[-122.236741,37.882455],[-122.236396,37.88164],[-122.236051,37.881441],[-122.235361,37.881432],[-122.235016,37.881245],[-122.234671,37.880669]]}},{"type":"Feature","properties":{"ele":440,"major":0},"geometry":{"type":"LineString","coordinates":[[-122.234386,37.880683],[-122.233763,37.880683],[-122.233412,37.879866],[-122.233291,37.879822]]}},{"type":"Feature","properties":{"ele":440,"major":0},"geometry":{"type":"LineString","coordinates":[[-122.232311,37.880411],[-122.231911,37.880538],[-122.231566,37.8803],[-122.23134,37.879866],[-122.230531,37.879479],[-122.230346,37.879049],[-122.230419,37.878504],[-122.230186,37.87809],[-122.229841,37.877834],[-122.229496,37.877777],[-122.229151,37.877891]]}},{"type":"Feature","properties":{"ele":440,"major":0},"geometry":{"type":"LineString","coordinates":[[-122.228023,37.878231],[-122.227705,37.878231],[-122.227564,37.877959],[-122.227771,37.877423]]}},{"type":"Feature","properties":{"ele":440,"major":0},"geometry":{"type":"LineString","coordinates":[[-122.227774,37.877414],[-122.227771,37.876969],[-122.226736,37.877028],[-122.226427,37.876869],[-122.226391,37.876262],[-122.225477,37.875779],[-122.225481,37.875507],[-122.225701,37.875268]]}},{"type":"Feature","properties":{"ele":440,"major":0},"geometry":{"type":"LineString","coordinates":[[-122.218188,37.877414],[-122.218237,37.877142],[-122.217791,37.876597],[-122.217076,37.876311],[-122.216114,37.875507],[-122.216386,37.875382]]}},{"type":"Feature","properties":{"ele":440,"major":0},"geometry":{"type":"LineString","coordinates":[[-122.218585,37.875234],[-122.218579,37.874962],[-122.21777,37.873872],[-122.216362,37.872782],[-122.216031,37.871965],[-122.215095,37.871692],[-122.214661,37.87136]]}},{"type":"Feature","properties":{"ele":440,"major":0},"geometry":{"type":"LineString","coordinates":[[-122.223461,37.874689],[-122.222596,37.874852],[-122.222251,37.874743],[-122.221906,37.873935],[-122.221163,37.873599],[-122.220888,37.87251],[-122.220887,37.871965],[-122.220181,37.871896]]}},{"type":"Feature","properties":{"ele":440,"major":0},"geometry":{"type":"LineString","coordinates":[[-122.220012,37.871965],[-122.219491,37.872164],[-122.219146,37.872119],[-122.21858,37.871692],[-122.218467,37.87142],[-122.218621,37.870875],[-122.218522,37.870602],[-122.216386,37.869137],[-122.215696,37.869237],[-122.215351,37.869011],[-122.214661,37.86905]]}},{"type":"Feature","properties":{"ele":440,"major":0},"geometry":{"type":"LineString","coordinates":[[-122.222311,37.86597],[-122.221906,37.866097],[-122.221216,37.865934],[-122.220526,37.865347],[-122.219491,37.864779],[-122.21916,37.864335],[-122.219146,37.864033]]}},{"type":"Feature","properties":{"ele":440,"major":0},"geometry":{"type":"LineString","coordinates":[[-122.222311,37.86597],[-122.222329,37.865697],[-122.221216,37.864718],[-122.220526,37.864709],[-122.219146,37.864033]]}},{"type":"Feature","properties":{"ele":460,"major":0},"geometry":{"type":"LineString","coordinates":[[-122.236122,37.895394],[-122.235706,37.895586],[-122.235361,37.895565],[-122.233636,37.894559],[-122.232601,37.894118],[-122.231911,37.893367],[-122.231221,37.893154]]}},{"type":"Feature","properties":{"ele":460,"major":0},"geometry":{"type":"LineString","coordinates":[[-122.236122,37.895394],[-122.236131,37.895122],[-122.235387,37.894304],[-122.235016,37.89344],[-122.234671,37.893196],[-122.233981,37.893067],[-122.232946,37.892438],[-122.232946,37.891878]]}},{"type":"Feature","properties":{"ele":460,"major":0},"geometry":{"type":"LineString","coordinates":[[-122.230961,37.893215],[-122.230531,37.893369],[-122.229841,37.893228],[-122.228461,37.893393],[-122.228116,37.893227],[-122.227608,37.89267],[-122.22731,37.892125],[-122.227426,37.892015]]}},{"type":"Feature","properties":{"ele":460,"major":0},"geometry":{"type":"LineString","coordinates":[[-122.230578,37.891853],[-122.229841,37.891986],[-122.229493,37.891853],[-122.229151,37.891506]]}},{"type":"Feature","properties":{"ele":460,"major":0},"geometry":{"type":"LineString","coordinates":[[-122.227053,37.89158],[-122.226736,37.891803],[-122.226046,37.891516],[-122.224666,37.890377],[-122.223797,37.889946],[-122.223286,37.888827],[-122.222941,37.888623],[-122.22246,37.888584],[-122.221475,37.888039],[-122.221407,37.887767],[-122.22156,37.887222],[-122.221216,37.886871],[-122.220871,37.886116],[-122.220526,37.886012]]}},{"type":"Feature","properties":{"ele":460,"major":0},"geometry":{"type":"LineString","coordinates":[[-122.227053,37.89158],[-122.226956,37.891036],[-122.22649,37.890491],[-122.22631,37.889946],[-122.225512,37.888856],[-122.225701,37.888785]]}},{"type":"Feature","properties":{"ele":460,"major":0},"geometry":{"type":"LineString","coordinates":[[-122.226797,37.888856],[-122.227026,37.888584],[-122.226955,37.888039],[-122.227081,37.887712]]}},{"type":"Feature","properties":{"ele":460,"major":0},"geometry":{"type":"LineString","coordinates":[[-122.22863,37.887494],[-122.228116,37.886847],[-122.228019,37.886132],[-122.227842,37.88586],[-122.227091,37.885315],[-122.226942,37.885042],[-122.227081,37.884463]]}},{"type":"Feature","properties":{"ele":460,"major":0},"geometry":{"type":"LineString","coordinates":[[-122.219671,37.886405],[-122.219146,37.886563],[-122.218456,37.886509],[-122.217945,37.886132],[-122.218111,37.885835]]}},{"type":"Feature","properties":{"ele":460,"major":0},"geometry":{"type":"LineString","coordinates":[[-122.218478,37.885587],[-122.218618,37.885315],[-122.217993,37.88477],[-122.218111,37.88423]]}},{"type":"Feature","properties":{"ele":460,"major":0},"geometry":{"type":"LineString","coordinates":[[-122.227243,37.884225],[-122.227287,37.88368],[-122.227025,37.883408],[-122.226972,37.882863],[-122.226756,37.88259],[-122.227081,37.882455]]}},{"type":"Feature","properties":{"ele":460,"major":0},"geometry":{"type":"LineString","coordinates":[[-122.218113,37.884225],[-122.218038,37.883953],[-122.217368,37.883408],[-122.217421,37.883168]]}},{"type":"Feature","properties":{"ele":460,"major":0},"geometry":{"type":"LineString","coordinates":[[-122.236891,37.88368],[-122.236396,37.883769],[-122.235706,37.883285],[-122.235016,37.883385]]}},{"type":"Feature","properties":{"ele":460,"major":0},"geometry":{"type":"LineString","coordinates":[[-122.233106,37.88368],[-122.232946,37.883745],[-122.232601,37.883572],[-122.232256,37.883159],[-122.230531,37.882707],[-122.229151,37.882499]]}},{"type":"Feature","properties":{"ele":460,"major":0},"geometry":{"type":"LineString","coordinates":[[-122.2372,37.883408],[-122.23734,37.883135],[-122.236396,37.882778],[-122.236051,37.881844],[-122.235016,37.88168],[-122.234326,37.880996],[-122.233636,37.881023],[-122.233192,37.880411],[-122.232946,37.880306]]}},{"type":"Feature","properties":{"ele":460,"major":0},"geometry":{"type":"LineString","coordinates":[[-122.217428,37.883135],[-122.217495,37.882863],[-122.217076,37.882416],[-122.216731,37.882257],[-122.216386,37.882267]]}},{"type":"Feature","properties":{"ele":460,"major":0},"geometry":{"type":"LineString","coordinates":[[-122.21626,37.882318],[-122.215696,37.882585],[-122.215351,37.882385],[-122.214661,37.882418]]}},{"type":"Feature","properties":{"ele":460,"major":0},"geometry":{"type":"LineString","coordinates":[[-122.232425,37.880683],[-122.231911,37.880885],[-122.231221,37.880492],[-122.230876,37.880021],[-122.230195,37.879594],[-122.229995,37.879049],[-122.229996,37.878504],[-122.229841,37.878269],[-122.229496,37.878127],[-122.229151,37.878196]]}},{"type":"Feature","properties":{"ele":460,"major":0},"geometry":{"type":"LineString","coordinates":[[-122.219022,37.878231],[-122.218801,37.878407],[-122.218456,37.878443],[-122.217421,37.878114],[-122.216041,37.87794]]}},{"type":"Feature","properties":{"ele":460,"major":0},"geometry":{"type":"LineString","coordinates":[[-122.227176,37.877959],[-122.227294,37.877414],[-122.226046,37.877206],[-122.225936,37.876869],[-122.226046,37.876645]]}},{"type":"Feature","properties":{"ele":460,"major":0},"geometry":{"type":"LineString","coordinates":[[-122.219244,37.877142],[-122.218294,37.876324],[-122.218164,37.876052],[-122.218456,37.875786]]}},{"type":"Feature","properties":{"ele":460,"major":0},"geometry":{"type":"LineString","coordinates":[[-122.226066,37.876597],[-122.226022,37.876324],[-122.225701,37.876157],[-122.225011,37.876101],[-122.225011,37.87569]]}},{"type":"Feature","properties":{"ele":460,"major":0},"geometry":{"type":"LineString","coordinates":[[-122.219535,37.875507],[-122.219635,37.875234],[-122.218682,37.874417],[-122.218344,37.873872],[-122.216573,37.87251],[-122.216386,37.871615],[-122.215351,37.871429],[-122.214661,37.870964]]}},{"type":"Feature","properties":{"ele":460,"major":0},"geometry":{"type":"LineString","coordinates":[[-122.223763,37.874962],[-122.222251,37.875226],[-122.221975,37.874962],[-122.221617,37.874144],[-122.220871,37.873824],[-122.220718,37.873599],[-122.220444,37.87251],[-122.220181,37.872268],[-122.219146,37.872478],[-122.218801,37.872289],[-122.218045,37.871692],[-122.217972,37.87142],[-122.218111,37.871063]]}},{"type":"Feature","properties":{"ele":460,"major":0},"geometry":{"type":"LineString","coordinates":[[-122.216207,37.869785],[-122.216041,37.869914],[-122.215696,37.869891],[-122.215006,37.869362],[-122.214661,37.869382]]}},{"type":"Feature","properties":{"ele":480,"major":0},"geometry":{"type":"LineString","coordinates":[[-122.235099,37.894849],[-122.234671,37.894848],[-122.232946,37.89398],[-122.231911,37.892954],[-122.231221,37.892832],[-122.230186,37.89291]]}},{"type":"Feature","properties":{"ele":480,"major":0},"geometry":{"type":"LineString","coordinates":[[-122.235099,37.894849],[-122.234671,37.893699],[-122.233699,37.893487],[-122.23306,37.892942],[-122.232256,37.892723],[-122.231221,37.892236],[-122.230876,37.892209],[-122.230531,37.892393],[-122.229151,37.892276],[-122.228461,37.892377]]}},{"type":"Feature","properties":{"ele":480,"major":0},"geometry":{"type":"LineString","coordinates":[[-122.22999,37.892942],[-122.228461,37.893076],[-122.22805,37.89267],[-122.228116,37.892412]]}},{"type":"Feature","properties":{"ele":480,"major":0},"geometry":{"type":"LineString","coordinates":[[-122.226229,37.891036],[-122.226046,37.891113],[-122.224156,37.889674],[-122.223286,37.888349],[-122.222941,37.888292]]}},{"type":"Feature","properties":{"ele":480,"major":0},"geometry":{"type":"LineString","coordinates":[[-122.226229,37.891036],[-122.225709,37.889674],[-122.224792,37.889129],[-122.224594,37.888856],[-122.224666,37.888692]]}},{"type":"Feature","properties":{"ele":480,"major":0},"geometry":{"type":"LineString","coordinates":[[-122.226395,37.888311],[-122.226046,37.888388],[-122.225701,37.888195],[-122.225356,37.888177]]}},{"type":"Feature","properties":{"ele":480,"major":0},"geometry":{"type":"LineString","coordinates":[[-122.222666,37.888311],[-122.222063,37.888039],[-122.221809,37.887767],[-122.221906,37.887268]]}},{"type":"Feature","properties":{"ele":480,"major":0},"geometry":{"type":"LineString","coordinates":[[-122.221918,37.887222],[-122.221871,37.886949],[-122.220871,37.885706],[-122.220526,37.885668],[-122.220181,37.885841]]}},{"type":"Feature","properties":{"ele":480,"major":0},"geometry":{"type":"LineString","coordinates":[[-122.227617,37.886949],[-122.227679,37.886677],[-122.227542,37.886132],[-122.226578,37.885315],[-122.226472,37.885042],[-122.22646,37.883953],[-122.225701,37.882776],[-122.224965,37.882046],[-122.225011,37.881967]]}},{"type":"Feature","properties":{"ele":480,"major":0},"geometry":{"type":"LineString","coordinates":[[-122.219656,37.886132],[-122.218801,37.886205],[-122.218666,37.886132],[-122.218801,37.88583]]}},{"type":"Feature","properties":{"ele":480,"major":0},"geometry":{"type":"LineString","coordinates":[[-122.219246,37.885315],[-122.219199,37.885042],[-122.218641,37.88477],[-122.21854,37.884498],[-122.218759,37.883953],[-122.217858,37.883408],[-122.217988,37.882863],[-122.217905,37.88259],[-122.217076,37.881887],[-122.216386,37.881828],[-122.216041,37.881946]]}},{"type":"Feature","properties":{"ele":480,"major":0},"geometry":{"type":"LineString","coordinates":[[-122.234754,37.883135],[-122.232946,37.883052],[-122.231911,37.882539],[-122.230186,37.882357],[-122.229151,37.882015],[-122.228806,37.88202]]}},{"type":"Feature","properties":{"ele":480,"major":0},"geometry":{"type":"LineString","coordinates":[[-122.235723,37.88259],[-122.235706,37.882258],[-122.235016,37.882073],[-122.234326,37.881408],[-122.233397,37.881228],[-122.232946,37.880788],[-122.232601,37.880934]]}},{"type":"Feature","properties":{"ele":480,"major":0},"geometry":{"type":"LineString","coordinates":[[-122.228497,37.882318],[-122.228116,37.882375],[-122.227771,37.882272],[-122.226046,37.880931]]}},{"type":"Feature","properties":{"ele":480,"major":0},"geometry":{"type":"LineString","coordinates":[[-122.232574,37.880956],[-122.232256,37.881172],[-122.231911,37.88121],[-122.230888,37.880683],[-122.230531,37.88026],[-122.22961,37.879594],[-122.229583,37.878776],[-122.229496,37.878621],[-122.229151,37.878607]]}},{"type":"Feature","properties":{"ele":480,"major":0},"geometry":{"type":"LineString","coordinates":[[-122.220152,37.879049],[-122.218801,37.879019],[-122.217421,37.87853],[-122.216386,37.878442]]}},{"type":"Feature","properties":{"ele":480,"major":0},"geometry":{"type":"LineString","coordinates":[[-122.228808,37.878776],[-122.228461,37.878892],[-122.227426,37.878857],[-122.226736,37.879031],[-122.226391,37.878866],[-122.226179,37.878504],[-122.226391,37.878217]]}},{"type":"Feature","properties":{"ele":480,"major":0},"geometry":{"type":"LineString","coordinates":[[-122.220296,37.878776],[-122.220306,37.878504],[-122.219966,37.877686],[-122.219894,37.876869],[-122.219108,37.876324],[-122.219146,37.87624]]}},{"type":"Feature","properties":{"ele":480,"major":0},"geometry":{"type":"LineString","coordinates":[[-122.226711,37.877959],[-122.226513,37.877686],[-122.226046,37.877671],[-122.225525,37.877414],[-122.225409,37.877142],[-122.225552,37.876597],[-122.224666,37.876381],[-122.224556,37.876052],[-122.224666,37.875746]]}},{"type":"Feature","properties":{"ele":480,"major":0},"geometry":{"type":"LineString","coordinates":[[-122.222596,37.875507],[-122.221906,37.875651],[-122.221575,37.875507],[-122.221507,37.874689],[-122.221216,37.874312],[-122.22049,37.873872],[-122.220181,37.872814],[-122.219836,37.872668],[-122.219146,37.87272],[-122.218801,37.872604],[-122.217955,37.871965],[-122.21754,37.87142],[-122.217766,37.870912]]}},{"type":"Feature","properties":{"ele":480,"major":0},"geometry":{"type":"LineString","coordinates":[[-122.220586,37.875779],[-122.220611,37.875507],[-122.219244,37.874417],[-122.218627,37.873599],[-122.217031,37.87251],[-122.216867,37.872237],[-122.216969,37.87142],[-122.216756,37.870875],[-122.216797,37.870602],[-122.217076,37.870467]]}},{"type":"Feature","properties":{"ele":480,"major":0},"geometry":{"type":"LineString","coordinates":[[-122.224778,37.875507],[-122.224849,37.875234],[-122.224666,37.875065],[-122.223976,37.87517]]}},{"type":"Feature","properties":{"ele":480,"major":0},"geometry":{"type":"LineString","coordinates":[[-122.215476,37.870875],[-122.215677,37.870602],[-122.215552,37.87033],[-122.214661,37.869702]]}},{"type":"Feature","properties":{"ele":500,"major":1},"geometry":{"type":"LineString","coordinates":[[-122.223997,37.888311],[-122.223286,37.887953],[-122.222596,37.887958],[-122.222324,37.887767],[-122.222187,37.887494],[-122.222237,37.886949],[-122.222125,37.886677],[-122.221561,37.886208],[-122.220871,37.885305]]}},{"type":"Feature","properties":{"ele":500,"major":1},"geometry":{"type":"LineString","coordinates":[[-122.226516,37.88586],[-122.226049,37.885315],[-122.225582,37.88368],[-122.225328,37.883408],[-122.223953,37.88259],[-122.223372,37.882046],[-122.222471,37.880956],[-122.222471,37.880683],[-122.222596,37.880591]]}},{"type":"Feature","properties":{"ele":500,"major":1},"geometry":{"type":"LineString","coordinates":[[-122.220032,37.885587],[-122.219836,37.885679],[-122.219617,37.885587],[-122.219716,37.885042],[-122.21962,37.88477],[-122.219142,37.884498],[-122.219146,37.884196]]}},{"type":"Feature","properties":{"ele":500,"major":1},"geometry":{"type":"LineString","coordinates":[[-122.219211,37.883953],[-122.219071,37.88368],[-122.218456,37.883353],[-122.218317,37.883135],[-122.218429,37.882318],[-122.217975,37.882046],[-122.217442,37.881228],[-122.216978,37.880956],[-122.21686,37.879321],[-122.216918,37.879049],[-122.217076,37.878959]]}},{"type":"Feature","properties":{"ele":500,"major":1},"geometry":{"type":"LineString","coordinates":[[-122.234932,37.88259],[-122.234671,37.882787],[-122.234326,37.882773],[-122.233291,37.88265],[-122.232601,37.882412],[-122.232019,37.882046],[-122.231938,37.881773],[-122.232256,37.881554]]}},{"type":"Feature","properties":{"ele":500,"major":1},"geometry":{"type":"LineString","coordinates":[[-122.234932,37.88259],[-122.233981,37.881613],[-122.232946,37.881346],[-122.232601,37.88139]]}},{"type":"Feature","properties":{"ele":500,"major":1},"geometry":{"type":"LineString","coordinates":[[-122.230941,37.882046],[-122.230186,37.882077],[-122.228806,37.881616],[-122.228461,37.881632]]}},{"type":"Feature","properties":{"ele":500,"major":1},"geometry":{"type":"LineString","coordinates":[[-122.230941,37.882046],[-122.231154,37.881773],[-122.231183,37.881501],[-122.230478,37.880956],[-122.230086,37.880411],[-122.229245,37.880138],[-122.228944,37.879321],[-122.227771,37.879176],[-122.227426,37.879294]]}},{"type":"Feature","properties":{"ele":500,"major":1},"geometry":{"type":"LineString","coordinates":[[-122.228256,37.881773],[-122.228116,37.881937],[-122.22771,37.881773],[-122.227516,37.881228],[-122.226736,37.880166],[-122.225356,37.880064]]}},{"type":"Feature","properties":{"ele":500,"major":1},"geometry":{"type":"LineString","coordinates":[[-122.223982,37.881501],[-122.223631,37.8815],[-122.223299,37.881228],[-122.222941,37.880653],[-122.222596,37.880591]]}},{"type":"Feature","properties":{"ele":500,"major":1},"geometry":{"type":"LineString","coordinates":[[-122.227387,37.879321],[-122.227081,37.879585],[-122.226391,37.879397],[-122.225356,37.878163],[-122.224616,37.877686],[-122.224529,37.877414],[-122.224655,37.877142],[-122.224294,37.876597],[-122.224248,37.875779],[-122.223976,37.875517],[-122.222941,37.875722]]}},{"type":"Feature","properties":{"ele":500,"major":1},"geometry":{"type":"LineString","coordinates":[[-122.221323,37.879594],[-122.221266,37.878504],[-122.220764,37.877959],[-122.220514,37.877414],[-122.220429,37.876869],[-122.220526,37.876578]]}},{"type":"Feature","properties":{"ele":500,"major":1},"geometry":{"type":"LineString","coordinates":[[-122.222196,37.876324],[-122.221906,37.876592],[-122.220871,37.876494],[-122.220526,37.876578]]}},{"type":"Feature","properties":{"ele":500,"major":1},"geometry":{"type":"LineString","coordinates":[[-122.220946,37.874962],[-122.220526,37.874904],[-122.219491,37.874197],[-122.218801,37.873251],[-122.218111,37.872908],[-122.217421,37.872323],[-122.217421,37.87207]]}},{"type":"Feature","properties":{"ele":500,"major":1},"geometry":{"type":"LineString","coordinates":[[-122.220946,37.874962],[-122.221039,37.874689],[-122.220366,37.874144],[-122.219836,37.873009],[-122.218801,37.872941],[-122.217421,37.87207]]}},{"type":"Feature","properties":{"ele":520,"major":0},"geometry":{"type":"LineString","coordinates":[[-122.223558,37.887494],[-122.222941,37.887575],[-122.222677,37.887494],[-122.222498,37.886677],[-122.221906,37.886125],[-122.221216,37.885164],[-122.220871,37.884937],[-122.220181,37.88491],[-122.219666,37.884225],[-122.219491,37.883606],[-122.219057,37.883135],[-122.219009,37.882863],[-122.219146,37.882698]]}},{"type":"Feature","properties":{"ele":520,"major":0},"geometry":{"type":"LineString","coordinates":[[-122.225393,37.885587],[-122.225471,37.885042],[-122.225065,37.884498],[-122.225011,37.884195]]}},{"type":"Feature","properties":{"ele":520,"major":0},"geometry":{"type":"LineString","coordinates":[[-122.225038,37.883953],[-122.224815,37.88368],[-122.222941,37.88241],[-122.222159,37.882046],[-122.220526,37.8805],[-122.219491,37.88004],[-122.218111,37.87972]]}},{"type":"Feature","properties":{"ele":520,"major":0},"geometry":{"type":"LineString","coordinates":[[-122.234053,37.882318],[-122.233291,37.882322],[-122.232654,37.882046],[-122.232694,37.881773],[-122.232946,37.881697]]}},{"type":"Feature","properties":{"ele":520,"major":0},"geometry":{"type":"LineString","coordinates":[[-122.219208,37.88259],[-122.219321,37.882318],[-122.218964,37.881501],[-122.217843,37.880411],[-122.217875,37.879866],[-122.218111,37.87972]]}},{"type":"Feature","properties":{"ele":520,"major":0},"geometry":{"type":"LineString","coordinates":[[-122.234053,37.882318],[-122.234035,37.882046],[-122.233648,37.881773],[-122.232946,37.881697]]}},{"type":"Feature","properties":{"ele":520,"major":0},"geometry":{"type":"LineString","coordinates":[[-122.230341,37.881501],[-122.230186,37.881643],[-122.229841,37.881608],[-122.228617,37.881228],[-122.228162,37.880956],[-122.228116,37.880647]]}},{"type":"Feature","properties":{"ele":520,"major":0},"geometry":{"type":"LineString","coordinates":[[-122.230341,37.881501],[-122.229496,37.880856],[-122.229056,37.880683],[-122.228461,37.880533],[-122.228116,37.880647]]}},{"type":"Feature","properties":{"ele":520,"major":0},"geometry":{"type":"LineString","coordinates":[[-122.2241,37.879594],[-122.223631,37.879576],[-122.222941,37.879208],[-122.222251,37.879254],[-122.221912,37.879049],[-122.221753,37.878231],[-122.221083,37.877414],[-122.221216,37.877101]]}},{"type":"Feature","properties":{"ele":520,"major":0},"geometry":{"type":"LineString","coordinates":[[-122.225321,37.879049],[-122.225286,37.878776],[-122.225011,37.87847],[-122.223976,37.877873],[-122.221216,37.877101]]}},{"type":"Feature","properties":{"ele":540,"major":0},"geometry":{"type":"LineString","coordinates":[[-122.222715,37.886132],[-122.222199,37.88586],[-122.221455,37.88477],[-122.221216,37.884594],[-122.220526,37.884428],[-122.220117,37.883953],[-122.220181,37.882843]]}},{"type":"Feature","properties":{"ele":540,"major":0},"geometry":{"type":"LineString","coordinates":[[-122.2248,37.885042],[-122.224666,37.885242],[-122.223631,37.884979],[-122.222941,37.885038]]}},{"type":"Feature","properties":{"ele":540,"major":0},"geometry":{"type":"LineString","coordinates":[[-122.2248,37.885042],[-122.224322,37.884498],[-122.224167,37.883953],[-122.223927,37.88368],[-122.222596,37.88276],[-122.221638,37.882318],[-122.221211,37.881773],[-122.220695,37.881501],[-122.219966,37.880683],[-122.219146,37.880511]]}},{"type":"Feature","properties":{"ele":540,"major":0},"geometry":{"type":"LineString","coordinates":[[-122.220224,37.88259],[-122.220181,37.882],[-122.219021,37.880683],[-122.219146,37.880511]]}},{"type":"Feature","properties":{"ele":560,"major":0},"geometry":{"type":"LineString","coordinates":[[-122.223439,37.884225],[-122.222596,37.884442],[-122.221906,37.884341],[-122.221096,37.883953],[-122.220871,37.883384]]}},{"type":"Feature","properties":{"ele":560,"major":0},"geometry":{"type":"LineString","coordinates":[[-122.223439,37.884225],[-122.223351,37.883953],[-122.222251,37.883055],[-122.221216,37.882762]]}},{"type":"Feature","properties":{"ele":580,"major":0},"geometry":{"type":"LineString","coordinates":[[-122.222162,37.88368],[-122.221906,37.883843],[-122.221561,37.883697],[-122.221561,37.883359]]}}]}