{"type":"FeatureCollection","features":[{"type":"Feature","properties":{"kind":"track","name":"Stonewall-Panoramic Trail","surface":"gravel"},"geometry":{"type":"LineString","coordinates":[[-122.244167,37.862814],[-122.244434,37.863588],[-122.244544,37.863799],[-122.244507,37.863836],[-122.24408,37.863478],[-122.243536,37.863217],[-122.243142,37.86314],[-122.242475,37.863226],[-122.24236,37.8633],[-122.242387,37.863435],[-122.242791,37.863552],[-122.242947,37.863828],[-122.243365,37.864101],[-122.243411,37.864196],[-122.243371,37.864295]]}},{"type":"Feature","properties":{"kind":"trail","surface":"dirt"},"geometry":{"type":"LineString","coordinates":[[-122.230916,37.870385],[-122.230986,37.870424],[-122.231064,37.870688]]}},{"type":"Feature","properties":{"kind":"trail"},"geometry":{"type":"LineString","coordinates":[[-122.230986,37.870424],[-122.231174,37.870303],[-122.231615,37.870212],[-122.232,37.86987]]}},{"type":"Feature","properties":{"kind":"trail","surface":"dirt"},"geometry":{"type":"LineString","coordinates":[[-122.234649,37.869329],[-122.234655,37.869362],[-122.234746,37.869517],[-122.235064,37.869685],[-122.235578,37.869743],[-122.235777,37.869689],[-122.23589,37.869444],[-122.235964,37.86943],[-122.236081,37.869673],[-122.236192,37.869761]]}},{"type":"Feature","properties":{"kind":"trail","surface":"dirt"},"geometry":{"type":"LineString","coordinates":[[-122.238316,37.867792],[-122.238208,37.867906],[-122.237136,37.867946],[-122.236496,37.867747]]}},{"type":"Feature","properties":{"kind":"trail","surface":"dirt"},"geometry":{"type":"LineString","coordinates":[[-122.239695,37.869395],[-122.239847,37.869271],[-122.240086,37.869172]]}},{"type":"Feature","properties":{"kind":"trail","surface":"dirt"},"geometry":{"type":"LineString","coordinates":[[-122.24222,37.864309],[-122.242099,37.864424],[-122.241825,37.864486],[-122.241418,37.864452],[-122.241055,37.864541],[-122.240979,37.864791],[-122.240901,37.864826],[-122.240754,37.865033],[-122.240789,37.86508],[-122.240754,37.865175],[-122.240529,37.865435]]}},{"type":"Feature","properties":{"kind":"trail"},"geometry":{"type":"LineString","coordinates":[[-122.233207,37.8696],[-122.233211,37.869687]]}},{"type":"Feature","properties":{"kind":"trail","surface":"dirt"},"geometry":{"type":"LineString","coordinates":[[-122.24653,37.866153],[-122.246388,37.866118]]}},{"type":"Feature","properties":{"kind":"trail","name":"Clark Kerr Trail","surface":"dirt"},"geometry":{"type":"LineString","coordinates":[[-122.242961,37.865665],[-122.24303,37.865684],[-122.243461,37.865842],[-122.243434,37.866132],[-122.243582,37.866214],[-122.243477,37.86624],[-122.243606,37.866272],[-122.24347,37.866361],[-122.24351,37.866421],[-122.243466,37.866506]]}},{"type":"Feature","properties":{"kind":"trail","surface":"dirt"},"geometry":{"type":"LineString","coordinates":[[-122.240704,37.867065],[-122.240298,37.867083],[-122.239956,37.867185],[-122.239866,37.867367],[-122.240221,37.867505],[-122.240176,37.867625]]}},{"type":"Feature","properties":{"kind":"trail","surface":"grass"},"geometry":{"type":"LineString","coordinates":[[-122.241969,37.869627],[-122.24098,37.869363],[-122.240617,37.869212]]}},{"type":"Feature","properties":{"kind":"trail","surface":"grass"},"geometry":{"type":"LineString","coordinates":[[-122.24098,37.869363],[-122.240893,37.869523],[-122.240622,37.869695]]}},{"type":"Feature","properties":{"kind":"track","sac":"hiking","surface":"compacted"},"geometry":{"type":"LineString","coordinates":[[-122.243061,37.869629],[-122.243097,37.869685],[-122.243103,37.86978]]}},{"type":"Feature","properties":{"kind":"trail","surface":"dirt"},"geometry":{"type":"LineString","coordinates":[[-122.239459,37.869023],[-122.239549,37.868884]]}},{"type":"Feature","properties":{"kind":"trail","surface":"dirt"},"geometry":{"type":"LineString","coordinates":[[-122.245142,37.864215],[-122.245108,37.864151],[-122.245051,37.864166],[-122.244849,37.86435],[-122.244758,37.864081],[-122.244507,37.863836]]}},{"type":"Feature","properties":{"kind":"trail"},"geometry":{"type":"LineString","coordinates":[[-122.223466,37.877343],[-122.223979,37.87736],[-122.224933,37.877836],[-122.225368,37.877993],[-122.22617,37.877988]]}},{"type":"Feature","properties":{"kind":"track","name":"Upper Jordan Fire Trail","surface":"compacted"},"geometry":{"type":"LineString","coordinates":[[-122.243751,37.881116],[-122.243786,37.881054],[-122.243535,37.880447],[-122.243376,37.880248],[-122.242767,37.880107],[-122.242378,37.880105],[-122.242048,37.880212],[-122.24181,37.880389],[-122.241676,37.880559],[-122.241606,37.880749],[-122.241617,37.881012],[-122.241563,37.881147],[-122.241332,37.881359],[-122.240844,37.881359],[-122.240633,37.881261],[-122.24031,37.881122],[-122.240035,37.880857],[-122.239827,37.880272],[-122.239562,37.880148],[-122.239423,37.880148],[-122.239213,37.880237],[-122.238891,37.880618],[-122.238001,37.880847],[-122.237803,37.88102],[-122.237631,37.881012],[-122.237223,37.880317],[-122.236823,37.880234],[-122.23648,37.880104],[-122.23642,37.879947],[-122.236396,37.879651],[-122.236318,37.879509],[-122.236161,37.879468],[-122.23531,37.879516],[-122.234994,37.87945],[-122.23462,37.878912],[-122.234399,37.878798],[-122.234042,37.878752],[-122.23307,37.878847],[-122.232456,37.87905],[-122.23191,37.878694],[-122.23174,37.877981],[-122.231305,37.877336],[-122.231175,37.876997],[-122.231133,37.876575],[-122.231445,37.876314],[-122.231565,37.875878],[-122.231585,37.875714],[-122.231506,37.875395],[-122.231377,37.875351],[-122.230739,37.875533],[-122.230619,37.875666],[-122.230488,37.876009],[-122.230099,37.876151],[-122.229761,37.876372],[-122.229447,37.876734],[-122.229205,37.876806],[-122.229098,37.876713],[-122.228904,37.87634],[-122.228762,37.876204],[-122.228191,37.875923],[-122.227622,37.87588],[-122.227514,37.875754],[-122.227457,37.875652],[-122.227506,37.875481],[-122.227836,37.875274],[-122.227948,37.875131],[-122.227955,37.874781],[-122.2283,37.874636],[-122.228379,37.874505],[-122.228329,37.874261],[-122.228103,37.87406],[-122.228014,37.873585],[-122.22818,37.873261],[-122.228253,37.872878],[-122.228332,37.872723],[-122.22856,37.872606],[-122.229429,37.872519],[-122.229753,37.872362],[-122.23045,37.872144],[-122.230629,37.871997],[-122.230762,37.871806],[-122.23075,37.871548],[-122.230617,37.871078],[-122.23071,37.870943],[-122.231064,37.870688],[-122.23134,37.870619],[-122.231842,37.870689],[-122.232154,37.870609],[-122.232464,37.870399],[-122.232693,37.870422],[-122.232766,37.870763],[-122.232855,37.870834],[-122.233018,37.870839],[-122.23313,37.87079],[-122.233243,37.870574],[-122.23336,37.870479],[-122.233824,37.87032],[-122.234219,37.870356],[-122.234355,37.87031],[-122.234467,37.870051],[-122.234526,37.870011],[-122.235066,37.87008],[-122.235219,37.870041],[-122.235481,37.869961],[-122.235996,37.869969],[-122.236137,37.869884],[-122.236192,37.869761],[-122.236313,37.869493],[-122.236812,37.86921],[-122.23689,37.869076],[-122.236969,37.868749],[-122.237124,37.868668],[-122.237466,37.868798],[-122.238176,37.868871],[-122.238614,37.868865],[-122.238823,37.86917],[-122.239081,37.869313],[-122.239322,37.869616],[-122.23953,37.869791]]}},{"type":"Feature","properties":{"kind":"trail"},"geometry":{"type":"LineString","coordinates":[[-122.224627,37.87859],[-122.224554,37.878609],[-122.224036,37.878492],[-122.222758,37.878045],[-122.222634,37.877919]]}},{"type":"Feature","properties":{"kind":"trail"},"geometry":{"type":"LineString","coordinates":[[-122.224627,37.87859],[-122.224566,37.878748],[-122.224119,37.879025],[-122.224025,37.879211],[-122.224163,37.879283],[-122.225052,37.879461],[-122.225554,37.879332],[-122.226003,37.879373]]}},{"type":"Feature","properties":{"kind":"track"},"geometry":{"type":"LineString","coordinates":[[-122.226862,37.873434],[-122.226891,37.873778],[-122.22683,37.873872],[-122.22647,37.874148],[-122.22636,37.874442],[-122.226159,37.874717],[-122.225309,37.875115],[-122.224809,37.875216],[-122.224707,37.875364],[-122.224492,37.875445],[-122.224304,37.875648],[-122.223828,37.876001],[-122.223715,37.876144]]}},{"type":"Feature","properties":{"kind":"track"},"geometry":{"type":"LineString","coordinates":[[-122.224627,37.87859],[-122.225494,37.879047],[-122.226003,37.879373],[-122.226052,37.879394],[-122.226199,37.879584]]}},{"type":"Feature","properties":{"kind":"trail","surface":"dirt"},"geometry":{"type":"LineString","coordinates":[[-122.228914,37.871939],[-122.229325,37.871832],[-122.229351,37.871758],[-122.229639,37.871483]]}},{"type":"Feature","properties":{"kind":"trail"},"geometry":{"type":"LineString","coordinates":[[-122.22617,37.877988],[-122.226266,37.877891],[-122.226399,37.87785],[-122.226668,37.877878]]}},{"type":"Feature","properties":{"kind":"track"},"geometry":{"type":"LineString","coordinates":[[-122.226862,37.873434],[-122.226225,37.873372],[-122.225903,37.873518],[-122.225621,37.873556],[-122.224482,37.872867],[-122.224082,37.872403],[-122.223979,37.872099],[-122.224038,37.871905],[-122.224,37.8717],[-122.224168,37.871568]]}},{"type":"Feature","properties":{"kind":"track"},"geometry":{"type":"LineString","coordinates":[[-122.242475,37.863226],[-122.242631,37.862836],[-122.242341,37.862075]]}},{"type":"Feature","properties":{"kind":"trail"},"geometry":{"type":"LineString","coordinates":[[-122.22305,37.877279],[-122.222907,37.877612],[-122.222736,37.877734],[-122.222634,37.877919]]}},{"type":"Feature","properties":{"kind":"track","name":"East West Trail","surface":"dirt"},"geometry":{"type":"LineString","coordinates":[[-122.238316,37.867792],[-122.23743,37.86772],[-122.236917,37.867618],[-122.236638,37.867666],[-122.236496,37.867747],[-122.236203,37.86791],[-122.235948,37.868327],[-122.235828,37.868584],[-122.235673,37.868734],[-122.234649,37.869329],[-122.234297,37.869469],[-122.233207,37.8696],[-122.232912,37.869524],[-122.232582,37.869511],[-122.232411,37.869552],[-122.231899,37.86978],[-122.231318,37.869879],[-122.230916,37.870385],[-122.230164,37.870885],[-122.229547,37.870889],[-122.229368,37.870933],[-122.229053,37.871723],[-122.228914,37.871939],[-122.228648,37.871986],[-122.228002,37.87184],[-122.227819,37.871874],[-122.227557,37.872214],[-122.227133,37.872533],[-122.226894,37.873057],[-122.226862,37.873434]]}},{"type":"Feature","properties":{"kind":"track"},"geometry":{"type":"LineString","coordinates":[[-122.226862,37.873434],[-122.226937,37.873435],[-122.227226,37.87371],[-122.227326,37.874034],[-122.227822,37.874241],[-122.228066,37.874398],[-122.228131,37.87458],[-122.227954,37.87472],[-122.227955,37.874781]]}},{"type":"Feature","properties":{"kind":"trail"},"geometry":{"type":"LineString","coordinates":[[-122.222634,37.877919],[-122.222168,37.877781],[-122.221869,37.877546],[-122.221442,37.877318]]}},{"type":"Feature","properties":{"kind":"trail"},"geometry":{"type":"LineString","coordinates":[[-122.221789,37.875753],[-122.22121,37.875776]]}},{"type":"Feature","properties":{"kind":"track"},"geometry":{"type":"LineString","coordinates":[[-122.22617,37.877988],[-122.226572,37.878458],[-122.22669,37.878613],[-122.226813,37.878687],[-122.2269,37.878615],[-122.226798,37.878487],[-122.226572,37.878458]]}},{"type":"Feature","properties":{"kind":"trail","name":"Side Hill Trail"},"geometry":{"type":"LineString","coordinates":[[-122.22683,37.873872],[-122.226602,37.87386],[-122.22617,37.874167],[-122.225354,37.87455],[-122.225016,37.874541],[-122.224088,37.874665],[-122.223862,37.874877],[-122.223742,37.875078],[-122.223375,37.875039],[-122.223139,37.875103],[-122.222799,37.875481],[-122.222621,37.875493],[-122.221891,37.875736],[-122.221789,37.875753]]}},{"type":"Feature","properties":{"kind":"trail","surface":"dirt"},"geometry":{"type":"LineString","coordinates":[[-122.223979,37.87736],[-122.224396,37.877196],[-122.224706,37.877006],[-122.224754,37.876925],[-122.22508,37.876809]]}},{"type":"Feature","properties":{"kind":"trail"},"geometry":{"type":"LineString","coordinates":[[-122.224036,37.878492],[-122.223648,37.878549],[-122.223354,37.878546],[-122.223163,37.878489],[-122.222731,37.878155],[-122.222758,37.878045]]}},{"type":"Feature","properties":{"kind":"track"},"geometry":{"type":"LineString","coordinates":[[-122.223466,37.877343],[-122.223418,37.877585],[-122.223506,37.877768],[-122.224509,37.878361],[-122.224627,37.87859]]}},{"type":"Feature","properties":{"kind":"road","name":"Grizzly Peak Boulevard"},"geometry":{"type":"LineString","coordinates":[[-122.213919,37.858018],[-122.214479,37.858616],[-122.215317,37.859162],[-122.216127,37.859597],[-122.216299,37.859895],[-122.216309,37.86028],[-122.216385,37.860508],[-122.216546,37.860723],[-122.217137,37.861274],[-122.217372,37.861838],[-122.217457,37.861941],[-122.21805,37.862382],[-122.218684,37.86298],[-122.219342,37.863355],[-122.219598,37.863702],[-122.219904,37.863981],[-122.220341,37.864333],[-122.220719,37.864557],[-122.220985,37.864665],[-122.221122,37.864672],[-122.221277,37.864597],[-122.221491,37.864225],[-122.221569,37.864171],[-122.221835,37.864157],[-122.22193,37.864197],[-122.221998,37.864245],[-122.222066,37.864408],[-122.222049,37.864733],[-122.221938,37.865045],[-122.221981,37.865221],[-122.222156,37.865356],[-122.222564,37.865478],[-122.222693,37.865587],[-122.222796,37.866197],[-122.222768,37.866342],[-122.222641,37.866488],[-122.222393,37.866522],[-122.221818,37.866271],[-122.221448,37.866251],[-122.220633,37.866745],[-122.220298,37.86703],[-122.22002,37.867644],[-122.219752,37.86793],[-122.219408,37.868082],[-122.218712,37.868162],[-122.217862,37.868358]]}},{"type":"Feature","properties":{"kind":"road","name":"Grizzly Peak Boulevard"},"geometry":{"type":"LineString","coordinates":[[-122.217862,37.868358],[-122.217501,37.868394],[-122.217283,37.868341],[-122.216652,37.867883],[-122.216524,37.867842],[-122.216292,37.867862],[-122.216206,37.867916],[-122.21612,37.868093],[-122.216206,37.868282],[-122.216833,37.868614],[-122.217227,37.869272],[-122.218827,37.870693],[-122.218864,37.870902],[-122.218604,37.871376],[-122.218564,37.871565],[-122.219273,37.872333],[-122.219473,37.872405],[-122.220283,37.872285],[-122.220522,37.872403],[-122.220624,37.872528],[-122.220724,37.872864],[-122.220742,37.873415],[-122.220846,37.873839],[-122.221031,37.874015],[-122.221541,37.874315],[-122.221813,37.875054],[-122.221785,37.875296],[-122.221702,37.87542],[-122.22121,37.875776],[-122.22074,37.876061],[-122.220361,37.876326],[-122.220233,37.876544],[-122.220226,37.876683],[-122.220427,37.877087],[-122.220458,37.877655],[-122.220528,37.87782],[-122.221335,37.878489],[-122.221539,37.879211],[-122.221633,37.879425],[-122.22178,37.879576]]}},{"type":"Feature","properties":{"kind":"road","name":"Grizzly Peak Boulevard","surface":"asphalt"},"geometry":{"type":"LineString","coordinates":[[-122.22178,37.879576],[-122.223487,37.880309],[-122.223934,37.880406],[-122.22441,37.880323],[-122.225607,37.87972],[-122.226036,37.879591],[-122.226199,37.879584],[-122.227848,37.879942],[-122.228688,37.880154],[-122.229807,37.880473],[-122.230185,37.880665],[-122.230574,37.880955],[-122.231745,37.88148],[-122.232145,37.881497],[-122.232782,37.881274],[-122.232992,37.881254],[-122.233557,37.88144],[-122.234146,37.881446],[-122.234396,37.881516],[-122.234599,37.88165],[-122.234871,37.882002],[-122.235048,37.88209],[-122.235257,37.882105],[-122.23563,37.882018],[-122.235873,37.882054],[-122.236021,37.882158],[-122.23609,37.882305],[-122.236051,37.882774],[-122.23612,37.883331],[-122.236281,37.883617],[-122.236517,37.883727],[-122.236746,37.883708],[-122.237055,37.883546],[-122.237309,37.883333],[-122.23784,37.882711],[-122.237983,37.882621],[-122.238209,37.88257],[-122.238709,37.882609],[-122.239242,37.88297],[-122.239451,37.883253],[-122.239454,37.883401],[-122.2394,37.883503],[-122.239198,37.883647],[-122.239097,37.883804],[-122.239132,37.884065],[-122.239402,37.884259],[-122.239991,37.884424],[-122.240146,37.884394],[-122.240235,37.884306],[-122.240168,37.883701],[-122.240249,37.883268],[-122.240414,37.883036],[-122.240643,37.8829],[-122.241403,37.882685],[-122.241544,37.882596],[-122.2417,37.882423],[-122.241827,37.882058],[-122.241951,37.881885],[-122.242559,37.881578],[-122.242964,37.881097],[-122.24331,37.881007],[-122.243594,37.881046],[-122.243751,37.881116]]}},{"type":"Feature","properties":{"kind":"road","name":"Claremont Avenue","surface":"asphalt"},"geometry":{"type":"LineString","coordinates":[[-122.243368,37.860976],[-122.24307,37.860924],[-122.242596,37.860592],[-122.24234,37.86051],[-122.242077,37.860543],[-122.241459,37.860744],[-122.240979,37.861142],[-122.240662,37.861312],[-122.239742,37.861528],[-122.239232,37.861815]]}},{"type":"Feature","properties":{"kind":"road","name":"Claremont Avenue","surface":"asphalt"},"geometry":{"type":"LineString","coordinates":[[-122.245127,37.858306],[-122.245052,37.858466]]}},{"type":"Feature","properties":{"kind":"road","name":"Centennial Drive","surface":"asphalt"},"geometry":{"type":"LineString","coordinates":[[-122.247272,37.872318],[-122.246421,37.872577],[-122.245697,37.872788],[-122.24461,37.872791],[-122.243741,37.872675],[-122.243269,37.872698],[-122.242628,37.872592],[-122.242165,37.872586]]}},{"type":"Feature","properties":{"kind":"road","name":"Canyon Road","surface":"asphalt"},"geometry":{"type":"LineString","coordinates":[[-122.24976,37.869489],[-122.249759,37.870073]]}},{"type":"Feature","properties":{"kind":"trail","name":"Wildcat Gorge Trail","surface":"ground"},"geometry":{"type":"LineString","coordinates":[[-122.260655,37.905507],[-122.26055,37.905378],[-122.260571,37.905257],[-122.260437,37.905161],[-122.260086,37.905195],[-122.259863,37.904845],[-122.259213,37.904227],[-122.259117,37.904058],[-122.258737,37.903746],[-122.258651,37.90369],[-122.2585,37.903702],[-122.257927,37.903969],[-122.257623,37.904176],[-122.257407,37.904181],[-122.256716,37.904031],[-122.256253,37.903825],[-122.255838,37.903773],[-122.255595,37.90369],[-122.255239,37.90332],[-122.254971,37.903168]]}},{"type":"Feature","properties":{"kind":"trail","name":"Meadows Canyon Trail","surface":"dirt"},"geometry":{"type":"LineString","coordinates":[[-122.246917,37.903778],[-122.246987,37.904004],[-122.247098,37.904111],[-122.247673,37.904291],[-122.248447,37.90441],[-122.249738,37.90449],[-122.250203,37.904424],[-122.250548,37.904575],[-122.250593,37.904713],[-122.250255,37.905157],[-122.249589,37.90567],[-122.249526,37.905921],[-122.249309,37.906187],[-122.249338,37.906298],[-122.249436,37.906313],[-122.249748,37.9062],[-122.250219,37.906159],[-122.250579,37.906059],[-122.251452,37.906071],[-122.25218,37.906193],[-122.252418,37.906333],[-122.25261,37.90656],[-122.2529,37.906623],[-122.253326,37.906629],[-122.253578,37.906727],[-122.253717,37.906873],[-122.25374,37.906985],[-122.253737,37.907091],[-122.253592,37.907409],[-122.253482,37.907492],[-122.253133,37.907487],[-122.252572,37.907709],[-122.252347,37.907869],[-122.251992,37.908254],[-122.252128,37.908277],[-122.252363,37.908211],[-122.252606,37.90824],[-122.253115,37.908415],[-122.253488,37.908481],[-122.253826,37.908706],[-122.253954,37.908677],[-122.254157,37.908503],[-122.25443,37.908432],[-122.254653,37.90853],[-122.254799,37.908796],[-122.254884,37.908809],[-122.255,37.908765],[-122.255421,37.908352],[-122.255826,37.908285],[-122.255837,37.908133],[-122.255907,37.908016],[-122.256185,37.907846],[-122.256412,37.907781],[-122.256522,37.907507],[-122.256748,37.907373],[-122.256879,37.90723],[-122.257152,37.907089],[-122.257688,37.906441],[-122.258176,37.906046],[-122.25838,37.905762],[-122.258599,37.905602],[-122.258886,37.905558],[-122.259246,37.905736],[-122.259688,37.905738],[-122.260062,37.905873],[-122.260221,37.905827],[-122.260479,37.905836],[-122.261132,37.905695],[-122.261256,37.905799]]}},{"type":"Feature","properties":{"kind":"track","name":"Mineral Springs Trail","surface":"dirt"},"geometry":{"type":"LineString","coordinates":[[-122.245464,37.896156],[-122.245762,37.896412],[-122.246438,37.896529],[-122.246693,37.89671],[-122.246773,37.896875],[-122.246766,37.897385],[-122.247033,37.897551],[-122.247124,37.897683],[-122.247461,37.897182],[-122.247973,37.896769],[-122.248247,37.8966],[-122.24892,37.896351],[-122.248898,37.896221],[-122.2488,37.896136],[-122.248346,37.896037],[-122.248309,37.895912],[-122.248282,37.895783],[-122.24814,37.89557],[-122.247873,37.895445],[-122.24747,37.895334],[-122.247314,37.895334],[-122.246777,37.895383],[-122.246507,37.895348],[-122.24646,37.895369],[-122.246331,37.895506],[-122.246258,37.895697],[-122.246178,37.895733],[-122.245801,37.895665],[-122.245411,37.895695],[-122.245252,37.895762],[-122.245115,37.895936],[-122.245129,37.896019],[-122.245464,37.896156]]}},{"type":"Feature","properties":{"kind":"track","name":"Upper Jordan Fire Trail","surface":"unpaved"},"geometry":{"type":"LineString","coordinates":[[-122.23953,37.869791],[-122.239694,37.869808],[-122.240132,37.869648],[-122.240622,37.869695],[-122.241931,37.870112],[-122.242198,37.870078],[-122.242994,37.869812],[-122.243103,37.86978],[-122.24352,37.8697],[-122.245045,37.869608]]}},{"type":"Feature","properties":{"kind":"road","name":"Hilgard Way","surface":"asphalt"},"geometry":{"type":"LineString","coordinates":[[-122.263633,37.871942],[-122.263646,37.87173],[-122.26363,37.871295],[-122.263638,37.871269],[-122.263644,37.871263]]}},{"type":"Feature","properties":{"kind":"trail","surface":"paved"},"geometry":{"type":"LineString","coordinates":[[-122.259902,37.873366],[-122.259907,37.873416]]}},{"type":"Feature","properties":{"kind":"steps","name":"Glen Rose Alley","surface":"dirt"},"geometry":{"type":"LineString","coordinates":[[-122.265786,37.884165],[-122.265787,37.884053]]}},{"type":"Feature","properties":{"kind":"road","name":"Frank Schlessinger Way","surface":"concrete"},"geometry":{"type":"LineString","coordinates":[[-122.265906,37.870188],[-122.265774,37.870162]]}},{"type":"Feature","properties":{"kind":"road","surface":"asphalt"},"geometry":{"type":"LineString","coordinates":[[-122.262066,37.870246],[-122.261953,37.870164],[-122.261855,37.870093],[-122.261771,37.869977]]}},{"type":"Feature","properties":{"kind":"track","surface":"dirt"},"geometry":{"type":"LineString","coordinates":[[-122.241596,37.866868],[-122.241467,37.866886],[-122.241208,37.867038],[-122.24091,37.867089],[-122.240704,37.867065],[-122.240679,37.867142],[-122.24088,37.867248],[-122.24093,37.867368],[-122.240708,37.86754],[-122.240467,37.867529],[-122.240176,37.867625]]}},{"type":"Feature","properties":{"kind":"trail"},"geometry":{"type":"LineString","coordinates":[[-122.259564,37.872758],[-122.259583,37.872757],[-122.259701,37.872752],[-122.259813,37.872695],[-122.259818,37.872692]]}},{"type":"Feature","properties":{"kind":"road","name":"La Loma Avenue","surface":"asphalt"},"geometry":{"type":"LineString","coordinates":[[-122.258095,37.881857],[-122.258357,37.881232],[-122.258346,37.881127],[-122.258234,37.880936],[-122.258091,37.880541]]}},{"type":"Feature","properties":{"kind":"road","name":"Grizzly Peak Boulevard","surface":"asphalt"},"geometry":{"type":"LineString","coordinates":[[-122.269524,37.904331],[-122.269563,37.903519]]}},{"type":"Feature","properties":{"kind":"road","name":"Los Angeles Avenue","surface":"asphalt"},"geometry":{"type":"LineString","coordinates":[[-122.272216,37.890118],[-122.271325,37.890018],[-122.270553,37.890021],[-122.270015,37.88986]]}},{"type":"Feature","properties":{"kind":"road","name":"Haste Street","surface":"asphalt"},"geometry":{"type":"LineString","coordinates":[[-122.254085,37.866564],[-122.254393,37.866573],[-122.255042,37.866492],[-122.255405,37.866446],[-122.256367,37.866324]]}},{"type":"Feature","properties":{"kind":"steps","name":"Vincente Walk","surface":"concrete"},"geometry":{"type":"LineString","coordinates":[[-122.28206,37.899948],[-122.281312,37.899585]]}},{"type":"Feature","properties":{"kind":"road","name":"Napa Avenue","surface":"asphalt"},"geometry":{"type":"LineString","coordinates":[[-122.275595,37.886131],[-122.275481,37.886226]]}},{"type":"Feature","properties":{"kind":"trail","name":"Hawthorne Steps","surface":"concrete"},"geometry":{"type":"LineString","coordinates":[[-122.262548,37.882413],[-122.262589,37.882449]]}},{"type":"Feature","properties":{"kind":"trail","name":"Oakridge Path","surface":"paved"},"geometry":{"type":"LineString","coordinates":[[-122.24367,37.857314],[-122.243206,37.857296],[-122.24279,37.856867]]}},{"type":"Feature","properties":{"kind":"trail","name":"Mendocino Path","surface":"concrete"},"geometry":{"type":"LineString","coordinates":[[-122.273639,37.893166],[-122.274696,37.89313]]}},{"type":"Feature","properties":{"kind":"road","name":"Sacramento Street","surface":"asphalt"},"geometry":{"type":"LineString","coordinates":[[-122.283193,37.880649],[-122.282983,37.878918]]}},{"type":"Feature","properties":{"kind":"trail","name":"Encina Walk"},"geometry":{"type":"LineString","coordinates":[[-122.246768,37.85526],[-122.246482,37.855122],[-122.246453,37.855]]}},{"type":"Feature","properties":{"kind":"road","name":"Piedmont Avenue","surface":"asphalt"},"geometry":{"type":"LineString","coordinates":[[-122.253751,37.872545],[-122.253133,37.87209],[-122.25286,37.871798]]}},{"type":"Feature","properties":{"kind":"road","name":"Marin Avenue","surface":"concrete"},"geometry":{"type":"LineString","coordinates":[[-122.272254,37.890243],[-122.267706,37.893156],[-122.264731,37.895071],[-122.261704,37.897017]]}},{"type":"Feature","properties":{"kind":"trail","name":"Berryman Path","surface":"asphalt"},"geometry":{"type":"LineString","coordinates":[[-122.267541,37.884508],[-122.267435,37.884512]]}},{"type":"Feature","properties":{"kind":"trail","name":"Berryman Path","surface":"concrete"},"geometry":{"type":"LineString","coordinates":[[-122.269708,37.8839],[-122.269664,37.883954],[-122.269537,37.884008],[-122.269474,37.88401],[-122.269218,37.88402],[-122.268879,37.884043],[-122.268736,37.88404],[-122.268352,37.884099],[-122.267913,37.884149]]}},{"type":"Feature","properties":{"kind":"steps","name":"Orchard Lane","surface":"concrete"},"geometry":{"type":"LineString","coordinates":[[-122.249694,37.869003],[-122.24958,37.869024]]}},{"type":"Feature","properties":{"kind":"track","name":"Woodmont Avenue","surface":"dirt"},"geometry":{"type":"LineString","coordinates":[[-122.261426,37.898674],[-122.260826,37.898745],[-122.260668,37.8988],[-122.260307,37.89907],[-122.259984,37.899123],[-122.259609,37.898948],[-122.259255,37.898562],[-122.259028,37.898418],[-122.258611,37.898345],[-122.257744,37.898383]]}},{"type":"Feature","properties":{"kind":"road","name":"Colusa Avenue","surface":"paved"},"geometry":{"type":"LineString","coordinates":[[-122.285858,37.898813],[-122.285629,37.898367],[-122.285326,37.896774],[-122.285088,37.896315],[-122.284783,37.896031],[-122.281833,37.894153]]}},{"type":"Feature","properties":{"kind":"road","name":"Colusa Avenue","surface":"paved"},"geometry":{"type":"LineString","coordinates":[[-122.279275,37.891364],[-122.278895,37.889556]]}},{"type":"Feature","properties":{"kind":"road","name":"Shattuck Place","surface":"asphalt"},"geometry":{"type":"LineString","coordinates":[[-122.269339,37.880893],[-122.269552,37.881343]]}},{"type":"Feature","properties":{"kind":"trail","name":"Acacia Walk"},"geometry":{"type":"LineString","coordinates":[[-122.269156,37.900321],[-122.269617,37.900098],[-122.270822,37.899286]]}},{"type":"Feature","properties":{"kind":"road","name":"Piedmont Avenue","surface":"asphalt"},"geometry":{"type":"LineString","coordinates":[[-122.251994,37.867639],[-122.251885,37.867386],[-122.251833,37.866807]]}},{"type":"Feature","properties":{"kind":"steps","name":"Eucalyptus Path","surface":"paved"},"geometry":{"type":"LineString","coordinates":[[-122.240505,37.858263],[-122.239922,37.858473],[-122.238862,37.858849]]}},{"type":"Feature","properties":{"kind":"trail","name":"Sunset Trail"},"geometry":{"type":"LineString","coordinates":[[-122.239922,37.858473],[-122.238323,37.857019],[-122.237485,37.856786]]}},{"type":"Feature","properties":{"kind":"road","name":"Monterey Avenue","surface":"paved"},"geometry":{"type":"LineString","coordinates":[[-122.282118,37.881987],[-122.282186,37.882219],[-122.282151,37.882561],[-122.281652,37.883394],[-122.28143,37.884185],[-122.281233,37.884646]]}},{"type":"Feature","properties":{"kind":"steps","name":"Park Path"},"geometry":{"type":"LineString","coordinates":[[-122.242285,37.85602],[-122.24196,37.856345]]}},{"type":"Feature","properties":{"kind":"road","name":"Spruce Street","surface":"paved"},"geometry":{"type":"LineString","coordinates":[[-122.269524,37.904331],[-122.269694,37.904399]]}},{"type":"Feature","properties":{"kind":"trail","name":"Vine Lane","surface":"asphalt"},"geometry":{"type":"LineString","coordinates":[[-122.261531,37.881236],[-122.262023,37.881172]]}},{"type":"Feature","properties":{"kind":"road","name":"Sather Road","surface":"asphalt"},"geometry":{"type":"LineString","coordinates":[[-122.259902,37.873366],[-122.260033,37.873038],[-122.260119,37.872785],[-122.260155,37.872699],[-122.260186,37.872624],[-122.26018,37.872442],[-122.260172,37.872377]]}},{"type":"Feature","properties":{"kind":"steps","name":"Billie Jean Walk"},"geometry":{"type":"LineString","coordinates":[[-122.263889,37.89467],[-122.263517,37.894848]]}},{"type":"Feature","properties":{"kind":"road","name":"Tanglewood Road","surface":"asphalt"},"geometry":{"type":"LineString","coordinates":[[-122.246051,37.862523],[-122.245891,37.86257]]}},{"type":"Feature","properties":{"kind":"steps","name":"La Loma Steps","surface":"paving_stones"},"geometry":{"type":"LineString","coordinates":[[-122.259691,37.881938],[-122.259562,37.881946]]}},{"type":"Feature","properties":{"kind":"trail","name":"Fountain Walk","surface":"concrete"},"geometry":{"type":"LineString","coordinates":[[-122.272378,37.890008],[-122.272333,37.889322]]}},{"type":"Feature","properties":{"kind":"road","name":"Arlington Avenue","surface":"asphalt"},"geometry":{"type":"LineString","coordinates":[[-122.278049,37.903066],[-122.277791,37.90279],[-122.276978,37.902493],[-122.276751,37.902366],[-122.276646,37.902258],[-122.276538,37.902027],[-122.276549,37.901764],[-122.276715,37.901479],[-122.277109,37.900948],[-122.277719,37.900073],[-122.277765,37.899842],[-122.277732,37.899615],[-122.277579,37.899342],[-122.27743,37.899203],[-122.276764,37.898849],[-122.276688,37.898754],[-122.276632,37.898534],[-122.276758,37.898058],[-122.276745,37.897817],[-122.276555,37.897596],[-122.275923,37.897252],[-122.275833,37.897067],[-122.275736,37.89649],[-122.275516,37.895822],[-122.275311,37.895271],[-122.275157,37.894911],[-122.275073,37.894731]]}},{"type":"Feature","properties":{"kind":"road","name":"Tunnel Road","surface":"asphalt"},"geometry":{"type":"LineString","coordinates":[[-122.226598,37.850353],[-122.225778,37.850223],[-122.225284,37.850234],[-122.225037,37.850382],[-122.224821,37.850695],[-122.224412,37.850807],[-122.224289,37.850901],[-122.224209,37.851058],[-122.224197,37.851232],[-122.224274,37.851369],[-122.224602,37.851653],[-122.224623,37.851798],[-122.22454,37.851872],[-122.223745,37.852036],[-122.223595,37.852141],[-122.22356,37.852283],[-122.22359,37.852741],[-122.224115,37.853383],[-122.224123,37.853498],[-122.223966,37.853597],[-122.223355,37.853729],[-122.223194,37.853861],[-122.223152,37.853971],[-122.223168,37.854126],[-122.223568,37.854949],[-122.223564,37.85504],[-122.223309,37.855093],[-122.222868,37.854902],[-122.222673,37.854878],[-122.222023,37.855006],[-122.221662,37.855227],[-122.221644,37.855949],[-122.222336,37.856918],[-122.222264,37.857331],[-122.222553,37.857588],[-122.22263,37.857765],[-122.222544,37.857913],[-122.222178,37.85818],[-122.222056,37.858358],[-122.222077,37.858863],[-122.22194,37.858925],[-122.221536,37.858947],[-122.221442,37.859017],[-122.221303,37.859323],[-122.221034,37.860184],[-122.220852,37.860283]]}},{"type":"Feature","properties":{"kind":"road","name":"Tunnel Road","surface":"asphalt"},"geometry":{"type":"LineString","coordinates":[[-122.241946,37.857427],[-122.241755,37.857239],[-122.241529,37.856862],[-122.240784,37.856406],[-122.240284,37.855934]]}},{"type":"Feature","properties":{"kind":"road","name":"Del Norte Street","surface":"asphalt"},"geometry":{"type":"LineString","coordinates":[[-122.272001,37.889199],[-122.27149,37.889442],[-122.271415,37.889604],[-122.271589,37.889783],[-122.272235,37.890081]]}},{"type":"Feature","properties":{"kind":"road","name":"Josephine Street"},"geometry":{"type":"LineString","coordinates":[[-122.275761,37.886374],[-122.275815,37.88619]]}},{"type":"Feature","properties":{"kind":"road","name":"Adeline Street","surface":"asphalt"},"geometry":{"type":"LineString","coordinates":[[-122.267556,37.85927],[-122.267898,37.858404]]}},{"type":"Feature","properties":{"kind":"steps","name":"Easter Way","surface":"concrete"},"geometry":{"type":"LineString","coordinates":[[-122.26638,37.892398],[-122.266072,37.892455]]}},{"type":"Feature","properties":{"kind":"trail","name":"Easter Way","surface":"concrete"},"geometry":{"type":"LineString","coordinates":[[-122.264864,37.892722],[-122.263658,37.892775]]}},{"type":"Feature","properties":{"kind":"road","name":"College Avenue","surface":"asphalt"},"geometry":{"type":"LineString","coordinates":[[-122.254443,37.868338],[-122.254608,37.869298]]}},{"type":"Feature","properties":{"kind":"road","name":"Glendale Avenue","surface":"asphalt"},"geometry":{"type":"LineString","coordinates":[[-122.254423,37.885542],[-122.255146,37.885204],[-122.255339,37.885112],[-122.25542,37.884904],[-122.255309,37.884767],[-122.254966,37.884661],[-122.254898,37.884541]]}},{"type":"Feature","properties":{"kind":"steps","name":"Boynton Walk"},"geometry":{"type":"LineString","coordinates":[[-122.276538,37.902027],[-122.276432,37.902042],[-122.276317,37.902058]]}},{"type":"Feature","properties":{"kind":"road","name":"Belrose Avenue","surface":"asphalt"},"geometry":{"type":"LineString","coordinates":[[-122.246051,37.862523],[-122.245971,37.862412],[-122.245835,37.86099],[-122.245763,37.86077]]}},{"type":"Feature","properties":{"kind":"steps","name":"The Cut Off"},"geometry":{"type":"LineString","coordinates":[[-122.242409,37.854953],[-122.241629,37.855357]]}},{"type":"Feature","properties":{"kind":"trail","name":"Manor Way","surface":"concrete"},"geometry":{"type":"LineString","coordinates":[[-122.286012,37.885566],[-122.284197,37.885146]]}},{"type":"Feature","properties":{"kind":"steps","name":"Rose Walk","surface":"concrete"},"geometry":{"type":"LineString","coordinates":[[-122.261619,37.883144],[-122.261565,37.883131]]}},{"type":"Feature","properties":{"kind":"steps","name":"Yosemite Steps","surface":"concrete"},"geometry":{"type":"LineString","coordinates":[[-122.276064,37.894585],[-122.275725,37.894741],[-122.275537,37.894958]]}},{"type":"Feature","properties":{"kind":"trail","name":"Indian Trail","surface":"stone"},"geometry":{"type":"LineString","coordinates":[[-122.278639,37.896472],[-122.278635,37.896371]]}},{"type":"Feature","properties":{"kind":"steps","name":"Avalon Walk","surface":"concrete"},"geometry":{"type":"LineString","coordinates":[[-122.2498,37.860198],[-122.249577,37.86022],[-122.24949,37.860139]]}},{"type":"Feature","properties":{"kind":"steps","name":"Poppy Path","surface":"dirt"},"geometry":{"type":"LineString","coordinates":[[-122.260541,37.892615],[-122.259333,37.893059]]}},{"type":"Feature","properties":{"kind":"steps","name":"Willow Walk"},"geometry":{"type":"LineString","coordinates":[[-122.237463,37.857278],[-122.237485,37.856786],[-122.237553,37.856664]]}},{"type":"Feature","properties":{"kind":"steps","name":"Martinez Path"},"geometry":{"type":"LineString","coordinates":[[-122.259204,37.888286],[-122.259138,37.888877]]}},{"type":"Feature","properties":{"kind":"trail","name":"Maryland Walk","surface":"concrete"},"geometry":{"type":"LineString","coordinates":[[-122.275747,37.902626],[-122.275683,37.902658]]}},{"type":"Feature","properties":{"kind":"trail","name":"Alta Vista Path","surface":"concrete"},"geometry":{"type":"LineString","coordinates":[[-122.269934,37.897481],[-122.269971,37.897472]]}},{"type":"Feature","properties":{"kind":"road","name":"Shasta Road","surface":"asphalt"},"geometry":{"type":"LineString","coordinates":[[-122.252395,37.890405],[-122.252073,37.890749],[-122.251869,37.89097],[-122.251676,37.891085],[-122.250833,37.891338],[-122.250209,37.891334],[-122.249255,37.891126]]}},{"type":"Feature","properties":{"kind":"road","name":"Shasta Road","surface":"asphalt"},"geometry":{"type":"LineString","coordinates":[[-122.254539,37.887752],[-122.254393,37.887899],[-122.254395,37.888389],[-122.254204,37.88873],[-122.254083,37.889083],[-122.253933,37.889042],[-122.253714,37.888749],[-122.253506,37.888318],[-122.253358,37.8882],[-122.253127,37.888168],[-122.252918,37.88822],[-122.252765,37.888346],[-122.252708,37.888465],[-122.252721,37.889228],[-122.252757,37.889327],[-122.252892,37.889463],[-122.253229,37.889646],[-122.253244,37.889743],[-122.252974,37.889843],[-122.252245,37.889959]]}},{"type":"Feature","properties":{"kind":"trail","name":"Ina Coolbrith Path","surface":"unpaved"},"geometry":{"type":"LineString","coordinates":[[-122.256758,37.89203],[-122.256626,37.892197]]}},{"type":"Feature","properties":{"kind":"trail","name":"Chester Lane","surface":"concrete"},"geometry":{"type":"LineString","coordinates":[[-122.274051,37.896823],[-122.273673,37.897259],[-122.273235,37.897486]]}},{"type":"Feature","properties":{"kind":"road","name":"Gayley Road","surface":"asphalt"},"geometry":{"type":"LineString","coordinates":[[-122.255105,37.873529],[-122.254568,37.873011],[-122.253751,37.872545]]}},{"type":"Feature","properties":{"kind":"road","name":"Fulton Street","surface":"asphalt"},"geometry":{"type":"LineString","coordinates":[[-122.26582,37.866936],[-122.265757,37.867031],[-122.26589,37.867689]]}},{"type":"Feature","properties":{"kind":"steps","name":"Poplar Path","surface":"concrete"},"geometry":{"type":"LineString","coordinates":[[-122.268211,37.896596],[-122.269101,37.896525]]}},{"type":"Feature","properties":{"kind":"trail","name":"Oak Knoll Path","surface":"concrete"},"geometry":{"type":"LineString","coordinates":[[-122.247209,37.859699],[-122.247125,37.85886]]}},{"type":"Feature","properties":{"kind":"steps","name":"Visalia Walk"},"geometry":{"type":"LineString","coordinates":[[-122.283191,37.899245],[-122.282477,37.898695]]}},{"type":"Feature","properties":{"kind":"steps","name":"El Paseo Path","surface":"stone"},"geometry":{"type":"LineString","coordinates":[[-122.282312,37.895299],[-122.280907,37.896004]]}},{"type":"Feature","properties":{"kind":"road","name":"The Uplands","surface":"asphalt"},"geometry":{"type":"LineString","coordinates":[[-122.240326,37.853386],[-122.239629,37.8534],[-122.239503,37.853455],[-122.239441,37.853571],[-122.239359,37.854015],[-122.23896,37.854393],[-122.238922,37.854607],[-122.239295,37.855267],[-122.239335,37.855415]]}},{"type":"Feature","properties":{"kind":"road","name":"The Circle","surface":"asphalt"},"geometry":{"type":"LineString","coordinates":[[-122.272434,37.890012],[-122.272378,37.890008],[-122.272235,37.890081],[-122.272216,37.890118],[-122.272254,37.890243],[-122.272326,37.890283]]}},{"type":"Feature","properties":{"kind":"trail","name":"Keoncrest Path"},"geometry":{"type":"LineString","coordinates":[[-122.283597,37.877204],[-122.282807,37.87726]]}},{"type":"Feature","properties":{"kind":"trail","name":"Indian Rock Path","surface":"concrete"},"geometry":{"type":"LineString","coordinates":[[-122.276982,37.891587],[-122.275981,37.891718]]}},{"type":"Feature","properties":{"kind":"trail","name":"Indian Rock Path","surface":"asphalt"},"geometry":{"type":"LineString","coordinates":[[-122.272398,37.891849],[-122.272553,37.891838],[-122.272998,37.891978],[-122.273179,37.891988],[-122.273277,37.892067],[-122.273248,37.892235],[-122.273063,37.892411]]}},{"type":"Feature","properties":{"kind":"trail","name":"Tanglewood Path","surface":"dirt"},"geometry":{"type":"LineString","coordinates":[[-122.245436,37.862539],[-122.245398,37.86258]]}},{"type":"Feature","properties":{"kind":"road","name":"Kelsey Street","surface":"asphalt"},"geometry":{"type":"LineString","coordinates":[[-122.250233,37.860044],[-122.250224,37.859955]]}},{"type":"Feature","properties":{"kind":"trail","name":"Terrace Walk","surface":"paved"},"geometry":{"type":"LineString","coordinates":[[-122.272186,37.888926],[-122.272135,37.888902],[-122.269835,37.887956]]}},{"type":"Feature","properties":{"kind":"road","name":"Euclid Avenue","surface":"asphalt"},"geometry":{"type":"LineString","coordinates":[[-122.267122,37.901904],[-122.267408,37.901848]]}},{"type":"Feature","properties":{"kind":"road","name":"Euclid Avenue","surface":"asphalt"},"geometry":{"type":"LineString","coordinates":[[-122.262374,37.886571],[-122.262659,37.885512],[-122.262755,37.88516],[-122.262818,37.884753],[-122.26276,37.884446],[-122.262638,37.884222],[-122.261666,37.883089],[-122.261489,37.881586],[-122.261448,37.880976],[-122.261518,37.880502],[-122.261357,37.879842],[-122.261073,37.879466]]}},{"type":"Feature","properties":{"kind":"trail","name":"Pinnacle Path","surface":"dirt"},"geometry":{"type":"LineString","coordinates":[[-122.262139,37.892699],[-122.261205,37.893169]]}},{"type":"Feature","properties":{"kind":"trail","name":"Oak Street Path"},"geometry":{"type":"LineString","coordinates":[[-122.262513,37.887624],[-122.262569,37.887665],[-122.26261,37.887996],[-122.262685,37.88803]]}},{"type":"Feature","properties":{"kind":"steps","name":"Acacia Steps"},"geometry":{"type":"LineString","coordinates":[[-122.269794,37.901047],[-122.269191,37.900685]]}},{"type":"Feature","properties":{"kind":"steps","name":"Rock Walk"},"geometry":{"type":"LineString","coordinates":[[-122.266598,37.89599],[-122.265926,37.895975]]}},{"type":"Feature","properties":{"kind":"steps","name":"Pine Path","surface":"concrete"},"geometry":{"type":"LineString","coordinates":[[-122.248704,37.859669],[-122.24869,37.859503]]}},{"type":"Feature","properties":{"kind":"road","name":"Claremont Boulevard","surface":"asphalt"},"geometry":{"type":"LineString","coordinates":[[-122.245763,37.86077],[-122.245498,37.860415],[-122.245367,37.859186]]}},{"type":"Feature","properties":{"kind":"road","name":"Dana Street","surface":"asphalt"},"geometry":{"type":"LineString","coordinates":[[-122.261464,37.868416],[-122.261275,37.867521]]}},{"type":"Feature","properties":{"kind":"road","name":"Dana Street","surface":"asphalt"},"geometry":{"type":"LineString","coordinates":[[-122.258797,37.855326],[-122.258779,37.855244]]}},{"type":"Feature","properties":{"kind":"road","name":"Hiller Drive"},"geometry":{"type":"LineString","coordinates":[[-122.227404,37.855373],[-122.227259,37.855209],[-122.226971,37.85458],[-122.226755,37.854345],[-122.226121,37.853854]]}},{"type":"Feature","properties":{"kind":"steps","name":"Florida Walk","surface":"concrete"},"geometry":{"type":"LineString","coordinates":[[-122.27281,37.900467],[-122.272651,37.90072]]}},{"type":"Feature","properties":{"kind":"road","name":"Campus Drive","surface":"asphalt"},"geometry":{"type":"LineString","coordinates":[[-122.254423,37.885542],[-122.254606,37.885753],[-122.254804,37.885895],[-122.254883,37.886139],[-122.254889,37.886989],[-122.254537,37.887657],[-122.254539,37.887752]]}},{"type":"Feature","properties":{"kind":"steps","name":"Le Roy Steps","surface":"concrete"},"geometry":{"type":"LineString","coordinates":[[-122.259044,37.878794],[-122.259038,37.878766]]}},{"type":"Feature","properties":{"kind":"steps","name":"Cedar Street Path","surface":"railway_sleepers"},"geometry":{"type":"LineString","coordinates":[[-122.257695,37.879626],[-122.257622,37.879679],[-122.257652,37.87989],[-122.257255,37.879908]]}},{"type":"Feature","properties":{"kind":"road","name":"Sutter Street","surface":"asphalt"},"geometry":{"type":"LineString","coordinates":[[-122.272407,37.888914],[-122.272395,37.888664]]}},{"type":"Feature","properties":{"kind":"road","name":"Sutter Street","surface":"asphalt"},"geometry":{"type":"LineString","coordinates":[[-122.272433,37.889566],[-122.27242,37.889129]]}},{"type":"Feature","properties":{"kind":"road","name":"Northbrae Tunnel","surface":"paved"},"geometry":{"type":"LineString","coordinates":[[-122.273281,37.890552],[-122.272644,37.890264],[-122.272505,37.890137],[-122.272461,37.890045],[-122.272433,37.889566]]}},{"type":"Feature","properties":{"kind":"road","name":"Shattuck Avenue","surface":"asphalt"},"geometry":{"type":"LineString","coordinates":[[-122.269533,37.882037],[-122.269528,37.881663],[-122.269552,37.881343]]}},{"type":"Feature","properties":{"kind":"road","name":"Stadium Rim Way"},"geometry":{"type":"LineString","coordinates":[[-122.252872,37.87295],[-122.253074,37.872935],[-122.253512,37.872709]]}},{"type":"Feature","properties":{"kind":"track","surface":"dirt"},"geometry":{"type":"LineString","coordinates":[[-122.236917,37.867618],[-122.236429,37.867444],[-122.236242,37.867484],[-122.236101,37.867648],[-122.235944,37.867995],[-122.235948,37.868327]]}},{"type":"Feature","properties":{"kind":"trail","surface":"dirt"},"geometry":{"type":"LineString","coordinates":[[-122.239541,37.869695],[-122.239685,37.869491],[-122.239695,37.869395],[-122.239651,37.869251],[-122.239459,37.869023]]}},{"type":"Feature","properties":{"kind":"trail","surface":"dirt"},"geometry":{"type":"LineString","coordinates":[[-122.23953,37.869791],[-122.239541,37.869695],[-122.239377,37.869366],[-122.239459,37.869023],[-122.239255,37.868725],[-122.239298,37.868539]]}},{"type":"Feature","properties":{"kind":"trail","surface":"dirt"},"geometry":{"type":"LineString","coordinates":[[-122.24252,37.86964],[-122.24283,37.869723],[-122.243028,37.869695],[-122.243097,37.869685]]}},{"type":"Feature","properties":{"kind":"trail","surface":"grass"},"geometry":{"type":"LineString","coordinates":[[-122.240617,37.869212],[-122.240777,37.86913]]}},{"type":"Feature","properties":{"kind":"track"},"geometry":{"type":"LineString","coordinates":[[-122.22074,37.876061],[-122.220888,37.87619],[-122.222407,37.876917],[-122.222818,37.876964],[-122.22365,37.87692]]}},{"type":"Feature","properties":{"kind":"steps","name":"The Short Cut"},"geometry":{"type":"LineString","coordinates":[[-122.241624,37.857721],[-122.241461,37.857735],[-122.241052,37.857999],[-122.240815,37.858082]]}},{"type":"Feature","properties":{"kind":"road","surface":"asphalt"},"geometry":{"type":"LineString","coordinates":[[-122.28257,37.857556],[-122.282362,37.857668]]}},{"type":"Feature","properties":{"kind":"road","name":"Ohlone Greenway","surface":"paved"},"geometry":{"type":"LineString","coordinates":[[-122.284772,37.874544],[-122.284855,37.8746]]}},{"type":"Feature","properties":{"kind":"trail","name":"Grant Street","surface":"asphalt"},"geometry":{"type":"LineString","coordinates":[[-122.275559,37.873004],[-122.275565,37.873076],[-122.27558,37.873237],[-122.275514,37.873369]]}},{"type":"Feature","properties":{"kind":"road","name":"California Street","surface":"concrete"},"geometry":{"type":"LineString","coordinates":[[-122.28004,37.872912],[-122.280107,37.872889],[-122.280092,37.872718],[-122.280005,37.872659]]}},{"type":"Feature","properties":{"kind":"trail","surface":"concrete"},"geometry":{"type":"LineString","coordinates":[[-122.280778,37.873022],[-122.280488,37.873218],[-122.280497,37.873291]]}},{"type":"Feature","properties":{"kind":"trail","surface":"asphalt"},"geometry":{"type":"LineString","coordinates":[[-122.28131,37.87319],[-122.2814,37.873087],[-122.281288,37.872889],[-122.281175,37.872829],[-122.280812,37.87283],[-122.28065,37.872876]]}},{"type":"Feature","properties":{"kind":"trail","name":"Francisco Street","surface":"asphalt"},"geometry":{"type":"LineString","coordinates":[[-122.284908,37.873659],[-122.284782,37.873604]]}},{"type":"Feature","properties":{"kind":"trail","name":"Short Street","surface":"concrete"},"geometry":{"type":"LineString","coordinates":[[-122.283434,37.87482],[-122.283441,37.8749],[-122.283379,37.874939]]}},{"type":"Feature","properties":{"kind":"trail"},"geometry":{"type":"LineString","coordinates":[[-122.252662,37.89908],[-122.252845,37.898999]]}},{"type":"Feature","properties":{"kind":"trail","name":"Upper Big Springs Canyon Trail"},"geometry":{"type":"LineString","coordinates":[[-122.236512,37.890343],[-122.236417,37.890406],[-122.236249,37.890403],[-122.234325,37.889894],[-122.233843,37.889981],[-122.233117,37.889884],[-122.232839,37.889899],[-122.232394,37.890163],[-122.232271,37.890324],[-122.232187,37.89035],[-122.231867,37.890242],[-122.231566,37.890207],[-122.230803,37.890415],[-122.230261,37.890649],[-122.2299,37.890506],[-122.229426,37.890473],[-122.229113,37.89057],[-122.228523,37.890903],[-122.228211,37.891151],[-122.228031,37.891116],[-122.228027,37.890959],[-122.22793,37.890839],[-122.227395,37.890564],[-122.227235,37.890596],[-122.22716,37.890687],[-122.227164,37.890752],[-122.227366,37.891104],[-122.227326,37.89154]]}},{"type":"Feature","properties":{"kind":"road","name":"Wildcat Canyon Road","surface":"asphalt"},"geometry":{"type":"LineString","coordinates":[[-122.248517,37.892989],[-122.249236,37.893079],[-122.249786,37.892773],[-122.249918,37.892769],[-122.250033,37.892908],[-122.250038,37.893175],[-122.250151,37.893349],[-122.251146,37.893874],[-122.251308,37.893893],[-122.251769,37.893598],[-122.251961,37.893521],[-122.252171,37.893511],[-122.252526,37.893659],[-122.252795,37.893702],[-122.252976,37.893785],[-122.253037,37.893868],[-122.253081,37.894028],[-122.253048,37.894171],[-122.252708,37.894539],[-122.252665,37.894695],[-122.252697,37.89509],[-122.252751,37.895264],[-122.253082,37.895567],[-122.253466,37.896055],[-122.253741,37.896177],[-122.254315,37.896164],[-122.254871,37.896335],[-122.255121,37.896273],[-122.255358,37.8961]]}},{"type":"Feature","properties":{"kind":"road","name":"Wildcat Canyon Road","surface":"asphalt"},"geometry":{"type":"LineString","coordinates":[[-122.260686,37.899656],[-122.260949,37.899709],[-122.261146,37.899962],[-122.261143,37.90058],[-122.261233,37.9014],[-122.261449,37.901505],[-122.262056,37.901574],[-122.262579,37.901844],[-122.26266,37.901916],[-122.2634,37.903208],[-122.263958,37.903705],[-122.264631,37.903786],[-122.264852,37.903899],[-122.265181,37.904224],[-122.26587,37.904406],[-122.267025,37.904499],[-122.267193,37.904484],[-122.267559,37.904307],[-122.267913,37.904081],[-122.268261,37.903954],[-122.268583,37.903962],[-122.26874,37.904016]]}},{"type":"Feature","properties":{"kind":"road","name":"Nimitz Way","surface":"asphalt"},"geometry":{"type":"LineString","coordinates":[[-122.262238,37.924079],[-122.261953,37.92389],[-122.261854,37.923697],[-122.261822,37.923511],[-122.261844,37.923371],[-122.262257,37.922813],[-122.262273,37.922711],[-122.261876,37.922275],[-122.261673,37.92182],[-122.261369,37.921575],[-122.260888,37.920966],[-122.259909,37.920585],[-122.259463,37.920187],[-122.257698,37.919554],[-122.257495,37.919533],[-122.257078,37.919568],[-122.256545,37.919921],[-122.256146,37.920015],[-122.254978,37.920017],[-122.254294,37.919855],[-122.254022,37.91969],[-122.253702,37.919227],[-122.253651,37.919078],[-122.253644,37.918807],[-122.253745,37.918644],[-122.253996,37.918477],[-122.254235,37.91818],[-122.254289,37.917942],[-122.254209,37.917718],[-122.253953,37.917537],[-122.25358,37.917378],[-122.253419,37.917222],[-122.253306,37.916621],[-122.252874,37.916132],[-122.252507,37.915936],[-122.251392,37.915544],[-122.251173,37.915352],[-122.2511,37.915138],[-122.251128,37.914974],[-122.251542,37.914232],[-122.251772,37.914085],[-122.252218,37.914024],[-122.252327,37.913883],[-122.252327,37.913725],[-122.252005,37.91326],[-122.251955,37.913001],[-122.252085,37.912857],[-122.252541,37.91261],[-122.252676,37.912485],[-122.252888,37.912056],[-122.253085,37.911777],[-122.253118,37.911686],[-122.253078,37.911547],[-122.252941,37.91146],[-122.252099,37.911335],[-122.251669,37.911224],[-122.251182,37.91124],[-122.250655,37.911054],[-122.249882,37.911179],[-122.249691,37.911154],[-122.249584,37.911086],[-122.249516,37.91098],[-122.249506,37.910493],[-122.249324,37.910172],[-122.249155,37.909983],[-122.248975,37.909868],[-122.248568,37.909849],[-122.248365,37.909786],[-122.24822,37.909624],[-122.248045,37.909303],[-122.247697,37.90897],[-122.247627,37.908839],[-122.247606,37.908686],[-122.247693,37.908052],[-122.247481,37.907057],[-122.247476,37.906619],[-122.24756,37.906165],[-122.24776,37.905797],[-122.247719,37.90563],[-122.246824,37.905378],[-122.246662,37.905286],[-122.246267,37.904864],[-122.246083,37.904753],[-122.245714,37.904714],[-122.244953,37.904879]]}},{"type":"Feature","properties":{"kind":"track","surface":"dirt"},"geometry":{"type":"LineString","coordinates":[[-122.217303,37.879768],[-122.217344,37.880035],[-122.217468,37.880724],[-122.217568,37.880827],[-122.218965,37.881376],[-122.219586,37.881889],[-122.219869,37.881973]]}},{"type":"Feature","properties":{"kind":"road","name":"Wildcat Canyon Road","surface":"asphalt"},"geometry":{"type":"LineString","coordinates":[[-122.248517,37.892989],[-122.248101,37.893013],[-122.24683,37.893302],[-122.24584,37.893267]]}},{"type":"Feature","properties":{"kind":"road","name":"Wildcat Canyon Road","surface":"asphalt"},"geometry":{"type":"LineString","coordinates":[[-122.242379,37.892957],[-122.242215,37.893229],[-122.242198,37.893375],[-122.242407,37.89376],[-122.242352,37.894085],[-122.24364,37.89524],[-122.243756,37.895427],[-122.243829,37.895758],[-122.244219,37.896613],[-122.244759,37.89678],[-122.245063,37.897028],[-122.245926,37.89699],[-122.246166,37.897062],[-122.246331,37.897238],[-122.246508,37.897592],[-122.24699,37.898076],[-122.247016,37.898102],[-122.247691,37.898778],[-122.24775,37.898948],[-122.247767,37.899491],[-122.247941,37.899645],[-122.248355,37.899744],[-122.249356,37.899585],[-122.249684,37.899697],[-122.250309,37.900638],[-122.250288,37.90079],[-122.250144,37.900976],[-122.249734,37.901255],[-122.248301,37.902047],[-122.247722,37.902464]]}},{"type":"Feature","properties":{"kind":"trail","name":"Grizzly Peak Trail","surface":"ground"},"geometry":{"type":"LineString","coordinates":[[-122.244816,37.883414],[-122.244388,37.882993],[-122.244197,37.882969],[-122.243771,37.88304],[-122.243494,37.883247],[-122.243213,37.883346],[-122.242354,37.883315],[-122.241969,37.883369],[-122.241239,37.883366],[-122.241026,37.883436],[-122.240887,37.883556],[-122.240856,37.883688],[-122.240943,37.884207],[-122.241297,37.884586],[-122.241324,37.884689],[-122.241225,37.884974],[-122.241023,37.8851],[-122.240922,37.885111],[-122.240178,37.885],[-122.239632,37.884736],[-122.239103,37.884743],[-122.238994,37.884707],[-122.238632,37.884258],[-122.238513,37.883877],[-122.23836,37.88377],[-122.238188,37.883801],[-122.237849,37.884089],[-122.237537,37.884181],[-122.236917,37.88423],[-122.236444,37.884459],[-122.23621,37.884403],[-122.236055,37.884039],[-122.23574,37.883602],[-122.235292,37.883557],[-122.234613,37.883647],[-122.23421,37.88338],[-122.233826,37.883417],[-122.233606,37.883361],[-122.233303,37.883506],[-122.233027,37.883493],[-122.232852,37.883411],[-122.23281,37.883345],[-122.232817,37.883054],[-122.232599,37.882891],[-122.23241,37.88265],[-122.231764,37.882361]]}},{"type":"Feature","properties":{"kind":"trail","name":"Grizzly Peak Trail","surface":"ground"},"geometry":{"type":"LineString","coordinates":[[-122.231764,37.882361],[-122.231571,37.882408],[-122.231189,37.88254],[-122.230247,37.882513],[-122.229907,37.882427],[-122.229298,37.882175],[-122.229084,37.882175],[-122.228939,37.882366],[-122.229321,37.882585],[-122.229309,37.882906],[-122.229196,37.883054],[-122.228915,37.883205]]}},{"type":"Feature","properties":{"kind":"track","surface":"gravel"},"geometry":{"type":"LineString","coordinates":[[-122.230584,37.884111],[-122.229392,37.883867],[-122.22926,37.883744],[-122.228915,37.883205]]}},{"type":"Feature","properties":{"kind":"trail","name":"Vollmer Peak Trail"},"geometry":{"type":"LineString","coordinates":[[-122.226502,37.883451],[-122.226737,37.883648],[-122.227151,37.883645],[-122.227439,37.883879],[-122.227802,37.884038],[-122.227938,37.884303],[-122.22792,37.884614],[-122.227768,37.884797],[-122.227358,37.885003],[-122.227354,37.885142],[-122.227498,37.885304],[-122.228329,37.885476],[-122.229111,37.886058],[-122.229941,37.886239],[-122.230454,37.886842],[-122.230655,37.887014],[-122.231312,37.887274],[-122.231692,37.887548],[-122.23236,37.887783],[-122.232719,37.887922],[-122.232959,37.888145],[-122.23296,37.888311],[-122.233066,37.888547],[-122.233423,37.888623],[-122.233694,37.888938],[-122.233533,37.889012],[-122.233447,37.889176],[-122.233058,37.889061],[-122.232998,37.889112],[-122.233692,37.889412],[-122.234057,37.889471],[-122.234296,37.889424]]}},{"type":"Feature","properties":{"kind":"trail","name":"Vollmer Peak Trail","surface":"ground"},"geometry":{"type":"LineString","coordinates":[[-122.223467,37.882413],[-122.223894,37.882876],[-122.224065,37.88299],[-122.224284,37.883331],[-122.224503,37.883462],[-122.224707,37.883828],[-122.225044,37.884021],[-122.225002,37.884166],[-122.224824,37.884341],[-122.225401,37.884998],[-122.225353,37.885133],[-122.225388,37.885272]]}},{"type":"Feature","properties":{"kind":"trail","name":"Lupine Trail","surface":"ground"},"geometry":{"type":"LineString","coordinates":[[-122.23236,37.887783],[-122.232233,37.887863],[-122.232029,37.887844],[-122.231429,37.887593],[-122.230971,37.887592],[-122.230407,37.887412],[-122.230124,37.887406],[-122.229876,37.887528],[-122.229687,37.887552],[-122.228841,37.887444],[-122.228019,37.887062],[-122.227823,37.887051],[-122.227561,37.886861],[-122.22744,37.886714],[-122.227293,37.886516],[-122.227247,37.886335],[-122.22701,37.886253],[-122.226411,37.885915],[-122.226385,37.885861],[-122.226032,37.885747]]}},{"type":"Feature","properties":{"kind":"trail","surface":"ground"},"geometry":{"type":"LineString","coordinates":[[-122.231615,37.881907],[-122.231519,37.882143],[-122.231571,37.882408]]}},{"type":"Feature","properties":{"kind":"trail","name":"Tower Trail","surface":"ground"},"geometry":{"type":"LineString","coordinates":[[-122.231774,37.881675],[-122.231672,37.881734],[-122.231615,37.881907],[-122.231639,37.882082],[-122.231764,37.882361]]}},{"type":"Feature","properties":{"kind":"track","name":"Vollmer Peak Trail"},"geometry":{"type":"LineString","coordinates":[[-122.226684,37.882923],[-122.226444,37.882905]]}},{"type":"Feature","properties":{"kind":"track","name":"Seaview Trail","surface":"asphalt"},"geometry":{"type":"LineString","coordinates":[[-122.222182,37.881464],[-122.222304,37.881885],[-122.22229,37.881962],[-122.222207,37.882053],[-122.222037,37.882064],[-122.221616,37.881587],[-122.221165,37.881244],[-122.221088,37.881109],[-122.221024,37.880766],[-122.220852,37.880686],[-122.220764,37.880727],[-122.220725,37.880895],[-122.220813,37.881203],[-122.220958,37.881438],[-122.221369,37.881917],[-122.221403,37.882072],[-122.221048,37.882867],[-122.220968,37.883534],[-122.220979,37.883671],[-122.22108,37.883852],[-122.221217,37.883988],[-122.222164,37.884492],[-122.222285,37.884545],[-122.223008,37.884767]]}},{"type":"Feature","properties":{"kind":"track","surface":"asphalt"},"geometry":{"type":"LineString","coordinates":[[-122.223008,37.884767],[-122.224058,37.884943],[-122.224296,37.884924],[-122.224379,37.884794],[-122.224318,37.884713],[-122.224126,37.884647],[-122.223944,37.884596],[-122.223466,37.884263],[-122.223236,37.884189],[-122.222554,37.884124],[-122.222393,37.884056],[-122.22225,37.883926]]}},{"type":"Feature","properties":{"kind":"track","name":"Redwood Trail","surface":"unpaved"},"geometry":{"type":"LineString","coordinates":[[-122.245477,37.883309],[-122.245187,37.883101],[-122.244388,37.882993],[-122.244136,37.883075],[-122.243865,37.883234],[-122.243608,37.883469],[-122.243253,37.883629],[-122.242713,37.883531],[-122.242261,37.883673],[-122.242005,37.883529],[-122.241857,37.88348],[-122.241586,37.883516],[-122.241317,37.883773],[-122.241287,37.883955],[-122.241604,37.884627],[-122.241612,37.884726],[-122.241412,37.885171],[-122.241056,37.885441],[-122.240752,37.885547],[-122.240422,37.885444],[-122.24002,37.885544],[-122.239885,37.885504],[-122.239663,37.885344],[-122.239501,37.885319],[-122.239358,37.885382],[-122.239039,37.885672],[-122.238601,37.885723],[-122.238434,37.885646],[-122.238289,37.885364],[-122.238147,37.885314],[-122.237972,37.885391],[-122.237442,37.885977],[-122.236775,37.886279]]}},{"type":"Feature","properties":{"kind":"road","name":"Wildcat Canyon Road","surface":"asphalt"},"geometry":{"type":"LineString","coordinates":[[-122.247722,37.902464],[-122.244621,37.904778]]}},{"type":"Feature","properties":{"kind":"trail","name":"Quarry Trail"},"geometry":{"type":"LineString","coordinates":[[-122.250144,37.900976],[-122.249609,37.900453],[-122.249502,37.900411],[-122.249247,37.900471],[-122.248886,37.900378],[-122.247152,37.900538],[-122.246175,37.900478],[-122.245192,37.900289],[-122.243932,37.899937],[-122.243023,37.899557],[-122.242975,37.899161],[-122.243007,37.898739],[-122.242727,37.898164],[-122.242747,37.89783],[-122.242485,37.896708],[-122.242427,37.896517],[-122.242408,37.895923],[-122.241915,37.895131],[-122.241617,37.894886],[-122.241165,37.894766],[-122.240902,37.894402],[-122.240545,37.894183],[-122.24054,37.894132],[-122.240683,37.893962],[-122.240717,37.893766],[-122.240757,37.893462],[-122.240713,37.89333],[-122.240548,37.893184],[-122.240334,37.89309],[-122.240301,37.893026],[-122.240367,37.89269],[-122.240314,37.892474],[-122.240366,37.892189],[-122.240291,37.891993],[-122.239603,37.891472],[-122.238922,37.891256],[-122.238624,37.891079],[-122.238211,37.890927],[-122.2377,37.890658],[-122.237339,37.890587]]}},{"type":"Feature","properties":{"kind":"trail","name":"Lower Big Springs Trail"},"geometry":{"type":"LineString","coordinates":[[-122.244838,37.902214],[-122.244565,37.90162],[-122.244384,37.901371],[-122.244088,37.901084],[-122.24388,37.900564],[-122.243459,37.900045],[-122.243023,37.899557],[-122.242787,37.899433],[-122.242086,37.898783],[-122.241902,37.898382],[-122.241854,37.898066],[-122.241776,37.897965],[-122.241502,37.897824],[-122.240938,37.897404],[-122.240578,37.897276],[-122.240234,37.897053],[-122.240027,37.896746],[-122.239689,37.896519],[-122.239677,37.896301],[-122.239546,37.895579],[-122.239294,37.895376],[-122.239183,37.895133],[-122.238887,37.894749],[-122.238976,37.894402],[-122.238915,37.893884],[-122.23879,37.893488],[-122.238918,37.892745],[-122.23884,37.892617],[-122.238371,37.892357],[-122.238389,37.891863],[-122.237881,37.891068],[-122.237649,37.890762],[-122.237339,37.890587],[-122.236836,37.890371]]}},{"type":"Feature","properties":{"kind":"trail"},"geometry":{"type":"LineString","coordinates":[[-122.232464,37.870399],[-122.232548,37.870246]]}},{"type":"Feature","properties":{"kind":"trail"},"geometry":{"type":"LineString","coordinates":[[-122.232464,37.870399],[-122.232412,37.870337]]}},{"type":"Feature","properties":{"kind":"trail"},"geometry":{"type":"LineString","coordinates":[[-122.232912,37.869524],[-122.232875,37.869276]]}},{"type":"Feature","properties":{"kind":"trail"},"geometry":{"type":"LineString","coordinates":[[-122.221442,37.877318],[-122.221028,37.876943],[-122.220893,37.87693],[-122.220606,37.876772],[-122.220574,37.876671],[-122.220656,37.876399],[-122.220888,37.87619]]}},{"type":"Feature","properties":{"kind":"steps","surface":"dirt"},"geometry":{"type":"LineString","coordinates":[[-122.242994,37.869812],[-122.243087,37.869879],[-122.243129,37.869914]]}},{"type":"Feature","properties":{"kind":"trail"},"geometry":{"type":"LineString","coordinates":[[-122.226052,37.879394],[-122.226364,37.87936],[-122.226577,37.879394],[-122.226949,37.879489],[-122.227736,37.879796],[-122.227843,37.879851],[-122.227848,37.879942]]}},{"type":"Feature","properties":{"kind":"road","name":"Fish Ranch Road","surface":"asphalt"},"geometry":{"type":"LineString","coordinates":[[-122.211174,37.861339],[-122.211673,37.86134],[-122.21257,37.8617],[-122.213374,37.861866],[-122.214112,37.862375],[-122.215708,37.863282],[-122.216215,37.863532],[-122.216944,37.86381],[-122.217176,37.863993],[-122.217262,37.864129],[-122.21745,37.864664],[-122.217974,37.865369],[-122.218392,37.866171],[-122.218475,37.866419],[-122.218465,37.866807],[-122.218362,37.86714],[-122.217915,37.867906],[-122.217862,37.868358]]}},{"type":"Feature","properties":{"kind":"track","name":"Mineral Springs Trail"},"geometry":{"type":"LineString","coordinates":[[-122.247124,37.897683],[-122.247088,37.897913],[-122.24699,37.898076]]}},{"type":"Feature","properties":{"kind":"road","name":"Deakin Street"},"geometry":{"type":"LineString","coordinates":[[-122.262358,37.855836],[-122.262378,37.855952]]}},{"type":"Feature","properties":{"kind":"trail","name":"Summit House Trail","surface":"dirt"},"geometry":{"type":"LineString","coordinates":[[-122.225816,37.869888],[-122.225104,37.87005],[-122.224852,37.870166],[-122.223191,37.869819],[-122.222921,37.869705],[-122.222376,37.869684],[-122.221748,37.86958]]}},{"type":"Feature","properties":{"kind":"trail"},"geometry":{"type":"LineString","coordinates":[[-122.221748,37.86958],[-122.22185,37.869163],[-122.222,37.868874],[-122.222221,37.868606],[-122.221975,37.868452],[-122.221797,37.868261],[-122.221579,37.86825]]}},{"type":"Feature","properties":{"kind":"steps"},"geometry":{"type":"LineString","coordinates":[[-122.225091,37.870013],[-122.225151,37.869854]]}},{"type":"Feature","properties":{"kind":"trail","name":"Summit House Trail","surface":"ground"},"geometry":{"type":"LineString","coordinates":[[-122.221748,37.86958],[-122.221266,37.869702],[-122.220911,37.869701],[-122.220608,37.869584],[-122.220095,37.869554],[-122.21976,37.869273],[-122.219667,37.869253],[-122.2194,37.869055],[-122.218763,37.86896],[-122.21863,37.868858],[-122.218481,37.868828],[-122.218306,37.86886],[-122.218242,37.868826],[-122.218206,37.86861],[-122.218085,37.868555],[-122.218063,37.868498],[-122.217866,37.868471]]}},{"type":"Feature","properties":{"kind":"trail","name":"Gwin Canyon Trail","surface":"ground"},"geometry":{"type":"LineString","coordinates":[[-122.22437,37.862792],[-122.224277,37.863014],[-122.224169,37.863266],[-122.224135,37.86372],[-122.224239,37.864083],[-122.224236,37.86424],[-122.224031,37.864401],[-122.223572,37.864601],[-122.223752,37.864848],[-122.223831,37.865257]]}},{"type":"Feature","properties":{"kind":"track"},"geometry":{"type":"LineString","coordinates":[[-122.240633,37.881261],[-122.240729,37.881092],[-122.240751,37.880864],[-122.24053,37.879697]]}},{"type":"Feature","properties":{"kind":"track"},"geometry":{"type":"LineString","coordinates":[[-122.23462,37.878912],[-122.234942,37.878142],[-122.235072,37.877935],[-122.235232,37.877809],[-122.235515,37.877716]]}},{"type":"Feature","properties":{"kind":"road","name":"Russell Street","surface":"concrete"},"geometry":{"type":"LineString","coordinates":[[-122.253865,37.858399],[-122.25364,37.858422]]}},{"type":"Feature","properties":{"kind":"road","name":"Russell Street","surface":"asphalt"},"geometry":{"type":"LineString","coordinates":[[-122.251185,37.858619],[-122.25073,37.858618]]}},{"type":"Feature","properties":{"kind":"road","name":"Hiller Drive","surface":"asphalt"},"geometry":{"type":"LineString","coordinates":[[-122.233335,37.852458],[-122.233396,37.852599],[-122.233396,37.852808],[-122.233316,37.852982],[-122.233195,37.853104],[-122.230228,37.854402],[-122.229962,37.854613],[-122.229445,37.855234],[-122.229043,37.85549],[-122.228619,37.855623],[-122.228145,37.855651],[-122.227669,37.855542],[-122.227404,37.855373]]}},{"type":"Feature","properties":{"kind":"road","name":"Arlington Avenue","surface":"asphalt"},"geometry":{"type":"LineString","coordinates":[[-122.274683,37.894252],[-122.275035,37.894931],[-122.275408,37.895844],[-122.275625,37.896511],[-122.275771,37.897214],[-122.275915,37.897368],[-122.27645,37.897639],[-122.276615,37.897798],[-122.276657,37.897948],[-122.276523,37.898579],[-122.276594,37.898803],[-122.276728,37.898942],[-122.277401,37.899303],[-122.277629,37.899641],[-122.277655,37.899787],[-122.277615,37.900052],[-122.277017,37.900911],[-122.276613,37.901445],[-122.276432,37.901742],[-122.276432,37.902042],[-122.276525,37.902257],[-122.276679,37.902429],[-122.277829,37.902934],[-122.278019,37.903339]]}},{"type":"Feature","properties":{"kind":"road","name":"Shasta Road","surface":"asphalt"},"geometry":{"type":"LineString","coordinates":[[-122.24569,37.893066],[-122.245592,37.893209]]}},{"type":"Feature","properties":{"kind":"trail","name":"Memory Trail","surface":"ground"},"geometry":{"type":"LineString","coordinates":[[-122.265196,37.909018],[-122.265401,37.909011],[-122.265409,37.908819],[-122.266187,37.908994],[-122.265713,37.908416],[-122.266057,37.908504],[-122.265688,37.908184],[-122.265315,37.907745],[-122.265025,37.907631],[-122.264727,37.907652],[-122.26456,37.907538],[-122.264472,37.90731],[-122.264508,37.907113],[-122.264601,37.90705],[-122.264738,37.907036],[-122.265271,37.907139],[-122.265555,37.907132],[-122.266138,37.906735],[-122.266587,37.906618],[-122.266679,37.906555],[-122.266755,37.906295],[-122.26718,37.906221],[-122.267304,37.906097],[-122.267353,37.905964],[-122.267295,37.905915],[-122.2673,37.905822],[-122.267528,37.905753],[-122.267601,37.905667],[-122.267621,37.90554],[-122.267001,37.905483],[-122.266861,37.905376],[-122.266788,37.905095],[-122.266517,37.904841],[-122.266736,37.904672]]}},{"type":"Feature","properties":{"kind":"trail","name":"Selby Trail","surface":"ground"},"geometry":{"type":"LineString","coordinates":[[-122.267559,37.904307],[-122.267622,37.904376],[-122.267579,37.904492],[-122.26717,37.904726],[-122.266968,37.904743],[-122.266736,37.904672],[-122.266384,37.904616],[-122.26603,37.904764],[-122.265612,37.904739],[-122.265314,37.905331],[-122.264906,37.905352],[-122.264729,37.905285],[-122.264629,37.905161],[-122.264605,37.904709],[-122.264133,37.904355],[-122.263964,37.904349],[-122.26378,37.904273],[-122.263594,37.903903],[-122.263347,37.903719],[-122.262945,37.903253],[-122.262878,37.903054],[-122.26272,37.90294],[-122.262591,37.902724],[-122.262323,37.902478],[-122.262287,37.902254],[-122.262191,37.902101],[-122.261981,37.901975],[-122.261733,37.901946],[-122.260966,37.902023],[-122.260789,37.901999],[-122.260684,37.901908],[-122.260631,37.901784],[-122.260649,37.901203],[-122.260563,37.901101],[-122.260591,37.901017],[-122.260512,37.900676],[-122.260292,37.900499],[-122.260223,37.900385],[-122.260123,37.900362],[-122.259603,37.900438],[-122.259455,37.900412]]}},{"type":"Feature","properties":{"kind":"trail","name":"Lake Anza Trail","surface":"dirt"},"geometry":{"type":"LineString","coordinates":[[-122.248372,37.895323],[-122.248587,37.895362],[-122.248769,37.89531],[-122.248878,37.895233],[-122.248925,37.895048],[-122.24915,37.894815],[-122.249271,37.894732],[-122.249521,37.89474],[-122.24969,37.894779],[-122.250148,37.895084],[-122.250555,37.895059],[-122.250759,37.895098],[-122.250809,37.895081],[-122.250904,37.894893],[-122.251057,37.894807],[-122.251529,37.894736]]}},{"type":"Feature","properties":{"kind":"trail","name":"Selby Trail"},"geometry":{"type":"LineString","coordinates":[[-122.256005,37.89703],[-122.255897,37.896922],[-122.255772,37.896642],[-122.255657,37.896587],[-122.255489,37.896595],[-122.255179,37.8968],[-122.25462,37.896654],[-122.254046,37.896574],[-122.253049,37.896287],[-122.252593,37.895967],[-122.251872,37.895003],[-122.251673,37.894803],[-122.251529,37.894736]]}},{"type":"Feature","properties":{"kind":"trail","surface":"dirt"},"geometry":{"type":"LineString","coordinates":[[-122.257666,37.900595],[-122.258364,37.900306],[-122.258696,37.900246],[-122.259078,37.900262],[-122.259455,37.900412]]}},{"type":"Feature","properties":{"kind":"trail","name":"Selby Trail"},"geometry":{"type":"LineString","coordinates":[[-122.259455,37.900412],[-122.25939,37.900286],[-122.259082,37.900024],[-122.258951,37.899845],[-122.258781,37.899726],[-122.258542,37.89965],[-122.257905,37.899605],[-122.257535,37.899679],[-122.257209,37.89987],[-122.256826,37.899909],[-122.256615,37.899851],[-122.25642,37.899723],[-122.256339,37.899517],[-122.256195,37.899362],[-122.255953,37.898756],[-122.255735,37.898552],[-122.255719,37.898488],[-122.255798,37.89824],[-122.256005,37.897979],[-122.256127,37.897733],[-122.256096,37.89719],[-122.256005,37.89703]]}},{"type":"Feature","properties":{"kind":"trail","surface":"compacted"},"geometry":{"type":"LineString","coordinates":[[-122.252593,37.895967],[-122.252303,37.895918]]}},{"type":"Feature","properties":{"kind":"trail","name":"Skyline Trail","surface":"dirt"},"geometry":{"type":"LineString","coordinates":[[-122.218392,37.866171],[-122.218462,37.866056],[-122.21844,37.865804],[-122.2185,37.865626],[-122.218233,37.865203],[-122.218201,37.865048],[-122.218085,37.864925],[-122.218017,37.864665],[-122.217689,37.864138],[-122.217596,37.863778],[-122.217636,37.863687],[-122.217536,37.86352],[-122.217123,37.863392],[-122.216566,37.862986],[-122.216236,37.862658],[-122.215885,37.862569],[-122.215737,37.86245],[-122.215093,37.861866],[-122.214734,37.861463],[-122.214631,37.86133],[-122.214542,37.86101],[-122.214451,37.86093],[-122.213852,37.860565],[-122.213039,37.860449],[-122.212982,37.860403],[-122.212943,37.859962],[-122.212795,37.859886],[-122.212143,37.85999],[-122.210845,37.860329],[-122.210526,37.86028],[-122.210416,37.860185],[-122.210213,37.8598],[-122.209793,37.859468],[-122.209672,37.859434],[-122.209509,37.859264],[-122.209158,37.858539],[-122.209201,37.858351],[-122.20917,37.858278],[-122.208442,37.857399],[-122.208179,37.856977],[-122.207839,37.856667],[-122.207358,37.85642],[-122.20733,37.856361]]}},{"type":"Feature","properties":{"kind":"trail","name":"Skyline Trail","surface":"dirt"},"geometry":{"type":"LineString","coordinates":[[-122.220842,37.875698],[-122.220829,37.875532],[-122.220742,37.875368],[-122.220602,37.875202],[-122.220235,37.875008],[-122.220011,37.874765],[-122.219307,37.874275],[-122.218929,37.873658],[-122.218155,37.873311],[-122.217916,37.873085],[-122.217128,37.872514],[-122.217041,37.872417],[-122.216966,37.872182],[-122.217011,37.872067],[-122.21715,37.871943],[-122.217151,37.871864],[-122.217028,37.871684],[-122.216971,37.871341],[-122.216852,37.871137],[-122.21651,37.870845],[-122.21616,37.870296],[-122.215588,37.869723],[-122.215471,37.869398],[-122.215174,37.869171],[-122.215256,37.869115],[-122.215764,37.869258],[-122.215963,37.869395],[-122.216109,37.869391],[-122.216063,37.869052],[-122.216108,37.868928],[-122.216466,37.868681],[-122.216298,37.868544],[-122.216111,37.868533],[-122.216138,37.868434],[-122.216041,37.868377],[-122.215959,37.868171],[-122.215978,37.868004],[-122.216556,37.867357],[-122.21671,37.867292],[-122.216835,37.867306],[-122.216917,37.867482],[-122.217227,37.867777],[-122.217575,37.867823],[-122.217784,37.867682],[-122.218123,37.867153],[-122.218163,37.866463],[-122.218266,37.866387],[-122.218328,37.866219],[-122.218392,37.866171]]}},{"type":"Feature","properties":{"kind":"trail","surface":"ground"},"geometry":{"type":"LineString","coordinates":[[-122.247722,37.902464],[-122.247838,37.902551],[-122.247829,37.902593],[-122.247641,37.902715],[-122.247233,37.903186],[-122.247064,37.90352],[-122.247077,37.903684]]}},{"type":"Feature","properties":{"kind":"trail","name":"Curran Trail","surface":"dirt"},"geometry":{"type":"LineString","coordinates":[[-122.247077,37.903684],[-122.247259,37.903463],[-122.247638,37.90322],[-122.248427,37.902877],[-122.248564,37.902652],[-122.248757,37.902462],[-122.249068,37.90228],[-122.249597,37.902061],[-122.250863,37.901935],[-122.251541,37.901748],[-122.251744,37.901871],[-122.252144,37.901995],[-122.25262,37.902045],[-122.252758,37.901937],[-122.252747,37.901794],[-122.252644,37.90173],[-122.25251,37.901448],[-122.252534,37.900923],[-122.252463,37.900539],[-122.252612,37.900078],[-122.252614,37.899833],[-122.252464,37.899369],[-122.252492,37.899227],[-122.252653,37.898967]]}},{"type":"Feature","properties":{"kind":"road","name":"Oxford Street","surface":"asphalt"},"geometry":{"type":"LineString","coordinates":[[-122.266177,37.868719],[-122.266167,37.868907],[-122.265836,37.869484]]}},{"type":"Feature","properties":{"kind":"road","name":"Oxford Street","surface":"concrete"},"geometry":{"type":"LineString","coordinates":[[-122.267083,37.880516],[-122.266875,37.87871],[-122.26667,37.876889]]}},{"type":"Feature","properties":{"kind":"road","name":"Bancroft Way","surface":"asphalt"},"geometry":{"type":"LineString","coordinates":[[-122.252188,37.869602],[-122.25231,37.869594]]}},{"type":"Feature","properties":{"kind":"road","name":"Durant Avenue","surface":"asphalt"},"geometry":{"type":"LineString","coordinates":[[-122.267621,37.8667],[-122.266183,37.866888]]}},{"type":"Feature","properties":{"kind":"road","name":"Bancroft Way","surface":"asphalt"},"geometry":{"type":"LineString","coordinates":[[-122.254608,37.869298],[-122.255489,37.869184],[-122.25608,37.869106],[-122.258351,37.868813]]}},{"type":"Feature","properties":{"kind":"road","name":"Durant Avenue","surface":"asphalt"},"geometry":{"type":"LineString","coordinates":[[-122.254443,37.868338],[-122.253396,37.868452],[-122.252601,37.868632]]}},{"type":"Feature","properties":{"kind":"road","name":"Dwight Way","surface":"asphalt"},"geometry":{"type":"LineString","coordinates":[[-122.272073,37.863365],[-122.269849,37.863658]]}},{"type":"Feature","properties":{"kind":"road","name":"Warring Street","surface":"asphalt"},"geometry":{"type":"LineString","coordinates":[[-122.250526,37.865558],[-122.250411,37.865313],[-122.250309,37.864221]]}},{"type":"Feature","properties":{"kind":"road","name":"Derby Street","surface":"asphalt"},"geometry":{"type":"LineString","coordinates":[[-122.250125,37.862323],[-122.249834,37.862338]]}},{"type":"Feature","properties":{"kind":"road","name":"Telegraph Avenue","surface":"asphalt"},"geometry":{"type":"LineString","coordinates":[[-122.258696,37.86497],[-122.258614,37.864891],[-122.258563,37.864696]]}},{"type":"Feature","properties":{"kind":"road","name":"Hearst Avenue","surface":"asphalt"},"geometry":{"type":"LineString","coordinates":[[-122.273215,37.873338],[-122.272955,37.873394],[-122.271856,37.873485],[-122.271361,37.873553],[-122.271142,37.873582],[-122.270918,37.87361]]}},{"type":"Feature","properties":{"kind":"trail","name":"Grinnell Pathway","surface":"asphalt"},"geometry":{"type":"LineString","coordinates":[[-122.26531,37.870691],[-122.264967,37.870695]]}},{"type":"Feature","properties":{"kind":"road","name":"Shattuck Avenue","surface":"asphalt"},"geometry":{"type":"LineString","coordinates":[[-122.268498,37.873028],[-122.268455,37.873155],[-122.268491,37.873464]]}},{"type":"Feature","properties":{"kind":"road","name":"The Alameda","surface":"asphalt"},"geometry":{"type":"LineString","coordinates":[[-122.277097,37.891454],[-122.277021,37.891123]]}},{"type":"Feature","properties":{"kind":"road","name":"Solano Avenue","surface":"paved"},"geometry":{"type":"LineString","coordinates":[[-122.288765,37.890844],[-122.283208,37.891159],[-122.282538,37.891196]]}},{"type":"Feature","properties":{"kind":"road","name":"Gilman Street","surface":"asphalt"},"geometry":{"type":"LineString","coordinates":[[-122.290547,37.881551],[-122.284785,37.880182]]}},{"type":"Feature","properties":{"kind":"road","name":"South Drive","surface":"asphalt"},"geometry":{"type":"LineString","coordinates":[[-122.258773,37.870929],[-122.259031,37.87085],[-122.25919,37.870818],[-122.259373,37.870781],[-122.259619,37.870731]]}},{"type":"Feature","properties":{"kind":"trail"},"geometry":{"type":"LineString","coordinates":[[-122.261754,37.870193],[-122.261418,37.870006]]}},{"type":"Feature","properties":{"kind":"trail","surface":"asphalt"},"geometry":{"type":"LineString","coordinates":[[-122.260172,37.872377],[-122.260381,37.872291],[-122.260648,37.872191],[-122.260924,37.872141],[-122.261213,37.872094],[-122.261618,37.872202],[-122.261866,37.872199],[-122.261994,37.87217],[-122.262009,37.872166],[-122.262774,37.871964],[-122.26318,37.871991],[-122.263404,37.872034]]}},{"type":"Feature","properties":{"kind":"trail","name":"Harmon Way","surface":"asphalt"},"geometry":{"type":"LineString","coordinates":[[-122.261213,37.872094],[-122.261049,37.871879],[-122.261047,37.871825],[-122.261023,37.871746],[-122.260985,37.87165],[-122.260908,37.871496],[-122.260875,37.871339]]}},{"type":"Feature","properties":{"kind":"trail","surface":"asphalt"},"geometry":{"type":"LineString","coordinates":[[-122.261618,37.872202],[-122.261736,37.872432],[-122.261733,37.872521],[-122.261645,37.872671]]}},{"type":"Feature","properties":{"kind":"road","name":"Hearst Avenue","surface":"asphalt"},"geometry":{"type":"LineString","coordinates":[[-122.260805,37.874991],[-122.260993,37.875006],[-122.263498,37.874678]]}},{"type":"Feature","properties":{"kind":"road","name":"Hearst Avenue","surface":"asphalt"},"geometry":{"type":"LineString","coordinates":[[-122.260616,37.875019],[-122.260158,37.875084]]}},{"type":"Feature","properties":{"kind":"road","name":"Hearst Avenue","surface":"asphalt"},"geometry":{"type":"LineString","coordinates":[[-122.26384,37.87461],[-122.263748,37.874579]]}},{"type":"Feature","properties":{"kind":"trail"},"geometry":{"type":"LineString","coordinates":[[-122.265135,37.873602],[-122.265053,37.873607]]}},{"type":"Feature","properties":{"kind":"trail"},"geometry":{"type":"LineString","coordinates":[[-122.265135,37.873602],[-122.265201,37.873598]]}},{"type":"Feature","properties":{"kind":"trail","surface":"concrete"},"geometry":{"type":"LineString","coordinates":[[-122.263675,37.872759],[-122.263644,37.872772],[-122.263488,37.87268],[-122.263045,37.872672]]}},{"type":"Feature","properties":{"kind":"trail","surface":"asphalt"},"geometry":{"type":"LineString","coordinates":[[-122.2613,37.873496],[-122.26113,37.873274]]}},{"type":"Feature","properties":{"kind":"road","surface":"paved"},"geometry":{"type":"LineString","coordinates":[[-122.257507,37.871968],[-122.257513,37.871984],[-122.257549,37.872078],[-122.257566,37.872122],[-122.257641,37.87232]]}},{"type":"Feature","properties":{"kind":"trail"},"geometry":{"type":"LineString","coordinates":[[-122.256105,37.871094],[-122.25614,37.871261],[-122.256179,37.871341],[-122.256197,37.871376]]}},{"type":"Feature","properties":{"kind":"trail"},"geometry":{"type":"LineString","coordinates":[[-122.256701,37.871078],[-122.256954,37.870909],[-122.257107,37.870887],[-122.257295,37.870887]]}},{"type":"Feature","properties":{"kind":"steps","surface":"paving_stones"},"geometry":{"type":"LineString","coordinates":[[-122.257817,37.871287],[-122.25787,37.871268]]}},{"type":"Feature","properties":{"kind":"trail","surface":"paved"},"geometry":{"type":"LineString","coordinates":[[-122.257451,37.871821],[-122.257352,37.871742]]}},{"type":"Feature","properties":{"kind":"trail"},"geometry":{"type":"LineString","coordinates":[[-122.256966,37.871325],[-122.257017,37.871345],[-122.257118,37.871359]]}},{"type":"Feature","properties":{"kind":"road","name":"Arlington Avenue","surface":"asphalt"},"geometry":{"type":"LineString","coordinates":[[-122.27225,37.890628],[-122.272333,37.890778],[-122.272585,37.891002],[-122.273011,37.891219],[-122.273428,37.891488],[-122.273994,37.891977],[-122.274458,37.892556],[-122.274667,37.892947],[-122.274696,37.89313],[-122.274647,37.893366],[-122.274482,37.893735]]}},{"type":"Feature","properties":{"kind":"road","name":"Arlington Avenue","surface":"asphalt"},"geometry":{"type":"LineString","coordinates":[[-122.272326,37.890283],[-122.27225,37.890628]]}},{"type":"Feature","properties":{"kind":"road","name":"Milvia Street","surface":"asphalt"},"geometry":{"type":"LineString","coordinates":[[-122.272928,37.885708],[-122.272768,37.885701]]}},{"type":"Feature","properties":{"kind":"road","name":"Shattuck Avenue","surface":"asphalt"},"geometry":{"type":"LineString","coordinates":[[-122.26842,37.872192],[-122.268498,37.873028]]}},{"type":"Feature","properties":{"kind":"road","name":"Shattuck Avenue","surface":"asphalt"},"geometry":{"type":"LineString","coordinates":[[-122.269373,37.880224],[-122.269223,37.878908]]}},{"type":"Feature","properties":{"kind":"road","name":"Shattuck Avenue","surface":"asphalt"},"geometry":{"type":"LineString","coordinates":[[-122.269377,37.881203],[-122.26946,37.881909]]}},{"type":"Feature","properties":{"kind":"road","name":"Shattuck Place","surface":"asphalt"},"geometry":{"type":"LineString","coordinates":[[-122.270753,37.882143],[-122.270511,37.881915]]}},{"type":"Feature","properties":{"kind":"road","name":"Sutter Street","surface":"asphalt"},"geometry":{"type":"LineString","coordinates":[[-122.271216,37.885484],[-122.271374,37.885822],[-122.271478,37.885899]]}},{"type":"Feature","properties":{"kind":"road","name":"Henry Street","surface":"asphalt"},"geometry":{"type":"LineString","coordinates":[[-122.271314,37.885471],[-122.271303,37.885432],[-122.27107,37.883674]]}},{"type":"Feature","properties":{"kind":"road","name":"Sutter Street","surface":"asphalt"},"geometry":{"type":"LineString","coordinates":[[-122.271478,37.885899],[-122.271314,37.885471]]}},{"type":"Feature","properties":{"kind":"road","name":"Oxford Street","surface":"asphalt"},"geometry":{"type":"LineString","coordinates":[[-122.266153,37.872397],[-122.266046,37.871462]]}},{"type":"Feature","properties":{"kind":"road","name":"Fulton Street","surface":"asphalt"},"geometry":{"type":"LineString","coordinates":[[-122.266264,37.868708],[-122.26604,37.8681]]}},{"type":"Feature","properties":{"kind":"road","name":"Arlington Avenue","surface":"asphalt"},"geometry":{"type":"LineString","coordinates":[[-122.275073,37.894731],[-122.27489,37.894442]]}},{"type":"Feature","properties":{"kind":"road","name":"Marin Avenue","surface":"asphalt"},"geometry":{"type":"LineString","coordinates":[[-122.274964,37.88922],[-122.272993,37.889818]]}},{"type":"Feature","properties":{"kind":"road","name":"Marin Avenue","surface":"asphalt"},"geometry":{"type":"LineString","coordinates":[[-122.275074,37.889189],[-122.275223,37.889183],[-122.275949,37.888949]]}},{"type":"Feature","properties":{"kind":"road","name":"Marin Avenue","surface":"asphalt"},"geometry":{"type":"LineString","coordinates":[[-122.275949,37.888949],[-122.275515,37.888926]]}},{"type":"Feature","properties":{"kind":"road","name":"Marin Avenue","surface":"asphalt"},"geometry":{"type":"LineString","coordinates":[[-122.275515,37.888926],[-122.275074,37.889189]]}},{"type":"Feature","properties":{"kind":"road","name":"Sacramento Street","surface":"asphalt"},"geometry":{"type":"LineString","coordinates":[[-122.281894,37.870473],[-122.28192,37.870722],[-122.282134,37.872624]]}},{"type":"Feature","properties":{"kind":"road","name":"Sacramento Street","surface":"paved"},"geometry":{"type":"LineString","coordinates":[[-122.282983,37.878918],[-122.282807,37.87726],[-122.282792,37.877119]]}},{"type":"Feature","properties":{"kind":"road","name":"Ohlone Greenway","surface":"concrete"},"geometry":{"type":"LineString","coordinates":[[-122.282047,37.873102],[-122.281677,37.873057],[-122.2814,37.873087],[-122.281034,37.873115],[-122.280778,37.873022],[-122.28065,37.872876],[-122.280551,37.872783],[-122.2803,37.872673],[-122.280005,37.872659]]}},{"type":"Feature","properties":{"kind":"trail","name":"McGee Avenue","surface":"concrete"},"geometry":{"type":"LineString","coordinates":[[-122.277812,37.872711],[-122.27782,37.872782],[-122.277844,37.873007],[-122.277772,37.873095]]}},{"type":"Feature","properties":{"kind":"trail","name":"Bonita Avenue","surface":"paved"},"geometry":{"type":"LineString","coordinates":[[-122.272134,37.873855],[-122.272121,37.87373]]}},{"type":"Feature","properties":{"kind":"road","name":"University Avenue","surface":"asphalt"},"geometry":{"type":"LineString","coordinates":[[-122.27529,37.871323],[-122.279253,37.870813]]}},{"type":"Feature","properties":{"kind":"road","name":"University Avenue","surface":"asphalt"},"geometry":{"type":"LineString","coordinates":[[-122.273015,37.871563],[-122.272476,37.871629]]}},{"type":"Feature","properties":{"kind":"road","name":"University Avenue","surface":"asphalt"},"geometry":{"type":"LineString","coordinates":[[-122.266162,37.872473],[-122.267222,37.872346]]}},{"type":"Feature","properties":{"kind":"road","name":"Bonita Avenue","surface":"concrete"},"geometry":{"type":"LineString","coordinates":[[-122.271992,37.872543],[-122.271972,37.87237]]}},{"type":"Feature","properties":{"kind":"road","name":"Cedar Street","surface":"paved"},"geometry":{"type":"LineString","coordinates":[[-122.287577,37.876116],[-122.282746,37.876687]]}},{"type":"Feature","properties":{"kind":"road","name":"Shattuck Avenue","surface":"asphalt"},"geometry":{"type":"LineString","coordinates":[[-122.267032,37.859708],[-122.267013,37.860015]]}},{"type":"Feature","properties":{"kind":"road","name":"Sacramento Street","surface":"asphalt"},"geometry":{"type":"LineString","coordinates":[[-122.282035,37.870458],[-122.282029,37.870346]]}},{"type":"Feature","properties":{"kind":"road","name":"La Loma Avenue","surface":"concrete"},"geometry":{"type":"LineString","coordinates":[[-122.256451,37.884127],[-122.256814,37.883979],[-122.257063,37.883745],[-122.257499,37.88361]]}},{"type":"Feature","properties":{"kind":"road","surface":"concrete"},"geometry":{"type":"LineString","coordinates":[[-122.266181,37.873759],[-122.266036,37.873987],[-122.265773,37.874126]]}},{"type":"Feature","properties":{"kind":"road","name":"Channing Way","surface":"asphalt"},"geometry":{"type":"LineString","coordinates":[[-122.275698,37.864708],[-122.275788,37.864762]]}},{"type":"Feature","properties":{"kind":"track","surface":"asphalt"},"geometry":{"type":"LineString","coordinates":[[-122.245045,37.869608],[-122.245033,37.869451]]}},{"type":"Feature","properties":{"kind":"track","name":"Lower Jordan Fire Trail","surface":"dirt"},"geometry":{"type":"LineString","coordinates":[[-122.245045,37.869608],[-122.245105,37.869762],[-122.245035,37.869945],[-122.244369,37.870466],[-122.244077,37.870932],[-122.244028,37.871034],[-122.243901,37.871196],[-122.24345,37.871233],[-122.242728,37.870917],[-122.242489,37.87104],[-122.242384,37.871249],[-122.242292,37.871331],[-122.242035,37.871331],[-122.241749,37.871454],[-122.241412,37.871514],[-122.240793,37.871508],[-122.240649,37.871422],[-122.240545,37.871198],[-122.240451,37.871151],[-122.240348,37.871176],[-122.240016,37.871488],[-122.239899,37.87153],[-122.239469,37.871467],[-122.238838,37.871197],[-122.238725,37.871201],[-122.23871,37.871328],[-122.238816,37.871501],[-122.238833,37.87167],[-122.238592,37.872026],[-122.238579,37.872067],[-122.238289,37.872237],[-122.238066,37.872299],[-122.237836,37.872371],[-122.237796,37.872456],[-122.237828,37.872504],[-122.2381,37.872633],[-122.238554,37.872722],[-122.238781,37.87286],[-122.238837,37.873013],[-122.238827,37.873267],[-122.238894,37.873323],[-122.23899,37.873268],[-122.239126,37.872965],[-122.239736,37.872655],[-122.240344,37.872687],[-122.240709,37.872822],[-122.241037,37.872663],[-122.241605,37.872577],[-122.241704,37.87253],[-122.24178,37.872507]]}},{"type":"Feature","properties":{"kind":"trail","surface":"asphalt"},"geometry":{"type":"LineString","coordinates":[[-122.282724,37.854352],[-122.282794,37.854498],[-122.283203,37.854548],[-122.283497,37.854701],[-122.283625,37.854831],[-122.283745,37.855207],[-122.283688,37.855513],[-122.283698,37.855698],[-122.283834,37.856035],[-122.283552,37.856231],[-122.283538,37.856245],[-122.283526,37.85698],[-122.283566,37.857183]]}},{"type":"Feature","properties":{"kind":"trail","surface":"asphalt"},"geometry":{"type":"LineString","coordinates":[[-122.284796,37.855196],[-122.284457,37.855359],[-122.28416,37.855404],[-122.283935,37.855491],[-122.283688,37.855513],[-122.283427,37.855503],[-122.283275,37.855451],[-122.283022,37.855458]]}},{"type":"Feature","properties":{"kind":"trail","surface":"asphalt"},"geometry":{"type":"LineString","coordinates":[[-122.283052,37.855625],[-122.283331,37.855564],[-122.283427,37.855503]]}},{"type":"Feature","properties":{"kind":"trail","surface":"asphalt"},"geometry":{"type":"LineString","coordinates":[[-122.284829,37.855359],[-122.284457,37.855359]]}},{"type":"Feature","properties":{"kind":"trail","name":"Lake Anza Trail","surface":"dirt"},"geometry":{"type":"LineString","coordinates":[[-122.252029,37.896151],[-122.251898,37.896176],[-122.251779,37.896166],[-122.251659,37.896015],[-122.251534,37.896207],[-122.251479,37.896332],[-122.251435,37.896715],[-122.251648,37.897148]]}},{"type":"Feature","properties":{"kind":"trail"},"geometry":{"type":"LineString","coordinates":[[-122.269738,37.904499],[-122.270029,37.904586],[-122.270323,37.904543],[-122.270427,37.904396],[-122.270355,37.904308]]}},{"type":"Feature","properties":{"kind":"road","name":"Grizzly Peak Boulevard","surface":"asphalt"},"geometry":{"type":"LineString","coordinates":[[-122.269524,37.904331],[-122.269472,37.90463],[-122.269525,37.904878]]}},{"type":"Feature","properties":{"kind":"road","name":"Grizzly Peak Boulevard","surface":"asphalt"},"geometry":{"type":"LineString","coordinates":[[-122.269525,37.904878],[-122.269551,37.904663],[-122.269554,37.904639]]}},{"type":"Feature","properties":{"kind":"steps","name":"Eunice Street","surface":"paved"},"geometry":{"type":"LineString","coordinates":[[-122.271385,37.885414],[-122.271494,37.885346]]}},{"type":"Feature","properties":{"kind":"road","surface":"asphalt"},"geometry":{"type":"LineString","coordinates":[[-122.265022,37.863336],[-122.265102,37.863389]]}},{"type":"Feature","properties":{"kind":"trail","surface":"asphalt"},"geometry":{"type":"LineString","coordinates":[[-122.255356,37.870905],[-122.255374,37.87088],[-122.255577,37.870593],[-122.255814,37.870327],[-122.255986,37.870173],[-122.256059,37.870154],[-122.256089,37.870145],[-122.256207,37.870112],[-122.256272,37.870093],[-122.257276,37.869884]]}},{"type":"Feature","properties":{"kind":"trail","name":"Bancroft Steps","surface":"asphalt"},"geometry":{"type":"LineString","coordinates":[[-122.250236,37.86947],[-122.250348,37.869446]]}},{"type":"Feature","properties":{"kind":"road","name":"Bancroft Way","surface":"asphalt"},"geometry":{"type":"LineString","coordinates":[[-122.250164,37.869313],[-122.249763,37.869394]]}},{"type":"Feature","properties":{"kind":"trail"},"geometry":{"type":"LineString","coordinates":[[-122.251763,37.87186],[-122.251705,37.871808],[-122.251993,37.871535],[-122.252069,37.871314],[-122.252071,37.87111],[-122.251991,37.870917]]}},{"type":"Feature","properties":{"kind":"trail","surface":"concrete"},"geometry":{"type":"LineString","coordinates":[[-122.260781,37.872343],[-122.260792,37.872251],[-122.260924,37.872141],[-122.261049,37.871879]]}},{"type":"Feature","properties":{"kind":"trail"},"geometry":{"type":"LineString","coordinates":[[-122.258006,37.871767],[-122.258082,37.871969],[-122.258086,37.872003],[-122.258096,37.872026],[-122.258225,37.872367],[-122.258235,37.872394],[-122.258525,37.872572]]}},{"type":"Feature","properties":{"kind":"steps","surface":"brick"},"geometry":{"type":"LineString","coordinates":[[-122.258235,37.872394],[-122.258126,37.87242]]}},{"type":"Feature","properties":{"kind":"trail","surface":"concrete"},"geometry":{"type":"LineString","coordinates":[[-122.25871,37.874149],[-122.258706,37.874138],[-122.258662,37.874009],[-122.258621,37.873896]]}},{"type":"Feature","properties":{"kind":"trail","surface":"paving_stones"},"geometry":{"type":"LineString","coordinates":[[-122.257837,37.871968],[-122.257759,37.871986],[-122.257689,37.872003],[-122.25772,37.872085],[-122.257753,37.872171],[-122.257863,37.872145],[-122.257968,37.87212],[-122.257937,37.872039],[-122.257904,37.871952],[-122.257837,37.871968]]}},{"type":"Feature","properties":{"kind":"trail"},"geometry":{"type":"LineString","coordinates":[[-122.258335,37.871934],[-122.258096,37.872026]]}},{"type":"Feature","properties":{"kind":"trail","surface":"paving_stones"},"geometry":{"type":"LineString","coordinates":[[-122.25772,37.872085],[-122.257566,37.872122]]}},{"type":"Feature","properties":{"kind":"trail","surface":"asphalt"},"geometry":{"type":"LineString","coordinates":[[-122.260908,37.871496],[-122.260612,37.871389]]}},{"type":"Feature","properties":{"kind":"trail","surface":"concrete"},"geometry":{"type":"LineString","coordinates":[[-122.263695,37.872663],[-122.26382,37.872657],[-122.264027,37.872646],[-122.264051,37.872644]]}},{"type":"Feature","properties":{"kind":"trail","surface":"asphalt"},"geometry":{"type":"LineString","coordinates":[[-122.256272,37.870093],[-122.256315,37.869957],[-122.256328,37.869923],[-122.256155,37.86934],[-122.25608,37.869106]]}},{"type":"Feature","properties":{"kind":"trail","name":"Eshleman Road"},"geometry":{"type":"LineString","coordinates":[[-122.256877,37.870574],[-122.257012,37.870555],[-122.257334,37.870621],[-122.257665,37.870673]]}},{"type":"Feature","properties":{"kind":"trail"},"geometry":{"type":"LineString","coordinates":[[-122.256877,37.870574],[-122.256944,37.870786],[-122.256954,37.870909]]}},{"type":"Feature","properties":{"kind":"trail"},"geometry":{"type":"LineString","coordinates":[[-122.256944,37.870786],[-122.257107,37.870887]]}},{"type":"Feature","properties":{"kind":"road","surface":"paved"},"geometry":{"type":"LineString","coordinates":[[-122.26013,37.87496],[-122.260054,37.874606]]}},{"type":"Feature","properties":{"kind":"trail","surface":"asphalt"},"geometry":{"type":"LineString","coordinates":[[-122.259626,37.873534],[-122.25944,37.873564],[-122.259032,37.873526],[-122.258977,37.873525],[-122.258843,37.873538],[-122.258753,37.873599],[-122.258609,37.873641],[-122.258313,37.87369]]}},{"type":"Feature","properties":{"kind":"steps","surface":"concrete"},"geometry":{"type":"LineString","coordinates":[[-122.258286,37.873808],[-122.258207,37.873825],[-122.258118,37.873844]]}},{"type":"Feature","properties":{"kind":"trail","surface":"concrete"},"geometry":{"type":"LineString","coordinates":[[-122.258089,37.87388],[-122.257817,37.873937],[-122.257743,37.873954]]}},{"type":"Feature","properties":{"kind":"road","name":"California Street","surface":"asphalt"},"geometry":{"type":"LineString","coordinates":[[-122.281583,37.880628],[-122.281572,37.880706]]}},{"type":"Feature","properties":{"kind":"road","name":"Marin Avenue","surface":"asphalt"},"geometry":{"type":"LineString","coordinates":[[-122.272568,37.890119],[-122.272993,37.889818]]}},{"type":"Feature","properties":{"kind":"road","name":"Marin Avenue","surface":"asphalt"},"geometry":{"type":"LineString","coordinates":[[-122.272993,37.889818],[-122.272434,37.890012]]}},{"type":"Feature","properties":{"kind":"road","name":"Milvia Street","surface":"paved"},"geometry":{"type":"LineString","coordinates":[[-122.27142,37.878132],[-122.271455,37.87834]]}},{"type":"Feature","properties":{"kind":"trail","name":"Oak Street Path","surface":"dirt"},"geometry":{"type":"LineString","coordinates":[[-122.264116,37.887757],[-122.26376,37.887837]]}},{"type":"Feature","properties":{"kind":"road","name":"Euclid Avenue","surface":"asphalt"},"geometry":{"type":"LineString","coordinates":[[-122.261253,37.887685],[-122.261071,37.88782],[-122.261026,37.888128],[-122.261082,37.888264],[-122.261265,37.888452],[-122.261626,37.888588],[-122.261654,37.888593],[-122.261903,37.888669],[-122.262043,37.888773],[-122.262465,37.889291],[-122.2625,37.889524],[-122.262454,37.889722],[-122.262517,37.889864]]}},{"type":"Feature","properties":{"kind":"steps","name":"Redwood Terrace"},"geometry":{"type":"LineString","coordinates":[[-122.260177,37.888371],[-122.260567,37.88822],[-122.261026,37.888128]]}},{"type":"Feature","properties":{"kind":"road","name":"Euclid Avenue","surface":"asphalt"},"geometry":{"type":"LineString","coordinates":[[-122.262517,37.889864],[-122.262578,37.889452],[-122.262499,37.889182],[-122.262039,37.888663],[-122.261763,37.888534],[-122.261423,37.888444],[-122.261188,37.888261],[-122.261123,37.888121],[-122.261123,37.88795],[-122.261253,37.887685]]}},{"type":"Feature","properties":{"kind":"steps","surface":"concrete"},"geometry":{"type":"LineString","coordinates":[[-122.261763,37.888534],[-122.261654,37.888593]]}},{"type":"Feature","properties":{"kind":"trail","name":"El Mirador Path"},"geometry":{"type":"LineString","coordinates":[[-122.261626,37.888588],[-122.260885,37.889226]]}},{"type":"Feature","properties":{"kind":"trail","name":"Bret Harte Way"},"geometry":{"type":"LineString","coordinates":[[-122.2625,37.889524],[-122.261713,37.88987]]}},{"type":"Feature","properties":{"kind":"trail","surface":"paved"},"geometry":{"type":"LineString","coordinates":[[-122.262659,37.885512],[-122.262485,37.885514],[-122.262213,37.885544],[-122.262063,37.88554],[-122.261975,37.885754],[-122.261966,37.885788],[-122.261966,37.885823],[-122.261989,37.885874],[-122.261839,37.886079],[-122.26181,37.88626],[-122.261736,37.886301],[-122.261659,37.886293],[-122.261627,37.886269]]}},{"type":"Feature","properties":{"kind":"trail","surface":"asphalt"},"geometry":{"type":"LineString","coordinates":[[-122.261989,37.885874],[-122.262317,37.886028]]}},{"type":"Feature","properties":{"kind":"trail","name":"Codornices Park Tunnel","surface":"asphalt"},"geometry":{"type":"LineString","coordinates":[[-122.262317,37.886028],[-122.262605,37.886109]]}},{"type":"Feature","properties":{"kind":"trail"},"geometry":{"type":"LineString","coordinates":[[-122.262605,37.886109],[-122.262711,37.8861],[-122.262946,37.886053]]}},{"type":"Feature","properties":{"kind":"trail","surface":"dirt"},"geometry":{"type":"LineString","coordinates":[[-122.262063,37.88554],[-122.261815,37.885487],[-122.261009,37.885041],[-122.261035,37.884947],[-122.261139,37.884748],[-122.261219,37.884666]]}},{"type":"Feature","properties":{"kind":"road","surface":"asphalt"},"geometry":{"type":"LineString","coordinates":[[-122.275342,37.872156],[-122.275417,37.872203]]}},{"type":"Feature","properties":{"kind":"road","surface":"paved"},"geometry":{"type":"LineString","coordinates":[[-122.278062,37.875407],[-122.278,37.875468]]}},{"type":"Feature","properties":{"kind":"road","name":"Tunnel Road"},"geometry":{"type":"LineString","coordinates":[[-122.220852,37.860283],[-122.220647,37.860223],[-122.220289,37.859711],[-122.220121,37.85958],[-122.219846,37.859479],[-122.219492,37.859564],[-122.219386,37.85954],[-122.219344,37.859368],[-122.219369,37.859237],[-122.219669,37.858804],[-122.219579,37.858649],[-122.219132,37.858332],[-122.219163,37.858133],[-122.219334,37.857817],[-122.219325,37.857647],[-122.219013,37.857436],[-122.218693,37.857337],[-122.218482,37.857311],[-122.21797,37.857374],[-122.217832,37.857335],[-122.217816,37.856951],[-122.217883,37.856671],[-122.217805,37.856507],[-122.217593,37.856469],[-122.21681,37.856635],[-122.216639,37.856623],[-122.21655,37.856558],[-122.216526,37.856455],[-122.216631,37.856249],[-122.216644,37.856101],[-122.216555,37.856028],[-122.216378,37.856001],[-122.216136,37.856024],[-122.215761,37.85619],[-122.215318,37.85615],[-122.214835,37.856261],[-122.214378,37.856225],[-122.214185,37.856129]]}},{"type":"Feature","properties":{"kind":"road","name":"Claremont Avenue","surface":"asphalt"},"geometry":{"type":"LineString","coordinates":[[-122.245329,37.858048],[-122.245569,37.857761]]}},{"type":"Feature","properties":{"kind":"trail","name":"Yosemite Steps","surface":"concrete"},"geometry":{"type":"LineString","coordinates":[[-122.276758,37.89432],[-122.276541,37.894361],[-122.276374,37.894513]]}},{"type":"Feature","properties":{"kind":"trail","name":"Upton Lane"},"geometry":{"type":"LineString","coordinates":[[-122.272154,37.895797],[-122.271857,37.896004],[-122.271572,37.896025]]}},{"type":"Feature","properties":{"kind":"road","name":"Piedmont Avenue","surface":"asphalt"},"geometry":{"type":"LineString","coordinates":[[-122.252116,37.868699],[-122.252154,37.869172]]}},{"type":"Feature","properties":{"kind":"road","name":"Piedmont Crescent","surface":"asphalt"},"geometry":{"type":"LineString","coordinates":[[-122.251099,37.8659],[-122.250714,37.865709],[-122.250526,37.865558]]}},{"type":"Feature","properties":{"kind":"road","name":"Piedmont Avenue","surface":"asphalt"},"geometry":{"type":"LineString","coordinates":[[-122.251628,37.86627],[-122.251593,37.866221],[-122.251365,37.865986],[-122.251099,37.8659]]}},{"type":"Feature","properties":{"kind":"road","name":"Piedmont Avenue","surface":"asphalt"},"geometry":{"type":"LineString","coordinates":[[-122.251691,37.866803],[-122.251736,37.867684]]}},{"type":"Feature","properties":{"kind":"road","surface":"asphalt"},"geometry":{"type":"LineString","coordinates":[[-122.251414,37.864035],[-122.251497,37.864095]]}},{"type":"Feature","properties":{"kind":"road","name":"Derby Street","surface":"asphalt"},"geometry":{"type":"LineString","coordinates":[[-122.251123,37.862259],[-122.251249,37.862254],[-122.251362,37.862247]]}},{"type":"Feature","properties":{"kind":"road","name":"Claremont Boulevard","surface":"asphalt"},"geometry":{"type":"LineString","coordinates":[[-122.246968,37.861032],[-122.246724,37.860703]]}},{"type":"Feature","properties":{"kind":"road","name":"Piedmont Avenue","surface":"asphalt"},"geometry":{"type":"LineString","coordinates":[[-122.251099,37.8659],[-122.251385,37.866113],[-122.251594,37.866484]]}},{"type":"Feature","properties":{"kind":"road","name":"Piedmont Avenue","surface":"asphalt"},"geometry":{"type":"LineString","coordinates":[[-122.25286,37.871798],[-122.252764,37.871465],[-122.252702,37.870783],[-122.252384,37.870024],[-122.25231,37.869594]]}},{"type":"Feature","properties":{"kind":"road","name":"Russell Street","surface":"asphalt"},"geometry":{"type":"LineString","coordinates":[[-122.245335,37.858973],[-122.245484,37.85902],[-122.245589,37.85895]]}},{"type":"Feature","properties":{"kind":"steps","name":"Tunbridge Lane","surface":"concrete"},"geometry":{"type":"LineString","coordinates":[[-122.274976,37.896633],[-122.275126,37.896615]]}},{"type":"Feature","properties":{"kind":"steps","name":"Tunbridge Lane","surface":"concrete"},"geometry":{"type":"LineString","coordinates":[[-122.275625,37.896511],[-122.275736,37.89649]]}},{"type":"Feature","properties":{"kind":"steps","name":"Ardmore Path"},"geometry":{"type":"LineString","coordinates":[[-122.278612,37.904047],[-122.278779,37.904024]]}},{"type":"Feature","properties":{"kind":"trail","name":"Ardmore Path"},"geometry":{"type":"LineString","coordinates":[[-122.278779,37.904024],[-122.279658,37.903896]]}},{"type":"Feature","properties":{"kind":"trail","name":"Ardmore Path"},"geometry":{"type":"LineString","coordinates":[[-122.278779,37.904024],[-122.279658,37.903896],[-122.280163,37.903809],[-122.28056,37.903534]]}},{"type":"Feature","properties":{"kind":"trail","name":"Ardmore Path"},"geometry":{"type":"LineString","coordinates":[[-122.278484,37.904264],[-122.2786,37.904131],[-122.278612,37.904047],[-122.278386,37.90383]]}},{"type":"Feature","properties":{"kind":"steps","name":"Latham Walk"},"geometry":{"type":"LineString","coordinates":[[-122.258307,37.89412],[-122.258254,37.894163],[-122.258039,37.89413]]}},{"type":"Feature","properties":{"kind":"trail","name":"Vistamont Trail","surface":"dirt"},"geometry":{"type":"LineString","coordinates":[[-122.263496,37.90198],[-122.263286,37.901561],[-122.262993,37.901296]]}},{"type":"Feature","properties":{"kind":"steps","name":"Rose Steps","surface":"concrete"},"geometry":{"type":"LineString","coordinates":[[-122.258051,37.883531],[-122.258224,37.883334],[-122.258154,37.883305]]}},{"type":"Feature","properties":{"kind":"trail","name":"Rose Walk","surface":"concrete"},"geometry":{"type":"LineString","coordinates":[[-122.261553,37.88311],[-122.260844,37.883178]]}},{"type":"Feature","properties":{"kind":"road","name":"La Loma Avenue","surface":"concrete"},"geometry":{"type":"LineString","coordinates":[[-122.257499,37.88361],[-122.257965,37.883474]]}},{"type":"Feature","properties":{"kind":"steps","name":"Glendale Path","surface":"dirt"},"geometry":{"type":"LineString","coordinates":[[-122.252689,37.886011],[-122.252674,37.88608],[-122.252561,37.886131]]}},{"type":"Feature","properties":{"kind":"steps","name":"Glendale Path","surface":"dirt"},"geometry":{"type":"LineString","coordinates":[[-122.253273,37.885848],[-122.253274,37.885913]]}},{"type":"Feature","properties":{"kind":"trail","name":"El Mirador Path","surface":"unpaved"},"geometry":{"type":"LineString","coordinates":[[-122.260473,37.889765],[-122.260497,37.889696]]}},{"type":"Feature","properties":{"kind":"steps","name":"Bret Harte Path","surface":"concrete"},"geometry":{"type":"LineString","coordinates":[[-122.258354,37.890681],[-122.258036,37.890952]]}},{"type":"Feature","properties":{"kind":"steps","name":"Anne Brower Path","surface":"gravel"},"geometry":{"type":"LineString","coordinates":[[-122.255968,37.891135],[-122.255626,37.891229]]}},{"type":"Feature","properties":{"kind":"trail","name":"Keeler Path","surface":"dirt"},"geometry":{"type":"LineString","coordinates":[[-122.26044,37.892388],[-122.260396,37.892288],[-122.260137,37.892095],[-122.260006,37.891902],[-122.2599,37.891623],[-122.259902,37.891361],[-122.259794,37.891212]]}},{"type":"Feature","properties":{"kind":"trail","name":"Holmes Path"},"geometry":{"type":"LineString","coordinates":[[-122.272367,37.902486],[-122.271716,37.902909]]}},{"type":"Feature","properties":{"kind":"steps","surface":"wood"},"geometry":{"type":"LineString","coordinates":[[-122.272368,37.902383],[-122.272302,37.902426]]}},{"type":"Feature","properties":{"kind":"trail","surface":"asphalt"},"geometry":{"type":"LineString","coordinates":[[-122.262159,37.874101],[-122.261934,37.874145]]}},{"type":"Feature","properties":{"kind":"trail"},"geometry":{"type":"LineString","coordinates":[[-122.261593,37.874082],[-122.26139,37.873723]]}},{"type":"Feature","properties":{"kind":"road","name":"Shattuck Avenue","surface":"asphalt"},"geometry":{"type":"LineString","coordinates":[[-122.266996,37.859195],[-122.266992,37.859442]]}},{"type":"Feature","properties":{"kind":"road","name":"Shattuck Avenue","surface":"asphalt"},"geometry":{"type":"LineString","coordinates":[[-122.267191,37.859731],[-122.26713,37.85954]]}},{"type":"Feature","properties":{"kind":"road","name":"Grant Street","surface":"concrete"},"geometry":{"type":"LineString","coordinates":[[-122.272916,37.856879],[-122.272829,37.856512],[-122.272906,37.856433]]}},{"type":"Feature","properties":{"kind":"road","name":"Russell Street","surface":"asphalt"},"geometry":{"type":"LineString","coordinates":[[-122.26484,37.856967],[-122.264633,37.856994]]}},{"type":"Feature","properties":{"kind":"road","name":"Fulton Street","surface":"asphalt"},"geometry":{"type":"LineString","coordinates":[[-122.263512,37.855809],[-122.263507,37.855685]]}},{"type":"Feature","properties":{"kind":"road","name":"Ellsworth Street","surface":"asphalt"},"geometry":{"type":"LineString","coordinates":[[-122.261254,37.856084],[-122.261235,37.855987]]}},{"type":"Feature","properties":{"kind":"road","name":"Durant Avenue","surface":"asphalt"},"geometry":{"type":"LineString","coordinates":[[-122.267751,37.866682],[-122.267621,37.8667]]}},{"type":"Feature","properties":{"kind":"road","name":"Hearst Avenue","surface":"asphalt"},"geometry":{"type":"LineString","coordinates":[[-122.268652,37.873865],[-122.268537,37.87388]]}},{"type":"Feature","properties":{"kind":"road","name":"University Avenue","surface":"asphalt"},"geometry":{"type":"LineString","coordinates":[[-122.267831,37.872267],[-122.26842,37.872192]]}},{"type":"Feature","properties":{"kind":"road","name":"University Avenue","surface":"asphalt"},"geometry":{"type":"LineString","coordinates":[[-122.271893,37.871703],[-122.271725,37.871679],[-122.270728,37.87181]]}},{"type":"Feature","properties":{"kind":"road","name":"University Avenue","surface":"asphalt"},"geometry":{"type":"LineString","coordinates":[[-122.268412,37.872101],[-122.267819,37.872177]]}},{"type":"Feature","properties":{"kind":"trail","surface":"asphalt"},"geometry":{"type":"LineString","coordinates":[[-122.255814,37.870327],[-122.255247,37.870391]]}},{"type":"Feature","properties":{"kind":"trail","surface":"asphalt"},"geometry":{"type":"LineString","coordinates":[[-122.255289,37.871036],[-122.255456,37.871168],[-122.255537,37.871502],[-122.255531,37.871536]]}},{"type":"Feature","properties":{"kind":"trail","surface":"concrete"},"geometry":{"type":"LineString","coordinates":[[-122.25613,37.871391],[-122.256174,37.871405],[-122.255936,37.871607],[-122.255946,37.871623],[-122.25603,37.871586],[-122.256306,37.871566]]}},{"type":"Feature","properties":{"kind":"trail","surface":"asphalt"},"geometry":{"type":"LineString","coordinates":[[-122.255531,37.871536],[-122.255305,37.871661]]}},{"type":"Feature","properties":{"kind":"trail","surface":"asphalt"},"geometry":{"type":"LineString","coordinates":[[-122.255932,37.872092],[-122.256004,37.872068],[-122.256154,37.872019],[-122.256515,37.871858]]}},{"type":"Feature","properties":{"kind":"trail","surface":"paved"},"geometry":{"type":"LineString","coordinates":[[-122.257174,37.871946],[-122.257158,37.87188],[-122.257228,37.871803],[-122.257308,37.871694]]}},{"type":"Feature","properties":{"kind":"trail"},"geometry":{"type":"LineString","coordinates":[[-122.261361,37.871218],[-122.26112,37.8706],[-122.261076,37.870488]]}},{"type":"Feature","properties":{"kind":"trail","surface":"paved"},"geometry":{"type":"LineString","coordinates":[[-122.260657,37.87015],[-122.260462,37.870172],[-122.259954,37.870238],[-122.259912,37.870326],[-122.259744,37.87051],[-122.259574,37.870535]]}},{"type":"Feature","properties":{"kind":"trail"},"geometry":{"type":"LineString","coordinates":[[-122.260462,37.870172],[-122.260381,37.870035]]}},{"type":"Feature","properties":{"kind":"trail"},"geometry":{"type":"LineString","coordinates":[[-122.260381,37.870035],[-122.259975,37.87018],[-122.259954,37.870238]]}},{"type":"Feature","properties":{"kind":"trail","surface":"asphalt"},"geometry":{"type":"LineString","coordinates":[[-122.263217,37.870989],[-122.263383,37.871049],[-122.263485,37.871218],[-122.263565,37.871372],[-122.263602,37.871628],[-122.263646,37.87173]]}},{"type":"Feature","properties":{"kind":"trail","name":"Grinnell Pathway","surface":"paving_stones"},"geometry":{"type":"LineString","coordinates":[[-122.262912,37.870811],[-122.262846,37.870782],[-122.262532,37.870654],[-122.261926,37.870535],[-122.261895,37.870528]]}},{"type":"Feature","properties":{"kind":"trail","surface":"concrete"},"geometry":{"type":"LineString","coordinates":[[-122.261998,37.871066],[-122.262015,37.871111]]}},{"type":"Feature","properties":{"kind":"trail","surface":"asphalt"},"geometry":{"type":"LineString","coordinates":[[-122.258288,37.870422],[-122.258429,37.870764]]}},{"type":"Feature","properties":{"kind":"trail"},"geometry":{"type":"LineString","coordinates":[[-122.257045,37.872338],[-122.25704,37.872318],[-122.257002,37.872326],[-122.25694,37.872134],[-122.256879,37.872092]]}},{"type":"Feature","properties":{"kind":"trail","surface":"concrete"},"geometry":{"type":"LineString","coordinates":[[-122.265096,37.871618],[-122.265103,37.871602],[-122.265291,37.871565],[-122.265409,37.871631],[-122.265434,37.871707],[-122.265454,37.87178],[-122.265395,37.871885],[-122.265259,37.871954]]}},{"type":"Feature","properties":{"kind":"trail","surface":"concrete"},"geometry":{"type":"LineString","coordinates":[[-122.265223,37.873811],[-122.265332,37.873803],[-122.265746,37.873745],[-122.265733,37.873603]]}},{"type":"Feature","properties":{"kind":"trail"},"geometry":{"type":"LineString","coordinates":[[-122.264389,37.873322],[-122.264731,37.873301]]}},{"type":"Feature","properties":{"kind":"trail","surface":"brick"},"geometry":{"type":"LineString","coordinates":[[-122.26476,37.873566],[-122.264749,37.873467],[-122.264732,37.873312]]}},{"type":"Feature","properties":{"kind":"trail","surface":"concrete"},"geometry":{"type":"LineString","coordinates":[[-122.26405,37.872912],[-122.26404,37.872795],[-122.264027,37.872646],[-122.264021,37.872598]]}},{"type":"Feature","properties":{"kind":"trail","surface":"concrete"},"geometry":{"type":"LineString","coordinates":[[-122.263814,37.873018],[-122.263645,37.873089],[-122.263661,37.87328]]}},{"type":"Feature","properties":{"kind":"trail","surface":"asphalt"},"geometry":{"type":"LineString","coordinates":[[-122.263645,37.873089],[-122.263364,37.872889]]}},{"type":"Feature","properties":{"kind":"trail"},"geometry":{"type":"LineString","coordinates":[[-122.262512,37.873332],[-122.262574,37.873471],[-122.262669,37.873569],[-122.262725,37.873609],[-122.262779,37.873742]]}},{"type":"Feature","properties":{"kind":"trail"},"geometry":{"type":"LineString","coordinates":[[-122.263141,37.873187],[-122.263143,37.873194],[-122.263173,37.873322],[-122.263155,37.87349],[-122.263188,37.873638]]}},{"type":"Feature","properties":{"kind":"trail"},"geometry":{"type":"LineString","coordinates":[[-122.263188,37.873638],[-122.262779,37.873742]]}},{"type":"Feature","properties":{"kind":"trail"},"geometry":{"type":"LineString","coordinates":[[-122.262383,37.874591],[-122.262417,37.874449],[-122.262368,37.874336],[-122.262213,37.874357],[-122.262088,37.874374]]}},{"type":"Feature","properties":{"kind":"trail","surface":"asphalt"},"geometry":{"type":"LineString","coordinates":[[-122.259876,37.873702],[-122.259684,37.87374]]}},{"type":"Feature","properties":{"kind":"track"},"geometry":{"type":"LineString","coordinates":[[-122.251831,37.873602],[-122.251669,37.873514],[-122.251588,37.873545],[-122.251459,37.873948],[-122.251416,37.874009],[-122.251343,37.874016],[-122.251186,37.873982],[-122.250928,37.873836],[-122.250457,37.873763],[-122.250412,37.87353],[-122.250349,37.87346],[-122.250054,37.873242],[-122.249959,37.873226],[-122.24957,37.873266],[-122.249202,37.87338],[-122.248845,37.873609],[-122.248746,37.873801],[-122.249066,37.873852],[-122.249515,37.874265],[-122.249728,37.874541]]}},{"type":"Feature","properties":{"kind":"trail"},"geometry":{"type":"LineString","coordinates":[[-122.248746,37.873801],[-122.248725,37.873893],[-122.248567,37.874063],[-122.248529,37.874328]]}},{"type":"Feature","properties":{"kind":"trail"},"geometry":{"type":"LineString","coordinates":[[-122.251669,37.873514],[-122.251322,37.872947],[-122.251319,37.872843]]}},{"type":"Feature","properties":{"kind":"trail"},"geometry":{"type":"LineString","coordinates":[[-122.250986,37.873547],[-122.250774,37.873147],[-122.250676,37.872841],[-122.250687,37.872738],[-122.250786,37.872643]]}},{"type":"Feature","properties":{"kind":"steps"},"geometry":{"type":"LineString","coordinates":[[-122.253248,37.874485],[-122.253112,37.8747]]}},{"type":"Feature","properties":{"kind":"steps"},"geometry":{"type":"LineString","coordinates":[[-122.252632,37.874913],[-122.252751,37.874672],[-122.252774,37.874684]]}},{"type":"Feature","properties":{"kind":"trail"},"geometry":{"type":"LineString","coordinates":[[-122.253112,37.8747],[-122.253047,37.874773],[-122.252774,37.874684]]}},{"type":"Feature","properties":{"kind":"trail","surface":"paved"},"geometry":{"type":"LineString","coordinates":[[-122.257017,37.871345],[-122.257114,37.871251],[-122.257083,37.871144],[-122.25707,37.871066],[-122.257295,37.870887]]}},{"type":"Feature","properties":{"kind":"trail","surface":"asphalt"},"geometry":{"type":"LineString","coordinates":[[-122.255868,37.88497],[-122.255809,37.884907]]}},{"type":"Feature","properties":{"kind":"trail","surface":"asphalt"},"geometry":{"type":"LineString","coordinates":[[-122.255943,37.884945],[-122.256071,37.884773]]}},{"type":"Feature","properties":{"kind":"trail","name":"Columbia Walk","surface":"dirt"},"geometry":{"type":"LineString","coordinates":[[-122.250816,37.885509],[-122.250198,37.886109]]}},{"type":"Feature","properties":{"kind":"trail","surface":"ground"},"geometry":{"type":"LineString","coordinates":[[-122.245142,37.884873],[-122.244974,37.885049],[-122.244783,37.885166],[-122.244224,37.885345],[-122.244035,37.885344],[-122.243971,37.885397],[-122.24395,37.885446],[-122.244001,37.885547]]}},{"type":"Feature","properties":{"kind":"trail","name":"Wildcat Gorge Trail","surface":"ground"},"geometry":{"type":"LineString","coordinates":[[-122.248142,37.894321],[-122.247893,37.894352],[-122.247539,37.894248],[-122.247083,37.894199],[-122.246734,37.894012],[-122.246548,37.894161],[-122.246386,37.894192],[-122.246131,37.8941],[-122.246045,37.894013],[-122.245909,37.893994],[-122.245762,37.894072],[-122.245679,37.894182],[-122.245676,37.894476],[-122.245589,37.894672],[-122.245261,37.894939],[-122.24505,37.894905],[-122.24444,37.894618],[-122.244239,37.894576],[-122.24429,37.894702],[-122.244532,37.894869],[-122.244969,37.895054]]}},{"type":"Feature","properties":{"kind":"trail","name":"Selby Trail","surface":"ground"},"geometry":{"type":"LineString","coordinates":[[-122.245263,37.883401],[-122.245007,37.883755],[-122.244789,37.88399],[-122.244349,37.884626],[-122.244389,37.884724],[-122.244484,37.884766],[-122.245027,37.884864],[-122.245142,37.884873],[-122.245149,37.884873],[-122.245881,37.884963],[-122.24614,37.885098],[-122.246164,37.885149],[-122.246059,37.885555],[-122.246117,37.885726],[-122.246541,37.885875],[-122.247082,37.886435],[-122.247739,37.88662],[-122.248387,37.887068],[-122.248935,37.887193],[-122.249087,37.887261],[-122.249191,37.887439],[-122.249001,37.887737],[-122.248847,37.887964],[-122.248418,37.888299],[-122.24781,37.888685],[-122.247766,37.888826],[-122.247821,37.889214],[-122.248032,37.889947],[-122.248549,37.890589],[-122.248799,37.890818],[-122.249178,37.890979],[-122.249255,37.891126]]}},{"type":"Feature","properties":{"kind":"trail"},"geometry":{"type":"LineString","coordinates":[[-122.251898,37.896176],[-122.252111,37.896506],[-122.25261,37.896941]]}},{"type":"Feature","properties":{"kind":"trail"},"geometry":{"type":"LineString","coordinates":[[-122.253735,37.897433],[-122.252903,37.897421],[-122.252872,37.897371],[-122.252772,37.897355],[-122.252505,37.897362],[-122.252425,37.897299],[-122.25263,37.896955],[-122.25261,37.896941]]}},{"type":"Feature","properties":{"kind":"trail"},"geometry":{"type":"LineString","coordinates":[[-122.252903,37.897421],[-122.252543,37.897564],[-122.252158,37.897579],[-122.252021,37.89752],[-122.251648,37.897148]]}},{"type":"Feature","properties":{"kind":"trail"},"geometry":{"type":"LineString","coordinates":[[-122.260779,37.87],[-122.260769,37.869922],[-122.260761,37.869871],[-122.260752,37.869718]]}},{"type":"Feature","properties":{"kind":"trail"},"geometry":{"type":"LineString","coordinates":[[-122.260798,37.870131],[-122.260792,37.870104]]}},{"type":"Feature","properties":{"kind":"trail"},"geometry":{"type":"LineString","coordinates":[[-122.260774,37.869543],[-122.260741,37.869513]]}},{"type":"Feature","properties":{"kind":"steps","surface":"concrete"},"geometry":{"type":"LineString","coordinates":[[-122.262213,37.874357],[-122.262175,37.87418]]}},{"type":"Feature","properties":{"kind":"steps"},"geometry":{"type":"LineString","coordinates":[[-122.255288,37.873354],[-122.255122,37.873442]]}},{"type":"Feature","properties":{"kind":"steps"},"geometry":{"type":"LineString","coordinates":[[-122.255889,37.873539],[-122.255932,37.873573]]}},{"type":"Feature","properties":{"kind":"steps"},"geometry":{"type":"LineString","coordinates":[[-122.255816,37.873563],[-122.255795,37.873507]]}},{"type":"Feature","properties":{"kind":"steps"},"geometry":{"type":"LineString","coordinates":[[-122.25738,37.869062],[-122.257365,37.869018]]}},{"type":"Feature","properties":{"kind":"trail","name":"Ajax Lane","surface":"dirt"},"geometry":{"type":"LineString","coordinates":[[-122.249473,37.888263],[-122.249204,37.888207],[-122.249031,37.888078],[-122.248847,37.887964]]}},{"type":"Feature","properties":{"kind":"trail","name":"Selby Trail","surface":"dirt"},"geometry":{"type":"LineString","coordinates":[[-122.249138,37.89118],[-122.249324,37.891847],[-122.249266,37.892073],[-122.249169,37.892122],[-122.24882,37.892044],[-122.24865,37.89192],[-122.248532,37.891697],[-122.248463,37.891684],[-122.248329,37.89181],[-122.248384,37.891994],[-122.248344,37.892093],[-122.248164,37.892186],[-122.247976,37.892148],[-122.247508,37.892527],[-122.247557,37.892591],[-122.247978,37.892609],[-122.248122,37.892679],[-122.248164,37.892759],[-122.248101,37.893013]]}},{"type":"Feature","properties":{"kind":"steps","name":"Atlas Path","surface":"railway_sleepers"},"geometry":{"type":"LineString","coordinates":[[-122.249954,37.88699],[-122.250479,37.88686],[-122.250773,37.886677],[-122.250922,37.886795],[-122.251024,37.886772]]}},{"type":"Feature","properties":{"kind":"trail","name":"Stoddard Path"},"geometry":{"type":"LineString","coordinates":[[-122.25381,37.890928],[-122.254028,37.89049]]}},{"type":"Feature","properties":{"kind":"steps","name":"Stevenson Path","surface":"railway_sleepers"},"geometry":{"type":"LineString","coordinates":[[-122.255231,37.889653],[-122.254805,37.890391]]}},{"type":"Feature","properties":{"kind":"steps","name":"Stevenson Path","surface":"railway_sleepers"},"geometry":{"type":"LineString","coordinates":[[-122.255275,37.889658],[-122.255455,37.889322],[-122.255708,37.889014]]}},{"type":"Feature","properties":{"kind":"steps","name":"Whitaker Path","surface":"railway_sleepers"},"geometry":{"type":"LineString","coordinates":[[-122.256698,37.889961],[-122.257047,37.889378]]}},{"type":"Feature","properties":{"kind":"trail","surface":"asphalt"},"geometry":{"type":"LineString","coordinates":[[-122.255868,37.88497],[-122.255943,37.884945],[-122.256005,37.885124]]}},{"type":"Feature","properties":{"kind":"trail","surface":"paved"},"geometry":{"type":"LineString","coordinates":[[-122.255884,37.885321],[-122.255863,37.885394],[-122.255713,37.88551],[-122.25555,37.885553],[-122.25536,37.885504],[-122.255146,37.885204]]}},{"type":"Feature","properties":{"kind":"road","name":"Shattuck Avenue","surface":"asphalt"},"geometry":{"type":"LineString","coordinates":[[-122.268412,37.872101],[-122.268393,37.871934]]}},{"type":"Feature","properties":{"kind":"trail"},"geometry":{"type":"LineString","coordinates":[[-122.259485,37.870129],[-122.259339,37.870156],[-122.259115,37.870185],[-122.258949,37.870206],[-122.258619,37.870248]]}},{"type":"Feature","properties":{"kind":"steps","surface":"paved"},"geometry":{"type":"LineString","coordinates":[[-122.259599,37.869494],[-122.259625,37.86949],[-122.259677,37.869483],[-122.259711,37.869478],[-122.259763,37.869471],[-122.259783,37.869469]]}},{"type":"Feature","properties":{"kind":"steps"},"geometry":{"type":"LineString","coordinates":[[-122.25927,37.869984],[-122.259204,37.869992]]}},{"type":"Feature","properties":{"kind":"road","name":"Martin Luther King Junior Way","surface":"asphalt"},"geometry":{"type":"LineString","coordinates":[[-122.274419,37.884254],[-122.274104,37.881447]]}},{"type":"Feature","properties":{"kind":"road","name":"Wildcat Canyon Road","surface":"asphalt"},"geometry":{"type":"LineString","coordinates":[[-122.222749,37.898418],[-122.222968,37.898236],[-122.223408,37.898198],[-122.22406,37.898501],[-122.224684,37.898695],[-122.2252,37.898767],[-122.225841,37.899124],[-122.22616,37.899468],[-122.226759,37.899967],[-122.227162,37.900105],[-122.228063,37.899963],[-122.228626,37.899704],[-122.228958,37.899442],[-122.229264,37.898989],[-122.229829,37.898662],[-122.229967,37.898445],[-122.230104,37.898354],[-122.230257,37.89839],[-122.230619,37.898671],[-122.230933,37.898832],[-122.231533,37.899072],[-122.232311,37.898981],[-122.232751,37.898989],[-122.233921,37.899438],[-122.234371,37.899493],[-122.234924,37.899484],[-122.235482,37.899632],[-122.235895,37.899865],[-122.236254,37.900475],[-122.236501,37.900682],[-122.237279,37.900839],[-122.2381,37.901228],[-122.238512,37.901283],[-122.239194,37.901271],[-122.239897,37.901393],[-122.240095,37.901474],[-122.240369,37.901715],[-122.240744,37.902303],[-122.241458,37.902756],[-122.242849,37.904878],[-122.243143,37.905035],[-122.243902,37.904976]]}},{"type":"Feature","properties":{"kind":"track","name":"Golf Course Trail"},"geometry":{"type":"LineString","coordinates":[[-122.243152,37.884448],[-122.242734,37.884401],[-122.242573,37.884437],[-122.24226,37.884803],[-122.242012,37.885426],[-122.242041,37.885838],[-122.241898,37.8861],[-122.241774,37.886166],[-122.2415,37.886185],[-122.240451,37.88604],[-122.239773,37.886042],[-122.238769,37.886211],[-122.23833,37.886197],[-122.237164,37.886319],[-122.236775,37.886279]]}},{"type":"Feature","properties":{"kind":"trail","name":"Tower Trail","surface":"ground"},"geometry":{"type":"LineString","coordinates":[[-122.231571,37.882408],[-122.231573,37.882586],[-122.231669,37.88294],[-122.231398,37.883059],[-122.231613,37.883221],[-122.23163,37.88331],[-122.231571,37.883379],[-122.231226,37.883511],[-122.231073,37.883791]]}},{"type":"Feature","properties":{"kind":"trail","name":"Tower Trail"},"geometry":{"type":"LineString","coordinates":[[-122.232725,37.886189],[-122.232586,37.885972],[-122.232539,37.885604],[-122.231836,37.884871],[-122.231733,37.884472],[-122.231723,37.884117],[-122.231671,37.884024],[-122.231503,37.883885],[-122.231073,37.883791]]}},{"type":"Feature","properties":{"kind":"trail"},"geometry":{"type":"LineString","coordinates":[[-122.230584,37.884111],[-122.230547,37.884199],[-122.230411,37.884255],[-122.229876,37.884339],[-122.2298,37.884474]]}},{"type":"Feature","properties":{"kind":"trail","surface":"ground"},"geometry":{"type":"LineString","coordinates":[[-122.231073,37.883791],[-122.23083,37.883857],[-122.230584,37.884111]]}},{"type":"Feature","properties":{"kind":"track"},"geometry":{"type":"LineString","coordinates":[[-122.233498,37.88695],[-122.233502,37.886812],[-122.233428,37.886648],[-122.233101,37.886363],[-122.232836,37.886217]]}},{"type":"Feature","properties":{"kind":"trail","surface":"dirt"},"geometry":{"type":"LineString","coordinates":[[-122.242005,37.883529],[-122.241969,37.883369]]}},{"type":"Feature","properties":{"kind":"trail","name":"Arroyo Trail","surface":"ground"},"geometry":{"type":"LineString","coordinates":[[-122.234412,37.889537],[-122.234022,37.889668],[-122.233647,37.889686],[-122.233154,37.889559],[-122.232657,37.889555],[-122.232304,37.889695],[-122.231872,37.88976],[-122.23113,37.889773],[-122.230724,37.889677],[-122.229581,37.890018],[-122.228883,37.890109],[-122.228666,37.890234],[-122.22764,37.890022],[-122.227408,37.889749],[-122.227336,37.889768],[-122.227194,37.889948],[-122.227073,37.889956],[-122.226708,37.889706],[-122.225798,37.889079],[-122.225144,37.888868],[-122.225118,37.888777],[-122.225155,37.888684],[-122.225606,37.888104],[-122.225702,37.887882],[-122.225739,37.887636],[-122.225095,37.887037],[-122.224603,37.886742],[-122.224008,37.886242]]}},{"type":"Feature","properties":{"kind":"trail"},"geometry":{"type":"LineString","coordinates":[[-122.225739,37.887636],[-122.226043,37.887952],[-122.226073,37.887962]]}},{"type":"Feature","properties":{"kind":"road","name":"Milvia Street","surface":"asphalt"},"geometry":{"type":"LineString","coordinates":[[-122.269754,37.862746],[-122.269746,37.862657]]}},{"type":"Feature","properties":{"kind":"trail","name":"Willow Trail"},"geometry":{"type":"LineString","coordinates":[[-122.225151,37.869854],[-122.22497,37.869702],[-122.224669,37.869526],[-122.224542,37.869519],[-122.224446,37.8696],[-122.2238,37.869543],[-122.22348,37.869303],[-122.2233,37.869069],[-122.223068,37.868945],[-122.222611,37.868819],[-122.222521,37.868621],[-122.222446,37.868573],[-122.222221,37.868606]]}},{"type":"Feature","properties":{"kind":"trail","surface":"dirt"},"geometry":{"type":"LineString","coordinates":[[-122.239298,37.868539],[-122.239182,37.868426],[-122.238896,37.868314],[-122.238548,37.86802],[-122.238208,37.867906]]}},{"type":"Feature","properties":{"kind":"trail","surface":"dirt"},"geometry":{"type":"LineString","coordinates":[[-122.240089,37.868991],[-122.2398,37.869003],[-122.239549,37.868884],[-122.239298,37.868539]]}},{"type":"Feature","properties":{"kind":"trail","name":"Claremont Path"},"geometry":{"type":"LineString","coordinates":[[-122.240979,37.861142],[-122.240778,37.86114],[-122.240443,37.861229],[-122.240425,37.861173],[-122.240016,37.861208],[-122.239636,37.861103],[-122.239411,37.861218],[-122.239158,37.861199],[-122.238751,37.861506],[-122.238574,37.861454]]}},{"type":"Feature","properties":{"kind":"trail","name":"Loop Trail","surface":"dirt"},"geometry":{"type":"LineString","coordinates":[[-122.238574,37.861454],[-122.238557,37.861659],[-122.238385,37.861683],[-122.238297,37.861774],[-122.238104,37.861808],[-122.237842,37.861763],[-122.237408,37.861992],[-122.236689,37.861879],[-122.236597,37.862006],[-122.236348,37.862096],[-122.236296,37.862297],[-122.236203,37.862334],[-122.236011,37.862299],[-122.235896,37.86219],[-122.2358,37.862116],[-122.23576,37.862],[-122.235774,37.86188],[-122.235906,37.861754],[-122.236143,37.861672],[-122.236296,37.861524],[-122.236548,37.861539],[-122.237321,37.861297],[-122.237686,37.861359],[-122.237852,37.861291],[-122.23789,37.861366],[-122.237997,37.861303],[-122.238022,37.861358],[-122.23806,37.861329],[-122.238022,37.861426],[-122.238105,37.861358],[-122.23815,37.861471],[-122.23828,37.861373],[-122.238291,37.861491],[-122.238361,37.861373]]}},{"type":"Feature","properties":{"kind":"steps","name":"Loop Trail","surface":"unpaved"},"geometry":{"type":"LineString","coordinates":[[-122.238574,37.861454],[-122.238361,37.861373]]}},{"type":"Feature","properties":{"kind":"trail","surface":"concrete"},"geometry":{"type":"LineString","coordinates":[[-122.270482,37.869219],[-122.271365,37.869103],[-122.271878,37.869043],[-122.27195,37.869034],[-122.272095,37.869017],[-122.272156,37.869009],[-122.272499,37.868963],[-122.272535,37.86926],[-122.272562,37.869553],[-122.272282,37.869587],[-122.272229,37.869593],[-122.272066,37.869614],[-122.271992,37.869629],[-122.271486,37.869682],[-122.270549,37.869814]]}},{"type":"Feature","properties":{"kind":"trail","surface":"concrete"},"geometry":{"type":"LineString","coordinates":[[-122.272095,37.869017],[-122.272325,37.869116],[-122.27243,37.869272],[-122.272405,37.869422],[-122.272229,37.869593]]}},{"type":"Feature","properties":{"kind":"trail","surface":"concrete"},"geometry":{"type":"LineString","coordinates":[[-122.272066,37.869614],[-122.271904,37.86957],[-122.271756,37.869458]]}},{"type":"Feature","properties":{"kind":"trail","surface":"concrete"},"geometry":{"type":"LineString","coordinates":[[-122.271756,37.869458],[-122.271818,37.869346],[-122.271711,37.869256],[-122.271583,37.869283],[-122.271544,37.869332],[-122.271574,37.869439],[-122.271633,37.86947],[-122.271756,37.869458]]}},{"type":"Feature","properties":{"kind":"trail","surface":"concrete"},"geometry":{"type":"LineString","coordinates":[[-122.271365,37.869103],[-122.271583,37.869283]]}},{"type":"Feature","properties":{"kind":"trail","surface":"concrete"},"geometry":{"type":"LineString","coordinates":[[-122.271486,37.869682],[-122.271633,37.86947]]}},{"type":"Feature","properties":{"kind":"steps","name":"Orchard Lane","surface":"concrete"},"geometry":{"type":"LineString","coordinates":[[-122.248857,37.869232],[-122.248775,37.869194],[-122.247831,37.869471]]}},{"type":"Feature","properties":{"kind":"road","surface":"asphalt"},"geometry":{"type":"LineString","coordinates":[[-122.284722,37.858101],[-122.284807,37.858154]]}},{"type":"Feature","properties":{"kind":"trail","surface":"asphalt"},"geometry":{"type":"LineString","coordinates":[[-122.268735,37.884886],[-122.268903,37.884866]]}},{"type":"Feature","properties":{"kind":"trail","surface":"asphalt"},"geometry":{"type":"LineString","coordinates":[[-122.269223,37.884953],[-122.269076,37.884982],[-122.268903,37.884866],[-122.268855,37.884698],[-122.268857,37.884617],[-122.268826,37.884572]]}},{"type":"Feature","properties":{"kind":"trail","surface":"asphalt"},"geometry":{"type":"LineString","coordinates":[[-122.269274,37.884661],[-122.269357,37.884472],[-122.26939,37.884421],[-122.269623,37.884372],[-122.269832,37.884307]]}},{"type":"Feature","properties":{"kind":"trail","surface":"asphalt"},"geometry":{"type":"LineString","coordinates":[[-122.269623,37.884372],[-122.269844,37.884418]]}},{"type":"Feature","properties":{"kind":"trail","surface":"concrete"},"geometry":{"type":"LineString","coordinates":[[-122.269664,37.883954],[-122.269522,37.884188],[-122.269686,37.884183],[-122.269733,37.884067],[-122.269804,37.88406]]}},{"type":"Feature","properties":{"kind":"trail","surface":"concrete"},"geometry":{"type":"LineString","coordinates":[[-122.269357,37.884472],[-122.269144,37.884477],[-122.269087,37.88443]]}},{"type":"Feature","properties":{"kind":"trail","surface":"asphalt"},"geometry":{"type":"LineString","coordinates":[[-122.269144,37.884477],[-122.269107,37.884582],[-122.268857,37.884617],[-122.268698,37.884614]]}},{"type":"Feature","properties":{"kind":"trail","surface":"asphalt"},"geometry":{"type":"LineString","coordinates":[[-122.268855,37.884698],[-122.268709,37.884708]]}},{"type":"Feature","properties":{"kind":"trail"},"geometry":{"type":"LineString","coordinates":[[-122.268352,37.884099],[-122.268389,37.884284]]}},{"type":"Feature","properties":{"kind":"trail","surface":"wood"},"geometry":{"type":"LineString","coordinates":[[-122.268298,37.884459],[-122.268201,37.884395],[-122.268078,37.884446]]}},{"type":"Feature","properties":{"kind":"trail","surface":"concrete"},"geometry":{"type":"LineString","coordinates":[[-122.268356,37.88431],[-122.268216,37.884258]]}},{"type":"Feature","properties":{"kind":"trail","surface":"concrete"},"geometry":{"type":"LineString","coordinates":[[-122.269107,37.884582],[-122.269262,37.884682]]}},{"type":"Feature","properties":{"kind":"trail","surface":"concrete"},"geometry":{"type":"LineString","coordinates":[[-122.269537,37.884008],[-122.269391,37.884095],[-122.269252,37.884204],[-122.269007,37.884322],[-122.268883,37.884391],[-122.268757,37.884373]]}},{"type":"Feature","properties":{"kind":"trail","surface":"asphalt"},"geometry":{"type":"LineString","coordinates":[[-122.268879,37.884043],[-122.268977,37.8842]]}},{"type":"Feature","properties":{"kind":"trail","surface":"asphalt"},"geometry":{"type":"LineString","coordinates":[[-122.268714,37.884432],[-122.268546,37.884445]]}},{"type":"Feature","properties":{"kind":"trail","surface":"asphalt"},"geometry":{"type":"LineString","coordinates":[[-122.268546,37.884445],[-122.268399,37.884362]]}},{"type":"Feature","properties":{"kind":"trail","surface":"asphalt"},"geometry":{"type":"LineString","coordinates":[[-122.268977,37.8842],[-122.268843,37.884249],[-122.268798,37.884276],[-122.268757,37.884373],[-122.268714,37.884432]]}},{"type":"Feature","properties":{"kind":"steps","surface":"wood"},"geometry":{"type":"LineString","coordinates":[[-122.269227,37.884328],[-122.269179,37.884319]]}},{"type":"Feature","properties":{"kind":"trail","surface":"asphalt"},"geometry":{"type":"LineString","coordinates":[[-122.268738,37.884248],[-122.268736,37.88404]]}},{"type":"Feature","properties":{"kind":"trail","surface":"asphalt"},"geometry":{"type":"LineString","coordinates":[[-122.268843,37.884249],[-122.268964,37.884313]]}},{"type":"Feature","properties":{"kind":"trail","surface":"asphalt"},"geometry":{"type":"LineString","coordinates":[[-122.269522,37.884188],[-122.269391,37.884095]]}},{"type":"Feature","properties":{"kind":"steps","surface":"paving_stones"},"geometry":{"type":"LineString","coordinates":[[-122.268798,37.884276],[-122.268738,37.884248]]}},{"type":"Feature","properties":{"kind":"road","name":"Henry Street","surface":"asphalt"},"geometry":{"type":"LineString","coordinates":[[-122.270764,37.882384],[-122.270813,37.882486],[-122.270899,37.883197],[-122.270955,37.88369]]}},{"type":"Feature","properties":{"kind":"trail","surface":"paving_stones"},"geometry":{"type":"LineString","coordinates":[[-122.257716,37.871628],[-122.257748,37.871721],[-122.257793,37.871849],[-122.257803,37.871876]]}},{"type":"Feature","properties":{"kind":"road","surface":"concrete"},"geometry":{"type":"LineString","coordinates":[[-122.260448,37.875518],[-122.26046,37.875581],[-122.260469,37.875624],[-122.260597,37.875607],[-122.260589,37.875564],[-122.260576,37.875502],[-122.260448,37.875518]]}},{"type":"Feature","properties":{"kind":"trail","surface":"concrete"},"geometry":{"type":"LineString","coordinates":[[-122.260589,37.875564],[-122.26046,37.875581]]}},{"type":"Feature","properties":{"kind":"trail","name":"Trumpetvine Court"},"geometry":{"type":"LineString","coordinates":[[-122.267715,37.869827],[-122.267443,37.86986]]}},{"type":"Feature","properties":{"kind":"steps","surface":"concrete"},"geometry":{"type":"LineString","coordinates":[[-122.262711,37.8861],[-122.262614,37.886209],[-122.262539,37.886215]]}},{"type":"Feature","properties":{"kind":"trail"},"geometry":{"type":"LineString","coordinates":[[-122.263173,37.885925],[-122.263191,37.886024]]}},{"type":"Feature","properties":{"kind":"trail","surface":"compacted"},"geometry":{"type":"LineString","coordinates":[[-122.262508,37.886332],[-122.262638,37.886399],[-122.262673,37.886501]]}},{"type":"Feature","properties":{"kind":"steps","name":"Shasta Path"},"geometry":{"type":"LineString","coordinates":[[-122.253244,37.889743],[-122.253644,37.889474],[-122.253905,37.889193],[-122.254083,37.889083]]}},{"type":"Feature","properties":{"kind":"steps","name":"Sterling Path","surface":"concrete"},"geometry":{"type":"LineString","coordinates":[[-122.259811,37.891048],[-122.260887,37.890596]]}},{"type":"Feature","properties":{"kind":"trail"},"geometry":{"type":"LineString","coordinates":[[-122.262567,37.876268],[-122.262614,37.876335],[-122.263457,37.876475],[-122.26376,37.876462],[-122.263972,37.876453]]}},{"type":"Feature","properties":{"kind":"steps"},"geometry":{"type":"LineString","coordinates":[[-122.264028,37.87641],[-122.26397,37.876413],[-122.263972,37.876453]]}},{"type":"Feature","properties":{"kind":"road","name":"Hopkins Street","surface":"paved"},"geometry":{"type":"LineString","coordinates":[[-122.281959,37.881675],[-122.278999,37.883145],[-122.27839,37.883448],[-122.277405,37.883938],[-122.275915,37.884679]]}},{"type":"Feature","properties":{"kind":"road","name":"Sutter Street","surface":"asphalt"},"geometry":{"type":"LineString","coordinates":[[-122.27237,37.888128],[-122.272344,37.887236],[-122.272272,37.886869],[-122.272015,37.886469],[-122.271735,37.886204]]}},{"type":"Feature","properties":{"kind":"road","name":"Fulton Street","surface":"asphalt"},"geometry":{"type":"LineString","coordinates":[[-122.265905,37.867386],[-122.26582,37.866936]]}},{"type":"Feature","properties":{"kind":"road","name":"Fulton Street","surface":"asphalt"},"geometry":{"type":"LineString","coordinates":[[-122.265921,37.867842],[-122.265946,37.868071]]}},{"type":"Feature","properties":{"kind":"trail","surface":"concrete"},"geometry":{"type":"LineString","coordinates":[[-122.278311,37.89142],[-122.278411,37.891859],[-122.278525,37.891915]]}},{"type":"Feature","properties":{"kind":"road","name":"Monterey Avenue","surface":"asphalt"},"geometry":{"type":"LineString","coordinates":[[-122.278414,37.887207],[-122.277397,37.887552]]}},{"type":"Feature","properties":{"kind":"road","name":"Grant Street","surface":"asphalt"},"geometry":{"type":"LineString","coordinates":[[-122.275958,37.877538],[-122.275967,37.87742]]}},{"type":"Feature","properties":{"kind":"trail","name":"Jefferson Avenue","surface":"concrete"},"geometry":{"type":"LineString","coordinates":[[-122.278458,37.869876],[-122.278441,37.869722]]}},{"type":"Feature","properties":{"kind":"trail","surface":"asphalt"},"geometry":{"type":"LineString","coordinates":[[-122.261418,37.870006],[-122.261436,37.869952],[-122.261394,37.869787],[-122.261377,37.869711]]}},{"type":"Feature","properties":{"kind":"trail"},"geometry":{"type":"LineString","coordinates":[[-122.262193,37.869937],[-122.262175,37.869939],[-122.261898,37.869965],[-122.261771,37.869977],[-122.261676,37.869985],[-122.261418,37.870006]]}},{"type":"Feature","properties":{"kind":"trail"},"geometry":{"type":"LineString","coordinates":[[-122.260599,37.869374],[-122.260514,37.869385],[-122.260497,37.869389]]}},{"type":"Feature","properties":{"kind":"trail"},"geometry":{"type":"LineString","coordinates":[[-122.258264,37.871143],[-122.258327,37.871327],[-122.258365,37.871426],[-122.258373,37.871443],[-122.258439,37.87161],[-122.258474,37.871704]]}},{"type":"Feature","properties":{"kind":"trail"},"geometry":{"type":"LineString","coordinates":[[-122.258327,37.871327],[-122.258284,37.871391],[-122.258183,37.871546]]}},{"type":"Feature","properties":{"kind":"trail"},"geometry":{"type":"LineString","coordinates":[[-122.258365,37.871426],[-122.258284,37.871391],[-122.25808,37.871299]]}},{"type":"Feature","properties":{"kind":"trail"},"geometry":{"type":"LineString","coordinates":[[-122.239153,37.873911],[-122.239308,37.873775],[-122.239265,37.873735],[-122.239171,37.873762],[-122.239056,37.873896],[-122.239153,37.873911]]}},{"type":"Feature","properties":{"kind":"trail"},"geometry":{"type":"LineString","coordinates":[[-122.236512,37.874205],[-122.236591,37.874066],[-122.236616,37.873833],[-122.236603,37.873608],[-122.236516,37.87341],[-122.236444,37.873365],[-122.236272,37.873339],[-122.236189,37.873372],[-122.236149,37.873446],[-122.236198,37.873651]]}},{"type":"Feature","properties":{"kind":"steps"},"geometry":{"type":"LineString","coordinates":[[-122.26348,37.885162],[-122.2634,37.885257],[-122.263251,37.88523]]}},{"type":"Feature","properties":{"kind":"trail"},"geometry":{"type":"LineString","coordinates":[[-122.263229,37.885267],[-122.263251,37.88523],[-122.263237,37.885208],[-122.263227,37.885072],[-122.263206,37.884981],[-122.263207,37.884922]]}},{"type":"Feature","properties":{"kind":"trail"},"geometry":{"type":"LineString","coordinates":[[-122.263129,37.885222],[-122.263092,37.885267],[-122.263083,37.8853],[-122.263133,37.885309]]}},{"type":"Feature","properties":{"kind":"trail"},"geometry":{"type":"LineString","coordinates":[[-122.263624,37.885567],[-122.263325,37.885517],[-122.263252,37.885386],[-122.263276,37.885284]]}},{"type":"Feature","properties":{"kind":"trail"},"geometry":{"type":"LineString","coordinates":[[-122.26329,37.885538],[-122.263461,37.885604],[-122.263639,37.885593]]}},{"type":"Feature","properties":{"kind":"steps"},"geometry":{"type":"LineString","coordinates":[[-122.26329,37.885538],[-122.263325,37.885517],[-122.263353,37.885498],[-122.263388,37.885472],[-122.263415,37.885449],[-122.263438,37.885428]]}},{"type":"Feature","properties":{"kind":"trail"},"geometry":{"type":"LineString","coordinates":[[-122.263229,37.885267],[-122.263223,37.885468],[-122.26329,37.885538]]}},{"type":"Feature","properties":{"kind":"steps"},"geometry":{"type":"LineString","coordinates":[[-122.263229,37.885267],[-122.263276,37.885284],[-122.263314,37.885298],[-122.263358,37.885313],[-122.263394,37.885326],[-122.263426,37.885338],[-122.263476,37.885355]]}},{"type":"Feature","properties":{"kind":"steps"},"geometry":{"type":"LineString","coordinates":[[-122.263639,37.885593],[-122.263624,37.885567],[-122.263609,37.885534],[-122.263589,37.885497],[-122.263577,37.885469],[-122.263563,37.885445],[-122.263544,37.885403]]}},{"type":"Feature","properties":{"kind":"trail"},"geometry":{"type":"LineString","coordinates":[[-122.263426,37.885338],[-122.263438,37.885428],[-122.263563,37.885445]]}},{"type":"Feature","properties":{"kind":"trail"},"geometry":{"type":"LineString","coordinates":[[-122.263577,37.885469],[-122.263415,37.885449],[-122.263394,37.885326]]}},{"type":"Feature","properties":{"kind":"trail"},"geometry":{"type":"LineString","coordinates":[[-122.263589,37.885497],[-122.263388,37.885472],[-122.263341,37.885386],[-122.263358,37.885313]]}},{"type":"Feature","properties":{"kind":"trail"},"geometry":{"type":"LineString","coordinates":[[-122.263609,37.885534],[-122.263353,37.885498],[-122.2633,37.88543],[-122.263314,37.885298]]}},{"type":"Feature","properties":{"kind":"trail"},"geometry":{"type":"LineString","coordinates":[[-122.263211,37.884864],[-122.263309,37.884767]]}},{"type":"Feature","properties":{"kind":"trail"},"geometry":{"type":"LineString","coordinates":[[-122.263061,37.884941],[-122.263055,37.88498],[-122.263042,37.885024],[-122.263129,37.885222],[-122.263169,37.885247],[-122.263198,37.885258],[-122.263229,37.885267]]}},{"type":"Feature","properties":{"kind":"trail"},"geometry":{"type":"LineString","coordinates":[[-122.263092,37.885267],[-122.263057,37.885279],[-122.263024,37.885288],[-122.262984,37.885335],[-122.262961,37.885431],[-122.262928,37.885584]]}},{"type":"Feature","properties":{"kind":"trail"},"geometry":{"type":"LineString","coordinates":[[-122.262984,37.885565],[-122.262958,37.885579],[-122.262991,37.885436],[-122.263012,37.885339],[-122.263024,37.885288]]}},{"type":"Feature","properties":{"kind":"trail"},"geometry":{"type":"LineString","coordinates":[[-122.262958,37.885579],[-122.262928,37.885584],[-122.262867,37.885585]]}},{"type":"Feature","properties":{"kind":"trail"},"geometry":{"type":"LineString","coordinates":[[-122.263069,37.885518],[-122.263014,37.885544],[-122.262984,37.885565],[-122.263016,37.88544],[-122.26304,37.885344],[-122.263057,37.885279]]}},{"type":"Feature","properties":{"kind":"trail"},"geometry":{"type":"LineString","coordinates":[[-122.26312,37.885501],[-122.263155,37.885491],[-122.263147,37.88543]]}},{"type":"Feature","properties":{"kind":"trail"},"geometry":{"type":"LineString","coordinates":[[-122.263524,37.885315],[-122.263579,37.885268],[-122.26348,37.885162],[-122.263397,37.885071],[-122.263396,37.884898],[-122.263407,37.884848]]}},{"type":"Feature","properties":{"kind":"trail"},"geometry":{"type":"LineString","coordinates":[[-122.272778,37.894566],[-122.272824,37.89462],[-122.272799,37.894774]]}},{"type":"Feature","properties":{"kind":"trail"},"geometry":{"type":"LineString","coordinates":[[-122.272449,37.894672],[-122.272672,37.89493],[-122.272693,37.895076]]}},{"type":"Feature","properties":{"kind":"trail"},"geometry":{"type":"LineString","coordinates":[[-122.272449,37.894672],[-122.272196,37.89444],[-122.272088,37.894397]]}},{"type":"Feature","properties":{"kind":"steps"},"geometry":{"type":"LineString","coordinates":[[-122.272449,37.894672],[-122.272675,37.894603],[-122.272778,37.894566]]}},{"type":"Feature","properties":{"kind":"trail"},"geometry":{"type":"LineString","coordinates":[[-122.272262,37.89473],[-122.272297,37.894718],[-122.272461,37.894888],[-122.272463,37.895074],[-122.272428,37.895373],[-122.272226,37.895573],[-122.27223,37.895698],[-122.272581,37.895677],[-122.272634,37.895678]]}},{"type":"Feature","properties":{"kind":"steps"},"geometry":{"type":"LineString","coordinates":[[-122.272634,37.895678],[-122.272639,37.895767]]}},{"type":"Feature","properties":{"kind":"steps"},"geometry":{"type":"LineString","coordinates":[[-122.27223,37.895698],[-122.272154,37.895797]]}},{"type":"Feature","properties":{"kind":"steps"},"geometry":{"type":"LineString","coordinates":[[-122.272873,37.895158],[-122.272627,37.895345]]}},{"type":"Feature","properties":{"kind":"steps"},"geometry":{"type":"LineString","coordinates":[[-122.272693,37.895076],[-122.272735,37.894991]]}},{"type":"Feature","properties":{"kind":"trail"},"geometry":{"type":"LineString","coordinates":[[-122.272693,37.895076],[-122.272551,37.895254],[-122.272465,37.895485],[-122.272465,37.89553],[-122.272576,37.89556]]}},{"type":"Feature","properties":{"kind":"steps"},"geometry":{"type":"LineString","coordinates":[[-122.272735,37.894912],[-122.272774,37.894906],[-122.272799,37.894774]]}},{"type":"Feature","properties":{"kind":"steps"},"geometry":{"type":"LineString","coordinates":[[-122.272818,37.895556],[-122.272836,37.895474],[-122.272889,37.895457],[-122.272852,37.8954],[-122.272814,37.895335],[-122.272928,37.895196]]}},{"type":"Feature","properties":{"kind":"trail"},"geometry":{"type":"LineString","coordinates":[[-122.273098,37.895348],[-122.273085,37.895346],[-122.272852,37.8954]]}},{"type":"Feature","properties":{"kind":"trail"},"geometry":{"type":"LineString","coordinates":[[-122.272804,37.895421],[-122.272728,37.895517]]}},{"type":"Feature","properties":{"kind":"trail"},"geometry":{"type":"LineString","coordinates":[[-122.272804,37.895421],[-122.272852,37.8954]]}},{"type":"Feature","properties":{"kind":"trail"},"geometry":{"type":"LineString","coordinates":[[-122.273159,37.895282],[-122.273151,37.895224],[-122.273162,37.895193],[-122.27327,37.895196]]}},{"type":"Feature","properties":{"kind":"trail","surface":"wood"},"geometry":{"type":"LineString","coordinates":[[-122.272728,37.895517],[-122.272676,37.895528]]}},{"type":"Feature","properties":{"kind":"trail"},"geometry":{"type":"LineString","coordinates":[[-122.273295,37.8955],[-122.273254,37.895527],[-122.273348,37.895658]]}},{"type":"Feature","properties":{"kind":"trail"},"geometry":{"type":"LineString","coordinates":[[-122.273314,37.895465],[-122.273283,37.895401],[-122.273308,37.895335],[-122.273255,37.895319]]}},{"type":"Feature","properties":{"kind":"trail"},"geometry":{"type":"LineString","coordinates":[[-122.273254,37.895527],[-122.273117,37.895496]]}},{"type":"Feature","properties":{"kind":"steps"},"geometry":{"type":"LineString","coordinates":[[-122.273085,37.895346],[-122.273019,37.895292],[-122.273108,37.895257],[-122.27299,37.895197]]}},{"type":"Feature","properties":{"kind":"steps"},"geometry":{"type":"LineString","coordinates":[[-122.272297,37.894718],[-122.272449,37.894672]]}},{"type":"Feature","properties":{"kind":"trail","name":"Tamalpais Path","surface":"concrete"},"geometry":{"type":"LineString","coordinates":[[-122.260208,37.88636],[-122.260368,37.886441]]}},{"type":"Feature","properties":{"kind":"trail","name":"Tamalpais Path","surface":"concrete"},"geometry":{"type":"LineString","coordinates":[[-122.261542,37.886679],[-122.261696,37.886657]]}},{"type":"Feature","properties":{"kind":"trail","name":"Tamalpais Path","surface":"asphalt"},"geometry":{"type":"LineString","coordinates":[[-122.261696,37.886657],[-122.262273,37.886603]]}},{"type":"Feature","properties":{"kind":"trail","surface":"asphalt"},"geometry":{"type":"LineString","coordinates":[[-122.263191,37.886024],[-122.262946,37.886053],[-122.262867,37.885585],[-122.262851,37.885238]]}},{"type":"Feature","properties":{"kind":"trail","surface":"asphalt"},"geometry":{"type":"LineString","coordinates":[[-122.261261,37.884607],[-122.261219,37.884666]]}},{"type":"Feature","properties":{"kind":"trail","surface":"asphalt"},"geometry":{"type":"LineString","coordinates":[[-122.261845,37.883528],[-122.262277,37.884022],[-122.262321,37.884193],[-122.262294,37.88429],[-122.26225,37.884353],[-122.26168,37.884648],[-122.261482,37.884675],[-122.261261,37.884607],[-122.261184,37.884523]]}},{"type":"Feature","properties":{"kind":"trail"},"geometry":{"type":"LineString","coordinates":[[-122.263396,37.884898],[-122.26332,37.884925],[-122.263227,37.885072]]}},{"type":"Feature","properties":{"kind":"steps"},"geometry":{"type":"LineString","coordinates":[[-122.263042,37.885024],[-122.262946,37.885121],[-122.262907,37.885098]]}},{"type":"Feature","properties":{"kind":"steps"},"geometry":{"type":"LineString","coordinates":[[-122.263055,37.88498],[-122.263125,37.884944],[-122.263206,37.884981]]}},{"type":"Feature","properties":{"kind":"trail"},"geometry":{"type":"LineString","coordinates":[[-122.263057,37.884887],[-122.263061,37.884941]]}},{"type":"Feature","properties":{"kind":"trail","surface":"sett"},"geometry":{"type":"LineString","coordinates":[[-122.262305,37.886517],[-122.262102,37.88643],[-122.262137,37.886339],[-122.262094,37.886271]]}},{"type":"Feature","properties":{"kind":"trail","surface":"dirt"},"geometry":{"type":"LineString","coordinates":[[-122.261035,37.884947],[-122.260997,37.884838],[-122.260944,37.884789],[-122.260913,37.884705],[-122.260946,37.884618],[-122.260602,37.884709],[-122.259996,37.884588],[-122.259815,37.884484]]}},{"type":"Feature","properties":{"kind":"steps","surface":"dirt"},"geometry":{"type":"LineString","coordinates":[[-122.259996,37.884588],[-122.260008,37.884684],[-122.259968,37.884706],[-122.259995,37.884772]]}},{"type":"Feature","properties":{"kind":"trail","surface":"dirt"},"geometry":{"type":"LineString","coordinates":[[-122.261283,37.886264],[-122.261269,37.886439],[-122.26147,37.886709]]}},{"type":"Feature","properties":{"kind":"trail","surface":"dirt"},"geometry":{"type":"LineString","coordinates":[[-122.261397,37.886136],[-122.261172,37.886018],[-122.260995,37.88603],[-122.260881,37.885962],[-122.260833,37.885833],[-122.260854,37.885608],[-122.260604,37.885467],[-122.260615,37.885234],[-122.260292,37.885043]]}},{"type":"Feature","properties":{"kind":"steps","surface":"dirt"},"geometry":{"type":"LineString","coordinates":[[-122.260322,37.885017],[-122.260292,37.885043],[-122.260226,37.885124]]}},{"type":"Feature","properties":{"kind":"trail","surface":"asphalt"},"geometry":{"type":"LineString","coordinates":[[-122.261724,37.885713],[-122.261758,37.885677]]}},{"type":"Feature","properties":{"kind":"trail","surface":"asphalt"},"geometry":{"type":"LineString","coordinates":[[-122.26181,37.885622],[-122.261975,37.885754]]}},{"type":"Feature","properties":{"kind":"trail","surface":"dirt"},"geometry":{"type":"LineString","coordinates":[[-122.260916,37.885123],[-122.260696,37.884981],[-122.260086,37.884825]]}},{"type":"Feature","properties":{"kind":"trail","surface":"dirt"},"geometry":{"type":"LineString","coordinates":[[-122.261139,37.884748],[-122.260944,37.884789],[-122.260885,37.884795]]}},{"type":"Feature","properties":{"kind":"trail","surface":"dirt"},"geometry":{"type":"LineString","coordinates":[[-122.261219,37.884666],[-122.261422,37.884915],[-122.261411,37.885041],[-122.261009,37.885041],[-122.260841,37.88489],[-122.260997,37.884838]]}},{"type":"Feature","properties":{"kind":"trail","surface":"dirt"},"geometry":{"type":"LineString","coordinates":[[-122.261584,37.885898],[-122.261673,37.885964],[-122.261639,37.886091],[-122.26152,37.886351],[-122.261513,37.886606],[-122.261492,37.886701]]}},{"type":"Feature","properties":{"kind":"trail","surface":"paved"},"geometry":{"type":"LineString","coordinates":[[-122.261161,37.885894],[-122.261098,37.88579],[-122.261183,37.885686],[-122.261213,37.885677],[-122.261323,37.885615],[-122.261426,37.885612],[-122.261724,37.885713],[-122.261966,37.885788]]}},{"type":"Feature","properties":{"kind":"trail","surface":"dirt"},"geometry":{"type":"LineString","coordinates":[[-122.260987,37.886071],[-122.261014,37.886235],[-122.261283,37.886264]]}},{"type":"Feature","properties":{"kind":"trail","surface":"dirt"},"geometry":{"type":"LineString","coordinates":[[-122.260939,37.885186],[-122.260899,37.88523]]}},{"type":"Feature","properties":{"kind":"steps","surface":"dirt"},"geometry":{"type":"LineString","coordinates":[[-122.261198,37.885446],[-122.261129,37.885524]]}},{"type":"Feature","properties":{"kind":"trail","surface":"dirt"},"geometry":{"type":"LineString","coordinates":[[-122.260899,37.88523],[-122.260868,37.885283],[-122.260925,37.885493],[-122.260854,37.885608]]}},{"type":"Feature","properties":{"kind":"trail","surface":"dirt"},"geometry":{"type":"LineString","coordinates":[[-122.260868,37.885283],[-122.260767,37.8852],[-122.260615,37.885234]]}},{"type":"Feature","properties":{"kind":"trail","surface":"dirt"},"geometry":{"type":"LineString","coordinates":[[-122.261009,37.885041],[-122.260968,37.885069]]}},{"type":"Feature","properties":{"kind":"trail","surface":"dirt"},"geometry":{"type":"LineString","coordinates":[[-122.260968,37.885069],[-122.260934,37.885099]]}},{"type":"Feature","properties":{"kind":"trail","surface":"dirt"},"geometry":{"type":"LineString","coordinates":[[-122.260934,37.885099],[-122.260916,37.885123]]}},{"type":"Feature","properties":{"kind":"trail","surface":"concrete"},"geometry":{"type":"LineString","coordinates":[[-122.259995,37.884772],[-122.260026,37.884819]]}},{"type":"Feature","properties":{"kind":"steps","surface":"dirt"},"geometry":{"type":"LineString","coordinates":[[-122.260026,37.884819],[-122.260157,37.884978]]}},{"type":"Feature","properties":{"kind":"steps","surface":"dirt"},"geometry":{"type":"LineString","coordinates":[[-122.261639,37.886091],[-122.261627,37.886269],[-122.26152,37.886351]]}},{"type":"Feature","properties":{"kind":"steps","surface":"concrete"},"geometry":{"type":"LineString","coordinates":[[-122.261724,37.885713],[-122.26172,37.885784]]}},{"type":"Feature","properties":{"kind":"trail","surface":"concrete"},"geometry":{"type":"LineString","coordinates":[[-122.261497,37.885787],[-122.261556,37.885731]]}},{"type":"Feature","properties":{"kind":"steps","surface":"asphalt"},"geometry":{"type":"LineString","coordinates":[[-122.261875,37.885537],[-122.26182,37.885506]]}},{"type":"Feature","properties":{"kind":"steps","surface":"dirt"},"geometry":{"type":"LineString","coordinates":[[-122.262485,37.885514],[-122.262358,37.885654]]}},{"type":"Feature","properties":{"kind":"trail","surface":"asphalt"},"geometry":{"type":"LineString","coordinates":[[-122.261758,37.885677],[-122.261787,37.885645]]}},{"type":"Feature","properties":{"kind":"trail","surface":"asphalt"},"geometry":{"type":"LineString","coordinates":[[-122.261787,37.885645],[-122.26181,37.885622],[-122.261875,37.885537],[-122.262063,37.88554]]}},{"type":"Feature","properties":{"kind":"trail","surface":"dirt"},"geometry":{"type":"LineString","coordinates":[[-122.261659,37.886293],[-122.261513,37.886606]]}},{"type":"Feature","properties":{"kind":"trail","surface":"dirt"},"geometry":{"type":"LineString","coordinates":[[-122.261736,37.886301],[-122.261657,37.886455]]}},{"type":"Feature","properties":{"kind":"trail","surface":"dirt"},"geometry":{"type":"LineString","coordinates":[[-122.261478,37.885968],[-122.261362,37.885958]]}},{"type":"Feature","properties":{"kind":"trail","surface":"dirt"},"geometry":{"type":"LineString","coordinates":[[-122.260226,37.885124],[-122.260236,37.88521],[-122.260392,37.885304],[-122.260515,37.885577],[-122.260662,37.885667],[-122.260664,37.885814],[-122.260748,37.885931],[-122.260987,37.886071],[-122.261283,37.886264],[-122.261397,37.886136],[-122.261478,37.885968],[-122.261584,37.885898],[-122.261586,37.885872],[-122.261497,37.885787]]}},{"type":"Feature","properties":{"kind":"steps","name":"Tamalpais Path","surface":"concrete"},"geometry":{"type":"LineString","coordinates":[[-122.261254,37.886796],[-122.26144,37.886749],[-122.26147,37.886709]]}},{"type":"Feature","properties":{"kind":"trail","name":"Tamalpais Path","surface":"dirt"},"geometry":{"type":"LineString","coordinates":[[-122.261155,37.886839],[-122.261254,37.886796]]}},{"type":"Feature","properties":{"kind":"trail","name":"Tamalpais Path","surface":"dirt"},"geometry":{"type":"LineString","coordinates":[[-122.26147,37.886709],[-122.261492,37.886701],[-122.261542,37.886679]]}},{"type":"Feature","properties":{"kind":"steps","surface":"concrete"},"geometry":{"type":"LineString","coordinates":[[-122.275408,37.895844],[-122.275516,37.895822]]}},{"type":"Feature","properties":{"kind":"steps"},"geometry":{"type":"LineString","coordinates":[[-122.275035,37.894931],[-122.275157,37.894911]]}},{"type":"Feature","properties":{"kind":"trail","surface":"asphalt"},"geometry":{"type":"LineString","coordinates":[[-122.262213,37.885544],[-122.262219,37.885491],[-122.262406,37.885346],[-122.262507,37.885441],[-122.262485,37.885514]]}},{"type":"Feature","properties":{"kind":"trail"},"geometry":{"type":"LineString","coordinates":[[-122.263237,37.885208],[-122.263169,37.885247],[-122.263133,37.885309],[-122.263109,37.885367],[-122.263138,37.885374]]}},{"type":"Feature","properties":{"kind":"trail"},"geometry":{"type":"LineString","coordinates":[[-122.262984,37.885335],[-122.263012,37.885339],[-122.26304,37.885344],[-122.263069,37.885348],[-122.263109,37.885367],[-122.263085,37.885448],[-122.263043,37.885443],[-122.263016,37.88544],[-122.262991,37.885436],[-122.262961,37.885431]]}},{"type":"Feature","properties":{"kind":"trail"},"geometry":{"type":"LineString","coordinates":[[-122.263085,37.885448],[-122.263069,37.885518],[-122.26312,37.885501],[-122.263119,37.88545],[-122.263126,37.885432],[-122.263138,37.885374],[-122.263167,37.885315],[-122.263198,37.885258]]}},{"type":"Feature","properties":{"kind":"trail"},"geometry":{"type":"LineString","coordinates":[[-122.263083,37.8853],[-122.263069,37.885348],[-122.263043,37.885443],[-122.263014,37.885544]]}},{"type":"Feature","properties":{"kind":"trail"},"geometry":{"type":"LineString","coordinates":[[-122.263085,37.885448],[-122.263119,37.88545]]}},{"type":"Feature","properties":{"kind":"trail"},"geometry":{"type":"LineString","coordinates":[[-122.263544,37.885403],[-122.263626,37.885303]]}},{"type":"Feature","properties":{"kind":"trail"},"geometry":{"type":"LineString","coordinates":[[-122.263207,37.884922],[-122.263211,37.884864]]}},{"type":"Feature","properties":{"kind":"trail"},"geometry":{"type":"LineString","coordinates":[[-122.263057,37.884887],[-122.263078,37.884815]]}},{"type":"Feature","properties":{"kind":"trail"},"geometry":{"type":"LineString","coordinates":[[-122.263187,37.88548],[-122.263223,37.885468]]}},{"type":"Feature","properties":{"kind":"trail"},"geometry":{"type":"LineString","coordinates":[[-122.263175,37.88543],[-122.263167,37.885315]]}},{"type":"Feature","properties":{"kind":"trail"},"geometry":{"type":"LineString","coordinates":[[-122.263155,37.885491],[-122.263187,37.88548],[-122.263175,37.88543],[-122.263147,37.88543],[-122.263126,37.885432]]}},{"type":"Feature","properties":{"kind":"trail","name":"Arden Path","surface":"asphalt"},"geometry":{"type":"LineString","coordinates":[[-122.247664,37.869968],[-122.247581,37.870031],[-122.24697,37.869993]]}},{"type":"Feature","properties":{"kind":"trail"},"geometry":{"type":"LineString","coordinates":[[-122.263279,37.884732],[-122.263078,37.884815]]}},{"type":"Feature","properties":{"kind":"steps"},"geometry":{"type":"LineString","coordinates":[[-122.263407,37.884848],[-122.263372,37.884778],[-122.263309,37.884767],[-122.263329,37.88473],[-122.263279,37.884732]]}},{"type":"Feature","properties":{"kind":"trail"},"geometry":{"type":"LineString","coordinates":[[-122.263524,37.885315],[-122.263476,37.885355],[-122.263544,37.885403]]}},{"type":"Feature","properties":{"kind":"trail"},"geometry":{"type":"LineString","coordinates":[[-122.263133,37.885309],[-122.263167,37.885315]]}},{"type":"Feature","properties":{"kind":"trail"},"geometry":{"type":"LineString","coordinates":[[-122.263626,37.885303],[-122.263597,37.885282]]}},{"type":"Feature","properties":{"kind":"trail"},"geometry":{"type":"LineString","coordinates":[[-122.263597,37.885282],[-122.263579,37.885268]]}},{"type":"Feature","properties":{"kind":"steps","surface":"concrete"},"geometry":{"type":"LineString","coordinates":[[-122.261893,37.885794],[-122.26172,37.885784],[-122.261666,37.885814],[-122.261586,37.885872]]}},{"type":"Feature","properties":{"kind":"trail","surface":"dirt"},"geometry":{"type":"LineString","coordinates":[[-122.261497,37.885787],[-122.261318,37.885772],[-122.261213,37.885677]]}},{"type":"Feature","properties":{"kind":"trail","surface":"dirt"},"geometry":{"type":"LineString","coordinates":[[-122.261666,37.885814],[-122.261556,37.885731],[-122.261426,37.885612]]}},{"type":"Feature","properties":{"kind":"trail","surface":"dirt"},"geometry":{"type":"LineString","coordinates":[[-122.260976,37.885231],[-122.260954,37.88533],[-122.261023,37.88542],[-122.261129,37.885524],[-122.261183,37.885686]]}},{"type":"Feature","properties":{"kind":"steps","surface":"dirt"},"geometry":{"type":"LineString","coordinates":[[-122.261023,37.88542],[-122.261026,37.885571],[-122.260925,37.885493]]}},{"type":"Feature","properties":{"kind":"trail","surface":"dirt"},"geometry":{"type":"LineString","coordinates":[[-122.260157,37.884978],[-122.260322,37.885017],[-122.260916,37.885123]]}},{"type":"Feature","properties":{"kind":"steps","surface":"dirt"},"geometry":{"type":"LineString","coordinates":[[-122.260086,37.884825],[-122.260026,37.884819]]}},{"type":"Feature","properties":{"kind":"steps","surface":"dirt"},"geometry":{"type":"LineString","coordinates":[[-122.260885,37.884795],[-122.260768,37.884797]]}},{"type":"Feature","properties":{"kind":"trail","surface":"dirt"},"geometry":{"type":"LineString","coordinates":[[-122.260768,37.884797],[-122.260311,37.884845],[-122.260008,37.884684]]}},{"type":"Feature","properties":{"kind":"trail","surface":"dirt"},"geometry":{"type":"LineString","coordinates":[[-122.260885,37.884795],[-122.260781,37.884865],[-122.260841,37.88489]]}},{"type":"Feature","properties":{"kind":"trail","surface":"asphalt"},"geometry":{"type":"LineString","coordinates":[[-122.26182,37.885506],[-122.261815,37.885487]]}},{"type":"Feature","properties":{"kind":"trail"},"geometry":{"type":"LineString","coordinates":[[-122.272818,37.895556],[-122.273117,37.895496]]}},{"type":"Feature","properties":{"kind":"trail"},"geometry":{"type":"LineString","coordinates":[[-122.273126,37.895389],[-122.273255,37.895319],[-122.273377,37.895204],[-122.273362,37.895172],[-122.27327,37.895196],[-122.273159,37.895282],[-122.273098,37.895348]]}},{"type":"Feature","properties":{"kind":"steps"},"geometry":{"type":"LineString","coordinates":[[-122.273098,37.895348],[-122.273126,37.895389]]}},{"type":"Feature","properties":{"kind":"steps","surface":"concrete"},"geometry":{"type":"LineString","coordinates":[[-122.273162,37.895193],[-122.273141,37.895108],[-122.273085,37.895089],[-122.273054,37.895088]]}},{"type":"Feature","properties":{"kind":"steps"},"geometry":{"type":"LineString","coordinates":[[-122.273151,37.895224],[-122.273103,37.895215]]}},{"type":"Feature","properties":{"kind":"trail"},"geometry":{"type":"LineString","coordinates":[[-122.273085,37.895089],[-122.273103,37.895215],[-122.273108,37.895257]]}},{"type":"Feature","properties":{"kind":"road","surface":"paving_stones"},"geometry":{"type":"LineString","coordinates":[[-122.273017,37.895041],[-122.27302,37.894905],[-122.273052,37.894838]]}},{"type":"Feature","properties":{"kind":"road","surface":"paving_stones"},"geometry":{"type":"LineString","coordinates":[[-122.272858,37.895127],[-122.272865,37.895064],[-122.273017,37.895041],[-122.273054,37.895088],[-122.27299,37.895197],[-122.272928,37.895196],[-122.272873,37.895158],[-122.272858,37.895127]]}},{"type":"Feature","properties":{"kind":"steps"},"geometry":{"type":"LineString","coordinates":[[-122.274002,37.894635],[-122.273939,37.894769]]}},{"type":"Feature","properties":{"kind":"trail"},"geometry":{"type":"LineString","coordinates":[[-122.273939,37.894769],[-122.273889,37.894919]]}},{"type":"Feature","properties":{"kind":"trail"},"geometry":{"type":"LineString","coordinates":[[-122.272707,37.89565],[-122.272818,37.895556]]}},{"type":"Feature","properties":{"kind":"steps"},"geometry":{"type":"LineString","coordinates":[[-122.272635,37.895465],[-122.272676,37.895528],[-122.272576,37.89556],[-122.272608,37.89561],[-122.272581,37.895677]]}},{"type":"Feature","properties":{"kind":"trail","surface":"wood"},"geometry":{"type":"LineString","coordinates":[[-122.272608,37.895401],[-122.272635,37.895465]]}},{"type":"Feature","properties":{"kind":"trail"},"geometry":{"type":"LineString","coordinates":[[-122.272627,37.895345],[-122.272608,37.895401]]}},{"type":"Feature","properties":{"kind":"trail"},"geometry":{"type":"LineString","coordinates":[[-122.272889,37.895457],[-122.273126,37.895389],[-122.273283,37.895401]]}},{"type":"Feature","properties":{"kind":"trail"},"geometry":{"type":"LineString","coordinates":[[-122.273314,37.895465],[-122.273551,37.895563],[-122.273626,37.895591],[-122.273645,37.895663]]}},{"type":"Feature","properties":{"kind":"trail","surface":"unpaved"},"geometry":{"type":"LineString","coordinates":[[-122.273551,37.895563],[-122.273667,37.895439],[-122.273698,37.895216],[-122.273889,37.894919]]}},{"type":"Feature","properties":{"kind":"road","name":"Arlington Avenue","surface":"asphalt"},"geometry":{"type":"LineString","coordinates":[[-122.274693,37.894119],[-122.274584,37.893918]]}},{"type":"Feature","properties":{"kind":"trail"},"geometry":{"type":"LineString","coordinates":[[-122.273117,37.895496],[-122.273314,37.895465]]}},{"type":"Feature","properties":{"kind":"trail"},"geometry":{"type":"LineString","coordinates":[[-122.272735,37.894991],[-122.272735,37.894912],[-122.272675,37.894603],[-122.272346,37.894428],[-122.272088,37.894397],[-122.271941,37.894331],[-122.271779,37.894353]]}},{"type":"Feature","properties":{"kind":"steps","surface":"dirt"},"geometry":{"type":"LineString","coordinates":[[-122.260916,37.885123],[-122.260939,37.885186],[-122.260976,37.885231],[-122.261136,37.885306],[-122.261144,37.885371]]}},{"type":"Feature","properties":{"kind":"trail","surface":"dirt"},"geometry":{"type":"LineString","coordinates":[[-122.261144,37.885371],[-122.261198,37.885446],[-122.261323,37.885615]]}},{"type":"Feature","properties":{"kind":"steps"},"geometry":{"type":"LineString","coordinates":[[-122.263002,37.88455],[-122.26291,37.884469]]}},{"type":"Feature","properties":{"kind":"trail"},"geometry":{"type":"LineString","coordinates":[[-122.263016,37.884712],[-122.263002,37.88455]]}},{"type":"Feature","properties":{"kind":"steps"},"geometry":{"type":"LineString","coordinates":[[-122.263078,37.884815],[-122.263016,37.884712]]}},{"type":"Feature","properties":{"kind":"trail"},"geometry":{"type":"LineString","coordinates":[[-122.254042,37.871636],[-122.254114,37.871581]]}},{"type":"Feature","properties":{"kind":"trail"},"geometry":{"type":"LineString","coordinates":[[-122.254273,37.871416],[-122.254288,37.871406],[-122.254431,37.871325]]}},{"type":"Feature","properties":{"kind":"trail"},"geometry":{"type":"LineString","coordinates":[[-122.253949,37.871717],[-122.254022,37.871655],[-122.254042,37.871636]]}},{"type":"Feature","properties":{"kind":"trail","surface":"concrete"},"geometry":{"type":"LineString","coordinates":[[-122.254429,37.872018],[-122.254545,37.872013]]}},{"type":"Feature","properties":{"kind":"steps"},"geometry":{"type":"LineString","coordinates":[[-122.254227,37.872107],[-122.254429,37.872018]]}},{"type":"Feature","properties":{"kind":"trail","surface":"concrete"},"geometry":{"type":"LineString","coordinates":[[-122.253737,37.871749],[-122.25387,37.871722],[-122.253949,37.871717],[-122.253974,37.871811],[-122.253993,37.871953],[-122.254122,37.872104]]}},{"type":"Feature","properties":{"kind":"steps"},"geometry":{"type":"LineString","coordinates":[[-122.253482,37.87164],[-122.253498,37.871758],[-122.25357,37.871783],[-122.253737,37.871749]]}},{"type":"Feature","properties":{"kind":"road","surface":"asphalt"},"geometry":{"type":"LineString","coordinates":[[-122.254529,37.869414],[-122.254548,37.86956],[-122.254493,37.869644],[-122.254315,37.869807],[-122.254279,37.869851],[-122.254229,37.870076]]}},{"type":"Feature","properties":{"kind":"road","surface":"asphalt"},"geometry":{"type":"LineString","coordinates":[[-122.254843,37.869372],[-122.254873,37.869435],[-122.254915,37.869658],[-122.254983,37.869979],[-122.255002,37.870065],[-122.255105,37.870308],[-122.255204,37.870366],[-122.255247,37.870391],[-122.255325,37.87043],[-122.255509,37.870546],[-122.255577,37.870593],[-122.255799,37.87073],[-122.255928,37.870812],[-122.255989,37.870887]]}},{"type":"Feature","properties":{"kind":"trail","surface":"paved"},"geometry":{"type":"LineString","coordinates":[[-122.255509,37.870546],[-122.255246,37.870576],[-122.25505,37.870597],[-122.255011,37.870601]]}},{"type":"Feature","properties":{"kind":"road","name":"Rose Street","surface":"asphalt"},"geometry":{"type":"LineString","coordinates":[[-122.274104,37.881447],[-122.270723,37.881889]]}},{"type":"Feature","properties":{"kind":"road","name":"Rose Street","surface":"asphalt"},"geometry":{"type":"LineString","coordinates":[[-122.270314,37.881936],[-122.269533,37.882037],[-122.269326,37.882067]]}},{"type":"Feature","properties":{"kind":"road","name":"Hopkins Street","surface":"asphalt"},"geometry":{"type":"LineString","coordinates":[[-122.275623,37.884852],[-122.275334,37.885117]]}},{"type":"Feature","properties":{"kind":"road","name":"Henry Street","surface":"asphalt"},"geometry":{"type":"LineString","coordinates":[[-122.270955,37.88369],[-122.271156,37.885083]]}},{"type":"Feature","properties":{"kind":"road","name":"Rose Street","surface":"concrete"},"geometry":{"type":"LineString","coordinates":[[-122.269326,37.882067],[-122.268413,37.882182]]}},{"type":"Feature","properties":{"kind":"road","name":"Shattuck Avenue","surface":"asphalt"},"geometry":{"type":"LineString","coordinates":[[-122.269308,37.880673],[-122.269339,37.880893]]}},{"type":"Feature","properties":{"kind":"steps","surface":"concrete"},"geometry":{"type":"LineString","coordinates":[[-122.273011,37.891219],[-122.273069,37.891152]]}},{"type":"Feature","properties":{"kind":"trail","name":"Indian Rock Path","surface":"concrete"},"geometry":{"type":"LineString","coordinates":[[-122.273824,37.891996],[-122.273277,37.892067]]}},{"type":"Feature","properties":{"kind":"steps","name":"Indian Rock Path","surface":"concrete"},"geometry":{"type":"LineString","coordinates":[[-122.274104,37.891963],[-122.273994,37.891977],[-122.273824,37.891996]]}},{"type":"Feature","properties":{"kind":"steps","name":"Indian Rock Path"},"geometry":{"type":"LineString","coordinates":[[-122.273063,37.892411],[-122.27292,37.89248]]}},{"type":"Feature","properties":{"kind":"steps","name":"Fountain Walk","surface":"concrete"},"geometry":{"type":"LineString","coordinates":[[-122.272333,37.889322],[-122.27233,37.889167]]}},{"type":"Feature","properties":{"kind":"road","name":"Martin Luther King Junior Way","surface":"asphalt"},"geometry":{"type":"LineString","coordinates":[[-122.274104,37.881447],[-122.273722,37.878052]]}},{"type":"Feature","properties":{"kind":"road","name":"Hopkins Street","surface":"asphalt"},"geometry":{"type":"LineString","coordinates":[[-122.275915,37.884679],[-122.275623,37.884852]]}},{"type":"Feature","properties":{"kind":"road","name":"The Alameda","surface":"asphalt"},"geometry":{"type":"LineString","coordinates":[[-122.274556,37.884936],[-122.274482,37.884721],[-122.274419,37.884254]]}},{"type":"Feature","properties":{"kind":"trail","surface":"concrete"},"geometry":{"type":"LineString","coordinates":[[-122.259121,37.87619],[-122.259063,37.87591],[-122.258941,37.87532]]}},{"type":"Feature","properties":{"kind":"trail"},"geometry":{"type":"LineString","coordinates":[[-122.234438,37.886684],[-122.234453,37.886868],[-122.234129,37.887005]]}},{"type":"Feature","properties":{"kind":"road","name":"Ashby Avenue","surface":"asphalt"},"geometry":{"type":"LineString","coordinates":[[-122.246795,37.857976],[-122.245329,37.858048]]}},{"type":"Feature","properties":{"kind":"road","name":"Ashby Avenue","surface":"asphalt"},"geometry":{"type":"LineString","coordinates":[[-122.254264,37.85689],[-122.253339,37.857008]]}},{"type":"Feature","properties":{"kind":"road","name":"Russell Street","surface":"asphalt"},"geometry":{"type":"LineString","coordinates":[[-122.269219,37.856405],[-122.269048,37.856426]]}},{"type":"Feature","properties":{"kind":"road","name":"Adeline Street","surface":"asphalt"},"geometry":{"type":"LineString","coordinates":[[-122.268986,37.856435],[-122.268724,37.856233]]}},{"type":"Feature","properties":{"kind":"trail","name":"Webster Street","surface":"concrete"},"geometry":{"type":"LineString","coordinates":[[-122.255904,37.855682],[-122.255752,37.855773],[-122.255677,37.855736]]}},{"type":"Feature","properties":{"kind":"road","name":"Shattuck Avenue","surface":"asphalt"},"geometry":{"type":"LineString","coordinates":[[-122.26716,37.860151],[-122.267191,37.859731]]}},{"type":"Feature","properties":{"kind":"road","name":"Avalon Avenue","surface":"asphalt"},"geometry":{"type":"LineString","coordinates":[[-122.244671,37.859815],[-122.244568,37.859819]]}},{"type":"Feature","properties":{"kind":"road","name":"Ashby Avenue","surface":"asphalt"},"geometry":{"type":"LineString","coordinates":[[-122.257633,37.856453],[-122.255521,37.856727]]}},{"type":"Feature","properties":{"kind":"steps","surface":"concrete"},"geometry":{"type":"LineString","coordinates":[[-122.257093,37.878304],[-122.257038,37.87831]]}},{"type":"Feature","properties":{"kind":"trail","surface":"asphalt"},"geometry":{"type":"LineString","coordinates":[[-122.259283,37.873661],[-122.259128,37.87366],[-122.258753,37.873599]]}},{"type":"Feature","properties":{"kind":"road","surface":"asphalt"},"geometry":{"type":"LineString","coordinates":[[-122.259692,37.873758],[-122.259684,37.87374],[-122.259613,37.873573],[-122.259283,37.873661],[-122.259363,37.873846],[-122.259392,37.873838],[-122.259485,37.873813],[-122.259591,37.873784],[-122.259692,37.873758]]}},{"type":"Feature","properties":{"kind":"steps","name":"La Vereda Steps","surface":"concrete"},"geometry":{"type":"LineString","coordinates":[[-122.256446,37.878417],[-122.256254,37.878436],[-122.256244,37.878504]]}},{"type":"Feature","properties":{"kind":"trail","name":"Greenwood Common","surface":"asphalt"},"geometry":{"type":"LineString","coordinates":[[-122.259155,37.882765],[-122.259737,37.882693]]}},{"type":"Feature","properties":{"kind":"trail","name":"Greenwood Common","surface":"asphalt"},"geometry":{"type":"LineString","coordinates":[[-122.25979,37.882747],[-122.259944,37.882711],[-122.259971,37.882658],[-122.259861,37.882594],[-122.259737,37.882693],[-122.25979,37.882747]]}},{"type":"Feature","properties":{"kind":"trail","name":"La Loma Steps","surface":"paving_stones"},"geometry":{"type":"LineString","coordinates":[[-122.259691,37.881938],[-122.259963,37.881924]]}},{"type":"Feature","properties":{"kind":"steps","name":"La Loma Steps","surface":"paving_stones"},"geometry":{"type":"LineString","coordinates":[[-122.260386,37.881847],[-122.260285,37.881854]]}},{"type":"Feature","properties":{"kind":"steps","name":"Oxford School Way","surface":"concrete"},"geometry":{"type":"LineString","coordinates":[[-122.269317,37.887429],[-122.269231,37.887488]]}},{"type":"Feature","properties":{"kind":"trail","surface":"brick"},"geometry":{"type":"LineString","coordinates":[[-122.264711,37.873123],[-122.264462,37.872963],[-122.264354,37.872888]]}},{"type":"Feature","properties":{"kind":"steps","surface":"concrete"},"geometry":{"type":"LineString","coordinates":[[-122.263644,37.872772],[-122.263592,37.872794]]}},{"type":"Feature","properties":{"kind":"trail","name":"Oxford School Way","surface":"concrete"},"geometry":{"type":"LineString","coordinates":[[-122.269231,37.887488],[-122.2683,37.887894]]}},{"type":"Feature","properties":{"kind":"trail","name":"Black Path","surface":"asphalt"},"geometry":{"type":"LineString","coordinates":[[-122.274248,37.890907],[-122.274415,37.890807],[-122.274644,37.890757],[-122.274956,37.890755],[-122.275434,37.890906],[-122.275539,37.890884]]}},{"type":"Feature","properties":{"kind":"trail","surface":"dirt"},"geometry":{"type":"LineString","coordinates":[[-122.244176,37.88231],[-122.244227,37.882222],[-122.244127,37.881926],[-122.244154,37.881808],[-122.244232,37.881744]]}},{"type":"Feature","properties":{"kind":"trail","name":"Skyline Trail"},"geometry":{"type":"LineString","coordinates":[[-122.221557,37.879835],[-122.221506,37.879803],[-122.221436,37.879306],[-122.221,37.878428],[-122.220797,37.87828],[-122.22075,37.878276],[-122.220695,37.878427],[-122.220576,37.878383],[-122.219632,37.877569],[-122.219637,37.877467],[-122.219864,37.877357],[-122.219961,37.877225],[-122.219963,37.876976],[-122.219802,37.876698],[-122.219514,37.876313],[-122.219544,37.876193],[-122.220661,37.875893],[-122.220799,37.875827],[-122.220842,37.875698]]}},{"type":"Feature","properties":{"kind":"track","surface":"unpaved"},"geometry":{"type":"LineString","coordinates":[[-122.221696,37.883711],[-122.221515,37.883344],[-122.221638,37.883266],[-122.221836,37.883328],[-122.222116,37.883619],[-122.22225,37.883926],[-122.221696,37.883711]]}},{"type":"Feature","properties":{"kind":"trail","surface":"dirt"},"geometry":{"type":"LineString","coordinates":[[-122.24497,37.869723],[-122.245105,37.869762]]}},{"type":"Feature","properties":{"kind":"road","name":"Walker Street","surface":"asphalt"},"geometry":{"type":"LineString","coordinates":[[-122.265986,37.859661],[-122.265969,37.859571]]}},{"type":"Feature","properties":{"kind":"trail","name":"Acton Crescent Path","surface":"concrete"},"geometry":{"type":"LineString","coordinates":[[-122.282501,37.867962],[-122.281827,37.868034]]}},{"type":"Feature","properties":{"kind":"trail","surface":"concrete"},"geometry":{"type":"LineString","coordinates":[[-122.262168,37.872634],[-122.262391,37.872805]]}},{"type":"Feature","properties":{"kind":"trail","name":"Hill Court Steps","surface":"concrete"},"geometry":{"type":"LineString","coordinates":[[-122.260171,37.880317],[-122.260268,37.880216]]}},{"type":"Feature","properties":{"kind":"trail","surface":"asphalt"},"geometry":{"type":"LineString","coordinates":[[-122.26276,37.884446],[-122.262601,37.884465],[-122.26225,37.884353]]}},{"type":"Feature","properties":{"kind":"trail","surface":"dirt"},"geometry":{"type":"LineString","coordinates":[[-122.244789,37.88399],[-122.244853,37.884564],[-122.245027,37.884864]]}},{"type":"Feature","properties":{"kind":"trail","surface":"ground"},"geometry":{"type":"LineString","coordinates":[[-122.244349,37.884626],[-122.2442,37.884046],[-122.244117,37.883888]]}},{"type":"Feature","properties":{"kind":"trail","surface":"dirt"},"geometry":{"type":"LineString","coordinates":[[-122.245007,37.883755],[-122.244868,37.883572]]}},{"type":"Feature","properties":{"kind":"trail","surface":"ground"},"geometry":{"type":"LineString","coordinates":[[-122.244484,37.884766],[-122.244463,37.884988],[-122.244224,37.885345],[-122.244001,37.885547]]}},{"type":"Feature","properties":{"kind":"trail","surface":"dirt"},"geometry":{"type":"LineString","coordinates":[[-122.249368,37.887337],[-122.249191,37.887439],[-122.24933,37.887571]]}},{"type":"Feature","properties":{"kind":"trail","surface":"dirt"},"geometry":{"type":"LineString","coordinates":[[-122.249001,37.887737],[-122.248594,37.887786]]}},{"type":"Feature","properties":{"kind":"trail","name":"Hawthorne Steps","surface":"concrete"},"geometry":{"type":"LineString","coordinates":[[-122.262743,37.882438],[-122.263084,37.882399]]}},{"type":"Feature","properties":{"kind":"steps","name":"Hawthorne Steps","surface":"concrete"},"geometry":{"type":"LineString","coordinates":[[-122.263084,37.882399],[-122.263237,37.882379]]}},{"type":"Feature","properties":{"kind":"steps","name":"Rose Walk","surface":"concrete"},"geometry":{"type":"LineString","coordinates":[[-122.260844,37.883178],[-122.260734,37.883177]]}},{"type":"Feature","properties":{"kind":"trail","surface":"dirt"},"geometry":{"type":"LineString","coordinates":[[-122.255477,37.900685],[-122.255357,37.900754],[-122.255418,37.901012],[-122.255349,37.901187],[-122.254882,37.901213],[-122.254889,37.901303],[-122.25437,37.901107],[-122.254268,37.90107]]}},{"type":"Feature","properties":{"kind":"trail","surface":"dirt"},"geometry":{"type":"LineString","coordinates":[[-122.25437,37.901107],[-122.254296,37.901192]]}},{"type":"Feature","properties":{"kind":"trail","surface":"dirt"},"geometry":{"type":"LineString","coordinates":[[-122.255349,37.901187],[-122.255466,37.901564],[-122.255669,37.901882],[-122.255773,37.902062]]}},{"type":"Feature","properties":{"kind":"trail","surface":"dirt"},"geometry":{"type":"LineString","coordinates":[[-122.255669,37.901882],[-122.255826,37.901951]]}},{"type":"Feature","properties":{"kind":"trail","name":"Lake Anza Trail","surface":"wood"},"geometry":{"type":"LineString","coordinates":[[-122.248372,37.895323],[-122.248339,37.895486]]}},{"type":"Feature","properties":{"kind":"trail"},"geometry":{"type":"LineString","coordinates":[[-122.25263,37.896955],[-122.252669,37.896979]]}},{"type":"Feature","properties":{"kind":"steps"},"geometry":{"type":"LineString","coordinates":[[-122.252669,37.896979],[-122.252889,37.896939]]}},{"type":"Feature","properties":{"kind":"steps"},"geometry":{"type":"LineString","coordinates":[[-122.252772,37.897355],[-122.252807,37.897277]]}},{"type":"Feature","properties":{"kind":"trail","name":"Lake Anza Trail","surface":"compacted"},"geometry":{"type":"LineString","coordinates":[[-122.251648,37.897148],[-122.251573,37.897169]]}},{"type":"Feature","properties":{"kind":"trail","name":"Lake Anza Trail","surface":"compacted"},"geometry":{"type":"LineString","coordinates":[[-122.251453,37.897202],[-122.251305,37.897291]]}},{"type":"Feature","properties":{"kind":"track"},"geometry":{"type":"LineString","coordinates":[[-122.26182,37.905485],[-122.261458,37.905004],[-122.26126,37.904847],[-122.260678,37.904634],[-122.260496,37.9044],[-122.26041,37.904127],[-122.260289,37.904014],[-122.26012,37.903985]]}},{"type":"Feature","properties":{"kind":"trail","surface":"ground"},"geometry":{"type":"LineString","coordinates":[[-122.259252,37.903658],[-122.25942,37.903192]]}},{"type":"Feature","properties":{"kind":"steps"},"geometry":{"type":"LineString","coordinates":[[-122.25942,37.903192],[-122.259416,37.903066]]}},{"type":"Feature","properties":{"kind":"trail","surface":"ground"},"geometry":{"type":"LineString","coordinates":[[-122.26012,37.903985],[-122.259828,37.903967],[-122.259495,37.903738],[-122.259252,37.903658],[-122.259073,37.903639],[-122.258737,37.903746]]}},{"type":"Feature","properties":{"kind":"trail","name":"Glen Rose Alley","surface":"ground"},"geometry":{"type":"LineString","coordinates":[[-122.265787,37.884053],[-122.265738,37.883823]]}},{"type":"Feature","properties":{"kind":"steps","name":"Covert Path","surface":"dirt"},"geometry":{"type":"LineString","coordinates":[[-122.25814,37.888126],[-122.257886,37.888336],[-122.257825,37.888461]]}},{"type":"Feature","properties":{"kind":"steps","name":"Wilson Walk","surface":"railway_sleepers"},"geometry":{"type":"LineString","coordinates":[[-122.248047,37.881756],[-122.248728,37.881583]]}},{"type":"Feature","properties":{"kind":"trail","name":"Glendale Path","surface":"dirt"},"geometry":{"type":"LineString","coordinates":[[-122.253274,37.885913],[-122.252849,37.886046]]}},{"type":"Feature","properties":{"kind":"steps","name":"Glendale Path","surface":"dirt"},"geometry":{"type":"LineString","coordinates":[[-122.252849,37.886046],[-122.252767,37.886079]]}},{"type":"Feature","properties":{"kind":"trail","surface":"asphalt"},"geometry":{"type":"LineString","coordinates":[[-122.251106,37.88406],[-122.251004,37.883976],[-122.250892,37.883966]]}},{"type":"Feature","properties":{"kind":"road","name":"Claremont Avenue","surface":"paved"},"geometry":{"type":"LineString","coordinates":[[-122.225936,37.869833],[-122.225816,37.869888],[-122.225054,37.870399],[-122.22495,37.870545],[-122.224825,37.870977],[-122.224689,37.871227],[-122.224393,37.871563],[-122.224168,37.871568],[-122.223581,37.870971],[-122.22329,37.870509],[-122.222617,37.870204],[-122.222421,37.870209],[-122.22169,37.870411],[-122.221045,37.870676],[-122.220835,37.870667],[-122.220405,37.870269],[-122.219477,37.869947],[-122.218184,37.869027],[-122.217981,37.86885],[-122.217866,37.868471],[-122.217862,37.868358]]}},{"type":"Feature","properties":{"kind":"trail"},"geometry":{"type":"LineString","coordinates":[[-122.25589,37.86065],[-122.256544,37.860607],[-122.256645,37.860631],[-122.256723,37.860728],[-122.256696,37.860864],[-122.256616,37.860948]]}},{"type":"Feature","properties":{"kind":"trail"},"geometry":{"type":"LineString","coordinates":[[-122.226708,37.889706],[-122.226791,37.889887],[-122.226777,37.89012],[-122.226871,37.890466],[-122.227164,37.890752]]}},{"type":"Feature","properties":{"kind":"trail","surface":"unpaved"},"geometry":{"type":"LineString","coordinates":[[-122.23412,37.894039],[-122.234317,37.894047],[-122.234503,37.89421],[-122.234727,37.894543],[-122.234721,37.894615]]}},{"type":"Feature","properties":{"kind":"trail"},"geometry":{"type":"LineString","coordinates":[[-122.22195,37.88077],[-122.221349,37.880176],[-122.221003,37.880196],[-122.220892,37.880146]]}},{"type":"Feature","properties":{"kind":"trail"},"geometry":{"type":"LineString","coordinates":[[-122.247335,37.879681],[-122.24743,37.87989],[-122.247458,37.880104],[-122.247798,37.880599],[-122.248025,37.880754],[-122.248254,37.880832]]}},{"type":"Feature","properties":{"kind":"trail"},"geometry":{"type":"LineString","coordinates":[[-122.24709,37.879914],[-122.247199,37.879887],[-122.247335,37.879681],[-122.24741,37.879441],[-122.247344,37.879229],[-122.247403,37.879119],[-122.247771,37.878856],[-122.247812,37.878751],[-122.247746,37.878573]]}},{"type":"Feature","properties":{"kind":"steps","name":"Northgate Path"},"geometry":{"type":"LineString","coordinates":[[-122.257318,37.886754],[-122.257087,37.886233],[-122.256902,37.885966]]}},{"type":"Feature","properties":{"kind":"trail","name":"Scott Newhall Path"},"geometry":{"type":"LineString","coordinates":[[-122.251021,37.888931],[-122.25106,37.888663],[-122.251005,37.888466],[-122.250791,37.888139]]}},{"type":"Feature","properties":{"kind":"trail"},"geometry":{"type":"LineString","coordinates":[[-122.248031,37.880901],[-122.248254,37.880832]]}},{"type":"Feature","properties":{"kind":"trail","name":"Olympus Path","surface":"dirt"},"geometry":{"type":"LineString","coordinates":[[-122.249152,37.880964],[-122.249593,37.880919],[-122.24962,37.880883],[-122.249574,37.880845],[-122.249413,37.880809],[-122.249709,37.880717],[-122.249873,37.88068],[-122.250107,37.880712],[-122.250071,37.880575],[-122.250169,37.880612],[-122.250242,37.880738]]}},{"type":"Feature","properties":{"kind":"trail"},"geometry":{"type":"LineString","coordinates":[[-122.250106,37.880145],[-122.249997,37.880337],[-122.250227,37.880477],[-122.25028,37.880674],[-122.250242,37.880738],[-122.250297,37.880829],[-122.250333,37.880926]]}},{"type":"Feature","properties":{"kind":"road","name":"Centennial Drive"},"geometry":{"type":"LineString","coordinates":[[-122.240986,37.875635],[-122.241523,37.875612],[-122.241898,37.875782],[-122.242004,37.875903],[-122.242052,37.876068],[-122.242053,37.876446],[-122.242141,37.87678],[-122.242327,37.877104],[-122.242567,37.877356],[-122.242845,37.877545],[-122.243964,37.878116],[-122.244269,37.878499],[-122.244516,37.87869],[-122.245568,37.879058],[-122.245675,37.879147],[-122.245877,37.879513]]}},{"type":"Feature","properties":{"kind":"trail"},"geometry":{"type":"LineString","coordinates":[[-122.252008,37.876093],[-122.25211,37.876032]]}},{"type":"Feature","properties":{"kind":"trail","surface":"asphalt"},"geometry":{"type":"LineString","coordinates":[[-122.259564,37.872758],[-122.259409,37.872861]]}},{"type":"Feature","properties":{"kind":"road","name":"Garber Street","surface":"asphalt"},"geometry":{"type":"LineString","coordinates":[[-122.244207,37.860898],[-122.244361,37.860886]]}},{"type":"Feature","properties":{"kind":"trail"},"geometry":{"type":"LineString","coordinates":[[-122.253401,37.874475],[-122.253499,37.874404]]}},{"type":"Feature","properties":{"kind":"trail"},"geometry":{"type":"LineString","coordinates":[[-122.253535,37.874334],[-122.253457,37.874233],[-122.253463,37.874065],[-122.253386,37.87393]]}},{"type":"Feature","properties":{"kind":"steps"},"geometry":{"type":"LineString","coordinates":[[-122.253329,37.873837],[-122.253386,37.87393]]}},{"type":"Feature","properties":{"kind":"trail","surface":"asphalt"},"geometry":{"type":"LineString","coordinates":[[-122.253463,37.874065],[-122.253849,37.874449],[-122.254106,37.874824]]}},{"type":"Feature","properties":{"kind":"trail","name":"La Loma Foothill Bridge"},"geometry":{"type":"LineString","coordinates":[[-122.256215,37.875702],[-122.256172,37.875491]]}},{"type":"Feature","properties":{"kind":"trail"},"geometry":{"type":"LineString","coordinates":[[-122.253996,37.873103],[-122.254094,37.873085],[-122.254198,37.8732],[-122.254238,37.873176],[-122.254199,37.873133]]}},{"type":"Feature","properties":{"kind":"trail"},"geometry":{"type":"LineString","coordinates":[[-122.260781,37.872343],[-122.260648,37.872191],[-122.260543,37.871919],[-122.260577,37.871843],[-122.260495,37.871795],[-122.260407,37.871577],[-122.260279,37.871606],[-122.260233,37.871478]]}},{"type":"Feature","properties":{"kind":"trail","surface":"asphalt"},"geometry":{"type":"LineString","coordinates":[[-122.260675,37.871819],[-122.260836,37.871782]]}},{"type":"Feature","properties":{"kind":"steps"},"geometry":{"type":"LineString","coordinates":[[-122.260624,37.871833],[-122.260675,37.871819]]}},{"type":"Feature","properties":{"kind":"trail"},"geometry":{"type":"LineString","coordinates":[[-122.260577,37.871843],[-122.260624,37.871833]]}},{"type":"Feature","properties":{"kind":"trail","surface":"paving_stones"},"geometry":{"type":"LineString","coordinates":[[-122.260279,37.871606],[-122.260126,37.871643],[-122.260177,37.871783],[-122.260108,37.871798]]}},{"type":"Feature","properties":{"kind":"trail","surface":"asphalt"},"geometry":{"type":"LineString","coordinates":[[-122.261047,37.871825],[-122.260836,37.871782],[-122.260878,37.8717],[-122.260985,37.87165]]}},{"type":"Feature","properties":{"kind":"trail","surface":"asphalt"},"geometry":{"type":"LineString","coordinates":[[-122.261361,37.871218],[-122.261383,37.871249],[-122.261203,37.871497],[-122.261231,37.871692],[-122.261446,37.871978],[-122.261815,37.872137],[-122.261866,37.872199]]}},{"type":"Feature","properties":{"kind":"steps","surface":"paved"},"geometry":{"type":"LineString","coordinates":[[-122.26115,37.871716],[-122.261023,37.871746]]}},{"type":"Feature","properties":{"kind":"steps","surface":"paved"},"geometry":{"type":"LineString","coordinates":[[-122.261307,37.871672],[-122.261257,37.871685]]}},{"type":"Feature","properties":{"kind":"trail","surface":"asphalt"},"geometry":{"type":"LineString","coordinates":[[-122.260908,37.871496],[-122.261062,37.871292]]}},{"type":"Feature","properties":{"kind":"steps","name":"Ina Coolbrith Path","surface":"wood"},"geometry":{"type":"LineString","coordinates":[[-122.256626,37.892197],[-122.256365,37.892521]]}},{"type":"Feature","properties":{"kind":"steps","name":"Stoddard Path","surface":"dirt"},"geometry":{"type":"LineString","coordinates":[[-122.254028,37.89049],[-122.254201,37.89013]]}},{"type":"Feature","properties":{"kind":"trail","name":"Glendale Path","surface":"dirt"},"geometry":{"type":"LineString","coordinates":[[-122.252561,37.886131],[-122.252005,37.88633]]}},{"type":"Feature","properties":{"kind":"steps","name":"Glendale Path","surface":"dirt"},"geometry":{"type":"LineString","coordinates":[[-122.252005,37.88633],[-122.251888,37.886379]]}},{"type":"Feature","properties":{"kind":"trail"},"geometry":{"type":"LineString","coordinates":[[-122.27097,37.873873],[-122.271154,37.873859],[-122.271325,37.873839],[-122.271382,37.873753],[-122.271361,37.873553]]}},{"type":"Feature","properties":{"kind":"trail"},"geometry":{"type":"LineString","coordinates":[[-122.271154,37.873859],[-122.271185,37.873784],[-122.271142,37.873582]]}},{"type":"Feature","properties":{"kind":"trail"},"geometry":{"type":"LineString","coordinates":[[-122.271856,37.873485],[-122.271879,37.873651]]}},{"type":"Feature","properties":{"kind":"trail","surface":"concrete"},"geometry":{"type":"LineString","coordinates":[[-122.276395,37.872894],[-122.27641,37.872964],[-122.276408,37.873123],[-122.276222,37.873159],[-122.276032,37.873271]]}},{"type":"Feature","properties":{"kind":"trail","surface":"concrete"},"geometry":{"type":"LineString","coordinates":[[-122.276408,37.873123],[-122.27646,37.873187]]}},{"type":"Feature","properties":{"kind":"trail","name":"Ohlone Greenway","surface":"asphalt"},"geometry":{"type":"LineString","coordinates":[[-122.273215,37.873338],[-122.273355,37.873423],[-122.273623,37.873336],[-122.275409,37.873105],[-122.275565,37.873076],[-122.27641,37.872964],[-122.277066,37.872883],[-122.277229,37.87293]]}},{"type":"Feature","properties":{"kind":"trail","surface":"concrete"},"geometry":{"type":"LineString","coordinates":[[-122.277462,37.873019],[-122.277683,37.873015]]}},{"type":"Feature","properties":{"kind":"trail","surface":"concrete"},"geometry":{"type":"LineString","coordinates":[[-122.277683,37.873015],[-122.277844,37.873007],[-122.278898,37.872859],[-122.27896,37.872805],[-122.278965,37.872718]]}},{"type":"Feature","properties":{"kind":"steps"},"geometry":{"type":"LineString","coordinates":[[-122.264167,37.876899],[-122.263961,37.876772]]}},{"type":"Feature","properties":{"kind":"trail"},"geometry":{"type":"LineString","coordinates":[[-122.26376,37.876462],[-122.263727,37.876195],[-122.263457,37.876475],[-122.263489,37.876716],[-122.26395,37.876687],[-122.263961,37.876772]]}},{"type":"Feature","properties":{"kind":"trail","surface":"asphalt"},"geometry":{"type":"LineString","coordinates":[[-122.263619,37.892718],[-122.263667,37.892526],[-122.263922,37.892161]]}},{"type":"Feature","properties":{"kind":"road","name":"Martin Luther King Junior Way","surface":"asphalt"},"geometry":{"type":"LineString","coordinates":[[-122.272817,37.869698],[-122.272845,37.869911]]}},{"type":"Feature","properties":{"kind":"road","name":"Martin Luther King Junior Way","surface":"asphalt"},"geometry":{"type":"LineString","coordinates":[[-122.272315,37.865176],[-122.272227,37.864447]]}},{"type":"Feature","properties":{"kind":"trail","surface":"asphalt"},"geometry":{"type":"LineString","coordinates":[[-122.272113,37.856982],[-122.272026,37.85658],[-122.271939,37.856443],[-122.271883,37.856451],[-122.271813,37.856061]]}},{"type":"Feature","properties":{"kind":"trail","surface":"concrete"},"geometry":{"type":"LineString","coordinates":[[-122.269507,37.88142],[-122.269441,37.881377]]}},{"type":"Feature","properties":{"kind":"road","name":"Dwight Way","surface":"asphalt"},"geometry":{"type":"LineString","coordinates":[[-122.253922,37.86572],[-122.251615,37.86587]]}},{"type":"Feature","properties":{"kind":"road","name":"Dwight Way","surface":"asphalt"},"geometry":{"type":"LineString","coordinates":[[-122.256385,37.865392],[-122.256182,37.865419]]}},{"type":"Feature","properties":{"kind":"trail","surface":"concrete"},"geometry":{"type":"LineString","coordinates":[[-122.256723,37.860728],[-122.256871,37.86062],[-122.256937,37.860628],[-122.257099,37.860528],[-122.257106,37.860437]]}},{"type":"Feature","properties":{"kind":"trail","surface":"concrete"},"geometry":{"type":"LineString","coordinates":[[-122.258155,37.875281],[-122.258135,37.875216]]}},{"type":"Feature","properties":{"kind":"steps","surface":"concrete"},"geometry":{"type":"LineString","coordinates":[[-122.258135,37.875216],[-122.25811,37.875139],[-122.25808,37.875044]]}},{"type":"Feature","properties":{"kind":"steps","surface":"concrete"},"geometry":{"type":"LineString","coordinates":[[-122.257818,37.874169],[-122.257795,37.874106]]}},{"type":"Feature","properties":{"kind":"trail","surface":"concrete"},"geometry":{"type":"LineString","coordinates":[[-122.257795,37.874106],[-122.257783,37.874074],[-122.257753,37.873984],[-122.257743,37.873954]]}},{"type":"Feature","properties":{"kind":"trail","surface":"concrete"},"geometry":{"type":"LineString","coordinates":[[-122.258027,37.874881],[-122.25802,37.874855],[-122.258005,37.874777],[-122.257958,37.874626],[-122.257934,37.874561],[-122.257896,37.874456]]}},{"type":"Feature","properties":{"kind":"trail","surface":"concrete"},"geometry":{"type":"LineString","coordinates":[[-122.257921,37.874875],[-122.257944,37.87487],[-122.25802,37.874855],[-122.258063,37.874846]]}},{"type":"Feature","properties":{"kind":"trail","name":"A. Richard Newton Bridge","surface":"concrete"},"geometry":{"type":"LineString","coordinates":[[-122.257888,37.874792],[-122.258074,37.874747]]}},{"type":"Feature","properties":{"kind":"trail","name":"Lake Anza Trail"},"geometry":{"type":"LineString","coordinates":[[-122.251573,37.897169],[-122.251453,37.897202]]}},{"type":"Feature","properties":{"kind":"trail","surface":"ground"},"geometry":{"type":"LineString","coordinates":[[-122.253538,37.898647],[-122.254168,37.898357],[-122.254222,37.898293],[-122.254277,37.898096],[-122.254443,37.897921],[-122.254246,37.897735],[-122.254257,37.897687]]}},{"type":"Feature","properties":{"kind":"steps","name":"Santa Barbara Path"},"geometry":{"type":"LineString","coordinates":[[-122.275284,37.899821],[-122.27513,37.899886]]}},{"type":"Feature","properties":{"kind":"steps","name":"Coventry Path"},"geometry":{"type":"LineString","coordinates":[[-122.28134,37.902231],[-122.281196,37.902289]]}},{"type":"Feature","properties":{"kind":"trail","name":"Stratford Path"},"geometry":{"type":"LineString","coordinates":[[-122.281525,37.90362],[-122.282078,37.903639],[-122.282473,37.903571]]}},{"type":"Feature","properties":{"kind":"trail"},"geometry":{"type":"LineString","coordinates":[[-122.23894,37.888809],[-122.239162,37.88882]]}},{"type":"Feature","properties":{"kind":"trail"},"geometry":{"type":"LineString","coordinates":[[-122.2423,37.886714],[-122.241542,37.886623],[-122.24082,37.886608],[-122.240571,37.886517],[-122.239677,37.886703],[-122.238917,37.886651],[-122.237677,37.886807],[-122.237462,37.886756],[-122.237237,37.886571],[-122.237142,37.886559],[-122.236593,37.886837],[-122.236424,37.887261],[-122.23612,37.887518],[-122.236056,37.888057],[-122.236613,37.887816],[-122.237169,37.887451],[-122.2373,37.887412],[-122.237781,37.887499],[-122.238113,37.887503],[-122.238519,37.88744],[-122.239298,37.887225],[-122.239938,37.88726],[-122.240396,37.887413],[-122.240632,37.887444],[-122.241793,37.887381],[-122.242456,37.887404]]}},{"type":"Feature","properties":{"kind":"trail"},"geometry":{"type":"LineString","coordinates":[[-122.243004,37.887933],[-122.243138,37.887998],[-122.243138,37.888053],[-122.243088,37.888117],[-122.242936,37.888148],[-122.242855,37.888215],[-122.242826,37.888269],[-122.242737,37.888374],[-122.242569,37.888403],[-122.241923,37.888194],[-122.241569,37.888218],[-122.239706,37.888514],[-122.23942,37.888622],[-122.239162,37.88882],[-122.23918,37.889008]]}},{"type":"Feature","properties":{"kind":"trail"},"geometry":{"type":"LineString","coordinates":[[-122.239982,37.889122],[-122.239994,37.889201],[-122.240407,37.889649],[-122.240383,37.889732]]}},{"type":"Feature","properties":{"kind":"trail"},"geometry":{"type":"LineString","coordinates":[[-122.241223,37.890467],[-122.241514,37.890699],[-122.241844,37.891027],[-122.242532,37.891563],[-122.242654,37.891733]]}},{"type":"Feature","properties":{"kind":"trail"},"geometry":{"type":"LineString","coordinates":[[-122.245127,37.89275],[-122.245211,37.892531],[-122.245312,37.891784],[-122.245304,37.891608],[-122.245214,37.891425],[-122.244881,37.891201],[-122.24413,37.890829],[-122.24399,37.890706],[-122.243744,37.890389],[-122.243509,37.8897],[-122.243252,37.889355],[-122.243073,37.889217],[-122.242773,37.889182],[-122.242655,37.889118]]}},{"type":"Feature","properties":{"kind":"trail"},"geometry":{"type":"LineString","coordinates":[[-122.243126,37.889998],[-122.242893,37.889769],[-122.2425,37.889532],[-122.240916,37.888815],[-122.241464,37.888893],[-122.24221,37.889087],[-122.242655,37.889118],[-122.242921,37.888847],[-122.243009,37.888469],[-122.243138,37.888276],[-122.242826,37.888269]]}},{"type":"Feature","properties":{"kind":"trail","name":"Easter Way","surface":"concrete"},"geometry":{"type":"LineString","coordinates":[[-122.265928,37.892427],[-122.265255,37.892457]]}},{"type":"Feature","properties":{"kind":"trail"},"geometry":{"type":"LineString","coordinates":[[-122.220559,37.858248],[-122.221042,37.858235],[-122.221128,37.858161]]}},{"type":"Feature","properties":{"kind":"trail","surface":"paved"},"geometry":{"type":"LineString","coordinates":[[-122.243946,37.858658],[-122.244305,37.858622]]}},{"type":"Feature","properties":{"kind":"trail","name":"Selby Trail","surface":"ground"},"geometry":{"type":"LineString","coordinates":[[-122.247039,37.893792],[-122.247128,37.893939],[-122.247407,37.894015],[-122.247762,37.893979],[-122.248002,37.894102],[-122.248142,37.894321],[-122.248356,37.894239],[-122.248631,37.893983],[-122.248771,37.893653],[-122.249055,37.89361],[-122.249322,37.893688],[-122.249728,37.893661],[-122.250202,37.893837],[-122.250811,37.894252],[-122.251044,37.894674],[-122.251529,37.894736]]}},{"type":"Feature","properties":{"kind":"track","surface":"asphalt"},"geometry":{"type":"LineString","coordinates":[[-122.26012,37.903985],[-122.260087,37.903911],[-122.260117,37.903827],[-122.26067,37.903615]]}},{"type":"Feature","properties":{"kind":"track"},"geometry":{"type":"LineString","coordinates":[[-122.254315,37.89757],[-122.254385,37.897449],[-122.254951,37.897293]]}},{"type":"Feature","properties":{"kind":"trail"},"geometry":{"type":"LineString","coordinates":[[-122.255358,37.8961],[-122.255179,37.896449],[-122.254937,37.896533],[-122.254461,37.896465],[-122.254046,37.896574]]}},{"type":"Feature","properties":{"kind":"trail","surface":"paved"},"geometry":{"type":"LineString","coordinates":[[-122.257643,37.869976],[-122.257638,37.869975],[-122.257345,37.869902]]}},{"type":"Feature","properties":{"kind":"trail"},"geometry":{"type":"LineString","coordinates":[[-122.242617,37.859514],[-122.242352,37.859328]]}},{"type":"Feature","properties":{"kind":"trail"},"geometry":{"type":"LineString","coordinates":[[-122.241738,37.858571],[-122.24155,37.858377]]}},{"type":"Feature","properties":{"kind":"steps","name":"Mosswood Lane","surface":"concrete"},"geometry":{"type":"LineString","coordinates":[[-122.2493,37.869117],[-122.249281,37.869241]]}},{"type":"Feature","properties":{"kind":"trail","name":"Orchard Lane","surface":"paving_stones"},"geometry":{"type":"LineString","coordinates":[[-122.249341,37.869068],[-122.2493,37.869117]]}},{"type":"Feature","properties":{"kind":"steps","name":"Arden Steps","surface":"concrete"},"geometry":{"type":"LineString","coordinates":[[-122.247581,37.870031],[-122.247639,37.870352]]}},{"type":"Feature","properties":{"kind":"steps","name":"Orchard Lane","surface":"concrete"},"geometry":{"type":"LineString","coordinates":[[-122.2493,37.869117],[-122.249166,37.869077]]}},{"type":"Feature","properties":{"kind":"road","name":"Stadium Rim Way","surface":"asphalt"},"geometry":{"type":"LineString","coordinates":[[-122.249598,37.87026],[-122.249445,37.870477],[-122.24938,37.870743],[-122.249443,37.871108],[-122.249602,37.871329]]}},{"type":"Feature","properties":{"kind":"steps","name":"Arden Path","surface":"wood"},"geometry":{"type":"LineString","coordinates":[[-122.24697,37.869993],[-122.246919,37.86992]]}},{"type":"Feature","properties":{"kind":"trail","name":"Mosswood Lane","surface":"dirt"},"geometry":{"type":"LineString","coordinates":[[-122.24925,37.869399],[-122.249119,37.869868]]}},{"type":"Feature","properties":{"kind":"trail","surface":"dirt"},"geometry":{"type":"LineString","coordinates":[[-122.243087,37.869879],[-122.243889,37.869816],[-122.244366,37.869841],[-122.24497,37.869723],[-122.245045,37.869608]]}},{"type":"Feature","properties":{"kind":"road","name":"Berkeley Way","surface":"asphalt"},"geometry":{"type":"LineString","coordinates":[[-122.273871,37.872369],[-122.273702,37.872391]]}},{"type":"Feature","properties":{"kind":"steps","name":"Boynton Walk"},"geometry":{"type":"LineString","coordinates":[[-122.275978,37.902108],[-122.275541,37.902186]]}},{"type":"Feature","properties":{"kind":"trail","name":"Boynton Walk"},"geometry":{"type":"LineString","coordinates":[[-122.276317,37.902058],[-122.275978,37.902108]]}},{"type":"Feature","properties":{"kind":"steps"},"geometry":{"type":"LineString","coordinates":[[-122.276613,37.901445],[-122.276715,37.901479]]}},{"type":"Feature","properties":{"kind":"steps","name":"Stratford Path"},"geometry":{"type":"LineString","coordinates":[[-122.282473,37.903571],[-122.282593,37.903548]]}},{"type":"Feature","properties":{"kind":"trail","name":"Coventry Path"},"geometry":{"type":"LineString","coordinates":[[-122.281196,37.902289],[-122.2804,37.902597]]}},{"type":"Feature","properties":{"kind":"trail","surface":"brick"},"geometry":{"type":"LineString","coordinates":[[-122.264945,37.873109],[-122.264711,37.873123]]}},{"type":"Feature","properties":{"kind":"trail","surface":"unpaved"},"geometry":{"type":"LineString","coordinates":[[-122.246612,37.871595],[-122.24693,37.871778]]}},{"type":"Feature","properties":{"kind":"track","surface":"dirt"},"geometry":{"type":"LineString","coordinates":[[-122.247802,37.871],[-122.247422,37.871181],[-122.246612,37.871595],[-122.246349,37.871629],[-122.245983,37.871863],[-122.245541,37.872202],[-122.245527,37.872252]]}},{"type":"Feature","properties":{"kind":"trail","surface":"dirt"},"geometry":{"type":"LineString","coordinates":[[-122.250687,37.872738],[-122.250174,37.872485],[-122.249847,37.872264],[-122.249745,37.871862],[-122.249605,37.871595],[-122.249484,37.871497]]}},{"type":"Feature","properties":{"kind":"trail","name":"Convict Trail","surface":"dirt"},"geometry":{"type":"LineString","coordinates":[[-122.232456,37.87905],[-122.232728,37.879094],[-122.233694,37.879052],[-122.234032,37.879145],[-122.234214,37.879318],[-122.234273,37.879505],[-122.234273,37.879733],[-122.234133,37.879965],[-122.234026,37.879599],[-122.233785,37.879501],[-122.233267,37.87969],[-122.232962,37.87989]]}},{"type":"Feature","properties":{"kind":"trail","surface":"asphalt"},"geometry":{"type":"LineString","coordinates":[[-122.243535,37.880447],[-122.243585,37.88043]]}},{"type":"Feature","properties":{"kind":"trail"},"geometry":{"type":"LineString","coordinates":[[-122.244615,37.88008],[-122.244374,37.880076],[-122.244278,37.880017]]}},{"type":"Feature","properties":{"kind":"steps"},"geometry":{"type":"LineString","coordinates":[[-122.246049,37.879994],[-122.246048,37.880102],[-122.245935,37.88019],[-122.245941,37.880296],[-122.245865,37.880246],[-122.24578,37.880317],[-122.245769,37.880413],[-122.245688,37.880462],[-122.245635,37.880423],[-122.245624,37.88047],[-122.245522,37.880495],[-122.245525,37.880576],[-122.245469,37.880546],[-122.245367,37.880584],[-122.245228,37.880479]]}},{"type":"Feature","properties":{"kind":"trail","name":"Santa Barbara Path"},"geometry":{"type":"LineString","coordinates":[[-122.27513,37.899886],[-122.27446,37.900189]]}},{"type":"Feature","properties":{"kind":"trail","name":"Florida Walk"},"geometry":{"type":"LineString","coordinates":[[-122.272651,37.90072],[-122.272257,37.901182]]}},{"type":"Feature","properties":{"kind":"trail","surface":"dirt"},"geometry":{"type":"LineString","coordinates":[[-122.246517,37.88505],[-122.246365,37.885312],[-122.246059,37.885555]]}},{"type":"Feature","properties":{"kind":"trail","surface":"dirt"},"geometry":{"type":"LineString","coordinates":[[-122.24783,37.893336],[-122.248166,37.893746],[-122.248356,37.894239]]}},{"type":"Feature","properties":{"kind":"trail","surface":"dirt"},"geometry":{"type":"LineString","coordinates":[[-122.24915,37.894815],[-122.248732,37.894881]]}},{"type":"Feature","properties":{"kind":"trail","surface":"dirt"},"geometry":{"type":"LineString","coordinates":[[-122.246045,37.894013],[-122.246243,37.893951],[-122.246314,37.893812]]}},{"type":"Feature","properties":{"kind":"trail","name":"Mineral Springs Trail","surface":"dirt"},"geometry":{"type":"LineString","coordinates":[[-122.246602,37.895232],[-122.246507,37.895348]]}},{"type":"Feature","properties":{"kind":"trail","surface":"ground"},"geometry":{"type":"LineString","coordinates":[[-122.245149,37.884873],[-122.245326,37.884785],[-122.245729,37.884688],[-122.246461,37.884889]]}},{"type":"Feature","properties":{"kind":"trail","surface":"dirt"},"geometry":{"type":"LineString","coordinates":[[-122.248925,37.886905],[-122.249097,37.886855]]}},{"type":"Feature","properties":{"kind":"trail","surface":"dirt"},"geometry":{"type":"LineString","coordinates":[[-122.247912,37.895153],[-122.248372,37.895323]]}},{"type":"Feature","properties":{"kind":"trail","surface":"dirt"},"geometry":{"type":"LineString","coordinates":[[-122.248177,37.886371],[-122.248238,37.88626]]}},{"type":"Feature","properties":{"kind":"trail","surface":"ground"},"geometry":{"type":"LineString","coordinates":[[-122.246478,37.884908],[-122.246517,37.88505],[-122.246633,37.885309],[-122.246756,37.885446],[-122.247196,37.885721],[-122.247751,37.886154],[-122.248177,37.886371],[-122.248925,37.886905],[-122.248935,37.887193]]}},{"type":"Feature","properties":{"kind":"trail","surface":"dirt"},"geometry":{"type":"LineString","coordinates":[[-122.248142,37.894321],[-122.248529,37.894521],[-122.248732,37.894881],[-122.24851,37.89509],[-122.248174,37.895162],[-122.247912,37.895153],[-122.247687,37.89514]]}},{"type":"Feature","properties":{"kind":"trail"},"geometry":{"type":"LineString","coordinates":[[-122.22792,37.884614],[-122.228036,37.88462]]}},{"type":"Feature","properties":{"kind":"trail"},"geometry":{"type":"LineString","coordinates":[[-122.232719,37.887922],[-122.233003,37.887681]]}},{"type":"Feature","properties":{"kind":"steps","name":"Oakridge Steps","surface":"paved"},"geometry":{"type":"LineString","coordinates":[[-122.240446,37.855062],[-122.240413,37.855017],[-122.240972,37.854729]]}},{"type":"Feature","properties":{"kind":"trail","surface":"dirt"},"geometry":{"type":"LineString","coordinates":[[-122.247763,37.901395],[-122.248362,37.901229],[-122.248395,37.90113],[-122.248239,37.900908],[-122.248255,37.900833],[-122.248758,37.900669],[-122.248987,37.900662],[-122.249247,37.900471]]}},{"type":"Feature","properties":{"kind":"trail","name":"Marchant Diary Path","surface":"dirt"},"geometry":{"type":"LineString","coordinates":[[-122.283752,37.901085],[-122.283877,37.901425],[-122.283678,37.901825]]}},{"type":"Feature","properties":{"kind":"track"},"geometry":{"type":"LineString","coordinates":[[-122.223704,37.891858],[-122.224224,37.89179],[-122.224592,37.891492],[-122.224726,37.891452],[-122.226531,37.891837],[-122.227301,37.892099],[-122.227422,37.89208],[-122.227654,37.891809]]}},{"type":"Feature","properties":{"kind":"track"},"geometry":{"type":"LineString","coordinates":[[-122.219099,37.893978],[-122.219751,37.893645],[-122.220276,37.893691],[-122.22052,37.893452],[-122.220676,37.893397],[-122.221631,37.893437],[-122.222543,37.893372],[-122.222639,37.893308],[-122.222655,37.893236],[-122.222435,37.892847],[-122.222425,37.892673],[-122.222473,37.892529],[-122.223455,37.891911],[-122.223704,37.891858],[-122.22397,37.892353],[-122.224801,37.893008],[-122.225531,37.894155],[-122.226105,37.894309],[-122.227033,37.894804],[-122.227186,37.894955],[-122.227306,37.895414],[-122.227494,37.895592],[-122.228454,37.89596],[-122.22917,37.896383],[-122.229482,37.896496],[-122.23004,37.89658],[-122.230718,37.89679],[-122.231086,37.896828],[-122.23178,37.897245],[-122.232708,37.897552],[-122.233277,37.89799],[-122.233671,37.898227],[-122.234481,37.898506],[-122.23468,37.89882],[-122.234763,37.898877],[-122.235042,37.8989],[-122.23546,37.899537],[-122.235482,37.899632]]}},{"type":"Feature","properties":{"kind":"track"},"geometry":{"type":"LineString","coordinates":[[-122.225531,37.894155],[-122.225748,37.894724],[-122.225796,37.894974],[-122.225576,37.895526],[-122.224967,37.89602],[-122.224825,37.896333],[-122.224705,37.896436],[-122.22412,37.896466],[-122.223771,37.896585],[-122.222698,37.896367],[-122.22243,37.896358],[-122.222183,37.896451],[-122.221955,37.896843],[-122.221888,37.897116],[-122.22162,37.897361],[-122.221668,37.89745],[-122.222012,37.897706],[-122.222028,37.897757],[-122.221945,37.897927]]}},{"type":"Feature","properties":{"kind":"track"},"geometry":{"type":"LineString","coordinates":[[-122.229482,37.896496],[-122.229441,37.897052],[-122.22938,37.897251],[-122.228841,37.897482],[-122.228741,37.897584],[-122.228757,37.897764],[-122.228878,37.898043],[-122.228843,37.898252],[-122.228693,37.898439],[-122.228409,37.898625],[-122.227038,37.898741],[-122.226829,37.89871],[-122.22663,37.898583],[-122.226357,37.898123],[-122.225997,37.897812],[-122.225692,37.897387],[-122.223771,37.896585]]}},{"type":"Feature","properties":{"kind":"steps","name":"North Path"},"geometry":{"type":"LineString","coordinates":[[-122.268533,37.901724],[-122.267922,37.901471]]}},{"type":"Feature","properties":{"kind":"road","name":"Shattuck Avenue","surface":"asphalt"},"geometry":{"type":"LineString","coordinates":[[-122.267199,37.863079],[-122.267312,37.863984]]}},{"type":"Feature","properties":{"kind":"trail","surface":"asphalt"},"geometry":{"type":"LineString","coordinates":[[-122.253133,37.857712],[-122.253617,37.857671]]}},{"type":"Feature","properties":{"kind":"steps","name":"Evergreen Path"},"geometry":{"type":"LineString","coordinates":[[-122.241102,37.859208],[-122.24035,37.859268]]}},{"type":"Feature","properties":{"kind":"steps","name":"Fred Herbert Path"},"geometry":{"type":"LineString","coordinates":[[-122.252205,37.891522],[-122.252182,37.89175]]}},{"type":"Feature","properties":{"kind":"steps","name":"Fred Herbert Path","surface":"dirt"},"geometry":{"type":"LineString","coordinates":[[-122.252201,37.892078],[-122.252303,37.892657],[-122.252281,37.893041],[-122.252171,37.893511]]}},{"type":"Feature","properties":{"kind":"trail","name":"Fred Herbert Path"},"geometry":{"type":"LineString","coordinates":[[-122.252182,37.89175],[-122.252013,37.891844],[-122.252032,37.891934],[-122.252145,37.891947],[-122.252201,37.892078]]}},{"type":"Feature","properties":{"kind":"steps","name":"Patty Kates Path","surface":"wood"},"geometry":{"type":"LineString","coordinates":[[-122.254005,37.892271],[-122.253713,37.892513]]}},{"type":"Feature","properties":{"kind":"trail","name":"Crescent Park Path","surface":"asphalt"},"geometry":{"type":"LineString","coordinates":[[-122.254306,37.894012],[-122.254576,37.89432]]}},{"type":"Feature","properties":{"kind":"trail","name":"Crescent Park Path","surface":"asphalt"},"geometry":{"type":"LineString","coordinates":[[-122.253913,37.894821],[-122.25432,37.894633]]}},{"type":"Feature","properties":{"kind":"steps","name":"Crescent Park Path","surface":"wood"},"geometry":{"type":"LineString","coordinates":[[-122.255005,37.894955],[-122.254871,37.894743]]}},{"type":"Feature","properties":{"kind":"track","name":"De La Veaga Trail","surface":"dirt"},"geometry":{"type":"LineString","coordinates":[[-122.190983,37.879592],[-122.191187,37.879497],[-122.191342,37.879358],[-122.191524,37.878734],[-122.191883,37.878245],[-122.191921,37.878095],[-122.191865,37.877798],[-122.19147,37.87747],[-122.191148,37.877121],[-122.190931,37.876522],[-122.190878,37.876187],[-122.190915,37.876058],[-122.191299,37.875709],[-122.191451,37.87569],[-122.191993,37.875957],[-122.192819,37.875969],[-122.193286,37.876164],[-122.193434,37.876162],[-122.194332,37.875946],[-122.195083,37.876024],[-122.195314,37.875904],[-122.195628,37.875819],[-122.195995,37.875376],[-122.196194,37.875228],[-122.196671,37.875122],[-122.197014,37.875141],[-122.197251,37.87541],[-122.197583,37.875497],[-122.198079,37.875374],[-122.198613,37.875444],[-122.198758,37.875546],[-122.199176,37.876035],[-122.199511,37.876075],[-122.19996,37.876238],[-122.200263,37.876623],[-122.200499,37.876854],[-122.20063,37.876899],[-122.200732,37.876998],[-122.200735,37.877108],[-122.200662,37.877216],[-122.200689,37.877335],[-122.201352,37.877949],[-122.201625,37.87797],[-122.202076,37.878108],[-122.202577,37.878034],[-122.20317,37.878175],[-122.203358,37.878177],[-122.203715,37.878357],[-122.204181,37.878271],[-122.204449,37.878285],[-122.205254,37.878482],[-122.205839,37.878508],[-122.206008,37.878567],[-122.206196,37.878548],[-122.206335,37.87858],[-122.206485,37.878838],[-122.20656,37.878881],[-122.206852,37.87882],[-122.206991,37.878667],[-122.206927,37.878286],[-122.206745,37.878024],[-122.205994,37.877661],[-122.205941,37.877556],[-122.205967,37.877478],[-122.206203,37.877321],[-122.207152,37.87719],[-122.208067,37.877168],[-122.208577,37.877103],[-122.208711,37.877122],[-122.209111,37.877324],[-122.209241,37.877337],[-122.209518,37.877257],[-122.209942,37.877282],[-122.210054,37.877261],[-122.210296,37.877024],[-122.210983,37.876875],[-122.211415,37.876916],[-122.211866,37.877141],[-122.212124,37.8768],[-122.21279,37.876715],[-122.213332,37.87672],[-122.213675,37.876673],[-122.213878,37.876733],[-122.214255,37.876958],[-122.214487,37.877007],[-122.214598,37.876951],[-122.21478,37.876631],[-122.214941,37.876571],[-122.215043,37.876654],[-122.215126,37.876961],[-122.215344,37.87702],[-122.215515,37.876999],[-122.215615,37.876928],[-122.215773,37.87661],[-122.215873,37.876594],[-122.215993,37.876639],[-122.216111,37.876775],[-122.216379,37.877223],[-122.216996,37.877567],[-122.217507,37.877654],[-122.217774,37.877609],[-122.217913,37.877639],[-122.21803,37.877623],[-122.218128,37.877503],[-122.218201,37.877263],[-122.218391,37.877071],[-122.218423,37.876834],[-122.218282,37.876463],[-122.218294,37.876356],[-122.218391,37.876292],[-122.218541,37.876262],[-122.219172,37.876564],[-122.219603,37.876618],[-122.219802,37.876698]]}},{"type":"Feature","properties":{"kind":"trail","surface":"concrete"},"geometry":{"type":"LineString","coordinates":[[-122.246077,37.879472],[-122.245877,37.879513]]}},{"type":"Feature","properties":{"kind":"trail"},"geometry":{"type":"LineString","coordinates":[[-122.246723,37.878274],[-122.246718,37.878333],[-122.246748,37.878421],[-122.246579,37.878478]]}},{"type":"Feature","properties":{"kind":"trail"},"geometry":{"type":"LineString","coordinates":[[-122.246115,37.879225],[-122.246297,37.879282]]}},{"type":"Feature","properties":{"kind":"trail","surface":"concrete"},"geometry":{"type":"LineString","coordinates":[[-122.246034,37.879388],[-122.246077,37.879472],[-122.246137,37.879592],[-122.246214,37.879753],[-122.246121,37.87981]]}},{"type":"Feature","properties":{"kind":"trail"},"geometry":{"type":"LineString","coordinates":[[-122.246548,37.878283],[-122.246607,37.878298],[-122.246723,37.878274],[-122.246831,37.878251],[-122.24692,37.878287],[-122.247012,37.878416],[-122.247006,37.878482],[-122.24688,37.878594],[-122.246687,37.878606],[-122.246579,37.878478]]}},{"type":"Feature","properties":{"kind":"trail"},"geometry":{"type":"LineString","coordinates":[[-122.246541,37.879459],[-122.246298,37.879538]]}},{"type":"Feature","properties":{"kind":"trail"},"geometry":{"type":"LineString","coordinates":[[-122.246297,37.879282],[-122.246538,37.879363]]}},{"type":"Feature","properties":{"kind":"trail"},"geometry":{"type":"LineString","coordinates":[[-122.246137,37.879592],[-122.246298,37.879538]]}},{"type":"Feature","properties":{"kind":"trail"},"geometry":{"type":"LineString","coordinates":[[-122.246579,37.878478],[-122.246623,37.878339],[-122.246607,37.878298]]}},{"type":"Feature","properties":{"kind":"trail"},"geometry":{"type":"LineString","coordinates":[[-122.24686,37.879405],[-122.24681,37.879309],[-122.246686,37.879267],[-122.246566,37.879309],[-122.246538,37.879363],[-122.246541,37.879459],[-122.246688,37.879542],[-122.24681,37.879501],[-122.24686,37.879405]]}},{"type":"Feature","properties":{"kind":"trail","name":"Patty Kates Path","surface":"compacted"},"geometry":{"type":"LineString","coordinates":[[-122.253588,37.893082],[-122.253861,37.892979]]}},{"type":"Feature","properties":{"kind":"steps","name":"Patty Kates Path","surface":"compacted"},"geometry":{"type":"LineString","coordinates":[[-122.253485,37.893113],[-122.253588,37.893082]]}},{"type":"Feature","properties":{"kind":"trail","name":"Crescent Park Path","surface":"dirt"},"geometry":{"type":"LineString","coordinates":[[-122.254871,37.894743],[-122.25468,37.894465],[-122.254576,37.89432]]}},{"type":"Feature","properties":{"kind":"trail","name":"Latham Walk","surface":"unpaved"},"geometry":{"type":"LineString","coordinates":[[-122.258039,37.89413],[-122.257834,37.89423]]}},{"type":"Feature","properties":{"kind":"trail","name":"Billie Jean Walk"},"geometry":{"type":"LineString","coordinates":[[-122.262951,37.895063],[-122.262792,37.895118]]}},{"type":"Feature","properties":{"kind":"steps","name":"Billie Jean Walk"},"geometry":{"type":"LineString","coordinates":[[-122.263193,37.894983],[-122.262951,37.895063]]}},{"type":"Feature","properties":{"kind":"trail","name":"Billie Jean Walk"},"geometry":{"type":"LineString","coordinates":[[-122.263517,37.894848],[-122.263193,37.894983]]}},{"type":"Feature","properties":{"kind":"steps"},"geometry":{"type":"LineString","coordinates":[[-122.278795,37.904517],[-122.278648,37.904601]]}},{"type":"Feature","properties":{"kind":"steps","name":"Arlington Path"},"geometry":{"type":"LineString","coordinates":[[-122.2782,37.903656],[-122.278522,37.903639]]}},{"type":"Feature","properties":{"kind":"steps","name":"Wildcat Path","surface":"dirt"},"geometry":{"type":"LineString","coordinates":[[-122.250713,37.892033],[-122.250661,37.892162],[-122.250538,37.892039],[-122.250538,37.892179],[-122.250388,37.892064],[-122.250409,37.892204],[-122.250184,37.892217],[-122.24991,37.892581],[-122.249918,37.892769]]}},{"type":"Feature","properties":{"kind":"trail","surface":"concrete"},"geometry":{"type":"LineString","coordinates":[[-122.262034,37.872493],[-122.262096,37.872495],[-122.262168,37.872634],[-122.262091,37.872795]]}},{"type":"Feature","properties":{"kind":"trail","surface":"asphalt"},"geometry":{"type":"LineString","coordinates":[[-122.261593,37.874082],[-122.261425,37.874107]]}},{"type":"Feature","properties":{"kind":"road","name":"Hilgard Way","surface":"asphalt"},"geometry":{"type":"LineString","coordinates":[[-122.263678,37.871216],[-122.263704,37.871173],[-122.263735,37.871142],[-122.263895,37.870935],[-122.263893,37.870865],[-122.263853,37.870585]]}},{"type":"Feature","properties":{"kind":"trail","surface":"wood"},"geometry":{"type":"LineString","coordinates":[[-122.261937,37.872491],[-122.262034,37.872493]]}},{"type":"Feature","properties":{"kind":"trail","surface":"wood"},"geometry":{"type":"LineString","coordinates":[[-122.261808,37.874165],[-122.26173,37.874126]]}},{"type":"Feature","properties":{"kind":"trail","surface":"compacted"},"geometry":{"type":"LineString","coordinates":[[-122.261404,37.87332],[-122.261384,37.873312],[-122.26113,37.873274]]}},{"type":"Feature","properties":{"kind":"steps","surface":"concrete"},"geometry":{"type":"LineString","coordinates":[[-122.265761,37.873559],[-122.265924,37.873547]]}},{"type":"Feature","properties":{"kind":"road","name":"Hilgard Way","surface":"wood"},"geometry":{"type":"LineString","coordinates":[[-122.263644,37.871263],[-122.263678,37.871216]]}},{"type":"Feature","properties":{"kind":"trail","surface":"asphalt"},"geometry":{"type":"LineString","coordinates":[[-122.262328,37.873836],[-122.262277,37.873824],[-122.261831,37.873573],[-122.261578,37.873382],[-122.261497,37.873354]]}},{"type":"Feature","properties":{"kind":"trail","surface":"asphalt"},"geometry":{"type":"LineString","coordinates":[[-122.26448,37.870449],[-122.264496,37.870586],[-122.264601,37.8707]]}},{"type":"Feature","properties":{"kind":"trail","surface":"asphalt"},"geometry":{"type":"LineString","coordinates":[[-122.259961,37.873907],[-122.259996,37.873908],[-122.26003,37.873811],[-122.260032,37.873785]]}},{"type":"Feature","properties":{"kind":"trail"},"geometry":{"type":"LineString","coordinates":[[-122.258221,37.871641],[-122.258168,37.871739],[-122.258132,37.871836],[-122.258082,37.871969]]}},{"type":"Feature","properties":{"kind":"trail"},"geometry":{"type":"LineString","coordinates":[[-122.259106,37.872672],[-122.259187,37.872673],[-122.259286,37.87265],[-122.259566,37.872587],[-122.259638,37.87257],[-122.259712,37.872553],[-122.259991,37.872487],[-122.26,37.872485]]}},{"type":"Feature","properties":{"kind":"trail"},"geometry":{"type":"LineString","coordinates":[[-122.258268,37.871759],[-122.258168,37.871739],[-122.257914,37.871715]]}},{"type":"Feature","properties":{"kind":"trail"},"geometry":{"type":"LineString","coordinates":[[-122.259363,37.873846],[-122.259354,37.873891]]}},{"type":"Feature","properties":{"kind":"steps"},"geometry":{"type":"LineString","coordinates":[[-122.260887,37.873654],[-122.26081,37.873674],[-122.260816,37.873799],[-122.260731,37.873795]]}},{"type":"Feature","properties":{"kind":"steps"},"geometry":{"type":"LineString","coordinates":[[-122.259201,37.869538],[-122.259177,37.869541],[-122.259122,37.869549],[-122.259095,37.869552],[-122.25909,37.869553],[-122.259013,37.869564],[-122.258958,37.869571]]}},{"type":"Feature","properties":{"kind":"road","name":"Sproul Plaza","surface":"asphalt"},"geometry":{"type":"LineString","coordinates":[[-122.259201,37.868789],[-122.259186,37.868705]]}},{"type":"Feature","properties":{"kind":"trail"},"geometry":{"type":"LineString","coordinates":[[-122.258499,37.869174],[-122.258729,37.869143],[-122.258842,37.869127],[-122.25886,37.869125],[-122.259051,37.869103]]}},{"type":"Feature","properties":{"kind":"trail"},"geometry":{"type":"LineString","coordinates":[[-122.258729,37.869143],[-122.258591,37.869026],[-122.258458,37.868914]]}},{"type":"Feature","properties":{"kind":"road","name":"Dwinelle Plaza","surface":"concrete"},"geometry":{"type":"LineString","coordinates":[[-122.260194,37.870745],[-122.259655,37.870847],[-122.259619,37.870731],[-122.259585,37.870596],[-122.260004,37.870491],[-122.260091,37.870418],[-122.260278,37.870393],[-122.260334,37.870586],[-122.260344,37.870623],[-122.260336,37.870654],[-122.26032,37.870707],[-122.260194,37.870745]]}},{"type":"Feature","properties":{"kind":"steps","surface":"concrete"},"geometry":{"type":"LineString","coordinates":[[-122.257575,37.870329],[-122.257539,37.870363]]}},{"type":"Feature","properties":{"kind":"steps","surface":"concrete"},"geometry":{"type":"LineString","coordinates":[[-122.261934,37.874145],[-122.261827,37.874171]]}},{"type":"Feature","properties":{"kind":"steps","surface":"concrete"},"geometry":{"type":"LineString","coordinates":[[-122.258234,37.880936],[-122.258437,37.880885],[-122.258433,37.880642]]}},{"type":"Feature","properties":{"kind":"trail","surface":"concrete"},"geometry":{"type":"LineString","coordinates":[[-122.272562,37.869553],[-122.272668,37.869618]]}},{"type":"Feature","properties":{"kind":"trail","surface":"asphalt"},"geometry":{"type":"LineString","coordinates":[[-122.260049,37.874461],[-122.260114,37.874465]]}},{"type":"Feature","properties":{"kind":"trail","surface":"asphalt"},"geometry":{"type":"LineString","coordinates":[[-122.260287,37.874533],[-122.260223,37.874547],[-122.260114,37.874465],[-122.260211,37.87437],[-122.260337,37.874442],[-122.260287,37.874533]]}},{"type":"Feature","properties":{"kind":"trail"},"geometry":{"type":"LineString","coordinates":[[-122.26501,37.872849],[-122.264956,37.872481],[-122.264953,37.872463]]}},{"type":"Feature","properties":{"kind":"trail","surface":"concrete"},"geometry":{"type":"LineString","coordinates":[[-122.27243,37.869272],[-122.272535,37.86926]]}},{"type":"Feature","properties":{"kind":"trail","surface":"paving_stones"},"geometry":{"type":"LineString","coordinates":[[-122.262324,37.868621],[-122.262307,37.868531],[-122.262293,37.868454],[-122.262289,37.868432],[-122.262283,37.868407]]}},{"type":"Feature","properties":{"kind":"trail","surface":"paved"},"geometry":{"type":"LineString","coordinates":[[-122.255297,37.87464],[-122.255571,37.874562],[-122.25577,37.874496]]}},{"type":"Feature","properties":{"kind":"steps","surface":"asphalt"},"geometry":{"type":"LineString","coordinates":[[-122.262284,37.871887],[-122.262247,37.871794]]}},{"type":"Feature","properties":{"kind":"steps","surface":"concrete"},"geometry":{"type":"LineString","coordinates":[[-122.26,37.872485],[-122.26014,37.872451]]}},{"type":"Feature","properties":{"kind":"trail","surface":"asphalt"},"geometry":{"type":"LineString","coordinates":[[-122.26014,37.872451],[-122.26018,37.872442]]}},{"type":"Feature","properties":{"kind":"steps","surface":"concrete"},"geometry":{"type":"LineString","coordinates":[[-122.259682,37.872698],[-122.259675,37.872677]]}},{"type":"Feature","properties":{"kind":"trail","surface":"asphalt"},"geometry":{"type":"LineString","coordinates":[[-122.262441,37.87185],[-122.262399,37.87186],[-122.262371,37.871867],[-122.262284,37.871887],[-122.26224,37.871897],[-122.262208,37.871905],[-122.262124,37.871936],[-122.262001,37.872093],[-122.261994,37.87217]]}},{"type":"Feature","properties":{"kind":"trail"},"geometry":{"type":"LineString","coordinates":[[-122.254793,37.872946],[-122.254891,37.872925]]}},{"type":"Feature","properties":{"kind":"trail"},"geometry":{"type":"LineString","coordinates":[[-122.255795,37.873507],[-122.255738,37.873344],[-122.256055,37.873274],[-122.256166,37.873296],[-122.256345,37.873332]]}},{"type":"Feature","properties":{"kind":"trail","surface":"asphalt"},"geometry":{"type":"LineString","coordinates":[[-122.262441,37.87185],[-122.262774,37.871964]]}},{"type":"Feature","properties":{"kind":"trail","surface":"paved"},"geometry":{"type":"LineString","coordinates":[[-122.255191,37.872845],[-122.255294,37.872822],[-122.255345,37.872967],[-122.255484,37.872938],[-122.255523,37.873046],[-122.255534,37.873043],[-122.255755,37.872993],[-122.255862,37.872969],[-122.256055,37.872925],[-122.256191,37.872895],[-122.256247,37.872882],[-122.256264,37.872928],[-122.256475,37.872889]]}},{"type":"Feature","properties":{"kind":"trail","surface":"concrete"},"geometry":{"type":"LineString","coordinates":[[-122.257652,37.873101],[-122.257738,37.872969],[-122.257861,37.872898]]}},{"type":"Feature","properties":{"kind":"trail"},"geometry":{"type":"LineString","coordinates":[[-122.261998,37.871066],[-122.261971,37.870956]]}},{"type":"Feature","properties":{"kind":"steps","surface":"concrete"},"geometry":{"type":"LineString","coordinates":[[-122.260431,37.873066],[-122.260281,37.873074]]}},{"type":"Feature","properties":{"kind":"trail","surface":"concrete"},"geometry":{"type":"LineString","coordinates":[[-122.259675,37.872677],[-122.259638,37.87257],[-122.259624,37.872531]]}},{"type":"Feature","properties":{"kind":"trail"},"geometry":{"type":"LineString","coordinates":[[-122.255288,37.873354],[-122.255302,37.873345],[-122.255371,37.873305],[-122.255586,37.873313],[-122.25561,37.87337],[-122.255738,37.873344]]}},{"type":"Feature","properties":{"kind":"trail"},"geometry":{"type":"LineString","coordinates":[[-122.245067,37.864587],[-122.245155,37.864357],[-122.245424,37.864162],[-122.245667,37.864084],[-122.245745,37.86406],[-122.246082,37.863895]]}},{"type":"Feature","properties":{"kind":"trail"},"geometry":{"type":"LineString","coordinates":[[-122.264948,37.872821],[-122.26501,37.872849]]}},{"type":"Feature","properties":{"kind":"trail"},"geometry":{"type":"LineString","coordinates":[[-122.265135,37.873602],[-122.265166,37.873653],[-122.265179,37.873785],[-122.265182,37.873814],[-122.265221,37.874177]]}},{"type":"Feature","properties":{"kind":"steps","surface":"concrete"},"geometry":{"type":"LineString","coordinates":[[-122.265374,37.872579],[-122.265504,37.872467]]}},{"type":"Feature","properties":{"kind":"trail"},"geometry":{"type":"LineString","coordinates":[[-122.264462,37.872963],[-122.26485,37.87294],[-122.264928,37.872935],[-122.264942,37.872934]]}},{"type":"Feature","properties":{"kind":"road","name":"Tunnel Road","surface":"asphalt"},"geometry":{"type":"LineString","coordinates":[[-122.236153,37.853965],[-122.237058,37.854731],[-122.237598,37.855007],[-122.238033,37.855169]]}},{"type":"Feature","properties":{"kind":"trail","surface":"asphalt"},"geometry":{"type":"LineString","coordinates":[[-122.282151,37.882561],[-122.282636,37.882689],[-122.282853,37.882688]]}},{"type":"Feature","properties":{"kind":"trail"},"geometry":{"type":"LineString","coordinates":[[-122.254911,37.871113],[-122.254883,37.870982]]}},{"type":"Feature","properties":{"kind":"road","name":"Sather Road","surface":"asphalt"},"geometry":{"type":"LineString","coordinates":[[-122.259972,37.871739],[-122.259953,37.87188],[-122.260029,37.872093],[-122.26017,37.872177]]}},{"type":"Feature","properties":{"kind":"trail","surface":"asphalt"},"geometry":{"type":"LineString","coordinates":[[-122.2605,37.873211],[-122.260487,37.873184],[-122.260431,37.873066],[-122.260368,37.872971]]}},{"type":"Feature","properties":{"kind":"trail","surface":"paving_stones"},"geometry":{"type":"LineString","coordinates":[[-122.265396,37.87281],[-122.265386,37.872745],[-122.265374,37.872579]]}},{"type":"Feature","properties":{"kind":"trail","surface":"concrete"},"geometry":{"type":"LineString","coordinates":[[-122.266038,37.873331],[-122.265929,37.873264],[-122.265876,37.873142],[-122.265837,37.872909],[-122.265661,37.872734],[-122.265374,37.872579]]}},{"type":"Feature","properties":{"kind":"trail","name":"Wildcat Gorge Trail"},"geometry":{"type":"LineString","coordinates":[[-122.244969,37.895054],[-122.245011,37.89511]]}},{"type":"Feature","properties":{"kind":"trail","name":"Wildcat Gorge Trail","surface":"dirt"},"geometry":{"type":"LineString","coordinates":[[-122.245011,37.89511],[-122.245871,37.895131],[-122.246179,37.895204],[-122.246602,37.895232],[-122.247158,37.895212],[-122.247499,37.895229],[-122.247871,37.895343],[-122.248339,37.895486],[-122.248973,37.895788],[-122.249341,37.896062],[-122.249577,37.896529],[-122.249626,37.896793],[-122.249921,37.897022],[-122.250337,37.897504]]}},{"type":"Feature","properties":{"kind":"trail"},"geometry":{"type":"LineString","coordinates":[[-122.224126,37.884647],[-122.223687,37.883949],[-122.223543,37.883833],[-122.223298,37.883744],[-122.223257,37.883667],[-122.223266,37.883595],[-122.223584,37.883307],[-122.223676,37.883036],[-122.223894,37.882876]]}},{"type":"Feature","properties":{"kind":"trail"},"geometry":{"type":"LineString","coordinates":[[-122.244974,37.902289],[-122.244925,37.90218]]}},{"type":"Feature","properties":{"kind":"steps","surface":"concrete"},"geometry":{"type":"LineString","coordinates":[[-122.283714,37.873753],[-122.283864,37.873742]]}},{"type":"Feature","properties":{"kind":"steps","surface":"concrete"},"geometry":{"type":"LineString","coordinates":[[-122.283775,37.874132],[-122.283924,37.874119]]}},{"type":"Feature","properties":{"kind":"trail","surface":"concrete"},"geometry":{"type":"LineString","coordinates":[[-122.282809,37.874086],[-122.282574,37.874108]]}},{"type":"Feature","properties":{"kind":"road","name":"South Park Drive","surface":"paved"},"geometry":{"type":"LineString","coordinates":[[-122.242712,37.892742],[-122.242378,37.892655],[-122.242255,37.892553],[-122.241976,37.892103],[-122.240175,37.890761],[-122.239729,37.890604],[-122.23905,37.890578],[-122.238375,37.890585],[-122.237225,37.890382],[-122.236836,37.890371],[-122.236512,37.890343]]}},{"type":"Feature","properties":{"kind":"road","name":"Hopkins Street","surface":"asphalt"},"geometry":{"type":"LineString","coordinates":[[-122.285401,37.879849],[-122.284785,37.880182]]}},{"type":"Feature","properties":{"kind":"road","name":"Ohlone Greenway","surface":"paved"},"geometry":{"type":"LineString","coordinates":[[-122.284855,37.8746],[-122.285853,37.875209],[-122.286164,37.87522],[-122.286744,37.875546],[-122.28685,37.875687],[-122.287211,37.875701],[-122.287346,37.875902],[-122.287341,37.87609]]}},{"type":"Feature","properties":{"kind":"road","name":"Rose Street","surface":"paved"},"geometry":{"type":"LineString","coordinates":[[-122.280958,37.879662],[-122.280831,37.87971]]}},{"type":"Feature","properties":{"kind":"road","name":"Rose Street","surface":"concrete"},"geometry":{"type":"LineString","coordinates":[[-122.268413,37.882182],[-122.26729,37.882334]]}},{"type":"Feature","properties":{"kind":"road","name":"Rose Street","surface":"paved"},"geometry":{"type":"LineString","coordinates":[[-122.282814,37.878978],[-122.281284,37.879542]]}},{"type":"Feature","properties":{"kind":"road","name":"Adeline Street","surface":"asphalt"},"geometry":{"type":"LineString","coordinates":[[-122.267898,37.858404],[-122.268724,37.856233],[-122.268873,37.855835],[-122.268896,37.85548]]}},{"type":"Feature","properties":{"kind":"road","name":"Adeline Street","surface":"asphalt"},"geometry":{"type":"LineString","coordinates":[[-122.2674,37.859081],[-122.267326,37.859301],[-122.267221,37.859427]]}},{"type":"Feature","properties":{"kind":"road","name":"Ashby Avenue","surface":"asphalt"},"geometry":{"type":"LineString","coordinates":[[-122.245329,37.858048],[-122.244314,37.858097]]}},{"type":"Feature","properties":{"kind":"trail","surface":"concrete"},"geometry":{"type":"LineString","coordinates":[[-122.27786,37.881184],[-122.27789,37.881228],[-122.2775,37.881513],[-122.277552,37.881664],[-122.277529,37.881762],[-122.277517,37.881851],[-122.277573,37.881931],[-122.277703,37.882065],[-122.277811,37.882238]]}},{"type":"Feature","properties":{"kind":"road","name":"Shattuck Place","surface":"asphalt"},"geometry":{"type":"LineString","coordinates":[[-122.269552,37.881343],[-122.270008,37.881729]]}},{"type":"Feature","properties":{"kind":"road","name":"Rose Street","surface":"asphalt"},"geometry":{"type":"LineString","coordinates":[[-122.280831,37.87971],[-122.277088,37.88106],[-122.274104,37.881447]]}},{"type":"Feature","properties":{"kind":"road","name":"Lorina Street"},"geometry":{"type":"LineString","coordinates":[[-122.265495,37.855427],[-122.265523,37.85558]]}},{"type":"Feature","properties":{"kind":"road","name":"Wheeler Street","surface":"asphalt"},"geometry":{"type":"LineString","coordinates":[[-122.264593,37.855546],[-122.264539,37.855652],[-122.26458,37.855713]]}},{"type":"Feature","properties":{"kind":"trail","surface":"concrete"},"geometry":{"type":"LineString","coordinates":[[-122.272156,37.869009],[-122.27214,37.868926]]}},{"type":"Feature","properties":{"kind":"trail","surface":"concrete"},"geometry":{"type":"LineString","coordinates":[[-122.272282,37.869587],[-122.272321,37.869752]]}},{"type":"Feature","properties":{"kind":"trail","surface":"concrete"},"geometry":{"type":"LineString","coordinates":[[-122.271365,37.869103],[-122.271348,37.86903]]}},{"type":"Feature","properties":{"kind":"trail","surface":"concrete"},"geometry":{"type":"LineString","coordinates":[[-122.271992,37.869629],[-122.272027,37.86979]]}},{"type":"Feature","properties":{"kind":"trail","surface":"concrete"},"geometry":{"type":"LineString","coordinates":[[-122.271878,37.869043],[-122.27186,37.868963]]}},{"type":"Feature","properties":{"kind":"trail","surface":"concrete"},"geometry":{"type":"LineString","coordinates":[[-122.271711,37.869256],[-122.27195,37.869034]]}},{"type":"Feature","properties":{"kind":"trail","surface":"concrete"},"geometry":{"type":"LineString","coordinates":[[-122.271544,37.869332],[-122.27129,37.869326],[-122.27118,37.869342]]}},{"type":"Feature","properties":{"kind":"trail","surface":"concrete"},"geometry":{"type":"LineString","coordinates":[[-122.271574,37.869439],[-122.271324,37.869501],[-122.271209,37.869513]]}},{"type":"Feature","properties":{"kind":"trail","surface":"concrete"},"geometry":{"type":"LineString","coordinates":[[-122.27129,37.869326],[-122.271324,37.869501]]}},{"type":"Feature","properties":{"kind":"trail","surface":"concrete"},"geometry":{"type":"LineString","coordinates":[[-122.27293,37.869608],[-122.273085,37.869454],[-122.273067,37.86925],[-122.273042,37.869046],[-122.272896,37.868955],[-122.272847,37.868929]]}},{"type":"Feature","properties":{"kind":"trail","surface":"concrete"},"geometry":{"type":"LineString","coordinates":[[-122.273067,37.86925],[-122.27276,37.86927]]}},{"type":"Feature","properties":{"kind":"steps","surface":"concrete"},"geometry":{"type":"LineString","coordinates":[[-122.273178,37.86924],[-122.273067,37.86925]]}},{"type":"Feature","properties":{"kind":"trail","surface":"concrete"},"geometry":{"type":"LineString","coordinates":[[-122.272896,37.868955],[-122.272927,37.868837]]}},{"type":"Feature","properties":{"kind":"trail","name":"Ohlone Greenway","surface":"concrete"},"geometry":{"type":"LineString","coordinates":[[-122.277229,37.87293],[-122.277331,37.872847],[-122.277689,37.872798],[-122.27782,37.872782],[-122.278757,37.872662],[-122.278965,37.872718],[-122.279114,37.872619],[-122.279994,37.872529]]}},{"type":"Feature","properties":{"kind":"road","name":"Sutter Street","surface":"asphalt"},"geometry":{"type":"LineString","coordinates":[[-122.27242,37.889129],[-122.272407,37.888914]]}},{"type":"Feature","properties":{"kind":"road","name":"Solano Avenue","surface":"asphalt"},"geometry":{"type":"LineString","coordinates":[[-122.275539,37.890884],[-122.274963,37.890684],[-122.273702,37.89063],[-122.273281,37.890552]]}},{"type":"Feature","properties":{"kind":"road","name":"Solano Avenue","surface":"paved"},"geometry":{"type":"LineString","coordinates":[[-122.280122,37.891321],[-122.279855,37.891337]]}},{"type":"Feature","properties":{"kind":"road","name":"Solano Avenue","surface":"paved"},"geometry":{"type":"LineString","coordinates":[[-122.279521,37.891354],[-122.279453,37.891356]]}},{"type":"Feature","properties":{"kind":"road","name":"Solano Avenue","surface":"paved"},"geometry":{"type":"LineString","coordinates":[[-122.279855,37.891337],[-122.279637,37.891348]]}},{"type":"Feature","properties":{"kind":"road","name":"Solano Avenue","surface":"asphalt"},"geometry":{"type":"LineString","coordinates":[[-122.278804,37.891391],[-122.278311,37.89142],[-122.2775,37.891469]]}},{"type":"Feature","properties":{"kind":"trail","surface":"paved"},"geometry":{"type":"LineString","coordinates":[[-122.281672,37.8926],[-122.28153,37.892408]]}},{"type":"Feature","properties":{"kind":"trail","surface":"paved"},"geometry":{"type":"LineString","coordinates":[[-122.282128,37.892365],[-122.281962,37.892232],[-122.281645,37.892306],[-122.28153,37.892408],[-122.281443,37.892388],[-122.281159,37.892453]]}},{"type":"Feature","properties":{"kind":"trail","surface":"concrete"},"geometry":{"type":"LineString","coordinates":[[-122.280357,37.892402],[-122.280617,37.892363]]}},{"type":"Feature","properties":{"kind":"trail","surface":"asphalt"},"geometry":{"type":"LineString","coordinates":[[-122.281925,37.891894],[-122.281819,37.892049],[-122.281805,37.892091]]}},{"type":"Feature","properties":{"kind":"trail","surface":"concrete"},"geometry":{"type":"LineString","coordinates":[[-122.280297,37.892374],[-122.280305,37.89241],[-122.280318,37.892469]]}},{"type":"Feature","properties":{"kind":"trail","surface":"concrete"},"geometry":{"type":"LineString","coordinates":[[-122.280104,37.892536],[-122.280318,37.892469]]}},{"type":"Feature","properties":{"kind":"steps","surface":"concrete"},"geometry":{"type":"LineString","coordinates":[[-122.280305,37.89241],[-122.280357,37.892402]]}},{"type":"Feature","properties":{"kind":"trail","surface":"concrete"},"geometry":{"type":"LineString","coordinates":[[-122.280074,37.89237],[-122.280297,37.892374]]}},{"type":"Feature","properties":{"kind":"trail"},"geometry":{"type":"LineString","coordinates":[[-122.273043,37.879248],[-122.272707,37.879291]]}},{"type":"Feature","properties":{"kind":"road","name":"Hearst Avenue","surface":"asphalt"},"geometry":{"type":"LineString","coordinates":[[-122.260158,37.875084],[-122.257181,37.875475]]}},{"type":"Feature","properties":{"kind":"steps"},"geometry":{"type":"LineString","coordinates":[[-122.260809,37.876426],[-122.26088,37.876417]]}},{"type":"Feature","properties":{"kind":"trail"},"geometry":{"type":"LineString","coordinates":[[-122.26088,37.876417],[-122.261333,37.876358]]}},{"type":"Feature","properties":{"kind":"trail"},"geometry":{"type":"LineString","coordinates":[[-122.260443,37.876472],[-122.260809,37.876426]]}},{"type":"Feature","properties":{"kind":"trail","surface":"paved"},"geometry":{"type":"LineString","coordinates":[[-122.259883,37.873599],[-122.259851,37.873521],[-122.259913,37.873505],[-122.25998,37.873491]]}},{"type":"Feature","properties":{"kind":"trail","surface":"asphalt"},"geometry":{"type":"LineString","coordinates":[[-122.260389,37.874072],[-122.26013,37.874068],[-122.260003,37.874174]]}},{"type":"Feature","properties":{"kind":"steps","surface":"paved"},"geometry":{"type":"LineString","coordinates":[[-122.259994,37.873796],[-122.259996,37.873908]]}},{"type":"Feature","properties":{"kind":"trail","surface":"paved"},"geometry":{"type":"LineString","coordinates":[[-122.259909,37.873498],[-122.259913,37.873505],[-122.259972,37.873647],[-122.259974,37.873657],[-122.25999,37.873774],[-122.259994,37.873796]]}},{"type":"Feature","properties":{"kind":"steps","surface":"paved"},"geometry":{"type":"LineString","coordinates":[[-122.25989,37.873458],[-122.259909,37.873498]]}},{"type":"Feature","properties":{"kind":"trail"},"geometry":{"type":"LineString","coordinates":[[-122.260223,37.874547],[-122.260162,37.874606]]}},{"type":"Feature","properties":{"kind":"trail","surface":"paved"},"geometry":{"type":"LineString","coordinates":[[-122.259952,37.873648],[-122.259905,37.87365]]}},{"type":"Feature","properties":{"kind":"trail","surface":"paved"},"geometry":{"type":"LineString","coordinates":[[-122.2599,37.873558],[-122.259995,37.873577],[-122.260032,37.873785]]}},{"type":"Feature","properties":{"kind":"steps","surface":"paved"},"geometry":{"type":"LineString","coordinates":[[-122.259912,37.873617],[-122.2599,37.873558]]}},{"type":"Feature","properties":{"kind":"trail","surface":"asphalt"},"geometry":{"type":"LineString","coordinates":[[-122.259883,37.873599],[-122.259905,37.87365]]}},{"type":"Feature","properties":{"kind":"trail","surface":"paved"},"geometry":{"type":"LineString","coordinates":[[-122.259905,37.87365],[-122.259912,37.873617]]}},{"type":"Feature","properties":{"kind":"trail","surface":"concrete"},"geometry":{"type":"LineString","coordinates":[[-122.272604,37.888823],[-122.272767,37.888549],[-122.272654,37.888433]]}},{"type":"Feature","properties":{"kind":"steps","name":"La Loma Path","surface":"railway_sleepers"},"geometry":{"type":"LineString","coordinates":[[-122.254015,37.884928],[-122.254162,37.884792],[-122.254562,37.884609]]}},{"type":"Feature","properties":{"kind":"trail","name":"Greenwood Common","surface":"asphalt"},"geometry":{"type":"LineString","coordinates":[[-122.25979,37.882747],[-122.259821,37.882904]]}},{"type":"Feature","properties":{"kind":"road","name":"Martin Luther King Junior Way","surface":"asphalt"},"geometry":{"type":"LineString","coordinates":[[-122.273055,37.871925],[-122.273015,37.871563]]}},{"type":"Feature","properties":{"kind":"steps","name":"Virginia Street","surface":"concrete"},"geometry":{"type":"LineString","coordinates":[[-122.256437,37.878277],[-122.256358,37.878281],[-122.256289,37.878319]]}},{"type":"Feature","properties":{"kind":"road","name":"Monterey Avenue","surface":"asphalt"},"geometry":{"type":"LineString","coordinates":[[-122.275768,37.888684],[-122.275981,37.888476]]}},{"type":"Feature","properties":{"kind":"road","name":"Sather Road","surface":"paving_stones"},"geometry":{"type":"LineString","coordinates":[[-122.259563,37.87049],[-122.259509,37.87024]]}},{"type":"Feature","properties":{"kind":"road","name":"Telegraph Avenue","surface":"asphalt"},"geometry":{"type":"LineString","coordinates":[[-122.258818,37.866922],[-122.259005,37.867814]]}},{"type":"Feature","properties":{"kind":"road"},"geometry":{"type":"LineString","coordinates":[[-122.259148,37.869397],[-122.259177,37.869541],[-122.259207,37.869687],[-122.259148,37.869676],[-122.259122,37.869549],[-122.259097,37.869419],[-122.259148,37.869397]]}},{"type":"Feature","properties":{"kind":"road","name":"Savio Steps"},"geometry":{"type":"LineString","coordinates":[[-122.258978,37.869698],[-122.259121,37.869681],[-122.259095,37.869552],[-122.25907,37.869422],[-122.259063,37.869423],[-122.258928,37.869462],[-122.258991,37.869454],[-122.259013,37.869564],[-122.259035,37.869669],[-122.258974,37.869676],[-122.258978,37.869698]]}},{"type":"Feature","properties":{"kind":"trail"},"geometry":{"type":"LineString","coordinates":[[-122.259204,37.869992],[-122.258997,37.870018],[-122.258915,37.870028],[-122.258707,37.870055]]}},{"type":"Feature","properties":{"kind":"trail"},"geometry":{"type":"LineString","coordinates":[[-122.259875,37.869583],[-122.25993,37.869858],[-122.259937,37.86989]]}},{"type":"Feature","properties":{"kind":"trail"},"geometry":{"type":"LineString","coordinates":[[-122.259937,37.86989],[-122.259954,37.869969]]}},{"type":"Feature","properties":{"kind":"trail","surface":"paved"},"geometry":{"type":"LineString","coordinates":[[-122.255356,37.870905],[-122.255246,37.870576]]}},{"type":"Feature","properties":{"kind":"road","name":"Claremont Avenue","surface":"asphalt"},"geometry":{"type":"LineString","coordinates":[[-122.244302,37.860384],[-122.244243,37.860539],[-122.244099,37.860696],[-122.243994,37.860769],[-122.243368,37.860976]]}},{"type":"Feature","properties":{"kind":"road","name":"Ashby Avenue","surface":"asphalt"},"geometry":{"type":"LineString","coordinates":[[-122.251184,37.85759],[-122.250624,37.857733],[-122.248433,37.857874]]}},{"type":"Feature","properties":{"kind":"road","name":"Ashby Avenue","surface":"asphalt"},"geometry":{"type":"LineString","coordinates":[[-122.252222,37.857171],[-122.251184,37.85759]]}},{"type":"Feature","properties":{"kind":"road","surface":"paved"},"geometry":{"type":"LineString","coordinates":[[-122.251593,37.866221],[-122.251569,37.866042],[-122.251615,37.86587]]}},{"type":"Feature","properties":{"kind":"road","name":"Sacramento Street","surface":"paved"},"geometry":{"type":"LineString","coordinates":[[-122.282802,37.878442],[-122.282921,37.878854],[-122.282983,37.878918]]}},{"type":"Feature","properties":{"kind":"road","name":"Shattuck Place","surface":"asphalt"},"geometry":{"type":"LineString","coordinates":[[-122.270511,37.881915],[-122.269996,37.881531],[-122.269674,37.881182]]}},{"type":"Feature","properties":{"kind":"road","name":"Shattuck Avenue","surface":"asphalt"},"geometry":{"type":"LineString","coordinates":[[-122.269552,37.881343],[-122.269531,37.880948]]}},{"type":"Feature","properties":{"kind":"road","name":"Grizzly Peak Boulevard","surface":"asphalt"},"geometry":{"type":"LineString","coordinates":[[-122.269784,37.906731],[-122.269669,37.906473],[-122.269633,37.906151],[-122.269525,37.904878]]}},{"type":"Feature","properties":{"kind":"trail"},"geometry":{"type":"LineString","coordinates":[[-122.263968,37.876026],[-122.263923,37.876068]]}},{"type":"Feature","properties":{"kind":"steps"},"geometry":{"type":"LineString","coordinates":[[-122.264162,37.876507],[-122.264164,37.876545]]}},{"type":"Feature","properties":{"kind":"steps","surface":"concrete"},"geometry":{"type":"LineString","coordinates":[[-122.264035,37.875956],[-122.263968,37.876026]]}},{"type":"Feature","properties":{"kind":"trail"},"geometry":{"type":"LineString","coordinates":[[-122.264028,37.87641],[-122.264033,37.876487],[-122.264067,37.876501]]}},{"type":"Feature","properties":{"kind":"trail","surface":"asphalt"},"geometry":{"type":"LineString","coordinates":[[-122.264048,37.875786],[-122.264035,37.875956]]}},{"type":"Feature","properties":{"kind":"steps"},"geometry":{"type":"LineString","coordinates":[[-122.264067,37.876501],[-122.264126,37.876498]]}},{"type":"Feature","properties":{"kind":"steps","surface":"concrete"},"geometry":{"type":"LineString","coordinates":[[-122.264044,37.875743],[-122.264048,37.875786]]}},{"type":"Feature","properties":{"kind":"steps"},"geometry":{"type":"LineString","coordinates":[[-122.263972,37.876453],[-122.264033,37.876487]]}},{"type":"Feature","properties":{"kind":"trail"},"geometry":{"type":"LineString","coordinates":[[-122.26422,37.876504],[-122.264162,37.876507]]}},{"type":"Feature","properties":{"kind":"trail"},"geometry":{"type":"LineString","coordinates":[[-122.264164,37.876545],[-122.264131,37.876548]]}},{"type":"Feature","properties":{"kind":"trail"},"geometry":{"type":"LineString","coordinates":[[-122.261992,37.876311],[-122.261841,37.876229],[-122.261796,37.876006]]}},{"type":"Feature","properties":{"kind":"steps"},"geometry":{"type":"LineString","coordinates":[[-122.261475,37.875879],[-122.261505,37.876033]]}},{"type":"Feature","properties":{"kind":"trail"},"geometry":{"type":"LineString","coordinates":[[-122.261796,37.876006],[-122.261582,37.875981],[-122.261505,37.876033],[-122.261542,37.876331]]}},{"type":"Feature","properties":{"kind":"trail"},"geometry":{"type":"LineString","coordinates":[[-122.261881,37.875897],[-122.262156,37.875801]]}},{"type":"Feature","properties":{"kind":"trail"},"geometry":{"type":"LineString","coordinates":[[-122.262212,37.875739],[-122.262335,37.875721]]}},{"type":"Feature","properties":{"kind":"steps"},"geometry":{"type":"LineString","coordinates":[[-122.262156,37.875801],[-122.262212,37.875739]]}},{"type":"Feature","properties":{"kind":"trail","surface":"concrete"},"geometry":{"type":"LineString","coordinates":[[-122.261766,37.87587],[-122.261748,37.875957],[-122.261947,37.876028],[-122.261796,37.876006],[-122.261717,37.876011]]}},{"type":"Feature","properties":{"kind":"trail"},"geometry":{"type":"LineString","coordinates":[[-122.261385,37.876352],[-122.261542,37.876331],[-122.261645,37.876342]]}},{"type":"Feature","properties":{"kind":"steps"},"geometry":{"type":"LineString","coordinates":[[-122.261333,37.876358],[-122.261385,37.876352]]}},{"type":"Feature","properties":{"kind":"road","name":"Euclid Avenue","surface":"asphalt"},"geometry":{"type":"LineString","coordinates":[[-122.267408,37.901848],[-122.267739,37.901703],[-122.267922,37.901471],[-122.267902,37.90117],[-122.267442,37.900628],[-122.267245,37.900147],[-122.267153,37.898525],[-122.267133,37.898464],[-122.266991,37.898049],[-122.26695,37.897644],[-122.266864,37.897481],[-122.266596,37.897316],[-122.265894,37.897141],[-122.265676,37.896998],[-122.265631,37.89678],[-122.265926,37.895975],[-122.265864,37.895665],[-122.265623,37.895356],[-122.26515,37.895123],[-122.264731,37.895071],[-122.26421,37.894943],[-122.263889,37.89467],[-122.263766,37.894339],[-122.263825,37.894015],[-122.264127,37.893684],[-122.264706,37.893419],[-122.2649,37.893271],[-122.264999,37.893066],[-122.264988,37.892717],[-122.264969,37.892468],[-122.264894,37.891509],[-122.264729,37.891183],[-122.264574,37.891036],[-122.264318,37.890892],[-122.263367,37.890583],[-122.262986,37.8904],[-122.262632,37.890094],[-122.262517,37.889864]]}},{"type":"Feature","properties":{"kind":"road","name":"Grizzly Peak Boulevard","surface":"asphalt"},"geometry":{"type":"LineString","coordinates":[[-122.258698,37.894277],[-122.258307,37.89412],[-122.258048,37.893962],[-122.257915,37.893792],[-122.257706,37.893009]]}},{"type":"Feature","properties":{"kind":"road","name":"Grizzly Peak Boulevard","surface":"asphalt"},"geometry":{"type":"LineString","coordinates":[[-122.266488,37.901043],[-122.265421,37.899509],[-122.265108,37.899258],[-122.264505,37.89912]]}},{"type":"Feature","properties":{"kind":"road","name":"Grizzly Peak Boulevard","surface":"asphalt"},"geometry":{"type":"LineString","coordinates":[[-122.251752,37.887915],[-122.251672,37.88762],[-122.251503,37.887276],[-122.251024,37.886772],[-122.250618,37.886378],[-122.250198,37.886109],[-122.249105,37.885738],[-122.248835,37.885495],[-122.248628,37.885008],[-122.248106,37.884617]]}},{"type":"Feature","properties":{"kind":"road","name":"Grizzly Peak Boulevard","surface":"asphalt"},"geometry":{"type":"LineString","coordinates":[[-122.252158,37.889713],[-122.251887,37.889253]]}},{"type":"Feature","properties":{"kind":"road","name":"Grizzly Peak Boulevard","surface":"asphalt"},"geometry":{"type":"LineString","coordinates":[[-122.256276,37.8925],[-122.255762,37.892311],[-122.255378,37.891869],[-122.25472,37.891386],[-122.254317,37.891148],[-122.25381,37.890928],[-122.252815,37.89068],[-122.252499,37.890502],[-122.252395,37.890405]]}},{"type":"Feature","properties":{"kind":"road","name":"Grizzly Peak Boulevard","surface":"asphalt"},"geometry":{"type":"LineString","coordinates":[[-122.268713,37.903039],[-122.267407,37.902304],[-122.267276,37.902197],[-122.267122,37.901904]]}},{"type":"Feature","properties":{"kind":"road","name":"Grizzly Peak Boulevard","surface":"asphalt"},"geometry":{"type":"LineString","coordinates":[[-122.257706,37.893009],[-122.2576,37.892828],[-122.257439,37.892699],[-122.257056,37.892594]]}},{"type":"Feature","properties":{"kind":"road","name":"Grizzly Peak Boulevard","surface":"asphalt"},"geometry":{"type":"LineString","coordinates":[[-122.264505,37.89912],[-122.264007,37.898994],[-122.263314,37.898528],[-122.263029,37.898414],[-122.262556,37.898316],[-122.26217,37.8981],[-122.261997,37.897873],[-122.261935,37.897709],[-122.261893,37.897295],[-122.261704,37.897017],[-122.261361,37.896814],[-122.260856,37.896681],[-122.260654,37.896524],[-122.260506,37.896289],[-122.260397,37.895891],[-122.260103,37.895444],[-122.259758,37.894957],[-122.259493,37.89469],[-122.259179,37.894482],[-122.258698,37.894277]]}},{"type":"Feature","properties":{"kind":"road","name":"Grizzly Peak Boulevard","surface":"asphalt"},"geometry":{"type":"LineString","coordinates":[[-122.267122,37.901904],[-122.266707,37.901568],[-122.266488,37.901043]]}},{"type":"Feature","properties":{"kind":"road","name":"Grizzly Peak Boulevard","surface":"asphalt"},"geometry":{"type":"LineString","coordinates":[[-122.269563,37.903519],[-122.268713,37.903039]]}},{"type":"Feature","properties":{"kind":"road","name":"Grizzly Peak Boulevard","surface":"asphalt"},"geometry":{"type":"LineString","coordinates":[[-122.257056,37.892594],[-122.25665,37.892587]]}},{"type":"Feature","properties":{"kind":"road","name":"Grizzly Peak Boulevard","surface":"asphalt"},"geometry":{"type":"LineString","coordinates":[[-122.269554,37.904639],[-122.269592,37.904439],[-122.269524,37.904331]]}},{"type":"Feature","properties":{"kind":"road","name":"Oxford Street","surface":"asphalt"},"geometry":{"type":"LineString","coordinates":[[-122.265947,37.870593],[-122.265906,37.870188],[-122.265863,37.869655]]}},{"type":"Feature","properties":{"kind":"road","name":"Rose Street","surface":"concrete"},"geometry":{"type":"LineString","coordinates":[[-122.26729,37.882334],[-122.266167,37.88248]]}},{"type":"Feature","properties":{"kind":"road","name":"Kala Bagai Way","surface":"asphalt"},"geometry":{"type":"LineString","coordinates":[[-122.267819,37.872177],[-122.267831,37.872267]]}},{"type":"Feature","properties":{"kind":"road","name":"Kala Bagai Way","surface":"concrete"},"geometry":{"type":"LineString","coordinates":[[-122.267783,37.870352],[-122.267763,37.870502]]}},{"type":"Feature","properties":{"kind":"road","name":"Spruce Street","surface":"asphalt"},"geometry":{"type":"LineString","coordinates":[[-122.271096,37.899826],[-122.271147,37.899717],[-122.271124,37.899599],[-122.270822,37.899286],[-122.270387,37.898854],[-122.270115,37.89856],[-122.270011,37.898367],[-122.26993,37.89795],[-122.269878,37.897606],[-122.269848,37.897501],[-122.269826,37.897447],[-122.269714,37.897292],[-122.269478,37.897025],[-122.269358,37.896864],[-122.269245,37.896532],[-122.269243,37.896514],[-122.269283,37.896192],[-122.269326,37.896057],[-122.269393,37.895848],[-122.26941,37.895748],[-122.269409,37.895691],[-122.269396,37.895627],[-122.269387,37.895598],[-122.269376,37.895568],[-122.269347,37.895511],[-122.26932,37.895471],[-122.269084,37.895277],[-122.268667,37.894995],[-122.268568,37.894882],[-122.26851,37.89467],[-122.26857,37.894335],[-122.268559,37.894236],[-122.268407,37.893946],[-122.268323,37.893825],[-122.268214,37.893665],[-122.268179,37.893613]]}},{"type":"Feature","properties":{"kind":"road","name":"University Avenue","surface":"asphalt"},"geometry":{"type":"LineString","coordinates":[[-122.267819,37.872177],[-122.266869,37.872304]]}},{"type":"Feature","properties":{"kind":"trail","surface":"asphalt"},"geometry":{"type":"LineString","coordinates":[[-122.278243,37.896692],[-122.278639,37.896472]]}},{"type":"Feature","properties":{"kind":"trail","surface":"dirt"},"geometry":{"type":"LineString","coordinates":[[-122.278497,37.897126],[-122.278243,37.896692]]}},{"type":"Feature","properties":{"kind":"trail","name":"Great Stoneface Path","surface":"asphalt"},"geometry":{"type":"LineString","coordinates":[[-122.278163,37.897089],[-122.278089,37.896929],[-122.277935,37.896844],[-122.277865,37.896697]]}},{"type":"Feature","properties":{"kind":"road","name":"Oxford Street","surface":"asphalt"},"geometry":{"type":"LineString","coordinates":[[-122.266026,37.872465],[-122.2661,37.873098]]}},{"type":"Feature","properties":{"kind":"road","name":"Grizzly Peak Boulevard","surface":"asphalt"},"geometry":{"type":"LineString","coordinates":[[-122.252395,37.890405],[-122.252245,37.889959]]}},{"type":"Feature","properties":{"kind":"road","name":"Shasta Road","surface":"asphalt"},"geometry":{"type":"LineString","coordinates":[[-122.249255,37.891126],[-122.249138,37.89118],[-122.24849,37.89144],[-122.248082,37.89168],[-122.246644,37.892849],[-122.246295,37.893012],[-122.24569,37.893066],[-122.245282,37.892912]]}},{"type":"Feature","properties":{"kind":"road","name":"Wildcat Canyon Road","surface":"asphalt"},"geometry":{"type":"LineString","coordinates":[[-122.269367,37.904281],[-122.269524,37.904331]]}},{"type":"Feature","properties":{"kind":"road","name":"Wildcat Canyon Road","surface":"asphalt"},"geometry":{"type":"LineString","coordinates":[[-122.24584,37.893267],[-122.245592,37.893209],[-122.245282,37.892912],[-122.245127,37.89275],[-122.244781,37.892483],[-122.244373,37.892395],[-122.243792,37.892496],[-122.242805,37.892712],[-122.242712,37.892742],[-122.242678,37.892756],[-122.242379,37.892957]]}},{"type":"Feature","properties":{"kind":"road","name":"Wildcat Canyon Road","surface":"asphalt"},"geometry":{"type":"LineString","coordinates":[[-122.255358,37.8961],[-122.255574,37.896003],[-122.255795,37.896015],[-122.25595,37.896095],[-122.256141,37.896307],[-122.256375,37.897016],[-122.256446,37.8978],[-122.256422,37.897984],[-122.256141,37.898244],[-122.25609,37.898403],[-122.256308,37.898809],[-122.256563,37.899465],[-122.256735,37.899724],[-122.256993,37.899764],[-122.257205,37.899707],[-122.257777,37.899385],[-122.258126,37.899114],[-122.258525,37.899007],[-122.2587,37.89906],[-122.259363,37.899717],[-122.259774,37.899927],[-122.260161,37.899873],[-122.260686,37.899656]]}},{"type":"Feature","properties":{"kind":"road","name":"Bancroft Way","surface":"asphalt"},"geometry":{"type":"LineString","coordinates":[[-122.26772,37.867608],[-122.267855,37.867589]]}},{"type":"Feature","properties":{"kind":"road","name":"College Avenue","surface":"asphalt"},"geometry":{"type":"LineString","coordinates":[[-122.253922,37.86572],[-122.253566,37.862129],[-122.253491,37.861364],[-122.253231,37.858727],[-122.253133,37.857712],[-122.253061,37.857043]]}},{"type":"Feature","properties":{"kind":"road","name":"Shattuck Avenue","surface":"asphalt"},"geometry":{"type":"LineString","coordinates":[[-122.267895,37.86941],[-122.267864,37.870016]]}},{"type":"Feature","properties":{"kind":"road","name":"Shattuck Avenue","surface":"asphalt"},"geometry":{"type":"LineString","coordinates":[[-122.267648,37.865777],[-122.267547,37.864876]]}},{"type":"Feature","properties":{"kind":"road","name":"Bancroft Way","surface":"asphalt"},"geometry":{"type":"LineString","coordinates":[[-122.259186,37.868705],[-122.260207,37.868575]]}},{"type":"Feature","properties":{"kind":"road","name":"Bancroft Way","surface":"asphalt"},"geometry":{"type":"LineString","coordinates":[[-122.252635,37.869552],[-122.254021,37.869373],[-122.254116,37.869361],[-122.254608,37.869298]]}},{"type":"Feature","properties":{"kind":"road","name":"Cedar Street","surface":"paved"},"geometry":{"type":"LineString","coordinates":[[-122.282591,37.876697],[-122.282746,37.876687]]}},{"type":"Feature","properties":{"kind":"road","name":"Cedar Street","surface":"asphalt"},"geometry":{"type":"LineString","coordinates":[[-122.282591,37.876697],[-122.275958,37.877538],[-122.273707,37.877833]]}},{"type":"Feature","properties":{"kind":"road","name":"Gayley Road","surface":"asphalt"},"geometry":{"type":"LineString","coordinates":[[-122.256823,37.875523],[-122.256717,37.875333]]}},{"type":"Feature","properties":{"kind":"road","name":"Hearst Avenue","surface":"asphalt"},"geometry":{"type":"LineString","coordinates":[[-122.257181,37.875475],[-122.256823,37.875523]]}},{"type":"Feature","properties":{"kind":"road","name":"Hearst Avenue","surface":"asphalt"},"geometry":{"type":"LineString","coordinates":[[-122.265843,37.874196],[-122.265507,37.874237]]}},{"type":"Feature","properties":{"kind":"road","name":"Piedmont Avenue","surface":"asphalt"},"geometry":{"type":"LineString","coordinates":[[-122.25231,37.869594],[-122.252274,37.868679]]}},{"type":"Feature","properties":{"kind":"road","name":"Sacramento Street","surface":"asphalt"},"geometry":{"type":"LineString","coordinates":[[-122.282232,37.872143],[-122.282095,37.871083]]}},{"type":"Feature","properties":{"kind":"road","name":"Sacramento Street","surface":"paved"},"geometry":{"type":"LineString","coordinates":[[-122.282591,37.876697],[-122.282802,37.878442]]}},{"type":"Feature","properties":{"kind":"road","name":"University Avenue","surface":"asphalt"},"geometry":{"type":"LineString","coordinates":[[-122.281894,37.870473],[-122.282035,37.870458]]}},{"type":"Feature","properties":{"kind":"road","name":"University Avenue","surface":"asphalt"},"geometry":{"type":"LineString","coordinates":[[-122.282029,37.870346],[-122.281882,37.870366]]}},{"type":"Feature","properties":{"kind":"road","name":"Hopkins Street","surface":"asphalt"},"geometry":{"type":"LineString","coordinates":[[-122.274767,37.885556],[-122.274129,37.886136],[-122.273533,37.886997]]}},{"type":"Feature","properties":{"kind":"road","name":"Hopkins Street","surface":"asphalt"},"geometry":{"type":"LineString","coordinates":[[-122.284785,37.880182],[-122.283269,37.880995],[-122.281959,37.881675]]}},{"type":"Feature","properties":{"kind":"road","name":"Martin Luther King Junior Way","surface":"asphalt"},"geometry":{"type":"LineString","coordinates":[[-122.272974,37.871113],[-122.273015,37.871563]]}},{"type":"Feature","properties":{"kind":"road","name":"Martin Luther King Junior Way","surface":"asphalt"},"geometry":{"type":"LineString","coordinates":[[-122.272733,37.869015],[-122.27276,37.86927],[-122.272817,37.869698]]}},{"type":"Feature","properties":{"kind":"road","name":"Solano Avenue","surface":"asphalt"},"geometry":{"type":"LineString","coordinates":[[-122.276712,37.891347],[-122.277097,37.891454]]}},{"type":"Feature","properties":{"kind":"road","name":"The Alameda","surface":"asphalt"},"geometry":{"type":"LineString","coordinates":[[-122.274935,37.885425],[-122.274689,37.885166]]}},{"type":"Feature","properties":{"kind":"road","name":"Shattuck Avenue","surface":"asphalt"},"geometry":{"type":"LineString","coordinates":[[-122.26842,37.872192],[-122.268412,37.872101]]}},{"type":"Feature","properties":{"kind":"road","name":"University Avenue","surface":"paved"},"geometry":{"type":"LineString","coordinates":[[-122.269194,37.872093],[-122.270669,37.871905]]}},{"type":"Feature","properties":{"kind":"road","name":"Colusa Avenue","surface":"paved"},"geometry":{"type":"LineString","coordinates":[[-122.280012,37.89211],[-122.279855,37.891337]]}},{"type":"Feature","properties":{"kind":"road","name":"Colusa Avenue","surface":"paved"},"geometry":{"type":"LineString","coordinates":[[-122.281833,37.894153],[-122.281125,37.893699]]}},{"type":"Feature","properties":{"kind":"road","name":"Colusa Avenue","surface":"paved"},"geometry":{"type":"LineString","coordinates":[[-122.281125,37.893699],[-122.280453,37.893225]]}},{"type":"Feature","properties":{"kind":"road","name":"Colusa Avenue","surface":"paved"},"geometry":{"type":"LineString","coordinates":[[-122.280115,37.892607],[-122.280104,37.892536],[-122.280074,37.89237],[-122.280012,37.89211]]}},{"type":"Feature","properties":{"kind":"road","name":"Colusa Avenue","surface":"paved"},"geometry":{"type":"LineString","coordinates":[[-122.280453,37.893225],[-122.280221,37.892901],[-122.280115,37.892607]]}},{"type":"Feature","properties":{"kind":"road","name":"Sacramento Street","surface":"asphalt"},"geometry":{"type":"LineString","coordinates":[[-122.281882,37.870366],[-122.281894,37.870473]]}},{"type":"Feature","properties":{"kind":"road","name":"Shattuck Avenue","surface":"asphalt"},"geometry":{"type":"LineString","coordinates":[[-122.267953,37.868483],[-122.267855,37.867589]]}},{"type":"Feature","properties":{"kind":"road","name":"University Avenue","surface":"paved"},"geometry":{"type":"LineString","coordinates":[[-122.28461,37.870132],[-122.286923,37.869833]]}},{"type":"Feature","properties":{"kind":"road","name":"University Avenue","surface":"asphalt"},"geometry":{"type":"LineString","coordinates":[[-122.27753,37.870927],[-122.275278,37.871213]]}},{"type":"Feature","properties":{"kind":"road","name":"Centennial Drive","surface":"asphalt"},"geometry":{"type":"LineString","coordinates":[[-122.247256,37.881038],[-122.247088,37.881159],[-122.246942,37.881198],[-122.245514,37.881196],[-122.245154,37.881287],[-122.244937,37.881423],[-122.244822,37.881594],[-122.244796,37.881746],[-122.244852,37.881995]]}},{"type":"Feature","properties":{"kind":"road","name":"Grizzly Peak Boulevard","surface":"asphalt"},"geometry":{"type":"LineString","coordinates":[[-122.252245,37.889959],[-122.252158,37.889713]]}},{"type":"Feature","properties":{"kind":"road","name":"Grizzly Peak Boulevard","surface":"asphalt"},"geometry":{"type":"LineString","coordinates":[[-122.248865,37.882984],[-122.248795,37.882704],[-122.248619,37.882513],[-122.248262,37.882304],[-122.247843,37.882236],[-122.24745,37.882331],[-122.247313,37.882441],[-122.247277,37.882612],[-122.247312,37.8829],[-122.247181,37.883128],[-122.246977,37.883224],[-122.246663,37.883206]]}},{"type":"Feature","properties":{"kind":"road","name":"Oxford Street","surface":"asphalt"},"geometry":{"type":"LineString","coordinates":[[-122.266046,37.871462],[-122.265989,37.870962]]}},{"type":"Feature","properties":{"kind":"road","name":"Kala Bagai Way","surface":"asphalt"},"geometry":{"type":"LineString","coordinates":[[-122.267713,37.871249],[-122.267726,37.87138]]}},{"type":"Feature","properties":{"kind":"road","name":"Arlington Avenue","surface":"asphalt"},"geometry":{"type":"LineString","coordinates":[[-122.274564,37.894039],[-122.274693,37.894119]]}},{"type":"Feature","properties":{"kind":"road","name":"Shattuck Avenue","surface":"asphalt"},"geometry":{"type":"LineString","coordinates":[[-122.268583,37.873283],[-122.268498,37.873028]]}},{"type":"Feature","properties":{"kind":"road","name":"The Alameda","surface":"asphalt"},"geometry":{"type":"LineString","coordinates":[[-122.276109,37.887054],[-122.275761,37.886374],[-122.275595,37.886131]]}},{"type":"Feature","properties":{"kind":"road","name":"Bancroft Way","surface":"asphalt"},"geometry":{"type":"LineString","coordinates":[[-122.265547,37.867892],[-122.265693,37.867872]]}},{"type":"Feature","properties":{"kind":"road","name":"Dana Street","surface":"asphalt"},"geometry":{"type":"LineString","coordinates":[[-122.261275,37.867521],[-122.261199,37.867157],[-122.261156,37.866933],[-122.260964,37.865993]]}},{"type":"Feature","properties":{"kind":"road","name":"Durant Avenue","surface":"asphalt"},"geometry":{"type":"LineString","coordinates":[[-122.261275,37.867521],[-122.260626,37.867604],[-122.260307,37.867645],[-122.259805,37.867709],[-122.259613,37.867734],[-122.259005,37.867814],[-122.257349,37.868025]]}},{"type":"Feature","properties":{"kind":"road","name":"Dwight Way","surface":"asphalt"},"geometry":{"type":"LineString","coordinates":[[-122.260723,37.864835],[-122.258984,37.865058]]}},{"type":"Feature","properties":{"kind":"road","name":"Dwight Way","surface":"asphalt"},"geometry":{"type":"LineString","coordinates":[[-122.25781,37.86521],[-122.256515,37.865375]]}},{"type":"Feature","properties":{"kind":"road","name":"Fulton Street","surface":"asphalt"},"geometry":{"type":"LineString","coordinates":[[-122.265993,37.868288],[-122.266086,37.868516]]}},{"type":"Feature","properties":{"kind":"road","name":"Oxford Street","surface":"asphalt"},"geometry":{"type":"LineString","coordinates":[[-122.265899,37.871334],[-122.265915,37.871475]]}},{"type":"Feature","properties":{"kind":"road","name":"Dana Street","surface":"asphalt"},"geometry":{"type":"LineString","coordinates":[[-122.260723,37.864835],[-122.2607,37.86468]]}},{"type":"Feature","properties":{"kind":"trail"},"geometry":{"type":"LineString","coordinates":[[-122.239414,37.875426],[-122.239659,37.875462],[-122.239734,37.875478],[-122.239799,37.87543]]}},{"type":"Feature","properties":{"kind":"trail"},"geometry":{"type":"LineString","coordinates":[[-122.239772,37.875049],[-122.239693,37.874893]]}},{"type":"Feature","properties":{"kind":"trail"},"geometry":{"type":"LineString","coordinates":[[-122.239628,37.874911],[-122.239507,37.875022],[-122.239625,37.875248],[-122.239587,37.875375],[-122.239659,37.875462]]}},{"type":"Feature","properties":{"kind":"trail"},"geometry":{"type":"LineString","coordinates":[[-122.239693,37.874893],[-122.239628,37.874911]]}},{"type":"Feature","properties":{"kind":"trail","name":"Jaque Ensign Way","surface":"unpaved"},"geometry":{"type":"LineString","coordinates":[[-122.274963,37.890684],[-122.274893,37.890591],[-122.274677,37.890528],[-122.273904,37.890547],[-122.273267,37.89047]]}},{"type":"Feature","properties":{"kind":"steps"},"geometry":{"type":"LineString","coordinates":[[-122.282645,37.89639],[-122.282539,37.89647]]}},{"type":"Feature","properties":{"kind":"road","name":"Shattuck Avenue","surface":"asphalt"},"geometry":{"type":"LineString","coordinates":[[-122.267621,37.8667],[-122.267694,37.867346]]}},{"type":"Feature","properties":{"kind":"road","name":"Ashby Avenue","surface":"asphalt"},"geometry":{"type":"LineString","coordinates":[[-122.253061,37.857043],[-122.252691,37.857084]]}},{"type":"Feature","properties":{"kind":"road","name":"Claremont Avenue","surface":"asphalt"},"geometry":{"type":"LineString","coordinates":[[-122.245052,37.858466],[-122.244902,37.858585],[-122.244587,37.859006]]}},{"type":"Feature","properties":{"kind":"road","name":"Claremont Avenue","surface":"asphalt"},"geometry":{"type":"LineString","coordinates":[[-122.244587,37.859006],[-122.244453,37.859387],[-122.244399,37.859712],[-122.24437,37.859919],[-122.244302,37.860384]]}},{"type":"Feature","properties":{"kind":"road","name":"Claremont Boulevard","surface":"asphalt"},"geometry":{"type":"LineString","coordinates":[[-122.245335,37.858973],[-122.245318,37.85888],[-122.245091,37.858534],[-122.245052,37.858466]]}},{"type":"Feature","properties":{"kind":"road","name":"College Avenue","surface":"asphalt"},"geometry":{"type":"LineString","coordinates":[[-122.253061,37.857043],[-122.252494,37.851264]]}},{"type":"Feature","properties":{"kind":"road","name":"Derby Street","surface":"asphalt"},"geometry":{"type":"LineString","coordinates":[[-122.247082,37.862501],[-122.246523,37.862534],[-122.246051,37.862523]]}},{"type":"Feature","properties":{"kind":"road","name":"Durant Avenue","surface":"asphalt"},"geometry":{"type":"LineString","coordinates":[[-122.252274,37.868679],[-122.252116,37.868699]]}},{"type":"Feature","properties":{"kind":"road","name":"Durant Avenue","surface":"asphalt"},"geometry":{"type":"LineString","coordinates":[[-122.265672,37.866956],[-122.264642,37.867087],[-122.261646,37.867473]]}},{"type":"Feature","properties":{"kind":"road","name":"Dwight Way","surface":"asphalt"},"geometry":{"type":"LineString","coordinates":[[-122.267148,37.864005],[-122.262996,37.86454]]}},{"type":"Feature","properties":{"kind":"road","name":"Haste Street","surface":"asphalt"},"geometry":{"type":"LineString","coordinates":[[-122.267698,37.864855],[-122.269951,37.864566]]}},{"type":"Feature","properties":{"kind":"road","name":"Martin Luther King Junior Way","surface":"asphalt"},"geometry":{"type":"LineString","coordinates":[[-122.271984,37.862243],[-122.271153,37.854695]]}},{"type":"Feature","properties":{"kind":"road","name":"Martin Luther King Junior Way","surface":"asphalt"},"geometry":{"type":"LineString","coordinates":[[-122.272209,37.864283],[-122.272144,37.863658]]}},{"type":"Feature","properties":{"kind":"road","name":"Piedmont Avenue","surface":"asphalt"},"geometry":{"type":"LineString","coordinates":[[-122.252274,37.868679],[-122.252082,37.868123],[-122.252053,37.867883]]}},{"type":"Feature","properties":{"kind":"road","name":"Piedmont Avenue","surface":"asphalt"},"geometry":{"type":"LineString","coordinates":[[-122.252188,37.869602],[-122.252297,37.870091],[-122.252627,37.870938],[-122.252662,37.871509],[-122.25286,37.871798]]}},{"type":"Feature","properties":{"kind":"road","name":"Shattuck Avenue","surface":"asphalt"},"geometry":{"type":"LineString","coordinates":[[-122.267518,37.865796],[-122.267589,37.866422]]}},{"type":"Feature","properties":{"kind":"road","name":"Shattuck Avenue","surface":"asphalt"},"geometry":{"type":"LineString","coordinates":[[-122.267118,37.861248],[-122.267099,37.861094]]}},{"type":"Feature","properties":{"kind":"road","name":"Warring Street","surface":"asphalt"},"geometry":{"type":"LineString","coordinates":[[-122.250146,37.862524],[-122.250125,37.862323]]}},{"type":"Feature","properties":{"kind":"road","name":"Oxford Street","surface":"asphalt"},"geometry":{"type":"LineString","coordinates":[[-122.266126,37.873374],[-122.266181,37.873759]]}},{"type":"Feature","properties":{"kind":"road","name":"Adeline Street","surface":"asphalt"},"geometry":{"type":"LineString","coordinates":[[-122.268773,37.8553],[-122.267579,37.85845]]}},{"type":"Feature","properties":{"kind":"road","name":"Ashby Avenue","surface":"asphalt"},"geometry":{"type":"LineString","coordinates":[[-122.266514,37.855296],[-122.265495,37.855427],[-122.264593,37.855546],[-122.263507,37.855685],[-122.262358,37.855836],[-122.261235,37.855987]]}},{"type":"Feature","properties":{"kind":"road","name":"Ashby Avenue","surface":"asphalt"},"geometry":{"type":"LineString","coordinates":[[-122.260242,37.856115],[-122.259698,37.856187]]}},{"type":"Feature","properties":{"kind":"road","name":"Ashby Avenue","surface":"asphalt"},"geometry":{"type":"LineString","coordinates":[[-122.259698,37.856187],[-122.25917,37.856253]]}},{"type":"Feature","properties":{"kind":"road","name":"Telegraph Avenue","surface":"asphalt"},"geometry":{"type":"LineString","coordinates":[[-122.259225,37.859536],[-122.259179,37.859908],[-122.259143,37.860162],[-122.258714,37.863263]]}},{"type":"Feature","properties":{"kind":"road","name":"Telegraph Avenue","surface":"asphalt"},"geometry":{"type":"LineString","coordinates":[[-122.259837,37.855192],[-122.259892,37.855115],[-122.260194,37.85296]]}},{"type":"Feature","properties":{"kind":"road","name":"Kala Bagai Way","surface":"asphalt"},"geometry":{"type":"LineString","coordinates":[[-122.267713,37.871051],[-122.267713,37.871249]]}},{"type":"Feature","properties":{"kind":"road","name":"Hearst Avenue","surface":"asphalt"},"geometry":{"type":"LineString","coordinates":[[-122.267872,37.873962],[-122.267506,37.874009]]}},{"type":"Feature","properties":{"kind":"road","name":"Shattuck Avenue","surface":"asphalt"},"geometry":{"type":"LineString","coordinates":[[-122.268848,37.876613],[-122.268998,37.87793]]}},{"type":"Feature","properties":{"kind":"road","name":"Shattuck Avenue","surface":"asphalt"},"geometry":{"type":"LineString","coordinates":[[-122.267855,37.867589],[-122.267801,37.867118]]}},{"type":"Feature","properties":{"kind":"road","name":"Solano Avenue","surface":"asphalt"},"geometry":{"type":"LineString","coordinates":[[-122.2775,37.891469],[-122.277097,37.891454]]}},{"type":"Feature","properties":{"kind":"road"},"geometry":{"type":"LineString","coordinates":[[-122.258928,37.869462],[-122.258991,37.869454],[-122.259013,37.869564],[-122.259035,37.869669],[-122.258974,37.869676],[-122.258958,37.869571],[-122.258928,37.869462]]}},{"type":"Feature","properties":{"kind":"road","surface":"paving_stones"},"geometry":{"type":"LineString","coordinates":[[-122.259148,37.869397],[-122.259164,37.869361],[-122.259201,37.869538],[-122.259238,37.869715],[-122.259207,37.869687],[-122.259177,37.869541],[-122.259148,37.869397]]}},{"type":"Feature","properties":{"kind":"road"},"geometry":{"type":"LineString","coordinates":[[-122.25907,37.869422],[-122.259097,37.869419],[-122.259122,37.869549],[-122.259148,37.869676],[-122.259121,37.869681],[-122.259095,37.869552],[-122.25907,37.869422]]}},{"type":"Feature","properties":{"kind":"trail"},"geometry":{"type":"LineString","coordinates":[[-122.278642,37.890951],[-122.278617,37.890817],[-122.278649,37.890773],[-122.278586,37.890735],[-122.278588,37.890676],[-122.278662,37.890556]]}},{"type":"Feature","properties":{"kind":"road","name":"Kala Bagai Way","surface":"asphalt"},"geometry":{"type":"LineString","coordinates":[[-122.267726,37.87138],[-122.267747,37.871574]]}},{"type":"Feature","properties":{"kind":"trail","surface":"asphalt"},"geometry":{"type":"LineString","coordinates":[[-122.281805,37.892091],[-122.281341,37.892213],[-122.281149,37.892147],[-122.280987,37.892162],[-122.280876,37.892358]]}},{"type":"Feature","properties":{"kind":"trail","surface":"concrete"},"geometry":{"type":"LineString","coordinates":[[-122.269024,37.884379],[-122.269007,37.884322]]}},{"type":"Feature","properties":{"kind":"trail","surface":"wood"},"geometry":{"type":"LineString","coordinates":[[-122.269469,37.884268],[-122.269448,37.884303]]}},{"type":"Feature","properties":{"kind":"trail","surface":"concrete"},"geometry":{"type":"LineString","coordinates":[[-122.269087,37.88443],[-122.269024,37.884379]]}},{"type":"Feature","properties":{"kind":"trail","surface":"asphalt"},"geometry":{"type":"LineString","coordinates":[[-122.269448,37.884303],[-122.26939,37.884421]]}},{"type":"Feature","properties":{"kind":"steps","name":"Hill Court Steps","surface":"concrete"},"geometry":{"type":"LineString","coordinates":[[-122.260268,37.880216],[-122.2603,37.880182],[-122.260256,37.879939]]}},{"type":"Feature","properties":{"kind":"trail","name":"Seppala Path","surface":"concrete"},"geometry":{"type":"LineString","coordinates":[[-122.259472,37.881082],[-122.25896,37.88056],[-122.25896,37.880498]]}},{"type":"Feature","properties":{"kind":"trail","surface":"concrete"},"geometry":{"type":"LineString","coordinates":[[-122.267863,37.880939],[-122.268113,37.880908]]}},{"type":"Feature","properties":{"kind":"steps","surface":"concrete"},"geometry":{"type":"LineString","coordinates":[[-122.268113,37.880908],[-122.268189,37.880899]]}},{"type":"Feature","properties":{"kind":"steps","surface":"paved"},"geometry":{"type":"LineString","coordinates":[[-122.251931,37.869534],[-122.25194,37.869533],[-122.25217,37.869509]]}},{"type":"Feature","properties":{"kind":"trail","surface":"asphalt"},"geometry":{"type":"LineString","coordinates":[[-122.258833,37.873427],[-122.258843,37.873538]]}},{"type":"Feature","properties":{"kind":"trail"},"geometry":{"type":"LineString","coordinates":[[-122.258126,37.873107],[-122.258165,37.872951]]}},{"type":"Feature","properties":{"kind":"trail","surface":"asphalt"},"geometry":{"type":"LineString","coordinates":[[-122.258606,37.872994],[-122.25872,37.873277],[-122.258833,37.873427],[-122.258977,37.873525]]}},{"type":"Feature","properties":{"kind":"trail","surface":"asphalt"},"geometry":{"type":"LineString","coordinates":[[-122.260119,37.872785],[-122.259855,37.872874],[-122.259615,37.872896],[-122.259409,37.872861],[-122.25925,37.872865],[-122.258798,37.872955],[-122.258766,37.872962]]}},{"type":"Feature","properties":{"kind":"trail"},"geometry":{"type":"LineString","coordinates":[[-122.258082,37.871969],[-122.258285,37.871929],[-122.258335,37.871934]]}},{"type":"Feature","properties":{"kind":"trail","surface":"paving_stones"},"geometry":{"type":"LineString","coordinates":[[-122.257963,37.872459],[-122.257847,37.872486],[-122.25783,37.87249]]}},{"type":"Feature","properties":{"kind":"trail"},"geometry":{"type":"LineString","coordinates":[[-122.258366,37.872147],[-122.258225,37.872367]]}},{"type":"Feature","properties":{"kind":"steps","surface":"brick"},"geometry":{"type":"LineString","coordinates":[[-122.258086,37.872003],[-122.257962,37.872034]]}},{"type":"Feature","properties":{"kind":"steps","surface":"brick"},"geometry":{"type":"LineString","coordinates":[[-122.261381,37.873663],[-122.261228,37.873697]]}},{"type":"Feature","properties":{"kind":"track","name":"Golf Course Trail"},"geometry":{"type":"LineString","coordinates":[[-122.236775,37.886279],[-122.236139,37.886016],[-122.23575,37.886161],[-122.235295,37.886055],[-122.235109,37.886145],[-122.234851,37.88643],[-122.234438,37.886684],[-122.234152,37.886586],[-122.233519,37.886215],[-122.232836,37.886217]]}},{"type":"Feature","properties":{"kind":"track","name":"Seaview Trail","surface":"unpaved"},"geometry":{"type":"LineString","coordinates":[[-122.247722,37.902464],[-122.247524,37.902485],[-122.247139,37.902755],[-122.246907,37.902853],[-122.24667,37.902847],[-122.246566,37.902779],[-122.246537,37.90268],[-122.246607,37.902513],[-122.247728,37.901576],[-122.247763,37.901395],[-122.247614,37.901364],[-122.247415,37.901399],[-122.246801,37.901648],[-122.244925,37.90218],[-122.244838,37.902214],[-122.244601,37.902306],[-122.244299,37.902298],[-122.243737,37.902069],[-122.242482,37.901128],[-122.242153,37.900802],[-122.241853,37.899911],[-122.24176,37.899759],[-122.23992,37.898139],[-122.238819,37.897817],[-122.238605,37.897689],[-122.238265,37.897386],[-122.23764,37.896824],[-122.23691,37.895667],[-122.236717,37.89545],[-122.236495,37.895377],[-122.236182,37.895479],[-122.236055,37.89543],[-122.236076,37.895206],[-122.235893,37.894966],[-122.235605,37.894849],[-122.234974,37.894728],[-122.234721,37.894615],[-122.23412,37.894039],[-122.233676,37.893815],[-122.233302,37.893695],[-122.233183,37.893549],[-122.233207,37.893115],[-122.233152,37.893022],[-122.232854,37.892906],[-122.232322,37.892894],[-122.231363,37.892553],[-122.230535,37.892549],[-122.230037,37.892298],[-122.229468,37.892153],[-122.229223,37.891973],[-122.229057,37.891963],[-122.228768,37.89207],[-122.228589,37.892079],[-122.228136,37.891891],[-122.227654,37.891809],[-122.227384,37.891631],[-122.227326,37.89154]]}},{"type":"Feature","properties":{"kind":"road","name":"South Park Drive","surface":"paved"},"geometry":{"type":"LineString","coordinates":[[-122.236512,37.890343],[-122.235132,37.889659],[-122.234903,37.889519],[-122.233096,37.887761]]}},{"type":"Feature","properties":{"kind":"trail","name":"Vollmer Peak Trail"},"geometry":{"type":"LineString","coordinates":[[-122.223467,37.882413],[-122.223241,37.8823],[-122.22298,37.88205]]}},{"type":"Feature","properties":{"kind":"trail"},"geometry":{"type":"LineString","coordinates":[[-122.268835,37.873292],[-122.268589,37.873324]]}},{"type":"Feature","properties":{"kind":"steps"},"geometry":{"type":"LineString","coordinates":[[-122.256303,37.901053],[-122.255817,37.900829]]}},{"type":"Feature","properties":{"kind":"trail","surface":"paved"},"geometry":{"type":"LineString","coordinates":[[-122.25524,37.900628],[-122.255773,37.90064],[-122.255895,37.900498],[-122.25606,37.900449],[-122.256203,37.900541],[-122.256197,37.900635]]}},{"type":"Feature","properties":{"kind":"steps","surface":"concrete"},"geometry":{"type":"LineString","coordinates":[[-122.265434,37.871707],[-122.265344,37.871724]]}},{"type":"Feature","properties":{"kind":"trail","surface":"asphalt"},"geometry":{"type":"LineString","coordinates":[[-122.265434,37.871707],[-122.265587,37.87155],[-122.265835,37.871484]]}},{"type":"Feature","properties":{"kind":"trail","surface":"paved"},"geometry":{"type":"LineString","coordinates":[[-122.277706,37.882829],[-122.277783,37.882776],[-122.278033,37.882857],[-122.278207,37.88294],[-122.278286,37.883099],[-122.278297,37.883303],[-122.27839,37.883448]]}},{"type":"Feature","properties":{"kind":"steps","surface":"paved"},"geometry":{"type":"LineString","coordinates":[[-122.278221,37.882498],[-122.278358,37.882564]]}},{"type":"Feature","properties":{"kind":"trail","surface":"asphalt"},"geometry":{"type":"LineString","coordinates":[[-122.278435,37.882607],[-122.278506,37.882656],[-122.278554,37.882689],[-122.278589,37.882709],[-122.278688,37.882763],[-122.278999,37.883145]]}},{"type":"Feature","properties":{"kind":"trail","surface":"paved"},"geometry":{"type":"LineString","coordinates":[[-122.27818,37.882956],[-122.278207,37.88294],[-122.27843,37.882819],[-122.278554,37.882689]]}},{"type":"Feature","properties":{"kind":"trail","surface":"paved"},"geometry":{"type":"LineString","coordinates":[[-122.278127,37.882411],[-122.278186,37.882473],[-122.278221,37.882498]]}},{"type":"Feature","properties":{"kind":"steps","surface":"paved"},"geometry":{"type":"LineString","coordinates":[[-122.278069,37.883004],[-122.27818,37.882956]]}},{"type":"Feature","properties":{"kind":"trail","surface":"paved"},"geometry":{"type":"LineString","coordinates":[[-122.278186,37.882473],[-122.278007,37.882566],[-122.277585,37.882755],[-122.277538,37.882847]]}},{"type":"Feature","properties":{"kind":"trail","surface":"concrete"},"geometry":{"type":"LineString","coordinates":[[-122.277405,37.883938],[-122.277291,37.883795]]}},{"type":"Feature","properties":{"kind":"trail","surface":"asphalt"},"geometry":{"type":"LineString","coordinates":[[-122.282651,37.87384],[-122.282725,37.873766]]}},{"type":"Feature","properties":{"kind":"trail","surface":"concrete"},"geometry":{"type":"LineString","coordinates":[[-122.282632,37.874735],[-122.282814,37.874605]]}},{"type":"Feature","properties":{"kind":"trail","surface":"concrete"},"geometry":{"type":"LineString","coordinates":[[-122.284471,37.872871],[-122.284389,37.873007]]}},{"type":"Feature","properties":{"kind":"trail","surface":"asphalt"},"geometry":{"type":"LineString","coordinates":[[-122.284221,37.874635],[-122.284201,37.874502],[-122.284161,37.874487]]}},{"type":"Feature","properties":{"kind":"trail","surface":"concrete"},"geometry":{"type":"LineString","coordinates":[[-122.28337,37.87435],[-122.283283,37.87433],[-122.283268,37.874232]]}},{"type":"Feature","properties":{"kind":"trail"},"geometry":{"type":"LineString","coordinates":[[-122.284558,37.872936],[-122.284396,37.873057]]}},{"type":"Feature","properties":{"kind":"trail","surface":"asphalt"},"geometry":{"type":"LineString","coordinates":[[-122.283929,37.874582],[-122.283764,37.874473]]}},{"type":"Feature","properties":{"kind":"trail"},"geometry":{"type":"LineString","coordinates":[[-122.251702,37.895893],[-122.251518,37.895753],[-122.251346,37.895632]]}},{"type":"Feature","properties":{"kind":"trail"},"geometry":{"type":"LineString","coordinates":[[-122.251518,37.895753],[-122.251538,37.895581],[-122.251491,37.89539],[-122.25128,37.895211],[-122.251096,37.895146]]}},{"type":"Feature","properties":{"kind":"trail","name":"Regent Street","surface":"asphalt"},"geometry":{"type":"LineString","coordinates":[[-122.257292,37.861574],[-122.257279,37.861443],[-122.25718,37.860518],[-122.257106,37.860437]]}},{"type":"Feature","properties":{"kind":"trail"},"geometry":{"type":"LineString","coordinates":[[-122.256937,37.860628],[-122.257024,37.861459],[-122.257037,37.861588]]}},{"type":"Feature","properties":{"kind":"trail","name":"Convict Trail","surface":"dirt"},"geometry":{"type":"LineString","coordinates":[[-122.232962,37.87989],[-122.232193,37.880796],[-122.232135,37.880854],[-122.232032,37.880853],[-122.231178,37.880509],[-122.231085,37.880294],[-122.230945,37.880177],[-122.230145,37.879748],[-122.229693,37.879234],[-122.229374,37.879035],[-122.229328,37.879068],[-122.229229,37.879792],[-122.228762,37.879999],[-122.228688,37.880154]]}},{"type":"Feature","properties":{"kind":"trail","surface":"concrete"},"geometry":{"type":"LineString","coordinates":[[-122.277229,37.87293],[-122.277325,37.873016],[-122.277462,37.873019]]}},{"type":"Feature","properties":{"kind":"trail","surface":"asphalt"},"geometry":{"type":"LineString","coordinates":[[-122.279114,37.872619],[-122.279101,37.87255]]}},{"type":"Feature","properties":{"kind":"road","name":"Hopkins Street","surface":"asphalt"},"geometry":{"type":"LineString","coordinates":[[-122.275237,37.885199],[-122.275146,37.885267],[-122.274935,37.885425]]}},{"type":"Feature","properties":{"kind":"road","name":"Hopkins Street","surface":"asphalt"},"geometry":{"type":"LineString","coordinates":[[-122.273533,37.886997],[-122.273115,37.887696]]}},{"type":"Feature","properties":{"kind":"road","name":"Hopkins Street","surface":"asphalt"},"geometry":{"type":"LineString","coordinates":[[-122.27273,37.888349],[-122.272654,37.888433],[-122.272384,37.888488]]}},{"type":"Feature","properties":{"kind":"road","name":"Hopkins Street","surface":"asphalt"},"geometry":{"type":"LineString","coordinates":[[-122.273115,37.887696],[-122.27273,37.888349]]}},{"type":"Feature","properties":{"kind":"road","name":"The Alameda","surface":"asphalt"},"geometry":{"type":"LineString","coordinates":[[-122.276617,37.889243],[-122.276539,37.88888]]}},{"type":"Feature","properties":{"kind":"road","name":"Solano Avenue","surface":"asphalt"},"geometry":{"type":"LineString","coordinates":[[-122.276712,37.891347],[-122.275539,37.890884]]}},{"type":"Feature","properties":{"kind":"trail","surface":"asphalt"},"geometry":{"type":"LineString","coordinates":[[-122.260612,37.871389],[-122.26044,37.871286],[-122.260414,37.8712],[-122.260393,37.871126],[-122.260316,37.871086],[-122.260211,37.871032],[-122.260193,37.871037],[-122.260069,37.871073],[-122.259935,37.870862]]}},{"type":"Feature","properties":{"kind":"trail"},"geometry":{"type":"LineString","coordinates":[[-122.265219,37.873597],[-122.265287,37.873592]]}},{"type":"Feature","properties":{"kind":"steps","surface":"paving_stones"},"geometry":{"type":"LineString","coordinates":[[-122.25787,37.871268],[-122.257917,37.8713]]}},{"type":"Feature","properties":{"kind":"road","name":"Spieker Plaza","surface":"paving_stones"},"geometry":{"type":"LineString","coordinates":[[-122.261771,37.869977],[-122.261671,37.869461],[-122.261648,37.869341],[-122.2616,37.869087],[-122.261576,37.868966],[-122.261511,37.868649],[-122.261508,37.868631],[-122.261479,37.86849]]}},{"type":"Feature","properties":{"kind":"trail","surface":"asphalt"},"geometry":{"type":"LineString","coordinates":[[-122.257355,37.870532],[-122.257012,37.870555]]}},{"type":"Feature","properties":{"kind":"road","name":"The Class of 1925 Courtyard"},"geometry":{"type":"LineString","coordinates":[[-122.257927,37.871203],[-122.257903,37.871208],[-122.257817,37.871287],[-122.25776,37.871318],[-122.257656,37.871045],[-122.257756,37.871022],[-122.257856,37.871],[-122.257914,37.871158],[-122.257927,37.871203]]}},{"type":"Feature","properties":{"kind":"trail","name":"Grinnell Pathway","surface":"asphalt"},"geometry":{"type":"LineString","coordinates":[[-122.26481,37.870719],[-122.264697,37.870742],[-122.263893,37.870865],[-122.263659,37.870872],[-122.263636,37.870873],[-122.263241,37.870815],[-122.263163,37.870742]]}},{"type":"Feature","properties":{"kind":"trail","surface":"paved"},"geometry":{"type":"LineString","coordinates":[[-122.256105,37.871094],[-122.256701,37.871078],[-122.256834,37.871125],[-122.256955,37.871301],[-122.256966,37.871325]]}},{"type":"Feature","properties":{"kind":"trail"},"geometry":{"type":"LineString","coordinates":[[-122.265304,37.873591],[-122.26567,37.873565]]}},{"type":"Feature","properties":{"kind":"trail","surface":"asphalt"},"geometry":{"type":"LineString","coordinates":[[-122.261566,37.872718],[-122.261424,37.873171],[-122.26141,37.873222]]}},{"type":"Feature","properties":{"kind":"trail"},"geometry":{"type":"LineString","coordinates":[[-122.257713,37.871614],[-122.257914,37.871715],[-122.258006,37.871767],[-122.258132,37.871836],[-122.258285,37.871929]]}},{"type":"Feature","properties":{"kind":"trail","surface":"asphalt"},"geometry":{"type":"LineString","coordinates":[[-122.260871,37.874026],[-122.26085,37.874223],[-122.260813,37.874285],[-122.260704,37.874397],[-122.260398,37.874803]]}},{"type":"Feature","properties":{"kind":"trail"},"geometry":{"type":"LineString","coordinates":[[-122.265012,37.87361],[-122.264973,37.873613],[-122.264964,37.873614],[-122.264957,37.873615]]}},{"type":"Feature","properties":{"kind":"trail"},"geometry":{"type":"LineString","coordinates":[[-122.258813,37.87436],[-122.258825,37.874389],[-122.258866,37.874494],[-122.258937,37.874682],[-122.259073,37.874672],[-122.259144,37.874667]]}},{"type":"Feature","properties":{"kind":"trail","surface":"paved"},"geometry":{"type":"LineString","coordinates":[[-122.256587,37.871725],[-122.256359,37.871659]]}},{"type":"Feature","properties":{"kind":"trail","surface":"asphalt"},"geometry":{"type":"LineString","coordinates":[[-122.26113,37.873274],[-122.260986,37.873143]]}},{"type":"Feature","properties":{"kind":"trail","name":"Grinnell Pathway","surface":"wood"},"geometry":{"type":"LineString","coordinates":[[-122.264967,37.870695],[-122.26481,37.870719]]}},{"type":"Feature","properties":{"kind":"steps"},"geometry":{"type":"LineString","coordinates":[[-122.256689,37.871969],[-122.25683,37.87206]]}},{"type":"Feature","properties":{"kind":"trail","name":"Class of 1910 Bridge"},"geometry":{"type":"LineString","coordinates":[[-122.256552,37.871882],[-122.256689,37.871969]]}},{"type":"Feature","properties":{"kind":"trail","surface":"asphalt"},"geometry":{"type":"LineString","coordinates":[[-122.260615,37.873881],[-122.260424,37.874043]]}},{"type":"Feature","properties":{"kind":"trail","surface":"asphalt"},"geometry":{"type":"LineString","coordinates":[[-122.2613,37.873496],[-122.261381,37.873663],[-122.26139,37.873723],[-122.261425,37.874107],[-122.261091,37.874239]]}},{"type":"Feature","properties":{"kind":"trail"},"geometry":{"type":"LineString","coordinates":[[-122.260718,37.873782],[-122.26058,37.873685],[-122.25999,37.873774]]}},{"type":"Feature","properties":{"kind":"road","name":"Sather Road","surface":"asphalt"},"geometry":{"type":"LineString","coordinates":[[-122.260172,37.872377],[-122.26017,37.872177],[-122.260214,37.872062],[-122.260108,37.871798],[-122.259972,37.871739],[-122.259908,37.871558],[-122.259772,37.87118],[-122.259658,37.870859],[-122.259655,37.870847],[-122.259619,37.870731],[-122.259585,37.870596],[-122.259574,37.870535],[-122.259563,37.87049]]}},{"type":"Feature","properties":{"kind":"trail","surface":"asphalt"},"geometry":{"type":"LineString","coordinates":[[-122.261736,37.872432],[-122.261852,37.872422]]}},{"type":"Feature","properties":{"kind":"trail","surface":"asphalt"},"geometry":{"type":"LineString","coordinates":[[-122.261866,37.872199],[-122.261852,37.872422],[-122.261898,37.872484],[-122.261937,37.872491]]}},{"type":"Feature","properties":{"kind":"trail","surface":"asphalt"},"geometry":{"type":"LineString","coordinates":[[-122.261898,37.872484],[-122.261852,37.872529],[-122.261733,37.872521]]}},{"type":"Feature","properties":{"kind":"trail"},"geometry":{"type":"LineString","coordinates":[[-122.261771,37.870343],[-122.261799,37.870404]]}},{"type":"Feature","properties":{"kind":"trail","surface":"paving_stones"},"geometry":{"type":"LineString","coordinates":[[-122.257904,37.872264],[-122.258038,37.872235],[-122.258105,37.872425],[-122.258173,37.872609]]}},{"type":"Feature","properties":{"kind":"trail","surface":"paving_stones"},"geometry":{"type":"LineString","coordinates":[[-122.258173,37.872609],[-122.258045,37.872638],[-122.257914,37.872669],[-122.257847,37.872486],[-122.25783,37.872448],[-122.257775,37.872293]]}},{"type":"Feature","properties":{"kind":"road","name":"Marin Avenue","surface":"paved"},"geometry":{"type":"LineString","coordinates":[[-122.280932,37.889802],[-122.280311,37.88982],[-122.279517,37.889745],[-122.278895,37.889556],[-122.278203,37.889178],[-122.277785,37.889022],[-122.27742,37.888927],[-122.276934,37.888881]]}},{"type":"Feature","properties":{"kind":"trail","name":"Octagon Bridge"},"geometry":{"type":"LineString","coordinates":[[-122.261771,37.870343],[-122.261768,37.870263]]}},{"type":"Feature","properties":{"kind":"trail"},"geometry":{"type":"LineString","coordinates":[[-122.261768,37.870263],[-122.261754,37.870193],[-122.261855,37.870093]]}},{"type":"Feature","properties":{"kind":"trail","surface":"dirt"},"geometry":{"type":"LineString","coordinates":[[-122.243606,37.866272],[-122.243684,37.866253],[-122.244155,37.866209]]}},{"type":"Feature","properties":{"kind":"trail","surface":"dirt"},"geometry":{"type":"LineString","coordinates":[[-122.253049,37.896287],[-122.252924,37.896332],[-122.252799,37.896456]]}},{"type":"Feature","properties":{"kind":"trail"},"geometry":{"type":"LineString","coordinates":[[-122.254951,37.897293],[-122.255112,37.897112],[-122.255179,37.8968],[-122.255179,37.896449]]}},{"type":"Feature","properties":{"kind":"trail","name":"Wildcat Gorge Trail","surface":"dirt"},"geometry":{"type":"LineString","coordinates":[[-122.250337,37.897504],[-122.250498,37.897582],[-122.250654,37.897618],[-122.251305,37.897291],[-122.25125,37.897747],[-122.251268,37.898013],[-122.251429,37.898165],[-122.251559,37.898476],[-122.251643,37.89855],[-122.252089,37.898589],[-122.252468,37.898682],[-122.252607,37.898779],[-122.252653,37.898967]]}},{"type":"Feature","properties":{"kind":"trail","surface":"dirt"},"geometry":{"type":"LineString","coordinates":[[-122.250654,37.897618],[-122.250709,37.897662],[-122.25125,37.897747]]}},{"type":"Feature","properties":{"kind":"trail","surface":"dirt"},"geometry":{"type":"LineString","coordinates":[[-122.247871,37.895343],[-122.247873,37.895445]]}},{"type":"Feature","properties":{"kind":"trail","surface":"dirt"},"geometry":{"type":"LineString","coordinates":[[-122.246179,37.895204],[-122.246275,37.895308],[-122.24646,37.895369]]}},{"type":"Feature","properties":{"kind":"trail","surface":"dirt"},"geometry":{"type":"LineString","coordinates":[[-122.247158,37.895212],[-122.247314,37.895334]]}},{"type":"Feature","properties":{"kind":"trail","surface":"dirt"},"geometry":{"type":"LineString","coordinates":[[-122.248309,37.895912],[-122.248973,37.895788]]}},{"type":"Feature","properties":{"kind":"trail"},"geometry":{"type":"LineString","coordinates":[[-122.245947,37.865944],[-122.246149,37.865776],[-122.246607,37.865615],[-122.246696,37.865631]]}},{"type":"Feature","properties":{"kind":"trail"},"geometry":{"type":"LineString","coordinates":[[-122.247496,37.865636],[-122.247201,37.865685]]}},{"type":"Feature","properties":{"kind":"trail"},"geometry":{"type":"LineString","coordinates":[[-122.246607,37.865615],[-122.24666,37.865585]]}},{"type":"Feature","properties":{"kind":"trail"},"geometry":{"type":"LineString","coordinates":[[-122.247,37.865742],[-122.246893,37.865647],[-122.246669,37.865448]]}},{"type":"Feature","properties":{"kind":"steps"},"geometry":{"type":"LineString","coordinates":[[-122.247201,37.865685],[-122.247244,37.865815],[-122.247101,37.86584],[-122.247,37.865742]]}},{"type":"Feature","properties":{"kind":"trail","surface":"dirt"},"geometry":{"type":"LineString","coordinates":[[-122.243253,37.883629],[-122.243044,37.883737],[-122.242968,37.884066],[-122.242641,37.884276],[-122.242573,37.884437]]}},{"type":"Feature","properties":{"kind":"track","name":"Inspiration Trail"},"geometry":{"type":"LineString","coordinates":[[-122.244953,37.904879],[-122.244885,37.904968],[-122.244951,37.905195],[-122.245047,37.905474],[-122.245567,37.906328],[-122.246294,37.906944],[-122.24691,37.907683],[-122.246935,37.907896],[-122.246787,37.908429],[-122.247117,37.909251],[-122.247054,37.90935],[-122.246908,37.909413],[-122.246321,37.909481],[-122.246088,37.909603],[-122.245997,37.909682],[-122.245957,37.909891],[-122.246053,37.90999],[-122.246412,37.910189],[-122.246533,37.910365],[-122.246635,37.91041],[-122.247463,37.910409],[-122.247837,37.910478]]}},{"type":"Feature","properties":{"kind":"trail","name":"Old San Pablo Trail","surface":"ground"},"geometry":{"type":"LineString","coordinates":[[-122.230562,37.909402],[-122.23034,37.909275],[-122.23009,37.909228],[-122.229595,37.909291],[-122.229281,37.909273],[-122.229028,37.90912],[-122.228665,37.909032],[-122.228323,37.908874],[-122.22825,37.908633],[-122.228299,37.908181],[-122.227831,37.907522],[-122.227605,37.907326],[-122.226473,37.907194],[-122.226029,37.907201],[-122.225848,37.907105],[-122.225478,37.906785],[-122.225208,37.906715],[-122.224956,37.906746],[-122.224553,37.906949],[-122.223916,37.906947],[-122.223689,37.906852],[-122.223252,37.906781],[-122.22289,37.906517],[-122.222699,37.90644],[-122.222156,37.906402],[-122.221759,37.90646],[-122.221497,37.90634],[-122.221082,37.906274],[-122.220676,37.906107],[-122.219459,37.905986],[-122.218702,37.905688],[-122.218071,37.905224],[-122.21731,37.904827],[-122.216712,37.904734]]}},{"type":"Feature","properties":{"kind":"trail","name":"Orinda Connector Trail","surface":"ground"},"geometry":{"type":"LineString","coordinates":[[-122.216712,37.904734],[-122.216405,37.904761],[-122.215812,37.90434],[-122.215592,37.903984],[-122.215605,37.903657],[-122.215568,37.903564],[-122.214512,37.902516],[-122.213971,37.902098],[-122.212959,37.901606],[-122.212748,37.901585],[-122.212701,37.901544],[-122.212688,37.901377]]}},{"type":"Feature","properties":{"kind":"trail","surface":"dirt"},"geometry":{"type":"LineString","coordinates":[[-122.276005,37.883025],[-122.275963,37.883041]]}},{"type":"Feature","properties":{"kind":"trail","surface":"asphalt"},"geometry":{"type":"LineString","coordinates":[[-122.276734,37.882996],[-122.276652,37.883187],[-122.276683,37.883259]]}},{"type":"Feature","properties":{"kind":"steps","name":"Betty Olds Path","surface":"railway_sleepers"},"geometry":{"type":"LineString","coordinates":[[-122.256763,37.89064],[-122.256519,37.890801],[-122.256049,37.890804]]}},{"type":"Feature","properties":{"kind":"trail","name":"Telegraph Channing Shops","surface":"paved"},"geometry":{"type":"LineString","coordinates":[[-122.259613,37.867734],[-122.259585,37.86761]]}},{"type":"Feature","properties":{"kind":"trail","name":"Telegraph Channing Shops","surface":"paved"},"geometry":{"type":"LineString","coordinates":[[-122.259585,37.86761],[-122.259515,37.867277]]}},{"type":"Feature","properties":{"kind":"trail","name":"Telegraph Channing Shops","surface":"paved"},"geometry":{"type":"LineString","coordinates":[[-122.25937,37.866923],[-122.259354,37.866856]]}},{"type":"Feature","properties":{"kind":"trail","surface":"asphalt"},"geometry":{"type":"LineString","coordinates":[[-122.26064,37.873856],[-122.260718,37.873782]]}},{"type":"Feature","properties":{"kind":"steps","surface":"asphalt"},"geometry":{"type":"LineString","coordinates":[[-122.260615,37.873881],[-122.26064,37.873856]]}},{"type":"Feature","properties":{"kind":"steps","surface":"paving_stones"},"geometry":{"type":"LineString","coordinates":[[-122.257914,37.871158],[-122.257969,37.871147]]}},{"type":"Feature","properties":{"kind":"trail"},"geometry":{"type":"LineString","coordinates":[[-122.258062,37.871198],[-122.258034,37.871132],[-122.257969,37.871147]]}},{"type":"Feature","properties":{"kind":"trail","surface":"asphalt"},"geometry":{"type":"LineString","coordinates":[[-122.26083,37.873482],[-122.261127,37.873414],[-122.261228,37.873697],[-122.261331,37.873958],[-122.261242,37.873976],[-122.261057,37.874016],[-122.261007,37.874026]]}},{"type":"Feature","properties":{"kind":"trail"},"geometry":{"type":"LineString","coordinates":[[-122.26003,37.873811],[-122.260615,37.873881]]}},{"type":"Feature","properties":{"kind":"trail"},"geometry":{"type":"LineString","coordinates":[[-122.260718,37.873782],[-122.260731,37.873795],[-122.260871,37.874026]]}},{"type":"Feature","properties":{"kind":"trail","surface":"asphalt"},"geometry":{"type":"LineString","coordinates":[[-122.26083,37.873482],[-122.260698,37.873331],[-122.259934,37.873402],[-122.259907,37.873416],[-122.259825,37.873459]]}},{"type":"Feature","properties":{"kind":"road","name":"San Pablo Dam Road"},"geometry":{"type":"LineString","coordinates":[[-122.215633,37.90282],[-122.215476,37.902711],[-122.213578,37.900824],[-122.213099,37.900476],[-122.212678,37.900286],[-122.210495,37.899518]]}},{"type":"Feature","properties":{"kind":"trail","surface":"paved"},"geometry":{"type":"LineString","coordinates":[[-122.269719,37.881755],[-122.269642,37.88176]]}},{"type":"Feature","properties":{"kind":"trail","surface":"paved"},"geometry":{"type":"LineString","coordinates":[[-122.269821,37.881728],[-122.269719,37.881755]]}},{"type":"Feature","properties":{"kind":"trail","surface":"paved"},"geometry":{"type":"LineString","coordinates":[[-122.269839,37.881685],[-122.269821,37.881728]]}},{"type":"Feature","properties":{"kind":"steps","surface":"concrete"},"geometry":{"type":"LineString","coordinates":[[-122.258264,37.874034],[-122.258211,37.873892]]}},{"type":"Feature","properties":{"kind":"steps"},"geometry":{"type":"LineString","coordinates":[[-122.258764,37.87431],[-122.258636,37.874339],[-122.258606,37.874255]]}},{"type":"Feature","properties":{"kind":"trail","surface":"concrete"},"geometry":{"type":"LineString","coordinates":[[-122.258089,37.87388],[-122.258211,37.873892],[-122.258444,37.873841],[-122.258472,37.873909],[-122.258533,37.873916],[-122.258662,37.874009]]}},{"type":"Feature","properties":{"kind":"trail"},"geometry":{"type":"LineString","coordinates":[[-122.258606,37.874255],[-122.258574,37.874261],[-122.258555,37.874265],[-122.258493,37.874076]]}},{"type":"Feature","properties":{"kind":"trail"},"geometry":{"type":"LineString","coordinates":[[-122.258866,37.874911],[-122.258818,37.874779]]}},{"type":"Feature","properties":{"kind":"steps"},"geometry":{"type":"LineString","coordinates":[[-122.258516,37.875007],[-122.258538,37.87508]]}},{"type":"Feature","properties":{"kind":"trail","surface":"brick"},"geometry":{"type":"LineString","coordinates":[[-122.258692,37.873881],[-122.258653,37.873889]]}},{"type":"Feature","properties":{"kind":"steps","surface":"sett"},"geometry":{"type":"LineString","coordinates":[[-122.258609,37.873641],[-122.258674,37.873829]]}},{"type":"Feature","properties":{"kind":"steps","surface":"concrete"},"geometry":{"type":"LineString","coordinates":[[-122.258621,37.873896],[-122.258533,37.873916]]}},{"type":"Feature","properties":{"kind":"trail","surface":"concrete"},"geometry":{"type":"LineString","coordinates":[[-122.257878,37.874336],[-122.257867,37.874303],[-122.257818,37.874169]]}},{"type":"Feature","properties":{"kind":"trail"},"geometry":{"type":"LineString","coordinates":[[-122.259067,37.874971],[-122.259038,37.874891],[-122.258866,37.874911],[-122.2585,37.874955],[-122.258516,37.875007]]}},{"type":"Feature","properties":{"kind":"trail"},"geometry":{"type":"LineString","coordinates":[[-122.258818,37.874779],[-122.258742,37.874572],[-122.258692,37.874583],[-122.258649,37.874466],[-122.258626,37.874403],[-122.258574,37.874261]]}},{"type":"Feature","properties":{"kind":"steps","name":"Walnut Square"},"geometry":{"type":"LineString","coordinates":[[-122.268755,37.880213],[-122.268748,37.880169]]}},{"type":"Feature","properties":{"kind":"trail","name":"Walnut Square"},"geometry":{"type":"LineString","coordinates":[[-122.268748,37.880169],[-122.268719,37.879981],[-122.268248,37.879965]]}},{"type":"Feature","properties":{"kind":"trail"},"geometry":{"type":"LineString","coordinates":[[-122.259098,37.872723],[-122.259036,37.872736],[-122.258965,37.872752],[-122.259001,37.872841]]}},{"type":"Feature","properties":{"kind":"trail"},"geometry":{"type":"LineString","coordinates":[[-122.259818,37.872692],[-122.259923,37.872693],[-122.260119,37.872785]]}},{"type":"Feature","properties":{"kind":"trail","surface":"asphalt"},"geometry":{"type":"LineString","coordinates":[[-122.259187,37.872673],[-122.25925,37.872865]]}},{"type":"Feature","properties":{"kind":"steps","surface":"paved"},"geometry":{"type":"LineString","coordinates":[[-122.255356,37.867953],[-122.255349,37.867921]]}},{"type":"Feature","properties":{"kind":"steps"},"geometry":{"type":"LineString","coordinates":[[-122.258937,37.874682],[-122.258966,37.874756]]}},{"type":"Feature","properties":{"kind":"trail"},"geometry":{"type":"LineString","coordinates":[[-122.258966,37.874756],[-122.258974,37.874776]]}},{"type":"Feature","properties":{"kind":"trail"},"geometry":{"type":"LineString","coordinates":[[-122.258761,37.874519],[-122.258769,37.874541],[-122.25886,37.874778]]}},{"type":"Feature","properties":{"kind":"steps"},"geometry":{"type":"LineString","coordinates":[[-122.258866,37.874494],[-122.258761,37.874519]]}},{"type":"Feature","properties":{"kind":"steps"},"geometry":{"type":"LineString","coordinates":[[-122.259067,37.874971],[-122.259042,37.874854],[-122.259002,37.874859]]}},{"type":"Feature","properties":{"kind":"steps"},"geometry":{"type":"LineString","coordinates":[[-122.258696,37.874865],[-122.258495,37.874913]]}},{"type":"Feature","properties":{"kind":"trail"},"geometry":{"type":"LineString","coordinates":[[-122.258966,37.874756],[-122.258929,37.874764]]}},{"type":"Feature","properties":{"kind":"track","name":"Stonewall-Panoramic Trail","surface":"ground"},"geometry":{"type":"LineString","coordinates":[[-122.243371,37.864295],[-122.243251,37.86433],[-122.24288,37.864141],[-122.242743,37.864152],[-122.242408,37.864296],[-122.24222,37.864309],[-122.241217,37.863962],[-122.241034,37.863954],[-122.240825,37.864025],[-122.240691,37.864205],[-122.240673,37.864688],[-122.240508,37.865018],[-122.240529,37.865435],[-122.240318,37.865788],[-122.239693,37.866167],[-122.239104,37.86665],[-122.238977,37.867004],[-122.238966,37.867189]]}},{"type":"Feature","properties":{"kind":"steps","name":"Tanglewood Path","surface":"concrete"},"geometry":{"type":"LineString","coordinates":[[-122.245392,37.862586],[-122.245381,37.862599]]}},{"type":"Feature","properties":{"kind":"trail","name":"Tanglewood Path","surface":"concrete"},"geometry":{"type":"LineString","coordinates":[[-122.245381,37.862599],[-122.244478,37.862648]]}},{"type":"Feature","properties":{"kind":"steps","name":"Tanglewood Path","surface":"concrete"},"geometry":{"type":"LineString","coordinates":[[-122.244478,37.862648],[-122.244449,37.86265]]}},{"type":"Feature","properties":{"kind":"trail","name":"Tanglewood Path","surface":"concrete"},"geometry":{"type":"LineString","coordinates":[[-122.244449,37.86265],[-122.244273,37.862659],[-122.24406,37.862669]]}},{"type":"Feature","properties":{"kind":"trail"},"geometry":{"type":"LineString","coordinates":[[-122.24699,37.863623],[-122.247342,37.863675],[-122.247425,37.864067],[-122.247469,37.864079],[-122.247559,37.864413],[-122.247974,37.864653],[-122.248029,37.864637],[-122.248294,37.864918]]}},{"type":"Feature","properties":{"kind":"steps"},"geometry":{"type":"LineString","coordinates":[[-122.248599,37.865209],[-122.248655,37.865176]]}},{"type":"Feature","properties":{"kind":"steps","surface":"dirt"},"geometry":{"type":"LineString","coordinates":[[-122.245667,37.864084],[-122.245192,37.864129]]}},{"type":"Feature","properties":{"kind":"trail"},"geometry":{"type":"LineString","coordinates":[[-122.248283,37.865001],[-122.248472,37.86509],[-122.24855,37.865215],[-122.248599,37.865209]]}},{"type":"Feature","properties":{"kind":"trail","surface":"dirt"},"geometry":{"type":"LineString","coordinates":[[-122.244113,37.862714],[-122.244277,37.862707],[-122.244541,37.862855],[-122.244856,37.863124],[-122.245514,37.863977],[-122.245745,37.86406]]}},{"type":"Feature","properties":{"kind":"trail"},"geometry":{"type":"LineString","coordinates":[[-122.248748,37.86528],[-122.249019,37.865267],[-122.249209,37.865361]]}},{"type":"Feature","properties":{"kind":"trail","surface":"dirt"},"geometry":{"type":"LineString","coordinates":[[-122.244434,37.863588],[-122.244797,37.863776],[-122.245192,37.864129]]}},{"type":"Feature","properties":{"kind":"road","name":"Bancroft Way","surface":"asphalt"},"geometry":{"type":"LineString","coordinates":[[-122.260892,37.868485],[-122.261464,37.868416]]}},{"type":"Feature","properties":{"kind":"trail"},"geometry":{"type":"LineString","coordinates":[[-122.261933,37.87081],[-122.261895,37.870528]]}},{"type":"Feature","properties":{"kind":"road","name":"Campanile Way","surface":"asphalt"},"geometry":{"type":"LineString","coordinates":[[-122.262919,37.870809],[-122.262912,37.870811],[-122.262852,37.870827],[-122.262439,37.870938],[-122.262084,37.871043],[-122.261998,37.871066],[-122.2619,37.871091],[-122.261537,37.871172],[-122.261361,37.871218],[-122.261062,37.871292],[-122.260959,37.871318],[-122.260875,37.871339],[-122.260777,37.871357],[-122.260612,37.871389],[-122.260233,37.871478],[-122.260089,37.871514],[-122.259985,37.871539],[-122.259908,37.871558],[-122.259118,37.871738],[-122.258868,37.871796]]}},{"type":"Feature","properties":{"kind":"trail"},"geometry":{"type":"LineString","coordinates":[[-122.277573,37.881931],[-122.277223,37.882051],[-122.276461,37.88209]]}},{"type":"Feature","properties":{"kind":"trail"},"geometry":{"type":"LineString","coordinates":[[-122.270546,37.881118],[-122.270493,37.881183],[-122.270301,37.881162],[-122.270276,37.88105]]}},{"type":"Feature","properties":{"kind":"road","name":"Henry Street","surface":"asphalt"},"geometry":{"type":"LineString","coordinates":[[-122.270314,37.881936],[-122.270531,37.882102],[-122.270764,37.882384]]}},{"type":"Feature","properties":{"kind":"road","name":"Cedar Street","surface":"asphalt"},"geometry":{"type":"LineString","coordinates":[[-122.26876,37.87846],[-122.266875,37.87871],[-122.261073,37.879466]]}},{"type":"Feature","properties":{"kind":"road","name":"Cedar Street","surface":"asphalt"},"geometry":{"type":"LineString","coordinates":[[-122.261073,37.879466],[-122.259466,37.879677]]}},{"type":"Feature","properties":{"kind":"road","name":"Shattuck Avenue","surface":"asphalt"},"geometry":{"type":"LineString","coordinates":[[-122.268234,37.870694],[-122.268175,37.870478],[-122.268064,37.870314]]}},{"type":"Feature","properties":{"kind":"road","name":"Wildcat Canyon Road","surface":"asphalt"},"geometry":{"type":"LineString","coordinates":[[-122.26874,37.904016],[-122.269367,37.904281]]}},{"type":"Feature","properties":{"kind":"road","name":"University Avenue","surface":"asphalt"},"geometry":{"type":"LineString","coordinates":[[-122.268979,37.87203],[-122.268412,37.872101]]}},{"type":"Feature","properties":{"kind":"road","name":"University Avenue","surface":"asphalt"},"geometry":{"type":"LineString","coordinates":[[-122.266153,37.872397],[-122.266026,37.872465]]}},{"type":"Feature","properties":{"kind":"road","name":"University Avenue","surface":"asphalt"},"geometry":{"type":"LineString","coordinates":[[-122.266869,37.872304],[-122.266153,37.872397]]}},{"type":"Feature","properties":{"kind":"road","name":"Centennial Drive"},"geometry":{"type":"LineString","coordinates":[[-122.24151,37.872702],[-122.241101,37.872792],[-122.240847,37.872954],[-122.240716,37.873131],[-122.240421,37.873831],[-122.240296,37.873981],[-122.239207,37.874508],[-122.239079,37.874661],[-122.238948,37.875],[-122.238682,37.875419]]}},{"type":"Feature","properties":{"kind":"trail","surface":"concrete"},"geometry":{"type":"LineString","coordinates":[[-122.267225,37.873627],[-122.266938,37.873597],[-122.267179,37.873494],[-122.266876,37.873448],[-122.266855,37.873275]]}},{"type":"Feature","properties":{"kind":"trail","surface":"concrete"},"geometry":{"type":"LineString","coordinates":[[-122.267225,37.873627],[-122.266976,37.87369],[-122.266874,37.873645],[-122.266804,37.873731],[-122.266319,37.873813]]}},{"type":"Feature","properties":{"kind":"steps","surface":"concrete"},"geometry":{"type":"LineString","coordinates":[[-122.267059,37.873249],[-122.267179,37.873494],[-122.267225,37.873627]]}},{"type":"Feature","properties":{"kind":"steps","surface":"concrete"},"geometry":{"type":"LineString","coordinates":[[-122.267453,37.873625],[-122.267376,37.873664]]}},{"type":"Feature","properties":{"kind":"trail","surface":"concrete"},"geometry":{"type":"LineString","coordinates":[[-122.266976,37.87369],[-122.266804,37.873731]]}},{"type":"Feature","properties":{"kind":"trail","surface":"concrete"},"geometry":{"type":"LineString","coordinates":[[-122.267225,37.873627],[-122.267255,37.873698]]}},{"type":"Feature","properties":{"kind":"trail","surface":"dirt"},"geometry":{"type":"LineString","coordinates":[[-122.256615,37.899851],[-122.256598,37.899969],[-122.25641,37.899966],[-122.256078,37.899799],[-122.255753,37.899858]]}},{"type":"Feature","properties":{"kind":"trail","name":"Rispin Spur","surface":"dirt"},"geometry":{"type":"LineString","coordinates":[[-122.235896,37.86219],[-122.235372,37.862415],[-122.235235,37.862536]]}},{"type":"Feature","properties":{"kind":"trail","name":"Alvarado spur","surface":"dirt"},"geometry":{"type":"LineString","coordinates":[[-122.237324,37.861219],[-122.237382,37.861245],[-122.237315,37.861254],[-122.23737,37.861267],[-122.237321,37.861297]]}},{"type":"Feature","properties":{"kind":"track"},"geometry":{"type":"LineString","coordinates":[[-122.235042,37.8989],[-122.235161,37.898763],[-122.235175,37.898566],[-122.235275,37.898465],[-122.235602,37.89855],[-122.235972,37.898729],[-122.23667,37.899268],[-122.237182,37.899066],[-122.23756,37.899077],[-122.237901,37.899229],[-122.238485,37.899139],[-122.239104,37.899184],[-122.239396,37.899285],[-122.239681,37.899516],[-122.240015,37.899673],[-122.240613,37.900274],[-122.24094,37.90047],[-122.241481,37.901088],[-122.241538,37.901363],[-122.241453,37.901695],[-122.241766,37.902386],[-122.241906,37.902628],[-122.242535,37.903167],[-122.242485,37.903194],[-122.242592,37.903408],[-122.242613,37.903599],[-122.242939,37.904064],[-122.243052,37.904439],[-122.243816,37.904744],[-122.24399,37.904964]]}},{"type":"Feature","properties":{"kind":"road","name":"Martin Luther King Junior Way","surface":"asphalt"},"geometry":{"type":"LineString","coordinates":[[-122.272686,37.868507],[-122.272516,37.86699]]}},{"type":"Feature","properties":{"kind":"road","name":"Arlington Avenue","surface":"asphalt"},"geometry":{"type":"LineString","coordinates":[[-122.278109,37.903283],[-122.278049,37.903066]]}},{"type":"Feature","properties":{"kind":"road","name":"Arlington Avenue","surface":"asphalt"},"geometry":{"type":"LineString","coordinates":[[-122.278263,37.903867],[-122.2782,37.903656],[-122.278109,37.903283]]}},{"type":"Feature","properties":{"kind":"trail"},"geometry":{"type":"LineString","coordinates":[[-122.278608,37.904902],[-122.278504,37.904938]]}},{"type":"Feature","properties":{"kind":"trail","surface":"concrete"},"geometry":{"type":"LineString","coordinates":[[-122.258167,37.873717],[-122.258129,37.873725]]}},{"type":"Feature","properties":{"kind":"trail"},"geometry":{"type":"LineString","coordinates":[[-122.258162,37.873382],[-122.258098,37.873397]]}},{"type":"Feature","properties":{"kind":"steps","surface":"concrete"},"geometry":{"type":"LineString","coordinates":[[-122.258313,37.87369],[-122.258248,37.8737]]}},{"type":"Feature","properties":{"kind":"steps","surface":"concrete"},"geometry":{"type":"LineString","coordinates":[[-122.258213,37.873707],[-122.258167,37.873717]]}},{"type":"Feature","properties":{"kind":"steps"},"geometry":{"type":"LineString","coordinates":[[-122.258098,37.873397],[-122.258058,37.873406]]}},{"type":"Feature","properties":{"kind":"trail","surface":"concrete"},"geometry":{"type":"LineString","coordinates":[[-122.258118,37.873844],[-122.258089,37.87388]]}},{"type":"Feature","properties":{"kind":"trail","surface":"concrete"},"geometry":{"type":"LineString","coordinates":[[-122.258248,37.8737],[-122.258213,37.873707]]}},{"type":"Feature","properties":{"kind":"trail"},"geometry":{"type":"LineString","coordinates":[[-122.258058,37.873406],[-122.258036,37.873411],[-122.258011,37.873417]]}},{"type":"Feature","properties":{"kind":"trail","surface":"concrete"},"geometry":{"type":"LineString","coordinates":[[-122.258313,37.87369],[-122.258284,37.873607],[-122.258249,37.873614]]}},{"type":"Feature","properties":{"kind":"trail"},"geometry":{"type":"LineString","coordinates":[[-122.258036,37.873411],[-122.258026,37.873379],[-122.258118,37.873268]]}},{"type":"Feature","properties":{"kind":"trail","surface":"paving_stones"},"geometry":{"type":"LineString","coordinates":[[-122.26209,37.873081],[-122.262017,37.873056]]}},{"type":"Feature","properties":{"kind":"trail"},"geometry":{"type":"LineString","coordinates":[[-122.261869,37.873314],[-122.261935,37.873339]]}},{"type":"Feature","properties":{"kind":"trail"},"geometry":{"type":"LineString","coordinates":[[-122.262012,37.873321],[-122.262081,37.873243],[-122.262138,37.873155]]}},{"type":"Feature","properties":{"kind":"steps","surface":"brick"},"geometry":{"type":"LineString","coordinates":[[-122.261935,37.873339],[-122.262012,37.873321]]}},{"type":"Feature","properties":{"kind":"steps"},"geometry":{"type":"LineString","coordinates":[[-122.262138,37.873155],[-122.26215,37.873114],[-122.26209,37.873081]]}},{"type":"Feature","properties":{"kind":"road","name":"Arlington Avenue","surface":"asphalt"},"geometry":{"type":"LineString","coordinates":[[-122.274584,37.893918],[-122.274544,37.893705]]}},{"type":"Feature","properties":{"kind":"road","name":"Arlington Avenue","surface":"asphalt"},"geometry":{"type":"LineString","coordinates":[[-122.27452,37.893922],[-122.274564,37.894039]]}},{"type":"Feature","properties":{"kind":"road","name":"Arlington Avenue","surface":"asphalt"},"geometry":{"type":"LineString","coordinates":[[-122.274544,37.893705],[-122.274783,37.893261],[-122.274766,37.892931],[-122.274547,37.892516],[-122.274104,37.891963]]}},{"type":"Feature","properties":{"kind":"road","name":"Arlington Avenue","surface":"asphalt"},"geometry":{"type":"LineString","coordinates":[[-122.274482,37.893735],[-122.27452,37.893922]]}},{"type":"Feature","properties":{"kind":"trail"},"geometry":{"type":"LineString","coordinates":[[-122.261199,37.867157],[-122.261435,37.867122],[-122.261392,37.8669],[-122.261156,37.866933]]}},{"type":"Feature","properties":{"kind":"road","name":"Colusa Avenue","surface":"paved"},"geometry":{"type":"LineString","coordinates":[[-122.278895,37.889556],[-122.278541,37.887816]]}},{"type":"Feature","properties":{"kind":"road","name":"Colusa Avenue","surface":"paved"},"geometry":{"type":"LineString","coordinates":[[-122.278541,37.887816],[-122.278414,37.887207]]}},{"type":"Feature","properties":{"kind":"trail","name":"Willow Trail","surface":"ground"},"geometry":{"type":"LineString","coordinates":[[-122.221579,37.86825],[-122.221359,37.868148],[-122.221088,37.86814],[-122.220667,37.868487],[-122.219994,37.868642],[-122.219656,37.868807],[-122.2194,37.869055]]}},{"type":"Feature","properties":{"kind":"trail"},"geometry":{"type":"LineString","coordinates":[[-122.239954,37.87535],[-122.240032,37.875206],[-122.240164,37.875115],[-122.240228,37.875236],[-122.240303,37.875206],[-122.24022,37.87485],[-122.240464,37.87459],[-122.240518,37.874755],[-122.240614,37.874763],[-122.240636,37.874856],[-122.240528,37.874986],[-122.240507,37.87518],[-122.24037,37.875284],[-122.240322,37.875339],[-122.240217,37.875447],[-122.240075,37.875464]]}},{"type":"Feature","properties":{"kind":"trail"},"geometry":{"type":"LineString","coordinates":[[-122.239056,37.873896],[-122.238876,37.874226],[-122.238804,37.874327],[-122.238508,37.874618],[-122.238439,37.874696]]}},{"type":"Feature","properties":{"kind":"trail"},"geometry":{"type":"LineString","coordinates":[[-122.228762,37.879999],[-122.228379,37.879879],[-122.227736,37.879796]]}},{"type":"Feature","properties":{"kind":"trail","surface":"concrete"},"geometry":{"type":"LineString","coordinates":[[-122.265436,37.875726],[-122.265423,37.875727]]}},{"type":"Feature","properties":{"kind":"trail","surface":"concrete"},"geometry":{"type":"LineString","coordinates":[[-122.264958,37.875777],[-122.264967,37.875734],[-122.265423,37.875727],[-122.264968,37.875779]]}},{"type":"Feature","properties":{"kind":"trail","surface":"asphalt"},"geometry":{"type":"LineString","coordinates":[[-122.255515,37.871762],[-122.255527,37.87178],[-122.255606,37.871905],[-122.255653,37.871977]]}},{"type":"Feature","properties":{"kind":"trail","surface":"asphalt"},"geometry":{"type":"LineString","coordinates":[[-122.255515,37.871762],[-122.25551,37.871755],[-122.255459,37.871685],[-122.255305,37.871691]]}},{"type":"Feature","properties":{"kind":"trail","surface":"paved"},"geometry":{"type":"LineString","coordinates":[[-122.255953,37.871633],[-122.25596,37.871645],[-122.255981,37.871678]]}},{"type":"Feature","properties":{"kind":"trail","surface":"concrete"},"geometry":{"type":"LineString","coordinates":[[-122.255531,37.871536],[-122.255588,37.871512],[-122.255722,37.871469],[-122.25613,37.871391],[-122.256179,37.871341]]}},{"type":"Feature","properties":{"kind":"trail","surface":"asphalt"},"geometry":{"type":"LineString","coordinates":[[-122.256197,37.871376],[-122.25621,37.871396],[-122.256306,37.871566]]}},{"type":"Feature","properties":{"kind":"trail","surface":"asphalt"},"geometry":{"type":"LineString","coordinates":[[-122.256306,37.871566],[-122.256359,37.871659],[-122.256444,37.871808],[-122.256458,37.871819]]}},{"type":"Feature","properties":{"kind":"trail","surface":"paving_stones"},"geometry":{"type":"LineString","coordinates":[[-122.257863,37.872145],[-122.257849,37.872104]]}},{"type":"Feature","properties":{"kind":"steps","surface":"brick"},"geometry":{"type":"LineString","coordinates":[[-122.258098,37.872773],[-122.258083,37.872735]]}},{"type":"Feature","properties":{"kind":"trail","surface":"paving_stones"},"geometry":{"type":"LineString","coordinates":[[-122.257971,37.872442],[-122.257915,37.872292],[-122.257904,37.872264],[-122.257863,37.872145]]}},{"type":"Feature","properties":{"kind":"trail"},"geometry":{"type":"LineString","coordinates":[[-122.257483,37.871397],[-122.257523,37.871484]]}},{"type":"Feature","properties":{"kind":"trail"},"geometry":{"type":"LineString","coordinates":[[-122.257424,37.871353],[-122.257472,37.871373]]}},{"type":"Feature","properties":{"kind":"steps"},"geometry":{"type":"LineString","coordinates":[[-122.257118,37.871359],[-122.257142,37.871355]]}},{"type":"Feature","properties":{"kind":"trail","name":"Class of 1923 Bridge"},"geometry":{"type":"LineString","coordinates":[[-122.257142,37.871355],[-122.257154,37.871352],[-122.257322,37.871314]]}},{"type":"Feature","properties":{"kind":"trail","surface":"paved"},"geometry":{"type":"LineString","coordinates":[[-122.257308,37.871694],[-122.257206,37.871629]]}},{"type":"Feature","properties":{"kind":"steps","surface":"paved"},"geometry":{"type":"LineString","coordinates":[[-122.257352,37.871742],[-122.257308,37.871694]]}},{"type":"Feature","properties":{"kind":"trail","surface":"paved"},"geometry":{"type":"LineString","coordinates":[[-122.257073,37.871555],[-122.256937,37.871476],[-122.256891,37.871452]]}},{"type":"Feature","properties":{"kind":"trail","surface":"paved"},"geometry":{"type":"LineString","coordinates":[[-122.257206,37.871629],[-122.257073,37.871555]]}},{"type":"Feature","properties":{"kind":"trail","surface":"paved"},"geometry":{"type":"LineString","coordinates":[[-122.254268,37.87083],[-122.254276,37.871155],[-122.25414,37.871231]]}},{"type":"Feature","properties":{"kind":"trail","surface":"concrete"},"geometry":{"type":"LineString","coordinates":[[-122.253344,37.871611],[-122.253156,37.871612],[-122.25303,37.871609],[-122.253017,37.871609],[-122.252921,37.871611]]}},{"type":"Feature","properties":{"kind":"trail"},"geometry":{"type":"LineString","coordinates":[[-122.25215,37.87175],[-122.252082,37.871776],[-122.251863,37.871861],[-122.251784,37.871892]]}},{"type":"Feature","properties":{"kind":"trail"},"geometry":{"type":"LineString","coordinates":[[-122.252484,37.871701],[-122.25249,37.871482],[-122.252362,37.87166],[-122.252369,37.871534],[-122.252251,37.871682],[-122.252213,37.871538],[-122.25215,37.87175]]}},{"type":"Feature","properties":{"kind":"trail"},"geometry":{"type":"LineString","coordinates":[[-122.251784,37.871892],[-122.251585,37.871927]]}},{"type":"Feature","properties":{"kind":"trail"},"geometry":{"type":"LineString","coordinates":[[-122.25101,37.872087],[-122.250985,37.872135]]}},{"type":"Feature","properties":{"kind":"trail"},"geometry":{"type":"LineString","coordinates":[[-122.251422,37.871954],[-122.251253,37.872015],[-122.251234,37.871958]]}},{"type":"Feature","properties":{"kind":"steps"},"geometry":{"type":"LineString","coordinates":[[-122.251253,37.872045],[-122.25101,37.872087]]}},{"type":"Feature","properties":{"kind":"steps"},"geometry":{"type":"LineString","coordinates":[[-122.251585,37.871927],[-122.251253,37.872045]]}},{"type":"Feature","properties":{"kind":"trail"},"geometry":{"type":"LineString","coordinates":[[-122.251253,37.872045],[-122.251627,37.872136],[-122.252104,37.87234]]}},{"type":"Feature","properties":{"kind":"trail","surface":"asphalt"},"geometry":{"type":"LineString","coordinates":[[-122.244338,37.858607],[-122.244448,37.858559]]}},{"type":"Feature","properties":{"kind":"steps","surface":"paving_stones"},"geometry":{"type":"LineString","coordinates":[[-122.244305,37.858622],[-122.244338,37.858607]]}},{"type":"Feature","properties":{"kind":"steps"},"geometry":{"type":"LineString","coordinates":[[-122.25252,37.871047],[-122.252387,37.871061]]}},{"type":"Feature","properties":{"kind":"trail"},"geometry":{"type":"LineString","coordinates":[[-122.252346,37.871064],[-122.252349,37.871099]]}},{"type":"Feature","properties":{"kind":"trail"},"geometry":{"type":"LineString","coordinates":[[-122.252346,37.871064],[-122.252338,37.871028]]}},{"type":"Feature","properties":{"kind":"steps"},"geometry":{"type":"LineString","coordinates":[[-122.252183,37.870164],[-122.252146,37.870187]]}},{"type":"Feature","properties":{"kind":"trail","name":"Bancroft Steps","surface":"concrete"},"geometry":{"type":"LineString","coordinates":[[-122.250854,37.869381],[-122.250875,37.869379],[-122.250949,37.869304]]}},{"type":"Feature","properties":{"kind":"steps","name":"Bancroft Steps","surface":"concrete"},"geometry":{"type":"LineString","coordinates":[[-122.250797,37.869389],[-122.250854,37.869381]]}},{"type":"Feature","properties":{"kind":"trail","name":"Bancroft Steps","surface":"asphalt"},"geometry":{"type":"LineString","coordinates":[[-122.250375,37.869443],[-122.250797,37.869389]]}},{"type":"Feature","properties":{"kind":"steps","name":"Bancroft Steps","surface":"concrete"},"geometry":{"type":"LineString","coordinates":[[-122.250348,37.869446],[-122.250375,37.869443]]}},{"type":"Feature","properties":{"kind":"trail","surface":"asphalt"},"geometry":{"type":"LineString","coordinates":[[-122.250875,37.869379],[-122.250912,37.869586],[-122.250976,37.869946]]}},{"type":"Feature","properties":{"kind":"trail","surface":"paving_stones"},"geometry":{"type":"LineString","coordinates":[[-122.250976,37.869946],[-122.250416,37.869861]]}},{"type":"Feature","properties":{"kind":"trail"},"geometry":{"type":"LineString","coordinates":[[-122.250976,37.869946],[-122.251127,37.870005],[-122.251469,37.870138]]}},{"type":"Feature","properties":{"kind":"trail"},"geometry":{"type":"LineString","coordinates":[[-122.251795,37.870287],[-122.25189,37.870271]]}},{"type":"Feature","properties":{"kind":"trail"},"geometry":{"type":"LineString","coordinates":[[-122.251795,37.870287],[-122.251835,37.870354]]}},{"type":"Feature","properties":{"kind":"trail"},"geometry":{"type":"LineString","coordinates":[[-122.25249,37.871482],[-122.252391,37.871277],[-122.252387,37.871061]]}},{"type":"Feature","properties":{"kind":"road","name":"Prospect Street","surface":"asphalt"},"geometry":{"type":"LineString","coordinates":[[-122.249973,37.868038],[-122.249583,37.865989]]}},{"type":"Feature","properties":{"kind":"trail","surface":"paved"},"geometry":{"type":"LineString","coordinates":[[-122.246986,37.871863],[-122.24626,37.872075],[-122.246109,37.872232]]}},{"type":"Feature","properties":{"kind":"steps"},"geometry":{"type":"LineString","coordinates":[[-122.23885,37.875407],[-122.238889,37.875458]]}},{"type":"Feature","properties":{"kind":"trail"},"geometry":{"type":"LineString","coordinates":[[-122.238618,37.875173],[-122.238675,37.875211]]}},{"type":"Feature","properties":{"kind":"trail","surface":"paved"},"geometry":{"type":"LineString","coordinates":[[-122.238618,37.875173],[-122.238584,37.875161],[-122.238553,37.875148],[-122.238488,37.875125],[-122.238402,37.875094]]}},{"type":"Feature","properties":{"kind":"trail","surface":"paved"},"geometry":{"type":"LineString","coordinates":[[-122.238584,37.875161],[-122.238603,37.875103],[-122.238515,37.875014],[-122.238418,37.874971]]}},{"type":"Feature","properties":{"kind":"trail"},"geometry":{"type":"LineString","coordinates":[[-122.238515,37.875014],[-122.238461,37.875024],[-122.238377,37.875018]]}},{"type":"Feature","properties":{"kind":"trail"},"geometry":{"type":"LineString","coordinates":[[-122.255105,37.870308],[-122.254999,37.870331],[-122.254974,37.870349]]}},{"type":"Feature","properties":{"kind":"trail","surface":"asphalt"},"geometry":{"type":"LineString","coordinates":[[-122.255814,37.870327],[-122.255919,37.870497]]}},{"type":"Feature","properties":{"kind":"trail","surface":"asphalt"},"geometry":{"type":"LineString","coordinates":[[-122.256155,37.86934],[-122.25738,37.869062]]}},{"type":"Feature","properties":{"kind":"steps"},"geometry":{"type":"LineString","coordinates":[[-122.256834,37.871125],[-122.256993,37.87111]]}},{"type":"Feature","properties":{"kind":"trail","surface":"dirt"},"geometry":{"type":"LineString","coordinates":[[-122.256993,37.87111],[-122.25707,37.871066]]}},{"type":"Feature","properties":{"kind":"trail"},"geometry":{"type":"LineString","coordinates":[[-122.260763,37.869607],[-122.260774,37.869543],[-122.260829,37.869538],[-122.260872,37.869534],[-122.260979,37.869524],[-122.261277,37.869497],[-122.26129,37.869496],[-122.261397,37.869486],[-122.261671,37.869461]]}},{"type":"Feature","properties":{"kind":"trail"},"geometry":{"type":"LineString","coordinates":[[-122.260752,37.869718],[-122.260763,37.869607]]}},{"type":"Feature","properties":{"kind":"trail"},"geometry":{"type":"LineString","coordinates":[[-122.260792,37.870104],[-122.260779,37.87]]}},{"type":"Feature","properties":{"kind":"steps","surface":"concrete"},"geometry":{"type":"LineString","coordinates":[[-122.260741,37.869513],[-122.260599,37.869374]]}},{"type":"Feature","properties":{"kind":"trail"},"geometry":{"type":"LineString","coordinates":[[-122.260774,37.869543],[-122.260709,37.869551]]}},{"type":"Feature","properties":{"kind":"trail"},"geometry":{"type":"LineString","coordinates":[[-122.252311,37.871375],[-122.252349,37.871099]]}},{"type":"Feature","properties":{"kind":"trail"},"geometry":{"type":"LineString","coordinates":[[-122.252338,37.871028],[-122.252196,37.870724],[-122.251835,37.870354]]}},{"type":"Feature","properties":{"kind":"steps"},"geometry":{"type":"LineString","coordinates":[[-122.258915,37.870028],[-122.2589,37.869963]]}},{"type":"Feature","properties":{"kind":"steps"},"geometry":{"type":"LineString","coordinates":[[-122.258989,37.869976],[-122.258937,37.869984]]}},{"type":"Feature","properties":{"kind":"trail"},"geometry":{"type":"LineString","coordinates":[[-122.258937,37.869984],[-122.258904,37.869963]]}},{"type":"Feature","properties":{"kind":"steps"},"geometry":{"type":"LineString","coordinates":[[-122.258729,37.869143],[-122.258748,37.869221]]}},{"type":"Feature","properties":{"kind":"trail"},"geometry":{"type":"LineString","coordinates":[[-122.261508,37.868631],[-122.261448,37.868639]]}},{"type":"Feature","properties":{"kind":"steps"},"geometry":{"type":"LineString","coordinates":[[-122.261448,37.868639],[-122.261409,37.868645]]}},{"type":"Feature","properties":{"kind":"trail","surface":"compacted"},"geometry":{"type":"LineString","coordinates":[[-122.261409,37.868645],[-122.261367,37.868651]]}},{"type":"Feature","properties":{"kind":"steps"},"geometry":{"type":"LineString","coordinates":[[-122.261367,37.868651],[-122.261322,37.868657]]}},{"type":"Feature","properties":{"kind":"trail"},"geometry":{"type":"LineString","coordinates":[[-122.261316,37.868743],[-122.261322,37.868657],[-122.261299,37.868578],[-122.261293,37.86856],[-122.261211,37.868549],[-122.26109,37.868616],[-122.261076,37.868546]]}},{"type":"Feature","properties":{"kind":"trail"},"geometry":{"type":"LineString","coordinates":[[-122.260977,37.868559],[-122.260992,37.868627],[-122.261034,37.868792],[-122.261039,37.868815]]}},{"type":"Feature","properties":{"kind":"trail","surface":"asphalt"},"geometry":{"type":"LineString","coordinates":[[-122.254983,37.869979],[-122.254857,37.869995],[-122.254229,37.870076]]}},{"type":"Feature","properties":{"kind":"trail"},"geometry":{"type":"LineString","coordinates":[[-122.257491,37.869526],[-122.25745,37.869537]]}},{"type":"Feature","properties":{"kind":"trail"},"geometry":{"type":"LineString","coordinates":[[-122.257791,37.86921],[-122.257996,37.869163],[-122.258104,37.869599],[-122.257962,37.869623],[-122.257621,37.869681]]}},{"type":"Feature","properties":{"kind":"trail","surface":"asphalt"},"geometry":{"type":"LineString","coordinates":[[-122.259574,37.870535],[-122.259339,37.870592],[-122.259373,37.870781]]}},{"type":"Feature","properties":{"kind":"trail","surface":"concrete"},"geometry":{"type":"LineString","coordinates":[[-122.256444,37.871808],[-122.25621,37.871786],[-122.256081,37.8718],[-122.256061,37.871854],[-122.256154,37.872019]]}},{"type":"Feature","properties":{"kind":"trail"},"geometry":{"type":"LineString","coordinates":[[-122.256359,37.871659],[-122.25621,37.871786]]}},{"type":"Feature","properties":{"kind":"trail","surface":"concrete"},"geometry":{"type":"LineString","coordinates":[[-122.256081,37.8718],[-122.25606,37.871769]]}},{"type":"Feature","properties":{"kind":"steps","surface":"concrete"},"geometry":{"type":"LineString","coordinates":[[-122.254809,37.87065],[-122.254667,37.870667]]}},{"type":"Feature","properties":{"kind":"trail","surface":"brick"},"geometry":{"type":"LineString","coordinates":[[-122.254667,37.870667],[-122.254648,37.870669],[-122.25462,37.870673]]}},{"type":"Feature","properties":{"kind":"steps"},"geometry":{"type":"LineString","coordinates":[[-122.254322,37.870738],[-122.25429,37.870743]]}},{"type":"Feature","properties":{"kind":"trail"},"geometry":{"type":"LineString","coordinates":[[-122.25429,37.870743],[-122.254183,37.870755]]}},{"type":"Feature","properties":{"kind":"road","name":"Wurster Courtyard","surface":"brick"},"geometry":{"type":"LineString","coordinates":[[-122.254802,37.870615],[-122.254639,37.870633],[-122.254591,37.870639],[-122.254567,37.870529],[-122.254389,37.87055],[-122.25442,37.8707],[-122.254427,37.870741],[-122.25432,37.870724],[-122.254257,37.87051],[-122.2543,37.870504],[-122.254558,37.870472],[-122.254768,37.870444],[-122.254775,37.870477],[-122.254802,37.870615]]}},{"type":"Feature","properties":{"kind":"trail"},"geometry":{"type":"LineString","coordinates":[[-122.263602,37.871628],[-122.263541,37.871639]]}},{"type":"Feature","properties":{"kind":"trail","surface":"paved"},"geometry":{"type":"LineString","coordinates":[[-122.25909,37.869553],[-122.259063,37.869423],[-122.258995,37.869196],[-122.25886,37.869125]]}},{"type":"Feature","properties":{"kind":"trail","surface":"compacted"},"geometry":{"type":"LineString","coordinates":[[-122.261869,37.873314],[-122.26179,37.8733],[-122.261578,37.873382]]}},{"type":"Feature","properties":{"kind":"trail","surface":"asphalt"},"geometry":{"type":"LineString","coordinates":[[-122.261593,37.874082],[-122.26173,37.874126]]}},{"type":"Feature","properties":{"kind":"trail","surface":"paved"},"geometry":{"type":"LineString","coordinates":[[-122.25487,37.862086],[-122.253566,37.862129]]}},{"type":"Feature","properties":{"kind":"steps","name":"Trumpetvine Court"},"geometry":{"type":"LineString","coordinates":[[-122.267429,37.869862],[-122.267401,37.869901]]}},{"type":"Feature","properties":{"kind":"trail","name":"Trumpetvine Court"},"geometry":{"type":"LineString","coordinates":[[-122.267401,37.869901],[-122.267304,37.869913]]}},{"type":"Feature","properties":{"kind":"steps","name":"Halkin Walk","surface":"wood"},"geometry":{"type":"LineString","coordinates":[[-122.267133,37.898464],[-122.267011,37.898429],[-122.267025,37.898519],[-122.266947,37.898448],[-122.266933,37.89853],[-122.266875,37.898474],[-122.266829,37.898527]]}},{"type":"Feature","properties":{"kind":"steps","name":"Tilden Path"},"geometry":{"type":"LineString","coordinates":[[-122.252708,37.888465],[-122.251828,37.888583]]}},{"type":"Feature","properties":{"kind":"trail","surface":"concrete"},"geometry":{"type":"LineString","coordinates":[[-122.257174,37.87391],[-122.257306,37.873784],[-122.257318,37.87362],[-122.257208,37.873486],[-122.257021,37.873427],[-122.256837,37.87346],[-122.256694,37.873585],[-122.256677,37.873759],[-122.256761,37.873871],[-122.256992,37.873949],[-122.257174,37.87391]]}},{"type":"Feature","properties":{"kind":"trail","surface":"concrete"},"geometry":{"type":"LineString","coordinates":[[-122.258751,37.872557],[-122.259112,37.872475]]}},{"type":"Feature","properties":{"kind":"trail","surface":"asphalt"},"geometry":{"type":"LineString","coordinates":[[-122.260146,37.873067],[-122.260033,37.873038]]}},{"type":"Feature","properties":{"kind":"trail","surface":"asphalt"},"geometry":{"type":"LineString","coordinates":[[-122.260033,37.873038],[-122.259615,37.872896]]}},{"type":"Feature","properties":{"kind":"trail","surface":"asphalt"},"geometry":{"type":"LineString","coordinates":[[-122.260221,37.873123],[-122.260281,37.873074],[-122.260218,37.873016],[-122.260146,37.873067],[-122.260221,37.873123]]}},{"type":"Feature","properties":{"kind":"trail","surface":"dirt"},"geometry":{"type":"LineString","coordinates":[[-122.247422,37.871181],[-122.247241,37.871086],[-122.247071,37.871121],[-122.247039,37.871063],[-122.247135,37.870986],[-122.246941,37.870934],[-122.246884,37.870828],[-122.247098,37.870582],[-122.247496,37.870458],[-122.247521,37.870407]]}},{"type":"Feature","properties":{"kind":"trail","sac":"difficult_alpine_hiking","surface":"dirt"},"geometry":{"type":"LineString","coordinates":[[-122.245541,37.872202],[-122.244988,37.872492],[-122.244955,37.872589],[-122.244861,37.872649]]}},{"type":"Feature","properties":{"kind":"trail"},"geometry":{"type":"LineString","coordinates":[[-122.266423,37.869671],[-122.266431,37.869753]]}},{"type":"Feature","properties":{"kind":"road","name":"Bancroft Way","surface":"asphalt"},"geometry":{"type":"LineString","coordinates":[[-122.266418,37.867777],[-122.267253,37.867668]]}},{"type":"Feature","properties":{"kind":"trail","name":"Arts Passage","surface":"paved"},"geometry":{"type":"LineString","coordinates":[[-122.26908,37.870272],[-122.269233,37.870972]]}},{"type":"Feature","properties":{"kind":"trail","surface":"asphalt"},"geometry":{"type":"LineString","coordinates":[[-122.237514,37.874863],[-122.237672,37.874834],[-122.237908,37.874892],[-122.237936,37.87492]]}},{"type":"Feature","properties":{"kind":"trail","surface":"gravel"},"geometry":{"type":"LineString","coordinates":[[-122.237672,37.874834],[-122.237715,37.874766],[-122.237823,37.874683],[-122.237846,37.874676],[-122.237952,37.874655],[-122.238072,37.874636],[-122.238145,37.874645]]}},{"type":"Feature","properties":{"kind":"trail","surface":"asphalt"},"geometry":{"type":"LineString","coordinates":[[-122.238145,37.874645],[-122.238114,37.874783],[-122.238111,37.874823],[-122.238101,37.874927]]}},{"type":"Feature","properties":{"kind":"trail","surface":"gravel"},"geometry":{"type":"LineString","coordinates":[[-122.23858,37.874713],[-122.238508,37.874618],[-122.238486,37.874595],[-122.238405,37.874501],[-122.238409,37.874448],[-122.238411,37.874443],[-122.238512,37.874356],[-122.238564,37.874351],[-122.238546,37.874452],[-122.238538,37.874494],[-122.238508,37.874618]]}},{"type":"Feature","properties":{"kind":"trail","surface":"gravel"},"geometry":{"type":"LineString","coordinates":[[-122.238131,37.87439],[-122.238343,37.874345],[-122.238487,37.8743],[-122.238539,37.874277],[-122.238655,37.874266],[-122.238729,37.874282],[-122.238804,37.874327]]}},{"type":"Feature","properties":{"kind":"trail","surface":"gravel"},"geometry":{"type":"LineString","coordinates":[[-122.238281,37.874554],[-122.238405,37.874501]]}},{"type":"Feature","properties":{"kind":"trail","surface":"gravel"},"geometry":{"type":"LineString","coordinates":[[-122.238655,37.874266],[-122.238564,37.874351]]}},{"type":"Feature","properties":{"kind":"trail","surface":"asphalt"},"geometry":{"type":"LineString","coordinates":[[-122.237847,37.874263],[-122.237935,37.874237],[-122.238049,37.874085],[-122.238066,37.874057]]}},{"type":"Feature","properties":{"kind":"trail","surface":"asphalt"},"geometry":{"type":"LineString","coordinates":[[-122.238066,37.874057],[-122.238174,37.873927],[-122.238061,37.873866],[-122.237836,37.87408]]}},{"type":"Feature","properties":{"kind":"trail","surface":"fine_gravel"},"geometry":{"type":"LineString","coordinates":[[-122.237984,37.874923],[-122.237976,37.874974],[-122.237863,37.874989],[-122.237711,37.874963],[-122.237637,37.874903]]}},{"type":"Feature","properties":{"kind":"trail","surface":"fine_gravel"},"geometry":{"type":"LineString","coordinates":[[-122.237976,37.874974],[-122.237981,37.875043],[-122.237963,37.875052],[-122.237863,37.874989]]}},{"type":"Feature","properties":{"kind":"trail","surface":"fine_gravel"},"geometry":{"type":"LineString","coordinates":[[-122.237711,37.874963],[-122.237703,37.875009],[-122.237601,37.875003],[-122.237453,37.874955],[-122.237418,37.874921],[-122.237561,37.874945],[-122.237601,37.875003]]}},{"type":"Feature","properties":{"kind":"trail","surface":"fine_gravel"},"geometry":{"type":"LineString","coordinates":[[-122.237703,37.875009],[-122.237927,37.875137],[-122.237963,37.875052]]}},{"type":"Feature","properties":{"kind":"trail"},"geometry":{"type":"LineString","coordinates":[[-122.237418,37.874921],[-122.237291,37.874969],[-122.237134,37.875021],[-122.237116,37.874997]]}},{"type":"Feature","properties":{"kind":"trail","surface":"fine_gravel"},"geometry":{"type":"LineString","coordinates":[[-122.237908,37.874892],[-122.237907,37.874831],[-122.237715,37.874766]]}},{"type":"Feature","properties":{"kind":"trail"},"geometry":{"type":"LineString","coordinates":[[-122.237453,37.874955],[-122.237437,37.874996],[-122.237542,37.875092],[-122.237696,37.875132]]}},{"type":"Feature","properties":{"kind":"trail"},"geometry":{"type":"LineString","coordinates":[[-122.237291,37.874969],[-122.237331,37.874989],[-122.237437,37.874996]]}},{"type":"Feature","properties":{"kind":"trail"},"geometry":{"type":"LineString","coordinates":[[-122.238876,37.874226],[-122.238804,37.874165],[-122.23879,37.874134],[-122.238877,37.874006],[-122.239147,37.873545],[-122.239105,37.873457],[-122.238961,37.873539],[-122.239047,37.873587],[-122.23899,37.873639],[-122.238283,37.874178]]}},{"type":"Feature","properties":{"kind":"trail"},"geometry":{"type":"LineString","coordinates":[[-122.237907,37.874831],[-122.237967,37.874753],[-122.237952,37.874655]]}},{"type":"Feature","properties":{"kind":"steps","surface":"railway_sleepers"},"geometry":{"type":"LineString","coordinates":[[-122.246388,37.866118],[-122.246115,37.866006]]}},{"type":"Feature","properties":{"kind":"trail","name":"Clark Kerr Trail","surface":"dirt"},"geometry":{"type":"LineString","coordinates":[[-122.246115,37.866006],[-122.245947,37.865944],[-122.245908,37.865935]]}},{"type":"Feature","properties":{"kind":"steps"},"geometry":{"type":"LineString","coordinates":[[-122.252099,37.870214],[-122.252064,37.870227]]}},{"type":"Feature","properties":{"kind":"steps","surface":"concrete"},"geometry":{"type":"LineString","coordinates":[[-122.254246,37.871438],[-122.254273,37.871416]]}},{"type":"Feature","properties":{"kind":"steps","name":"Haas Stairs"},"geometry":{"type":"LineString","coordinates":[[-122.252345,37.871721],[-122.252299,37.871728]]}},{"type":"Feature","properties":{"kind":"steps","surface":"concrete"},"geometry":{"type":"LineString","coordinates":[[-122.254134,37.871562],[-122.254165,37.871533]]}},{"type":"Feature","properties":{"kind":"trail"},"geometry":{"type":"LineString","coordinates":[[-122.252146,37.870187],[-122.252099,37.870214]]}},{"type":"Feature","properties":{"kind":"trail"},"geometry":{"type":"LineString","coordinates":[[-122.252183,37.871744],[-122.25215,37.87175]]}},{"type":"Feature","properties":{"kind":"steps"},"geometry":{"type":"LineString","coordinates":[[-122.251958,37.870262],[-122.25189,37.870271]]}},{"type":"Feature","properties":{"kind":"trail"},"geometry":{"type":"LineString","coordinates":[[-122.254214,37.871465],[-122.254229,37.871452],[-122.254246,37.871438]]}},{"type":"Feature","properties":{"kind":"trail","name":"Haas Stairs"},"geometry":{"type":"LineString","coordinates":[[-122.252408,37.871713],[-122.252376,37.871717],[-122.252345,37.871721]]}},{"type":"Feature","properties":{"kind":"steps","name":"Haas Stairs"},"geometry":{"type":"LineString","coordinates":[[-122.252227,37.871737],[-122.252183,37.871744]]}},{"type":"Feature","properties":{"kind":"trail"},"geometry":{"type":"LineString","coordinates":[[-122.251991,37.870252],[-122.251958,37.870262]]}},{"type":"Feature","properties":{"kind":"steps","surface":"concrete"},"geometry":{"type":"LineString","coordinates":[[-122.254179,37.871497],[-122.254214,37.871465]]}},{"type":"Feature","properties":{"kind":"steps"},"geometry":{"type":"LineString","coordinates":[[-122.252033,37.870239],[-122.251991,37.870252]]}},{"type":"Feature","properties":{"kind":"steps","name":"Haas Stairs"},"geometry":{"type":"LineString","coordinates":[[-122.252463,37.871704],[-122.252408,37.871713]]}},{"type":"Feature","properties":{"kind":"trail","name":"Haas Stairs"},"geometry":{"type":"LineString","coordinates":[[-122.252299,37.871728],[-122.252263,37.871733],[-122.252227,37.871737]]}},{"type":"Feature","properties":{"kind":"trail"},"geometry":{"type":"LineString","coordinates":[[-122.252064,37.870227],[-122.252033,37.870239]]}},{"type":"Feature","properties":{"kind":"trail","surface":"concrete"},"geometry":{"type":"LineString","coordinates":[[-122.254165,37.871533],[-122.254177,37.871522],[-122.254179,37.871497]]}},{"type":"Feature","properties":{"kind":"road","surface":"asphalt"},"geometry":{"type":"LineString","coordinates":[[-122.251699,37.867809],[-122.251832,37.867931]]}},{"type":"Feature","properties":{"kind":"road","name":"Martin Luther King Junior Way","surface":"asphalt"},"geometry":{"type":"LineString","coordinates":[[-122.27369,37.877585],[-122.273253,37.87366]]}},{"type":"Feature","properties":{"kind":"track","surface":"dirt"},"geometry":{"type":"LineString","coordinates":[[-122.257559,37.898399],[-122.257631,37.898518],[-122.257612,37.898605]]}},{"type":"Feature","properties":{"kind":"trail"},"geometry":{"type":"LineString","coordinates":[[-122.236189,37.873372],[-122.23617,37.873173],[-122.236201,37.873117],[-122.236328,37.873082],[-122.236643,37.873095],[-122.236966,37.873267],[-122.237066,37.873399],[-122.237102,37.873452],[-122.237046,37.873453],[-122.237013,37.873489]]}},{"type":"Feature","properties":{"kind":"trail"},"geometry":{"type":"LineString","coordinates":[[-122.236409,37.874015],[-122.236487,37.873859],[-122.236508,37.873756],[-122.236538,37.873719],[-122.236385,37.873536],[-122.236334,37.873579],[-122.236285,37.873776]]}},{"type":"Feature","properties":{"kind":"trail"},"geometry":{"type":"LineString","coordinates":[[-122.238402,37.875094],[-122.237981,37.875043]]}},{"type":"Feature","properties":{"kind":"trail"},"geometry":{"type":"LineString","coordinates":[[-122.238179,37.875189],[-122.237963,37.875052]]}},{"type":"Feature","properties":{"kind":"trail"},"geometry":{"type":"LineString","coordinates":[[-122.238539,37.874277],[-122.23862,37.874176],[-122.23879,37.874134]]}},{"type":"Feature","properties":{"kind":"trail"},"geometry":{"type":"LineString","coordinates":[[-122.237158,37.874203],[-122.237241,37.874517],[-122.237131,37.874666],[-122.237244,37.87473]]}},{"type":"Feature","properties":{"kind":"trail"},"geometry":{"type":"LineString","coordinates":[[-122.237335,37.874795],[-122.237276,37.874831]]}},{"type":"Feature","properties":{"kind":"trail"},"geometry":{"type":"LineString","coordinates":[[-122.237976,37.874974],[-122.238013,37.874977]]}},{"type":"Feature","properties":{"kind":"trail"},"geometry":{"type":"LineString","coordinates":[[-122.238486,37.874595],[-122.238145,37.874645]]}},{"type":"Feature","properties":{"kind":"steps"},"geometry":{"type":"LineString","coordinates":[[-122.237823,37.874683],[-122.237807,37.874616]]}},{"type":"Feature","properties":{"kind":"steps"},"geometry":{"type":"LineString","coordinates":[[-122.238083,37.874456],[-122.238043,37.874543]]}},{"type":"Feature","properties":{"kind":"trail"},"geometry":{"type":"LineString","coordinates":[[-122.238043,37.874543],[-122.238003,37.874611],[-122.237807,37.874616]]}},{"type":"Feature","properties":{"kind":"trail","surface":"asphalt"},"geometry":{"type":"LineString","coordinates":[[-122.22223,37.880126],[-122.222516,37.880233],[-122.223343,37.880588]]}},{"type":"Feature","properties":{"kind":"trail"},"geometry":{"type":"LineString","coordinates":[[-122.222516,37.880233],[-122.2226,37.880088]]}},{"type":"Feature","properties":{"kind":"road","name":"Webster Street","surface":"asphalt"},"geometry":{"type":"LineString","coordinates":[[-122.252392,37.85581],[-122.252242,37.855817]]}},{"type":"Feature","properties":{"kind":"trail","surface":"ground"},"geometry":{"type":"LineString","coordinates":[[-122.238922,37.891256],[-122.238992,37.891141],[-122.23905,37.890578]]}},{"type":"Feature","properties":{"kind":"trail","name":"Stables Trail","surface":"dirt"},"geometry":{"type":"LineString","coordinates":[[-122.217456,37.879464],[-122.218174,37.879799],[-122.218631,37.880282],[-122.219243,37.880659],[-122.219539,37.880744],[-122.219927,37.880936],[-122.219973,37.881066],[-122.220216,37.881217],[-122.220236,37.881388],[-122.220308,37.881471],[-122.220486,37.881502],[-122.220958,37.881438]]}},{"type":"Feature","properties":{"kind":"trail","name":"Oakridge Path"},"geometry":{"type":"LineString","coordinates":[[-122.243889,37.856907],[-122.244411,37.856873],[-122.244479,37.857142],[-122.244982,37.85712],[-122.245173,37.856862],[-122.246339,37.856817]]}},{"type":"Feature","properties":{"kind":"trail","name":"Quarry Path","surface":"dirt"},"geometry":{"type":"LineString","coordinates":[[-122.257492,37.884609],[-122.257188,37.88457],[-122.257239,37.884658],[-122.256964,37.884645],[-122.257047,37.884722],[-122.256951,37.884737],[-122.256653,37.884632],[-122.256546,37.884667]]}},{"type":"Feature","properties":{"kind":"trail","surface":"asphalt"},"geometry":{"type":"LineString","coordinates":[[-122.282607,37.873261],[-122.282536,37.873196]]}},{"type":"Feature","properties":{"kind":"steps","surface":"concrete"},"geometry":{"type":"LineString","coordinates":[[-122.282245,37.873599],[-122.282115,37.873608]]}},{"type":"Feature","properties":{"kind":"trail","name":"Halkin Walk","surface":"wood"},"geometry":{"type":"LineString","coordinates":[[-122.266829,37.898527],[-122.266132,37.898705]]}},{"type":"Feature","properties":{"kind":"trail","surface":"concrete"},"geometry":{"type":"LineString","coordinates":[[-122.28108,37.857366],[-122.28015,37.855967]]}},{"type":"Feature","properties":{"kind":"trail","surface":"concrete"},"geometry":{"type":"LineString","coordinates":[[-122.265041,37.872475],[-122.265044,37.872495]]}},{"type":"Feature","properties":{"kind":"trail","surface":"paving_stones"},"geometry":{"type":"LineString","coordinates":[[-122.265661,37.872734],[-122.265386,37.872745]]}},{"type":"Feature","properties":{"kind":"trail"},"geometry":{"type":"LineString","coordinates":[[-122.26501,37.872849],[-122.265017,37.87293],[-122.265031,37.873117],[-122.265052,37.873281],[-122.265077,37.873446],[-122.265078,37.873459],[-122.265135,37.873602]]}},{"type":"Feature","properties":{"kind":"trail","surface":"concrete"},"geometry":{"type":"LineString","coordinates":[[-122.265263,37.8725],[-122.265265,37.872523]]}},{"type":"Feature","properties":{"kind":"steps","surface":"concrete"},"geometry":{"type":"LineString","coordinates":[[-122.265265,37.872523],[-122.265336,37.872518]]}},{"type":"Feature","properties":{"kind":"steps","surface":"concrete"},"geometry":{"type":"LineString","coordinates":[[-122.265152,37.872507],[-122.265263,37.8725]]}},{"type":"Feature","properties":{"kind":"trail","surface":"asphalt"},"geometry":{"type":"LineString","coordinates":[[-122.264855,37.872469],[-122.264844,37.872469],[-122.264609,37.872484],[-122.264,37.872522]]}},{"type":"Feature","properties":{"kind":"steps","surface":"concrete"},"geometry":{"type":"LineString","coordinates":[[-122.264021,37.872598],[-122.264015,37.872566]]}},{"type":"Feature","properties":{"kind":"steps","surface":"concrete"},"geometry":{"type":"LineString","coordinates":[[-122.264998,37.872478],[-122.265041,37.872475]]}},{"type":"Feature","properties":{"kind":"steps"},"geometry":{"type":"LineString","coordinates":[[-122.264987,37.873286],[-122.265012,37.873284]]}},{"type":"Feature","properties":{"kind":"trail","surface":"concrete"},"geometry":{"type":"LineString","coordinates":[[-122.26515,37.872486],[-122.265152,37.872507]]}},{"type":"Feature","properties":{"kind":"steps","surface":"asphalt"},"geometry":{"type":"LineString","coordinates":[[-122.264896,37.872466],[-122.264855,37.872469]]}},{"type":"Feature","properties":{"kind":"trail","surface":"concrete"},"geometry":{"type":"LineString","coordinates":[[-122.26485,37.87294],[-122.26484,37.872862],[-122.26501,37.872849]]}},{"type":"Feature","properties":{"kind":"trail"},"geometry":{"type":"LineString","coordinates":[[-122.264928,37.872935],[-122.264945,37.873109],[-122.264946,37.873123],[-122.264954,37.873205],[-122.264962,37.873288]]}},{"type":"Feature","properties":{"kind":"trail","surface":"asphalt"},"geometry":{"type":"LineString","coordinates":[[-122.264015,37.872566],[-122.264,37.872522],[-122.263916,37.872416],[-122.263899,37.872302],[-122.263797,37.872224]]}},{"type":"Feature","properties":{"kind":"steps","surface":"concrete"},"geometry":{"type":"LineString","coordinates":[[-122.265044,37.872495],[-122.26515,37.872486]]}},{"type":"Feature","properties":{"kind":"trail"},"geometry":{"type":"LineString","coordinates":[[-122.224082,37.872403],[-122.223712,37.872329],[-122.223567,37.872571],[-122.223431,37.872511],[-122.223354,37.87237],[-122.22286,37.872034],[-122.222809,37.871872],[-122.222843,37.87157],[-122.222435,37.871167],[-122.222341,37.871012],[-122.221898,37.870837],[-122.22177,37.870703],[-122.221532,37.870743],[-122.221277,37.870871],[-122.220848,37.870869],[-122.220835,37.870667]]}},{"type":"Feature","properties":{"kind":"trail"},"geometry":{"type":"LineString","coordinates":[[-122.242805,37.86037],[-122.242705,37.860307],[-122.242691,37.860232]]}},{"type":"Feature","properties":{"kind":"steps"},"geometry":{"type":"LineString","coordinates":[[-122.243471,37.8601],[-122.243511,37.860075]]}},{"type":"Feature","properties":{"kind":"trail"},"geometry":{"type":"LineString","coordinates":[[-122.242691,37.860232],[-122.242248,37.86028]]}},{"type":"Feature","properties":{"kind":"steps"},"geometry":{"type":"LineString","coordinates":[[-122.243449,37.860275],[-122.243476,37.860241]]}},{"type":"Feature","properties":{"kind":"trail"},"geometry":{"type":"LineString","coordinates":[[-122.243476,37.860241],[-122.243452,37.860112],[-122.243471,37.8601]]}},{"type":"Feature","properties":{"kind":"trail"},"geometry":{"type":"LineString","coordinates":[[-122.243408,37.860293],[-122.243449,37.860275]]}},{"type":"Feature","properties":{"kind":"trail"},"geometry":{"type":"LineString","coordinates":[[-122.243189,37.859767],[-122.243298,37.860111]]}},{"type":"Feature","properties":{"kind":"trail"},"geometry":{"type":"LineString","coordinates":[[-122.242352,37.859791],[-122.242468,37.859823],[-122.242617,37.859867]]}},{"type":"Feature","properties":{"kind":"trail"},"geometry":{"type":"LineString","coordinates":[[-122.242468,37.859823],[-122.242446,37.859849],[-122.242537,37.859902]]}},{"type":"Feature","properties":{"kind":"trail"},"geometry":{"type":"LineString","coordinates":[[-122.242751,37.859879],[-122.242852,37.860205]]}},{"type":"Feature","properties":{"kind":"trail"},"geometry":{"type":"LineString","coordinates":[[-122.242855,37.859201],[-122.24258,37.859032],[-122.242226,37.858617],[-122.242071,37.858083],[-122.24196,37.857992],[-122.241848,37.858094]]}},{"type":"Feature","properties":{"kind":"trail"},"geometry":{"type":"LineString","coordinates":[[-122.241717,37.85972],[-122.241473,37.859413],[-122.2414,37.859331],[-122.24136,37.859019]]}},{"type":"Feature","properties":{"kind":"trail"},"geometry":{"type":"LineString","coordinates":[[-122.242833,37.860209],[-122.242852,37.860205],[-122.243298,37.860111],[-122.243452,37.860112]]}},{"type":"Feature","properties":{"kind":"steps"},"geometry":{"type":"LineString","coordinates":[[-122.242772,37.860222],[-122.242833,37.860209]]}},{"type":"Feature","properties":{"kind":"trail"},"geometry":{"type":"LineString","coordinates":[[-122.242691,37.860232],[-122.242772,37.860222]]}},{"type":"Feature","properties":{"kind":"trail"},"geometry":{"type":"LineString","coordinates":[[-122.243511,37.860075],[-122.243637,37.85996]]}},{"type":"Feature","properties":{"kind":"trail"},"geometry":{"type":"LineString","coordinates":[[-122.257372,37.866937],[-122.2569,37.867079],[-122.256916,37.86716]]}},{"type":"Feature","properties":{"kind":"trail"},"geometry":{"type":"LineString","coordinates":[[-122.257403,37.867096],[-122.257372,37.866937],[-122.257386,37.866628],[-122.257325,37.866535],[-122.257391,37.866525],[-122.257317,37.8662]]}},{"type":"Feature","properties":{"kind":"road","name":"Arlington Avenue","surface":"asphalt"},"geometry":{"type":"LineString","coordinates":[[-122.27489,37.894442],[-122.274693,37.894119]]}},{"type":"Feature","properties":{"kind":"road","name":"Arlington Avenue","surface":"asphalt"},"geometry":{"type":"LineString","coordinates":[[-122.274564,37.894039],[-122.274683,37.894252]]}},{"type":"Feature","properties":{"kind":"road","name":"Sacramento Street","surface":"paved"},"geometry":{"type":"LineString","coordinates":[[-122.282543,37.876265],[-122.282591,37.876697]]}},{"type":"Feature","properties":{"kind":"road","name":"Sacramento Street","surface":"paved"},"geometry":{"type":"LineString","coordinates":[[-122.282792,37.877119],[-122.282746,37.876687]]}},{"type":"Feature","properties":{"kind":"road","name":"Sacramento Street","surface":"asphalt"},"geometry":{"type":"LineString","coordinates":[[-122.283269,37.880995],[-122.283193,37.880649]]}},{"type":"Feature","properties":{"kind":"road","name":"Solano Avenue","surface":"paved"},"geometry":{"type":"LineString","coordinates":[[-122.279453,37.891356],[-122.279275,37.891364]]}},{"type":"Feature","properties":{"kind":"road","name":"Solano Avenue","surface":"paved"},"geometry":{"type":"LineString","coordinates":[[-122.280312,37.891317],[-122.280122,37.891321]]}},{"type":"Feature","properties":{"kind":"road","name":"Sacramento Street","surface":"paved"},"geometry":{"type":"LineString","coordinates":[[-122.282002,37.870078],[-122.281827,37.868034],[-122.281674,37.866518],[-122.281244,37.862519]]}},{"type":"Feature","properties":{"kind":"road","name":"Sacramento Street","surface":"asphalt"},"geometry":{"type":"LineString","coordinates":[[-122.282134,37.872624],[-122.282179,37.873037],[-122.282181,37.873052],[-122.282183,37.873064]]}},{"type":"Feature","properties":{"kind":"road","name":"Sacramento Street","surface":"asphalt"},"geometry":{"type":"LineString","coordinates":[[-122.282399,37.873637],[-122.282343,37.873116],[-122.282339,37.873079],[-122.282336,37.873046]]}},{"type":"Feature","properties":{"kind":"road","name":"Sacramento Street","surface":"asphalt"},"geometry":{"type":"LineString","coordinates":[[-122.282263,37.872391],[-122.282232,37.872143]]}},{"type":"Feature","properties":{"kind":"road","name":"Sacramento Street","surface":"asphalt"},"geometry":{"type":"LineString","coordinates":[[-122.282095,37.871083],[-122.282035,37.870458]]}},{"type":"Feature","properties":{"kind":"road","name":"Sacramento Street","surface":"asphalt"},"geometry":{"type":"LineString","coordinates":[[-122.281244,37.862519],[-122.281199,37.862187]]}},{"type":"Feature","properties":{"kind":"road","name":"Sacramento Street","surface":"asphalt"},"geometry":{"type":"LineString","coordinates":[[-122.280028,37.8584],[-122.280096,37.85873]]}},{"type":"Feature","properties":{"kind":"road","name":"Sacramento Street","surface":"asphalt"},"geometry":{"type":"LineString","coordinates":[[-122.281846,37.870006],[-122.281882,37.870366]]}},{"type":"Feature","properties":{"kind":"road","name":"Sacramento Street","surface":"asphalt"},"geometry":{"type":"LineString","coordinates":[[-122.282324,37.874317],[-122.282383,37.874877]]}},{"type":"Feature","properties":{"kind":"road","name":"Sacramento Street","surface":"asphalt"},"geometry":{"type":"LineString","coordinates":[[-122.280311,37.859034],[-122.280245,37.858711]]}},{"type":"Feature","properties":{"kind":"road","name":"Sacramento Street","surface":"asphalt"},"geometry":{"type":"LineString","coordinates":[[-122.282336,37.873046],[-122.282331,37.873007],[-122.282263,37.872391]]}},{"type":"Feature","properties":{"kind":"road","name":"Sacramento Street","surface":"paved"},"geometry":{"type":"LineString","coordinates":[[-122.282383,37.874877],[-122.282543,37.876265]]}},{"type":"Feature","properties":{"kind":"road","name":"Sacramento Street","surface":"asphalt"},"geometry":{"type":"LineString","coordinates":[[-122.280952,37.86188],[-122.281044,37.862206]]}},{"type":"Feature","properties":{"kind":"road","name":"Sacramento Street","surface":"asphalt"},"geometry":{"type":"LineString","coordinates":[[-122.282183,37.873064],[-122.282191,37.873137],[-122.282245,37.873599],[-122.282324,37.874317]]}},{"type":"Feature","properties":{"kind":"road","name":"Sacramento Street","surface":"asphalt"},"geometry":{"type":"LineString","coordinates":[[-122.282746,37.876687],[-122.282535,37.874848]]}},{"type":"Feature","properties":{"kind":"road","name":"Sacramento Street","surface":"asphalt"},"geometry":{"type":"LineString","coordinates":[[-122.281044,37.862206],[-122.281846,37.870006]]}},{"type":"Feature","properties":{"kind":"road","name":"Sacramento Street","surface":"asphalt"},"geometry":{"type":"LineString","coordinates":[[-122.281199,37.862187],[-122.281025,37.861656],[-122.280718,37.860975],[-122.280311,37.859034]]}},{"type":"Feature","properties":{"kind":"road","name":"Sacramento Street","surface":"asphalt"},"geometry":{"type":"LineString","coordinates":[[-122.280096,37.85873],[-122.280533,37.860874],[-122.280952,37.86188]]}},{"type":"Feature","properties":{"kind":"road","name":"University Avenue","surface":"asphalt"},"geometry":{"type":"LineString","coordinates":[[-122.284941,37.869973],[-122.284267,37.870059]]}},{"type":"Feature","properties":{"kind":"road","name":"University Avenue","surface":"asphalt"},"geometry":{"type":"LineString","coordinates":[[-122.278142,37.87085],[-122.27753,37.870927]]}},{"type":"Feature","properties":{"kind":"road","name":"University Avenue","surface":"asphalt"},"geometry":{"type":"LineString","coordinates":[[-122.282654,37.870264],[-122.282029,37.870346]]}},{"type":"Feature","properties":{"kind":"road","name":"University Avenue","surface":"asphalt"},"geometry":{"type":"LineString","coordinates":[[-122.281882,37.870366],[-122.280314,37.870571]]}},{"type":"Feature","properties":{"kind":"road","name":"University Avenue","surface":"asphalt"},"geometry":{"type":"LineString","coordinates":[[-122.280126,37.870596],[-122.279793,37.87064]]}},{"type":"Feature","properties":{"kind":"road","name":"University Avenue","surface":"asphalt"},"geometry":{"type":"LineString","coordinates":[[-122.279518,37.870779],[-122.279804,37.870743]]}},{"type":"Feature","properties":{"kind":"road","name":"University Avenue","surface":"asphalt"},"geometry":{"type":"LineString","coordinates":[[-122.279793,37.87064],[-122.278142,37.87085]]}},{"type":"Feature","properties":{"kind":"road","name":"University Avenue","surface":"asphalt"},"geometry":{"type":"LineString","coordinates":[[-122.283762,37.870238],[-122.284286,37.870171]]}},{"type":"Feature","properties":{"kind":"road","name":"University Avenue","surface":"asphalt"},"geometry":{"type":"LineString","coordinates":[[-122.282035,37.870458],[-122.282515,37.870398],[-122.283762,37.870238]]}},{"type":"Feature","properties":{"kind":"road","name":"University Avenue","surface":"paved"},"geometry":{"type":"LineString","coordinates":[[-122.284267,37.870059],[-122.283357,37.870175],[-122.282654,37.870264]]}},{"type":"Feature","properties":{"kind":"road","name":"University Avenue","surface":"asphalt"},"geometry":{"type":"LineString","coordinates":[[-122.28129,37.870551],[-122.281894,37.870473]]}},{"type":"Feature","properties":{"kind":"road","name":"University Avenue","surface":"asphalt"},"geometry":{"type":"LineString","coordinates":[[-122.279804,37.870743],[-122.28129,37.870551]]}},{"type":"Feature","properties":{"kind":"road","name":"Marin Avenue","surface":"paved"},"geometry":{"type":"LineString","coordinates":[[-122.28512,37.889511],[-122.284817,37.88949]]}},{"type":"Feature","properties":{"kind":"road","name":"Adeline Street","surface":"asphalt"},"geometry":{"type":"LineString","coordinates":[[-122.267579,37.85845],[-122.2674,37.859081]]}},{"type":"Feature","properties":{"kind":"road","name":"Adeline Street","surface":"asphalt"},"geometry":{"type":"LineString","coordinates":[[-122.26713,37.85954],[-122.267032,37.859708]]}},{"type":"Feature","properties":{"kind":"road","name":"Bancroft Way","surface":"asphalt"},"geometry":{"type":"LineString","coordinates":[[-122.265176,37.867941],[-122.265382,37.867913]]}},{"type":"Feature","properties":{"kind":"road","name":"Bancroft Way","surface":"asphalt"},"geometry":{"type":"LineString","coordinates":[[-122.267253,37.867668],[-122.26772,37.867608]]}},{"type":"Feature","properties":{"kind":"road","name":"Durant Avenue","surface":"paved"},"geometry":{"type":"LineString","coordinates":[[-122.266183,37.866888],[-122.26582,37.866936]]}},{"type":"Feature","properties":{"kind":"road","name":"Haste Street","surface":"asphalt"},"geometry":{"type":"LineString","coordinates":[[-122.27169,37.864341],[-122.272209,37.864283]]}},{"type":"Feature","properties":{"kind":"road","name":"Hearst Avenue","surface":"asphalt"},"geometry":{"type":"LineString","coordinates":[[-122.269119,37.873811],[-122.268652,37.873865]]}},{"type":"Feature","properties":{"kind":"road","name":"Hearst Avenue","surface":"asphalt"},"geometry":{"type":"LineString","coordinates":[[-122.266312,37.874149],[-122.266127,37.874167]]}},{"type":"Feature","properties":{"kind":"road","name":"Hearst Avenue","surface":"asphalt"},"geometry":{"type":"LineString","coordinates":[[-122.266773,37.874099],[-122.266312,37.874149]]}},{"type":"Feature","properties":{"kind":"road","name":"Hearst Avenue","surface":"asphalt"},"geometry":{"type":"LineString","coordinates":[[-122.264356,37.874472],[-122.264231,37.874511]]}},{"type":"Feature","properties":{"kind":"road","name":"Martin Luther King Junior Way","surface":"asphalt"},"geometry":{"type":"LineString","coordinates":[[-122.273074,37.872141],[-122.273055,37.871925]]}},{"type":"Feature","properties":{"kind":"road","name":"Martin Luther King Junior Way","surface":"asphalt"},"geometry":{"type":"LineString","coordinates":[[-122.272073,37.863365],[-122.272136,37.863575]]}},{"type":"Feature","properties":{"kind":"road","name":"Martin Luther King Junior Way","surface":"asphalt"},"geometry":{"type":"LineString","coordinates":[[-122.273215,37.873338],[-122.273181,37.873017]]}},{"type":"Feature","properties":{"kind":"road","name":"Martin Luther King Junior Way","surface":"asphalt"},"geometry":{"type":"LineString","coordinates":[[-122.273181,37.873017],[-122.273116,37.872459]]}},{"type":"Feature","properties":{"kind":"road","name":"Martin Luther King Junior Way","surface":"asphalt"},"geometry":{"type":"LineString","coordinates":[[-122.272714,37.868793],[-122.272686,37.868507]]}},{"type":"Feature","properties":{"kind":"road","name":"Martin Luther King Junior Way","surface":"asphalt"},"geometry":{"type":"LineString","coordinates":[[-122.272089,37.863153],[-122.272073,37.863365]]}},{"type":"Feature","properties":{"kind":"road","name":"Martin Luther King Junior Way","surface":"asphalt"},"geometry":{"type":"LineString","coordinates":[[-122.273116,37.872459],[-122.273074,37.872141]]}},{"type":"Feature","properties":{"kind":"road","name":"Martin Luther King Junior Way","surface":"asphalt"},"geometry":{"type":"LineString","coordinates":[[-122.272845,37.869911],[-122.272884,37.870239]]}},{"type":"Feature","properties":{"kind":"road","name":"Martin Luther King Junior Way","surface":"asphalt"},"geometry":{"type":"LineString","coordinates":[[-122.273253,37.87366],[-122.273248,37.873619],[-122.273235,37.873504],[-122.273215,37.873338]]}},{"type":"Feature","properties":{"kind":"road","name":"Martin Luther King Junior Way","surface":"asphalt"},"geometry":{"type":"LineString","coordinates":[[-122.27294,37.870781],[-122.272974,37.871113]]}},{"type":"Feature","properties":{"kind":"road","name":"Martin Luther King Junior Way","surface":"asphalt"},"geometry":{"type":"LineString","coordinates":[[-122.272714,37.868793],[-122.272726,37.86894],[-122.272733,37.869015]]}},{"type":"Feature","properties":{"kind":"road","name":"Shattuck Avenue","surface":"asphalt"},"geometry":{"type":"LineString","coordinates":[[-122.267088,37.860596],[-122.267129,37.860333]]}},{"type":"Feature","properties":{"kind":"road","name":"Shattuck Avenue","surface":"asphalt"},"geometry":{"type":"LineString","coordinates":[[-122.268491,37.873464],[-122.268537,37.87388]]}},{"type":"Feature","properties":{"kind":"road","name":"Shattuck Avenue","surface":"asphalt"},"geometry":{"type":"LineString","coordinates":[[-122.267225,37.86215],[-122.267149,37.861504]]}},{"type":"Feature","properties":{"kind":"road","name":"Shattuck Avenue","surface":"asphalt"},"geometry":{"type":"LineString","coordinates":[[-122.268652,37.873865],[-122.268589,37.873324],[-122.268583,37.873283]]}},{"type":"Feature","properties":{"kind":"road","name":"Shattuck Avenue","surface":"asphalt"},"geometry":{"type":"LineString","coordinates":[[-122.268038,37.869386],[-122.267974,37.868692]]}},{"type":"Feature","properties":{"kind":"road","name":"Shattuck Avenue","surface":"asphalt"},"geometry":{"type":"LineString","coordinates":[[-122.267013,37.860015],[-122.266973,37.86036]]}},{"type":"Feature","properties":{"kind":"road","name":"Shattuck Avenue","surface":"asphalt"},"geometry":{"type":"LineString","coordinates":[[-122.267782,37.866952],[-122.267751,37.866682]]}},{"type":"Feature","properties":{"kind":"road","name":"Shattuck Avenue","surface":"asphalt"},"geometry":{"type":"LineString","coordinates":[[-122.267149,37.861504],[-122.267138,37.861414]]}},{"type":"Feature","properties":{"kind":"road","name":"Shattuck Avenue","surface":"asphalt"},"geometry":{"type":"LineString","coordinates":[[-122.267439,37.863968],[-122.267358,37.863325]]}},{"type":"Feature","properties":{"kind":"road","name":"Shattuck Avenue","surface":"asphalt"},"geometry":{"type":"LineString","coordinates":[[-122.267547,37.864876],[-122.267474,37.86423]]}},{"type":"Feature","properties":{"kind":"road","name":"Shattuck Avenue","surface":"asphalt"},"geometry":{"type":"LineString","coordinates":[[-122.267999,37.869956],[-122.26801,37.869763]]}},{"type":"Feature","properties":{"kind":"road","name":"Shattuck Avenue","surface":"asphalt"},"geometry":{"type":"LineString","coordinates":[[-122.267328,37.863059],[-122.267253,37.862403]]}},{"type":"Feature","properties":{"kind":"road","name":"Shattuck Avenue","surface":"asphalt"},"geometry":{"type":"LineString","coordinates":[[-122.267358,37.863325],[-122.267328,37.863059]]}},{"type":"Feature","properties":{"kind":"road","name":"Shattuck Avenue","surface":"asphalt"},"geometry":{"type":"LineString","coordinates":[[-122.267474,37.86423],[-122.267439,37.863968]]}},{"type":"Feature","properties":{"kind":"road","name":"Shattuck Avenue","surface":"asphalt"},"geometry":{"type":"LineString","coordinates":[[-122.267974,37.868692],[-122.267953,37.868483]]}},{"type":"Feature","properties":{"kind":"road","name":"Shattuck Avenue","surface":"asphalt"},"geometry":{"type":"LineString","coordinates":[[-122.267675,37.866017],[-122.267648,37.865777]]}},{"type":"Feature","properties":{"kind":"road","name":"Shattuck Avenue","surface":"asphalt"},"geometry":{"type":"LineString","coordinates":[[-122.267253,37.862403],[-122.267225,37.86215]]}},{"type":"Feature","properties":{"kind":"road","name":"Shattuck Avenue","surface":"asphalt"},"geometry":{"type":"LineString","coordinates":[[-122.267751,37.866682],[-122.267675,37.866017]]}},{"type":"Feature","properties":{"kind":"road","name":"Shattuck Avenue","surface":"asphalt"},"geometry":{"type":"LineString","coordinates":[[-122.2687,37.874311],[-122.268652,37.873865]]}},{"type":"Feature","properties":{"kind":"road","name":"Shattuck Avenue","surface":"asphalt"},"geometry":{"type":"LineString","coordinates":[[-122.268064,37.870314],[-122.267999,37.869956]]}},{"type":"Feature","properties":{"kind":"road","name":"University Avenue","surface":"asphalt"},"geometry":{"type":"LineString","coordinates":[[-122.272476,37.871629],[-122.272222,37.871659]]}},{"type":"Feature","properties":{"kind":"road","name":"University Avenue","surface":"asphalt"},"geometry":{"type":"LineString","coordinates":[[-122.272222,37.871659],[-122.271893,37.871703]]}},{"type":"Feature","properties":{"kind":"road","name":"University Avenue","surface":"asphalt"},"geometry":{"type":"LineString","coordinates":[[-122.274681,37.871402],[-122.27529,37.871323]]}},{"type":"Feature","properties":{"kind":"road","name":"University Avenue","surface":"asphalt"},"geometry":{"type":"LineString","coordinates":[[-122.273334,37.871465],[-122.273015,37.871563]]}},{"type":"Feature","properties":{"kind":"road","name":"University Avenue","surface":"asphalt"},"geometry":{"type":"LineString","coordinates":[[-122.273015,37.871563],[-122.273201,37.871586],[-122.274681,37.871402]]}},{"type":"Feature","properties":{"kind":"road","name":"Fulton Street","surface":"asphalt"},"geometry":{"type":"LineString","coordinates":[[-122.266021,37.867998],[-122.265989,37.867833]]}},{"type":"Feature","properties":{"kind":"road","name":"Fulton Street","surface":"asphalt"},"geometry":{"type":"LineString","coordinates":[[-122.265989,37.867833],[-122.265905,37.867386]]}},{"type":"Feature","properties":{"kind":"road","name":"Oxford Street","surface":"asphalt"},"geometry":{"type":"LineString","coordinates":[[-122.265915,37.871475],[-122.265965,37.871921]]}},{"type":"Feature","properties":{"kind":"road","name":"Oxford Street","surface":"asphalt"},"geometry":{"type":"LineString","coordinates":[[-122.266181,37.873759],[-122.266198,37.873939]]}},{"type":"Feature","properties":{"kind":"road","name":"Oxford Street","surface":"asphalt"},"geometry":{"type":"LineString","coordinates":[[-122.266209,37.872901],[-122.266162,37.872473]]}},{"type":"Feature","properties":{"kind":"road","name":"Oxford Street","surface":"asphalt"},"geometry":{"type":"LineString","coordinates":[[-122.265774,37.870232],[-122.265815,37.870609]]}},{"type":"Feature","properties":{"kind":"road","name":"Oxford Street","surface":"asphalt"},"geometry":{"type":"LineString","coordinates":[[-122.265815,37.870609],[-122.265875,37.871136]]}},{"type":"Feature","properties":{"kind":"road","name":"Oxford Street","surface":"asphalt"},"geometry":{"type":"LineString","coordinates":[[-122.266284,37.873604],[-122.266258,37.873353]]}},{"type":"Feature","properties":{"kind":"road","name":"Oxford Street","surface":"asphalt"},"geometry":{"type":"LineString","coordinates":[[-122.266258,37.873353],[-122.266209,37.872901]]}},{"type":"Feature","properties":{"kind":"road","name":"Oxford Street","surface":"asphalt"},"geometry":{"type":"LineString","coordinates":[[-122.2661,37.873098],[-122.266126,37.873374]]}},{"type":"Feature","properties":{"kind":"road","name":"Oxford Street","surface":"asphalt"},"geometry":{"type":"LineString","coordinates":[[-122.265989,37.870962],[-122.265947,37.870593]]}},{"type":"Feature","properties":{"kind":"road","name":"Oxford Street","surface":"asphalt"},"geometry":{"type":"LineString","coordinates":[[-122.266198,37.873939],[-122.266215,37.874068],[-122.266312,37.874149]]}},{"type":"Feature","properties":{"kind":"road","name":"Oxford Street","surface":"asphalt"},"geometry":{"type":"LineString","coordinates":[[-122.265965,37.871921],[-122.266026,37.872465]]}},{"type":"Feature","properties":{"kind":"road","name":"Oxford Street","surface":"asphalt"},"geometry":{"type":"LineString","coordinates":[[-122.266312,37.874149],[-122.266346,37.874061],[-122.266319,37.873813],[-122.266284,37.873604]]}},{"type":"Feature","properties":{"kind":"road","name":"Shattuck Avenue","surface":"asphalt"},"geometry":{"type":"LineString","coordinates":[[-122.267788,37.868262],[-122.267819,37.868506]]}},{"type":"Feature","properties":{"kind":"road","name":"Kala Bagai Way","surface":"asphalt"},"geometry":{"type":"LineString","coordinates":[[-122.267796,37.872005],[-122.267819,37.872177]]}},{"type":"Feature","properties":{"kind":"road","name":"Shattuck Avenue","surface":"asphalt"},"geometry":{"type":"LineString","coordinates":[[-122.267589,37.866422],[-122.267621,37.8667]]}},{"type":"Feature","properties":{"kind":"road","name":"Shattuck Avenue","surface":"asphalt"},"geometry":{"type":"LineString","coordinates":[[-122.267312,37.863984],[-122.267397,37.864685]]}},{"type":"Feature","properties":{"kind":"road","name":"Shattuck Avenue","surface":"asphalt"},"geometry":{"type":"LineString","coordinates":[[-122.267064,37.861907],[-122.267092,37.86217]]}},{"type":"Feature","properties":{"kind":"road","name":"Shattuck Avenue","surface":"asphalt"},"geometry":{"type":"LineString","coordinates":[[-122.26749,37.86554],[-122.267518,37.865796]]}},{"type":"Feature","properties":{"kind":"road","name":"Shattuck Avenue","surface":"asphalt"},"geometry":{"type":"LineString","coordinates":[[-122.266958,37.861013],[-122.266975,37.861125]]}},{"type":"Feature","properties":{"kind":"road","name":"Shattuck Avenue","surface":"asphalt"},"geometry":{"type":"LineString","coordinates":[[-122.267819,37.868506],[-122.267839,37.868668]]}},{"type":"Feature","properties":{"kind":"road","name":"Shattuck Avenue","surface":"asphalt"},"geometry":{"type":"LineString","coordinates":[[-122.267694,37.867346],[-122.26772,37.867608]]}},{"type":"Feature","properties":{"kind":"road","name":"Shattuck Avenue","surface":"asphalt"},"geometry":{"type":"LineString","coordinates":[[-122.267397,37.864685],[-122.267418,37.864894]]}},{"type":"Feature","properties":{"kind":"road","name":"Shattuck Avenue","surface":"asphalt"},"geometry":{"type":"LineString","coordinates":[[-122.267092,37.86217],[-122.267169,37.862809]]}},{"type":"Feature","properties":{"kind":"road","name":"Shattuck Avenue","surface":"asphalt"},"geometry":{"type":"LineString","coordinates":[[-122.26699,37.861267],[-122.267006,37.86142]]}},{"type":"Feature","properties":{"kind":"road","name":"Shattuck Avenue","surface":"asphalt"},"geometry":{"type":"LineString","coordinates":[[-122.267169,37.862809],[-122.267199,37.863079]]}},{"type":"Feature","properties":{"kind":"road","name":"Shattuck Avenue","surface":"asphalt"},"geometry":{"type":"LineString","coordinates":[[-122.267418,37.864894],[-122.26749,37.86554]]}},{"type":"Feature","properties":{"kind":"road","name":"Shattuck Avenue","surface":"asphalt"},"geometry":{"type":"LineString","coordinates":[[-122.267892,37.869166],[-122.267895,37.86941]]}},{"type":"Feature","properties":{"kind":"road","name":"Shattuck Avenue","surface":"asphalt"},"geometry":{"type":"LineString","coordinates":[[-122.26772,37.867608],[-122.267788,37.868262]]}},{"type":"Feature","properties":{"kind":"road","name":"Shattuck Avenue","surface":"asphalt"},"geometry":{"type":"LineString","coordinates":[[-122.266973,37.86036],[-122.266933,37.860747],[-122.266958,37.861013]]}},{"type":"Feature","properties":{"kind":"road","name":"Dana Street","surface":"asphalt"},"geometry":{"type":"LineString","coordinates":[[-122.260801,37.865215],[-122.260723,37.864835]]}},{"type":"Feature","properties":{"kind":"road","name":"Telegraph Avenue","surface":"asphalt"},"geometry":{"type":"LineString","coordinates":[[-122.258581,37.865746],[-122.258638,37.866029]]}},{"type":"Feature","properties":{"kind":"road","name":"Telegraph Avenue","surface":"asphalt"},"geometry":{"type":"LineString","coordinates":[[-122.258454,37.865127],[-122.258581,37.865746]]}},{"type":"Feature","properties":{"kind":"road","name":"Cedar Street","surface":"asphalt"},"geometry":{"type":"LineString","coordinates":[[-122.269168,37.878415],[-122.269054,37.878428]]}},{"type":"Feature","properties":{"kind":"road","name":"Cedar Street","surface":"asphalt"},"geometry":{"type":"LineString","coordinates":[[-122.269553,37.878371],[-122.269168,37.878415]]}},{"type":"Feature","properties":{"kind":"road","name":"Cedar Street","surface":"asphalt"},"geometry":{"type":"LineString","coordinates":[[-122.269054,37.878428],[-122.26876,37.87846]]}},{"type":"Feature","properties":{"kind":"road","name":"Cedar Street","surface":"asphalt"},"geometry":{"type":"LineString","coordinates":[[-122.273707,37.877833],[-122.27142,37.878132]]}},{"type":"Feature","properties":{"kind":"road","name":"Monterey Avenue","surface":"asphalt"},"geometry":{"type":"LineString","coordinates":[[-122.275981,37.888476],[-122.276384,37.888169]]}},{"type":"Feature","properties":{"kind":"road","name":"Sacramento Street","surface":"asphalt"},"geometry":{"type":"LineString","coordinates":[[-122.279493,37.855739],[-122.279555,37.856044]]}},{"type":"Feature","properties":{"kind":"road","name":"Sacramento Street","surface":"asphalt"},"geometry":{"type":"LineString","coordinates":[[-122.27933,37.854923],[-122.279493,37.855739]]}},{"type":"Feature","properties":{"kind":"road","name":"Sacramento Street","surface":"asphalt"},"geometry":{"type":"LineString","coordinates":[[-122.279524,37.855201],[-122.279465,37.854901]]}},{"type":"Feature","properties":{"kind":"road","name":"Sacramento Street","surface":"asphalt"},"geometry":{"type":"LineString","coordinates":[[-122.279555,37.856044],[-122.279911,37.857832]]}},{"type":"Feature","properties":{"kind":"road","name":"Sacramento Street","surface":"asphalt"},"geometry":{"type":"LineString","coordinates":[[-122.280245,37.858711],[-122.279524,37.855201]]}},{"type":"Feature","properties":{"kind":"road","name":"Henry Street","surface":"asphalt"},"geometry":{"type":"LineString","coordinates":[[-122.271156,37.885083],[-122.271216,37.885484]]}},{"type":"Feature","properties":{"kind":"road","name":"Marin Avenue","surface":"asphalt"},"geometry":{"type":"LineString","coordinates":[[-122.276106,37.888922],[-122.275949,37.888949]]}},{"type":"Feature","properties":{"kind":"road","name":"Marin Avenue","surface":"asphalt"},"geometry":{"type":"LineString","coordinates":[[-122.276934,37.888881],[-122.276539,37.88888]]}},{"type":"Feature","properties":{"kind":"road","name":"Marin Avenue","surface":"asphalt"},"geometry":{"type":"LineString","coordinates":[[-122.276539,37.88888],[-122.276106,37.888922]]}},{"type":"Feature","properties":{"kind":"road","name":"Martin Luther King Junior Way","surface":"paved"},"geometry":{"type":"LineString","coordinates":[[-122.273707,37.877833],[-122.27369,37.877585]]}},{"type":"Feature","properties":{"kind":"road","name":"Martin Luther King Junior Way","surface":"paved"},"geometry":{"type":"LineString","coordinates":[[-122.273722,37.878052],[-122.273707,37.877833]]}},{"type":"Feature","properties":{"kind":"road","name":"Shattuck Avenue","surface":"asphalt"},"geometry":{"type":"LineString","coordinates":[[-122.269258,37.880235],[-122.269274,37.88037]]}},{"type":"Feature","properties":{"kind":"road","name":"Shattuck Avenue","surface":"asphalt"},"geometry":{"type":"LineString","coordinates":[[-122.268989,37.876847],[-122.268961,37.876599]]}},{"type":"Feature","properties":{"kind":"road","name":"Shattuck Avenue","surface":"asphalt"},"geometry":{"type":"LineString","coordinates":[[-122.268821,37.876373],[-122.268848,37.876613]]}},{"type":"Feature","properties":{"kind":"road","name":"Shattuck Avenue","surface":"asphalt"},"geometry":{"type":"LineString","coordinates":[[-122.269223,37.878908],[-122.269168,37.878415]]}},{"type":"Feature","properties":{"kind":"road","name":"Shattuck Avenue","surface":"asphalt"},"geometry":{"type":"LineString","coordinates":[[-122.269054,37.878428],[-122.269258,37.880235]]}},{"type":"Feature","properties":{"kind":"road","name":"Shattuck Avenue","surface":"asphalt"},"geometry":{"type":"LineString","coordinates":[[-122.269432,37.880699],[-122.26941,37.880553]]}},{"type":"Feature","properties":{"kind":"road","name":"Shattuck Avenue","surface":"asphalt"},"geometry":{"type":"LineString","coordinates":[[-122.269531,37.880948],[-122.269432,37.880699]]}},{"type":"Feature","properties":{"kind":"road","name":"Shattuck Avenue","surface":"asphalt"},"geometry":{"type":"LineString","coordinates":[[-122.268998,37.87793],[-122.269054,37.878428]]}},{"type":"Feature","properties":{"kind":"road","name":"Shattuck Avenue","surface":"asphalt"},"geometry":{"type":"LineString","coordinates":[[-122.268537,37.87388],[-122.268821,37.876373]]}},{"type":"Feature","properties":{"kind":"road","name":"Shattuck Avenue","surface":"asphalt"},"geometry":{"type":"LineString","coordinates":[[-122.269168,37.878415],[-122.268989,37.876847]]}},{"type":"Feature","properties":{"kind":"road","name":"Shattuck Avenue","surface":"asphalt"},"geometry":{"type":"LineString","coordinates":[[-122.268961,37.876599],[-122.2687,37.874311]]}},{"type":"Feature","properties":{"kind":"road","name":"Shattuck Place","surface":"asphalt"},"geometry":{"type":"LineString","coordinates":[[-122.270008,37.881729],[-122.270314,37.881936]]}},{"type":"Feature","properties":{"kind":"road","name":"Sutter Street","surface":"asphalt"},"geometry":{"type":"LineString","coordinates":[[-122.272384,37.888488],[-122.27237,37.888128]]}},{"type":"Feature","properties":{"kind":"road","name":"Sutter Street","surface":"asphalt"},"geometry":{"type":"LineString","coordinates":[[-122.271502,37.885946],[-122.271478,37.885899]]}},{"type":"Feature","properties":{"kind":"road","name":"Sutter Street","surface":"asphalt"},"geometry":{"type":"LineString","coordinates":[[-122.271735,37.886204],[-122.271502,37.885946]]}},{"type":"Feature","properties":{"kind":"road","name":"The Alameda","surface":"asphalt"},"geometry":{"type":"LineString","coordinates":[[-122.277006,37.891056],[-122.276859,37.890343]]}},{"type":"Feature","properties":{"kind":"road","name":"The Alameda","surface":"asphalt"},"geometry":{"type":"LineString","coordinates":[[-122.276859,37.890343],[-122.276806,37.890093]]}},{"type":"Feature","properties":{"kind":"road","name":"The Alameda","surface":"asphalt"},"geometry":{"type":"LineString","coordinates":[[-122.276358,37.888042],[-122.276295,37.887721]]}},{"type":"Feature","properties":{"kind":"road","name":"The Alameda","surface":"asphalt"},"geometry":{"type":"LineString","coordinates":[[-122.276384,37.888169],[-122.276441,37.888422]]}},{"type":"Feature","properties":{"kind":"road","name":"The Alameda","surface":"asphalt"},"geometry":{"type":"LineString","coordinates":[[-122.277021,37.891123],[-122.277006,37.891056]]}},{"type":"Feature","properties":{"kind":"road","name":"The Alameda","surface":"asphalt"},"geometry":{"type":"LineString","coordinates":[[-122.276441,37.888422],[-122.276539,37.88888]]}},{"type":"Feature","properties":{"kind":"road","name":"The Alameda","surface":"asphalt"},"geometry":{"type":"LineString","coordinates":[[-122.274689,37.885166],[-122.274556,37.884936]]}},{"type":"Feature","properties":{"kind":"road","name":"The Alameda","surface":"asphalt"},"geometry":{"type":"LineString","coordinates":[[-122.275202,37.885672],[-122.275142,37.88561],[-122.275109,37.885578]]}},{"type":"Feature","properties":{"kind":"road","name":"The Alameda","surface":"asphalt"},"geometry":{"type":"LineString","coordinates":[[-122.276806,37.890093],[-122.276617,37.889243]]}},{"type":"Feature","properties":{"kind":"road","name":"Ashby Avenue","surface":"asphalt"},"geometry":{"type":"LineString","coordinates":[[-122.258254,37.856372],[-122.258002,37.856405]]}},{"type":"Feature","properties":{"kind":"road","name":"Ashby Avenue","surface":"asphalt"},"geometry":{"type":"LineString","coordinates":[[-122.25917,37.856253],[-122.258586,37.856329]]}},{"type":"Feature","properties":{"kind":"road","name":"Ashby Avenue","surface":"asphalt"},"geometry":{"type":"LineString","coordinates":[[-122.258002,37.856405],[-122.257633,37.856453]]}},{"type":"Feature","properties":{"kind":"road","name":"Ashby Avenue","surface":"asphalt"},"geometry":{"type":"LineString","coordinates":[[-122.268554,37.854988],[-122.268416,37.855044]]}},{"type":"Feature","properties":{"kind":"road","name":"Telegraph Avenue","surface":"asphalt"},"geometry":{"type":"LineString","coordinates":[[-122.259776,37.85563],[-122.259698,37.856187]]}},{"type":"Feature","properties":{"kind":"road","name":"Telegraph Avenue","surface":"asphalt"},"geometry":{"type":"LineString","coordinates":[[-122.259837,37.855192],[-122.259806,37.85541]]}},{"type":"Feature","properties":{"kind":"road","name":"Telegraph Avenue","surface":"asphalt"},"geometry":{"type":"LineString","coordinates":[[-122.259812,37.854964],[-122.259789,37.855129],[-122.259837,37.855192]]}},{"type":"Feature","properties":{"kind":"road","name":"Dwight Way","surface":"asphalt"},"geometry":{"type":"LineString","coordinates":[[-122.254138,37.865685],[-122.253922,37.86572]]}},{"type":"Feature","properties":{"kind":"road","name":"Dwight Way","surface":"asphalt"},"geometry":{"type":"LineString","coordinates":[[-122.256182,37.865419],[-122.255213,37.865544]]}},{"type":"Feature","properties":{"kind":"road","name":"Haste Street","surface":"asphalt"},"geometry":{"type":"LineString","coordinates":[[-122.253757,37.866562],[-122.254085,37.866564]]}},{"type":"Feature","properties":{"kind":"road","name":"Haste Street","surface":"asphalt"},"geometry":{"type":"LineString","coordinates":[[-122.251833,37.866807],[-122.252938,37.866667],[-122.253757,37.866562]]}},{"type":"Feature","properties":{"kind":"road","name":"Adeline Street","surface":"asphalt"},"geometry":{"type":"LineString","coordinates":[[-122.268974,37.854734],[-122.268773,37.8553]]}},{"type":"Feature","properties":{"kind":"road","name":"Adeline Street","surface":"asphalt"},"geometry":{"type":"LineString","coordinates":[[-122.268977,37.855177],[-122.269118,37.854807]]}},{"type":"Feature","properties":{"kind":"road","name":"Shattuck Avenue","surface":"asphalt"},"geometry":{"type":"LineString","coordinates":[[-122.266514,37.855296],[-122.266553,37.85556]]}},{"type":"Feature","properties":{"kind":"road","name":"Shattuck Avenue","surface":"asphalt"},"geometry":{"type":"LineString","coordinates":[[-122.266795,37.857451],[-122.266816,37.857627]]}},{"type":"Feature","properties":{"kind":"road","name":"Durant Avenue","surface":"asphalt"},"geometry":{"type":"LineString","coordinates":[[-122.252601,37.868632],[-122.252274,37.868679]]}},{"type":"Feature","properties":{"kind":"road","name":"Durant Avenue","surface":"asphalt"},"geometry":{"type":"LineString","coordinates":[[-122.255021,37.868326],[-122.254443,37.868338]]}},{"type":"Feature","properties":{"kind":"trail"},"geometry":{"type":"LineString","coordinates":[[-122.276005,37.883025],[-122.27607,37.883017],[-122.276115,37.882913],[-122.276452,37.882827],[-122.276544,37.882712]]}},{"type":"Feature","properties":{"kind":"road","name":"The Alameda","surface":"asphalt"},"geometry":{"type":"LineString","coordinates":[[-122.275595,37.886131],[-122.275469,37.885972]]}},{"type":"Feature","properties":{"kind":"road","name":"The Alameda","surface":"asphalt"},"geometry":{"type":"LineString","coordinates":[[-122.275469,37.885972],[-122.275252,37.885727],[-122.275202,37.885672]]}},{"type":"Feature","properties":{"kind":"road","name":"Arlington Avenue"},"geometry":{"type":"LineString","coordinates":[[-122.278472,37.904843],[-122.278504,37.904938],[-122.278866,37.906046]]}},{"type":"Feature","properties":{"kind":"road","name":"Arlington Avenue"},"geometry":{"type":"LineString","coordinates":[[-122.278328,37.904448],[-122.278472,37.904843]]}},{"type":"Feature","properties":{"kind":"trail"},"geometry":{"type":"LineString","coordinates":[[-122.260029,37.868883],[-122.259806,37.868912]]}},{"type":"Feature","properties":{"kind":"road","name":"Lower Sproul Plaza","surface":"paving_stones"},"geometry":{"type":"LineString","coordinates":[[-122.260442,37.869446],[-122.26049,37.869533],[-122.260503,37.86942],[-122.260497,37.869389],[-122.260487,37.869331],[-122.260452,37.869156],[-122.260431,37.868941],[-122.260666,37.868911],[-122.260647,37.86881],[-122.260374,37.868863],[-122.260029,37.868883],[-122.260002,37.868744],[-122.259963,37.868757],[-122.259873,37.868789],[-122.259854,37.868795],[-122.259795,37.868814],[-122.259806,37.868912],[-122.259858,37.868919],[-122.259929,37.868908],[-122.259997,37.869039],[-122.259959,37.869044],[-122.260035,37.869379],[-122.259791,37.869404],[-122.259792,37.869448],[-122.259783,37.869469],[-122.259806,37.869578],[-122.259875,37.869583],[-122.26014,37.869549],[-122.26013,37.869489],[-122.260442,37.869446]]}},{"type":"Feature","properties":{"kind":"steps","surface":"concrete"},"geometry":{"type":"LineString","coordinates":[[-122.259769,37.868778],[-122.259795,37.868814]]}},{"type":"Feature","properties":{"kind":"road","surface":"concrete"},"geometry":{"type":"LineString","coordinates":[[-122.260002,37.868744],[-122.26001,37.868685],[-122.259418,37.868761],[-122.259412,37.868804],[-122.259769,37.868778],[-122.259854,37.868795],[-122.259873,37.868789],[-122.259963,37.868757],[-122.260002,37.868744]]}},{"type":"Feature","properties":{"kind":"road","name":"Cesar Chavez Patio"},"geometry":{"type":"LineString","coordinates":[[-122.260415,37.869515],[-122.260371,37.869541],[-122.260376,37.869566],[-122.260387,37.869616],[-122.26031,37.869627],[-122.2603,37.869583],[-122.259831,37.86968],[-122.259679,37.869691],[-122.259669,37.869657],[-122.259659,37.869613],[-122.260159,37.869549],[-122.260146,37.869488],[-122.260402,37.869453],[-122.260415,37.869515]]}},{"type":"Feature","properties":{"kind":"road","name":"Haste Street","surface":"asphalt"},"geometry":{"type":"LineString","coordinates":[[-122.269951,37.864566],[-122.27169,37.864341]]}},{"type":"Feature","properties":{"kind":"road","name":"Oxford Street","surface":"asphalt"},"geometry":{"type":"LineString","coordinates":[[-122.266394,37.874601],[-122.266312,37.874149]]}},{"type":"Feature","properties":{"kind":"road","name":"Shattuck Avenue","surface":"asphalt"},"geometry":{"type":"LineString","coordinates":[[-122.266479,37.855008],[-122.266514,37.855296]]}},{"type":"Feature","properties":{"kind":"road","name":"Solano Avenue","surface":"paved"},"geometry":{"type":"LineString","coordinates":[[-122.279637,37.891348],[-122.279521,37.891354]]}},{"type":"Feature","properties":{"kind":"road","name":"Shattuck Avenue","surface":"asphalt"},"geometry":{"type":"LineString","coordinates":[[-122.266137,37.852384],[-122.266479,37.855008]]}},{"type":"Feature","properties":{"kind":"steps","surface":"paved"},"geometry":{"type":"LineString","coordinates":[[-122.232664,37.857169],[-122.233135,37.857197]]}},{"type":"Feature","properties":{"kind":"trail","surface":"asphalt"},"geometry":{"type":"LineString","coordinates":[[-122.261887,37.885822],[-122.261966,37.885823],[-122.261893,37.885794]]}},{"type":"Feature","properties":{"kind":"road","name":"Monterey Avenue","surface":"paved"},"geometry":{"type":"LineString","coordinates":[[-122.280335,37.885874],[-122.280017,37.886195]]}},{"type":"Feature","properties":{"kind":"road","name":"Monterey Avenue","surface":"paved"},"geometry":{"type":"LineString","coordinates":[[-122.279081,37.886899],[-122.278414,37.887207]]}},{"type":"Feature","properties":{"kind":"road","name":"Monterey Avenue","surface":"paved"},"geometry":{"type":"LineString","coordinates":[[-122.280017,37.886195],[-122.279694,37.88648],[-122.279081,37.886899]]}},{"type":"Feature","properties":{"kind":"trail","surface":"brick"},"geometry":{"type":"LineString","coordinates":[[-122.278582,37.887226],[-122.278649,37.887189],[-122.278651,37.887259]]}},{"type":"Feature","properties":{"kind":"trail","surface":"brick"},"geometry":{"type":"LineString","coordinates":[[-122.278644,37.887311],[-122.278539,37.887347],[-122.278522,37.887251]]}},{"type":"Feature","properties":{"kind":"trail","surface":"asphalt"},"geometry":{"type":"LineString","coordinates":[[-122.24677,37.880549],[-122.24685,37.880459],[-122.24687,37.880387]]}},{"type":"Feature","properties":{"kind":"trail","surface":"concrete"},"geometry":{"type":"LineString","coordinates":[[-122.280085,37.886619],[-122.279978,37.886511],[-122.279848,37.886479]]}},{"type":"Feature","properties":{"kind":"trail","surface":"asphalt"},"geometry":{"type":"LineString","coordinates":[[-122.283745,37.855207],[-122.283565,37.85523],[-122.283571,37.855307],[-122.283288,37.855341],[-122.283217,37.855301],[-122.283206,37.855236],[-122.282983,37.855263]]}},{"type":"Feature","properties":{"kind":"trail","surface":"concrete"},"geometry":{"type":"LineString","coordinates":[[-122.283566,37.857183],[-122.283599,37.857282]]}},{"type":"Feature","properties":{"kind":"trail","surface":"concrete"},"geometry":{"type":"LineString","coordinates":[[-122.283526,37.85698],[-122.283342,37.856996]]}},{"type":"Feature","properties":{"kind":"trail","surface":"concrete"},"geometry":{"type":"LineString","coordinates":[[-122.283566,37.857183],[-122.283387,37.857208]]}},{"type":"Feature","properties":{"kind":"trail","surface":"asphalt"},"geometry":{"type":"LineString","coordinates":[[-122.283196,37.856304],[-122.283538,37.856245]]}},{"type":"Feature","properties":{"kind":"trail","surface":"asphalt"},"geometry":{"type":"LineString","coordinates":[[-122.283566,37.857183],[-122.283746,37.857265]]}},{"type":"Feature","properties":{"kind":"trail","surface":"asphalt"},"geometry":{"type":"LineString","coordinates":[[-122.283622,37.85588],[-122.28367,37.8561],[-122.28351,37.856141]]}},{"type":"Feature","properties":{"kind":"trail","surface":"asphalt"},"geometry":{"type":"LineString","coordinates":[[-122.283671,37.855874],[-122.283622,37.85588],[-122.283459,37.855897],[-122.283244,37.855918]]}},{"type":"Feature","properties":{"kind":"trail","surface":"asphalt"},"geometry":{"type":"LineString","coordinates":[[-122.283331,37.855564],[-122.28341,37.855631],[-122.283459,37.855897],[-122.28351,37.856141],[-122.283552,37.856231]]}},{"type":"Feature","properties":{"kind":"trail","surface":"asphalt"},"geometry":{"type":"LineString","coordinates":[[-122.285162,37.856958],[-122.28464,37.857057],[-122.283746,37.857265],[-122.283599,37.857282],[-122.283514,37.857394]]}},{"type":"Feature","properties":{"kind":"trail","surface":"asphalt"},"geometry":{"type":"LineString","coordinates":[[-122.28351,37.856141],[-122.283295,37.856167],[-122.283244,37.855918],[-122.283193,37.855669],[-122.28341,37.855631],[-122.283617,37.855613],[-122.283671,37.855874]]}},{"type":"Feature","properties":{"kind":"trail","surface":"asphalt"},"geometry":{"type":"LineString","coordinates":[[-122.28416,37.855404],[-122.283905,37.854746],[-122.283825,37.854708]]}},{"type":"Feature","properties":{"kind":"steps","name":"Miller Path East"},"geometry":{"type":"LineString","coordinates":[[-122.259683,37.895055],[-122.258698,37.895462]]}},{"type":"Feature","properties":{"kind":"trail","name":"Miller Path East","surface":"dirt"},"geometry":{"type":"LineString","coordinates":[[-122.260103,37.895444],[-122.259857,37.895272],[-122.259683,37.895055]]}},{"type":"Feature","properties":{"kind":"road","name":"Rose Street","surface":"asphalt"},"geometry":{"type":"LineString","coordinates":[[-122.281152,37.879591],[-122.280958,37.879662]]}},{"type":"Feature","properties":{"kind":"road","name":"Rose Street","surface":"asphalt"},"geometry":{"type":"LineString","coordinates":[[-122.281284,37.879542],[-122.281152,37.879591]]}},{"type":"Feature","properties":{"kind":"trail","name":"Sather Lane","surface":"paved"},"geometry":{"type":"LineString","coordinates":[[-122.259888,37.868124],[-122.259833,37.867848]]}},{"type":"Feature","properties":{"kind":"trail","name":"Sather Lane","surface":"paved"},"geometry":{"type":"LineString","coordinates":[[-122.259833,37.867848],[-122.259805,37.867709]]}},{"type":"Feature","properties":{"kind":"road","name":"Sproul Plaza","surface":"paving_stones"},"geometry":{"type":"LineString","coordinates":[[-122.259509,37.87024],[-122.259485,37.870129],[-122.25945,37.869962],[-122.25939,37.869693],[-122.259356,37.869521],[-122.259269,37.869111],[-122.259262,37.869076],[-122.259201,37.868789]]}},{"type":"Feature","properties":{"kind":"trail","surface":"paving_stones"},"geometry":{"type":"LineString","coordinates":[[-122.259599,37.869494],[-122.259569,37.869497],[-122.259487,37.869505],[-122.259356,37.869521],[-122.259201,37.869538]]}},{"type":"Feature","properties":{"kind":"trail"},"geometry":{"type":"LineString","coordinates":[[-122.256564,37.860926],[-122.256616,37.860948],[-122.256567,37.860978],[-122.256564,37.860926]]}},{"type":"Feature","properties":{"kind":"trail","name":"Webster Street","surface":"concrete"},"geometry":{"type":"LineString","coordinates":[[-122.256115,37.855678],[-122.255968,37.855739]]}},{"type":"Feature","properties":{"kind":"road","name":"Webster Street","surface":"asphalt"},"geometry":{"type":"LineString","coordinates":[[-122.254022,37.855943],[-122.254196,37.855925]]}},{"type":"Feature","properties":{"kind":"trail","surface":"wood"},"geometry":{"type":"LineString","coordinates":[[-122.259778,37.875476],[-122.259762,37.875398],[-122.259726,37.875228],[-122.259648,37.875224]]}},{"type":"Feature","properties":{"kind":"trail"},"geometry":{"type":"LineString","coordinates":[[-122.258551,37.875132],[-122.258603,37.875092],[-122.258578,37.874972],[-122.258866,37.874911]]}},{"type":"Feature","properties":{"kind":"trail"},"geometry":{"type":"LineString","coordinates":[[-122.258769,37.874541],[-122.258694,37.874418],[-122.258825,37.874389]]}},{"type":"Feature","properties":{"kind":"trail"},"geometry":{"type":"LineString","coordinates":[[-122.256966,37.872332],[-122.257002,37.872326],[-122.25704,37.872318],[-122.257068,37.872312]]}},{"type":"Feature","properties":{"kind":"trail","surface":"glass"},"geometry":{"type":"LineString","coordinates":[[-122.256987,37.872831],[-122.256959,37.872757]]}},{"type":"Feature","properties":{"kind":"trail","surface":"concrete"},"geometry":{"type":"LineString","coordinates":[[-122.258685,37.875217],[-122.258551,37.875132]]}},{"type":"Feature","properties":{"kind":"trail"},"geometry":{"type":"LineString","coordinates":[[-122.258993,37.874824],[-122.259035,37.874773],[-122.259153,37.874757],[-122.259237,37.8748]]}},{"type":"Feature","properties":{"kind":"steps"},"geometry":{"type":"LineString","coordinates":[[-122.25756,37.872669],[-122.257622,37.872655]]}},{"type":"Feature","properties":{"kind":"trail"},"geometry":{"type":"LineString","coordinates":[[-122.259329,37.874879],[-122.259218,37.874859],[-122.259238,37.874949],[-122.259278,37.87503]]}},{"type":"Feature","properties":{"kind":"steps"},"geometry":{"type":"LineString","coordinates":[[-122.258929,37.874764],[-122.258912,37.874768]]}},{"type":"Feature","properties":{"kind":"trail"},"geometry":{"type":"LineString","coordinates":[[-122.259437,37.874761],[-122.259268,37.874698],[-122.25926,37.874657]]}},{"type":"Feature","properties":{"kind":"trail"},"geometry":{"type":"LineString","coordinates":[[-122.259375,37.874864],[-122.259329,37.874879],[-122.259237,37.8748],[-122.259437,37.874761],[-122.259539,37.874795]]}},{"type":"Feature","properties":{"kind":"trail"},"geometry":{"type":"LineString","coordinates":[[-122.255896,37.872418],[-122.255868,37.872336]]}},{"type":"Feature","properties":{"kind":"steps"},"geometry":{"type":"LineString","coordinates":[[-122.255908,37.872512],[-122.256006,37.872492],[-122.255996,37.872459],[-122.255917,37.872475],[-122.255896,37.872418]]}},{"type":"Feature","properties":{"kind":"trail"},"geometry":{"type":"LineString","coordinates":[[-122.259544,37.874816],[-122.259539,37.874795],[-122.259505,37.874641]]}},{"type":"Feature","properties":{"kind":"trail","surface":"paved"},"geometry":{"type":"LineString","coordinates":[[-122.255833,37.87289],[-122.255804,37.872804],[-122.255803,37.872797]]}},{"type":"Feature","properties":{"kind":"trail"},"geometry":{"type":"LineString","coordinates":[[-122.257294,37.872463],[-122.257272,37.872402],[-122.257261,37.872375],[-122.257253,37.872354]]}},{"type":"Feature","properties":{"kind":"trail","surface":"paved"},"geometry":{"type":"LineString","coordinates":[[-122.256055,37.872925],[-122.256051,37.872917],[-122.255989,37.872741],[-122.25592,37.872545],[-122.25591,37.872519],[-122.255908,37.872512]]}},{"type":"Feature","properties":{"kind":"trail"},"geometry":{"type":"LineString","coordinates":[[-122.258912,37.874768],[-122.25886,37.874778],[-122.258879,37.874826],[-122.258696,37.874865]]}},{"type":"Feature","properties":{"kind":"steps","name":"Campanile Way"},"geometry":{"type":"LineString","coordinates":[[-122.258595,37.871865],[-122.258566,37.871873]]}},{"type":"Feature","properties":{"kind":"trail"},"geometry":{"type":"LineString","coordinates":[[-122.257111,37.874028],[-122.257149,37.874117],[-122.257151,37.874123]]}},{"type":"Feature","properties":{"kind":"trail"},"geometry":{"type":"LineString","coordinates":[[-122.258879,37.874826],[-122.258895,37.874872],[-122.259002,37.874859]]}},{"type":"Feature","properties":{"kind":"road","name":"Campanile Way","surface":"asphalt"},"geometry":{"type":"LineString","coordinates":[[-122.258566,37.871873],[-122.258335,37.871934]]}},{"type":"Feature","properties":{"kind":"trail"},"geometry":{"type":"LineString","coordinates":[[-122.257622,37.872655],[-122.257757,37.872625]]}},{"type":"Feature","properties":{"kind":"trail"},"geometry":{"type":"LineString","coordinates":[[-122.258394,37.874304],[-122.258355,37.874192]]}},{"type":"Feature","properties":{"kind":"steps"},"geometry":{"type":"LineString","coordinates":[[-122.256805,37.874997],[-122.256845,37.8749]]}},{"type":"Feature","properties":{"kind":"steps"},"geometry":{"type":"LineString","coordinates":[[-122.256463,37.873815],[-122.256476,37.873811],[-122.256541,37.873793]]}},{"type":"Feature","properties":{"kind":"trail","surface":"concrete"},"geometry":{"type":"LineString","coordinates":[[-122.257695,37.87446],[-122.257658,37.874363],[-122.257637,37.874312],[-122.257517,37.874039],[-122.257222,37.874101],[-122.257149,37.874117],[-122.257079,37.874134],[-122.256826,37.874186],[-122.256775,37.874171]]}},{"type":"Feature","properties":{"kind":"steps"},"geometry":{"type":"LineString","coordinates":[[-122.256823,37.874737],[-122.256795,37.874679]]}},{"type":"Feature","properties":{"kind":"trail","surface":"concrete"},"geometry":{"type":"LineString","coordinates":[[-122.257909,37.874418],[-122.258394,37.874304],[-122.258555,37.874265]]}},{"type":"Feature","properties":{"kind":"trail"},"geometry":{"type":"LineString","coordinates":[[-122.256795,37.874679],[-122.25697,37.874698]]}},{"type":"Feature","properties":{"kind":"trail","surface":"compacted"},"geometry":{"type":"LineString","coordinates":[[-122.257599,37.874378],[-122.257658,37.874363],[-122.257673,37.87436]]}},{"type":"Feature","properties":{"kind":"trail","surface":"asphalt"},"geometry":{"type":"LineString","coordinates":[[-122.256528,37.875015],[-122.256646,37.875021],[-122.256777,37.875044],[-122.256805,37.874997]]}},{"type":"Feature","properties":{"kind":"steps","surface":"concrete"},"geometry":{"type":"LineString","coordinates":[[-122.257673,37.87436],[-122.257744,37.874342]]}},{"type":"Feature","properties":{"kind":"trail","surface":"asphalt"},"geometry":{"type":"LineString","coordinates":[[-122.256777,37.875044],[-122.256822,37.875064],[-122.257069,37.875261],[-122.257213,37.875399]]}},{"type":"Feature","properties":{"kind":"trail"},"geometry":{"type":"LineString","coordinates":[[-122.254868,37.874602],[-122.254833,37.874552]]}},{"type":"Feature","properties":{"kind":"trail"},"geometry":{"type":"LineString","coordinates":[[-122.254804,37.87389],[-122.254862,37.873854],[-122.254982,37.873968],[-122.255202,37.874175],[-122.255249,37.874145],[-122.254966,37.873746],[-122.255009,37.873719]]}},{"type":"Feature","properties":{"kind":"trail"},"geometry":{"type":"LineString","coordinates":[[-122.254811,37.874501],[-122.254819,37.874289]]}},{"type":"Feature","properties":{"kind":"steps"},"geometry":{"type":"LineString","coordinates":[[-122.254833,37.874552],[-122.254811,37.874501]]}},{"type":"Feature","properties":{"kind":"steps"},"geometry":{"type":"LineString","coordinates":[[-122.254632,37.872994],[-122.254793,37.872946]]}},{"type":"Feature","properties":{"kind":"trail"},"geometry":{"type":"LineString","coordinates":[[-122.254226,37.873453],[-122.254116,37.87332],[-122.254132,37.873249],[-122.254176,37.873216]]}},{"type":"Feature","properties":{"kind":"trail"},"geometry":{"type":"LineString","coordinates":[[-122.254177,37.873107],[-122.254168,37.873071],[-122.25422,37.873068],[-122.254418,37.873139],[-122.254442,37.873156],[-122.255009,37.873719]]}},{"type":"Feature","properties":{"kind":"steps"},"geometry":{"type":"LineString","coordinates":[[-122.254418,37.873139],[-122.254487,37.873059]]}},{"type":"Feature","properties":{"kind":"steps"},"geometry":{"type":"LineString","coordinates":[[-122.254199,37.873133],[-122.254177,37.873107]]}},{"type":"Feature","properties":{"kind":"steps"},"geometry":{"type":"LineString","coordinates":[[-122.253968,37.873413],[-122.254148,37.87353]]}},{"type":"Feature","properties":{"kind":"trail"},"geometry":{"type":"LineString","coordinates":[[-122.254819,37.874289],[-122.254768,37.874274]]}},{"type":"Feature","properties":{"kind":"trail"},"geometry":{"type":"LineString","coordinates":[[-122.254868,37.874602],[-122.25507,37.874319],[-122.254982,37.873968]]}},{"type":"Feature","properties":{"kind":"trail"},"geometry":{"type":"LineString","coordinates":[[-122.253731,37.873544],[-122.253679,37.873864],[-122.253823,37.874056],[-122.253987,37.874152]]}},{"type":"Feature","properties":{"kind":"trail"},"geometry":{"type":"LineString","coordinates":[[-122.254512,37.874133],[-122.254497,37.87408],[-122.254476,37.874022]]}},{"type":"Feature","properties":{"kind":"steps"},"geometry":{"type":"LineString","coordinates":[[-122.25444,37.873823],[-122.254532,37.873984]]}},{"type":"Feature","properties":{"kind":"trail"},"geometry":{"type":"LineString","coordinates":[[-122.254811,37.874029],[-122.254814,37.873995]]}},{"type":"Feature","properties":{"kind":"steps"},"geometry":{"type":"LineString","coordinates":[[-122.254282,37.874152],[-122.254333,37.874193],[-122.254455,37.874174]]}},{"type":"Feature","properties":{"kind":"steps"},"geometry":{"type":"LineString","coordinates":[[-122.253828,37.873469],[-122.253731,37.873544]]}},{"type":"Feature","properties":{"kind":"steps"},"geometry":{"type":"LineString","coordinates":[[-122.254814,37.873995],[-122.254774,37.873951]]}},{"type":"Feature","properties":{"kind":"steps","surface":"concrete"},"geometry":{"type":"LineString","coordinates":[[-122.256003,37.874868],[-122.255991,37.874686]]}},{"type":"Feature","properties":{"kind":"steps"},"geometry":{"type":"LineString","coordinates":[[-122.254862,37.873854],[-122.254966,37.873746]]}},{"type":"Feature","properties":{"kind":"trail"},"geometry":{"type":"LineString","coordinates":[[-122.255592,37.875374],[-122.255955,37.875312],[-122.255943,37.875211],[-122.256049,37.875262],[-122.256045,37.875187],[-122.255943,37.875065],[-122.255757,37.87492],[-122.25606,37.875031],[-122.255995,37.874986],[-122.255839,37.874876]]}},{"type":"Feature","properties":{"kind":"steps","surface":"paved"},"geometry":{"type":"LineString","coordinates":[[-122.25577,37.874496],[-122.255818,37.87448]]}},{"type":"Feature","properties":{"kind":"trail"},"geometry":{"type":"LineString","coordinates":[[-122.256162,37.875026],[-122.256056,37.874939],[-122.256003,37.874868]]}},{"type":"Feature","properties":{"kind":"steps"},"geometry":{"type":"LineString","coordinates":[[-122.256056,37.874939],[-122.255995,37.874986]]}},{"type":"Feature","properties":{"kind":"steps","surface":"asphalt"},"geometry":{"type":"LineString","coordinates":[[-122.255893,37.874845],[-122.255839,37.874876],[-122.255757,37.87492]]}},{"type":"Feature","properties":{"kind":"steps"},"geometry":{"type":"LineString","coordinates":[[-122.254447,37.874143],[-122.254512,37.874133]]}},{"type":"Feature","properties":{"kind":"trail"},"geometry":{"type":"LineString","coordinates":[[-122.253987,37.874152],[-122.254282,37.874152]]}},{"type":"Feature","properties":{"kind":"trail"},"geometry":{"type":"LineString","coordinates":[[-122.254689,37.87428],[-122.254609,37.874293],[-122.254275,37.874577]]}},{"type":"Feature","properties":{"kind":"trail","surface":"asphalt"},"geometry":{"type":"LineString","coordinates":[[-122.25577,37.874496],[-122.255894,37.874755],[-122.255893,37.874845]]}},{"type":"Feature","properties":{"kind":"steps"},"geometry":{"type":"LineString","coordinates":[[-122.253835,37.873437],[-122.253989,37.873301],[-122.254076,37.873279],[-122.254116,37.87332]]}},{"type":"Feature","properties":{"kind":"trail"},"geometry":{"type":"LineString","coordinates":[[-122.254471,37.874008],[-122.254398,37.87402],[-122.254241,37.874014],[-122.254091,37.873973],[-122.253964,37.873887],[-122.253894,37.873775],[-122.253866,37.873658],[-122.253889,37.873535],[-122.253921,37.873466]]}},{"type":"Feature","properties":{"kind":"trail"},"geometry":{"type":"LineString","coordinates":[[-122.254716,37.873966],[-122.254752,37.873999]]}},{"type":"Feature","properties":{"kind":"trail"},"geometry":{"type":"LineString","coordinates":[[-122.254455,37.874174],[-122.254447,37.874143]]}},{"type":"Feature","properties":{"kind":"steps"},"geometry":{"type":"LineString","coordinates":[[-122.254768,37.874274],[-122.254689,37.87428]]}},{"type":"Feature","properties":{"kind":"trail"},"geometry":{"type":"LineString","coordinates":[[-122.253888,37.873452],[-122.253835,37.873437],[-122.253828,37.873469]]}},{"type":"Feature","properties":{"kind":"steps"},"geometry":{"type":"LineString","coordinates":[[-122.254752,37.873999],[-122.254773,37.874018]]}},{"type":"Feature","properties":{"kind":"trail"},"geometry":{"type":"LineString","coordinates":[[-122.254824,37.87404],[-122.254811,37.874029],[-122.254773,37.874018]]}},{"type":"Feature","properties":{"kind":"trail"},"geometry":{"type":"LineString","coordinates":[[-122.254869,37.874996],[-122.254896,37.874975],[-122.255037,37.875037],[-122.255014,37.875111],[-122.254943,37.875133],[-122.254871,37.875109],[-122.254869,37.874996]]}},{"type":"Feature","properties":{"kind":"trail"},"geometry":{"type":"LineString","coordinates":[[-122.255512,37.875322],[-122.255404,37.875335],[-122.254868,37.875207],[-122.254518,37.874968],[-122.254336,37.874776],[-122.254275,37.874577],[-122.254166,37.874275],[-122.254215,37.874227]]}},{"type":"Feature","properties":{"kind":"trail"},"geometry":{"type":"LineString","coordinates":[[-122.255514,37.875271],[-122.255229,37.875053],[-122.255037,37.875037]]}},{"type":"Feature","properties":{"kind":"trail"},"geometry":{"type":"LineString","coordinates":[[-122.258959,37.873992],[-122.258882,37.873981]]}},{"type":"Feature","properties":{"kind":"steps"},"geometry":{"type":"LineString","coordinates":[[-122.259354,37.873891],[-122.259407,37.873899],[-122.259356,37.873899]]}},{"type":"Feature","properties":{"kind":"trail","surface":"concrete"},"geometry":{"type":"LineString","coordinates":[[-122.258083,37.868284],[-122.25803,37.868028]]}},{"type":"Feature","properties":{"kind":"road","name":"Claremont Avenue","surface":"asphalt"},"geometry":{"type":"LineString","coordinates":[[-122.245329,37.858048],[-122.245127,37.858306]]}},{"type":"Feature","properties":{"kind":"road","name":"Garber Street","surface":"asphalt"},"geometry":{"type":"LineString","coordinates":[[-122.247334,37.860969],[-122.247246,37.86101],[-122.246968,37.861032]]}},{"type":"Feature","properties":{"kind":"road","name":"Haste Street","surface":"asphalt"},"geometry":{"type":"LineString","coordinates":[[-122.251691,37.866803],[-122.251833,37.866807]]}},{"type":"Feature","properties":{"kind":"trail","surface":"paved"},"geometry":{"type":"LineString","coordinates":[[-122.255918,37.87442],[-122.256041,37.874393]]}},{"type":"Feature","properties":{"kind":"trail"},"geometry":{"type":"LineString","coordinates":[[-122.254516,37.87304],[-122.254487,37.873059]]}},{"type":"Feature","properties":{"kind":"steps","name":"John Muir Path","surface":"unpaved"},"geometry":{"type":"LineString","coordinates":[[-122.265108,37.899258],[-122.264412,37.900132]]}},{"type":"Feature","properties":{"kind":"trail"},"geometry":{"type":"LineString","coordinates":[[-122.236385,37.873536],[-122.23638,37.873454],[-122.236225,37.873402],[-122.236189,37.873372]]}},{"type":"Feature","properties":{"kind":"steps"},"geometry":{"type":"LineString","coordinates":[[-122.236516,37.87341],[-122.23638,37.873454],[-122.236336,37.873468]]}},{"type":"Feature","properties":{"kind":"trail"},"geometry":{"type":"LineString","coordinates":[[-122.237907,37.874831],[-122.237912,37.874751],[-122.237846,37.874676]]}},{"type":"Feature","properties":{"kind":"trail"},"geometry":{"type":"LineString","coordinates":[[-122.236516,37.87341],[-122.236552,37.873391],[-122.236523,37.873223],[-122.236694,37.873236],[-122.236643,37.873095]]}},{"type":"Feature","properties":{"kind":"trail"},"geometry":{"type":"LineString","coordinates":[[-122.236326,37.873847],[-122.236187,37.873885],[-122.236109,37.873958],[-122.236023,37.873922],[-122.236012,37.873867],[-122.236014,37.873741],[-122.236081,37.873709],[-122.236076,37.873652],[-122.236198,37.873651]]}},{"type":"Feature","properties":{"kind":"trail"},"geometry":{"type":"LineString","coordinates":[[-122.236308,37.873815],[-122.236396,37.873751],[-122.236508,37.873756]]}},{"type":"Feature","properties":{"kind":"road","name":"The Uplands","surface":"asphalt"},"geometry":{"type":"LineString","coordinates":[[-122.239335,37.855415],[-122.239306,37.855486]]}},{"type":"Feature","properties":{"kind":"steps"},"geometry":{"type":"LineString","coordinates":[[-122.242467,37.859107],[-122.24258,37.859032],[-122.242756,37.858924]]}},{"type":"Feature","properties":{"kind":"track"},"geometry":{"type":"LineString","coordinates":[[-122.204306,37.869954],[-122.204707,37.870241],[-122.205162,37.870695],[-122.205359,37.870804],[-122.206827,37.871332],[-122.207642,37.871549],[-122.208166,37.8718],[-122.208423,37.87182],[-122.20887,37.871678],[-122.210312,37.871515],[-122.210458,37.871562],[-122.211264,37.872125],[-122.212303,37.872518],[-122.212689,37.872606],[-122.21341,37.872667],[-122.214028,37.872647],[-122.214389,37.872755],[-122.215144,37.873236],[-122.215639,37.873831],[-122.215848,37.874001],[-122.216594,37.874191],[-122.218723,37.875119],[-122.219384,37.875255],[-122.220423,37.875634],[-122.220842,37.875698],[-122.221143,37.875739]]}},{"type":"Feature","properties":{"kind":"trail","surface":"wood"},"geometry":{"type":"LineString","coordinates":[[-122.259838,37.875308],[-122.259852,37.875383],[-122.259762,37.875398]]}},{"type":"Feature","properties":{"kind":"trail"},"geometry":{"type":"LineString","coordinates":[[-122.25716,37.874868],[-122.257178,37.874909]]}},{"type":"Feature","properties":{"kind":"trail","surface":"concrete"},"geometry":{"type":"LineString","coordinates":[[-122.257771,37.87472],[-122.257789,37.874761]]}},{"type":"Feature","properties":{"kind":"trail","surface":"concrete"},"geometry":{"type":"LineString","coordinates":[[-122.264642,37.867087],[-122.26466,37.867172],[-122.264701,37.867373],[-122.264734,37.867535],[-122.264826,37.867987]]}},{"type":"Feature","properties":{"kind":"road","name":"Hopkins Street","surface":"asphalt"},"geometry":{"type":"LineString","coordinates":[[-122.275334,37.885117],[-122.275237,37.885199]]}},{"type":"Feature","properties":{"kind":"road","name":"Hopkins Street","surface":"asphalt"},"geometry":{"type":"LineString","coordinates":[[-122.274935,37.885425],[-122.274767,37.885556]]}},{"type":"Feature","properties":{"kind":"road","name":"The Alameda","surface":"asphalt"},"geometry":{"type":"LineString","coordinates":[[-122.275109,37.885578],[-122.274935,37.885425]]}},{"type":"Feature","properties":{"kind":"trail","surface":"asphalt"},"geometry":{"type":"LineString","coordinates":[[-122.254165,37.869996],[-122.254185,37.870021],[-122.254229,37.870076]]}},{"type":"Feature","properties":{"kind":"steps","surface":"concrete"},"geometry":{"type":"LineString","coordinates":[[-122.254279,37.869851],[-122.254215,37.869853]]}},{"type":"Feature","properties":{"kind":"trail"},"geometry":{"type":"LineString","coordinates":[[-122.255817,37.900829],[-122.255665,37.900856]]}},{"type":"Feature","properties":{"kind":"trail","surface":"asphalt"},"geometry":{"type":"LineString","coordinates":[[-122.254493,37.869644],[-122.254833,37.869872]]}},{"type":"Feature","properties":{"kind":"trail","surface":"asphalt"},"geometry":{"type":"LineString","coordinates":[[-122.254794,37.869673],[-122.254833,37.869872],[-122.254857,37.869995]]}},{"type":"Feature","properties":{"kind":"trail","surface":"brick"},"geometry":{"type":"LineString","coordinates":[[-122.25507,37.86965],[-122.254962,37.869665]]}},{"type":"Feature","properties":{"kind":"trail","surface":"paved"},"geometry":{"type":"LineString","coordinates":[[-122.255023,37.869416],[-122.254873,37.869435]]}},{"type":"Feature","properties":{"kind":"trail","surface":"paving_stones"},"geometry":{"type":"LineString","coordinates":[[-122.255099,37.869673],[-122.255093,37.869647],[-122.255023,37.869416]]}},{"type":"Feature","properties":{"kind":"trail","surface":"paving_stones"},"geometry":{"type":"LineString","coordinates":[[-122.254021,37.869373],[-122.254035,37.869439]]}},{"type":"Feature","properties":{"kind":"trail","surface":"asphalt"},"geometry":{"type":"LineString","coordinates":[[-122.25467,37.869587],[-122.254873,37.869435]]}},{"type":"Feature","properties":{"kind":"trail","surface":"paved"},"geometry":{"type":"LineString","coordinates":[[-122.254116,37.869361],[-122.254147,37.869473],[-122.254315,37.869807]]}},{"type":"Feature","properties":{"kind":"trail","surface":"asphalt"},"geometry":{"type":"LineString","coordinates":[[-122.254548,37.86956],[-122.25467,37.869587],[-122.254794,37.869673],[-122.254915,37.869658]]}},{"type":"Feature","properties":{"kind":"trail"},"geometry":{"type":"LineString","coordinates":[[-122.257753,37.864646],[-122.257363,37.864665],[-122.257366,37.864763],[-122.257116,37.864784]]}},{"type":"Feature","properties":{"kind":"trail"},"geometry":{"type":"LineString","coordinates":[[-122.254145,37.870589],[-122.254078,37.870647]]}},{"type":"Feature","properties":{"kind":"trail"},"geometry":{"type":"LineString","coordinates":[[-122.253921,37.873466],[-122.253968,37.873413]]}},{"type":"Feature","properties":{"kind":"trail"},"geometry":{"type":"LineString","coordinates":[[-122.254532,37.873984],[-122.254471,37.874008]]}},{"type":"Feature","properties":{"kind":"trail"},"geometry":{"type":"LineString","coordinates":[[-122.282577,37.870694],[-122.282515,37.870398]]}},{"type":"Feature","properties":{"kind":"trail"},"geometry":{"type":"LineString","coordinates":[[-122.254896,37.874975],[-122.25465,37.874876],[-122.254723,37.874623],[-122.254868,37.874602]]}},{"type":"Feature","properties":{"kind":"trail"},"geometry":{"type":"LineString","coordinates":[[-122.255609,37.875462],[-122.254868,37.875207]]}},{"type":"Feature","properties":{"kind":"road","name":"Ong & Ong Plaza"},"geometry":{"type":"LineString","coordinates":[[-122.255005,37.870573],[-122.255044,37.870567],[-122.255268,37.870541],[-122.255254,37.870468],[-122.255193,37.870447],[-122.25517,37.870421],[-122.255147,37.870371],[-122.25501,37.870387],[-122.25497,37.870392],[-122.254985,37.870474],[-122.255005,37.870573]]}},{"type":"Feature","properties":{"kind":"trail","surface":"asphalt"},"geometry":{"type":"LineString","coordinates":[[-122.259935,37.870862],[-122.259909,37.870818],[-122.259658,37.870859]]}},{"type":"Feature","properties":{"kind":"trail","surface":"decomposed_granite"},"geometry":{"type":"LineString","coordinates":[[-122.264991,37.87146],[-122.264784,37.871502],[-122.264727,37.871557],[-122.264717,37.871686],[-122.264754,37.871779]]}},{"type":"Feature","properties":{"kind":"road","name":"Tunnel Road","surface":"asphalt"},"geometry":{"type":"LineString","coordinates":[[-122.242367,37.857595],[-122.241946,37.857427]]}},{"type":"Feature","properties":{"kind":"road","name":"Tunnel Road","surface":"asphalt"},"geometry":{"type":"LineString","coordinates":[[-122.243321,37.857952],[-122.242367,37.857595]]}},{"type":"Feature","properties":{"kind":"track","name":"Woodmont Avenue"},"geometry":{"type":"LineString","coordinates":[[-122.257744,37.898383],[-122.257572,37.89833],[-122.257449,37.898222],[-122.257339,37.898023],[-122.257356,37.897866],[-122.257468,37.897706]]}},{"type":"Feature","properties":{"kind":"track"},"geometry":{"type":"LineString","coordinates":[[-122.244951,37.905195],[-122.244507,37.905514],[-122.244218,37.905635],[-122.244045,37.905645],[-122.243943,37.905537],[-122.243919,37.90522],[-122.243868,37.905121],[-122.243761,37.905107],[-122.243437,37.905301],[-122.243222,37.905363],[-122.2427,37.905345],[-122.242431,37.905178],[-122.242151,37.904832],[-122.242043,37.90476],[-122.241734,37.904711],[-122.240114,37.90562],[-122.24008,37.905761],[-122.240167,37.905976],[-122.240166,37.906115],[-122.239544,37.906395],[-122.239399,37.907002],[-122.239403,37.907303],[-122.239004,37.90768],[-122.238805,37.907678],[-122.23811,37.907346],[-122.237947,37.907314],[-122.237303,37.907435],[-122.236732,37.907359],[-122.235655,37.90753],[-122.23482,37.907791],[-122.233838,37.908564],[-122.233157,37.90891],[-122.23279,37.908966],[-122.232634,37.908942],[-122.232554,37.908874],[-122.232438,37.908368],[-122.232266,37.908302],[-122.232082,37.908348],[-122.231719,37.908647],[-122.231679,37.908781],[-122.231711,37.908893],[-122.231912,37.909073],[-122.231948,37.909213]]}},{"type":"Feature","properties":{"kind":"trail","name":"The Promenade","surface":"concrete"},"geometry":{"type":"LineString","coordinates":[[-122.272208,37.871531],[-122.272193,37.871371],[-122.272071,37.871255],[-122.272052,37.870791]]}},{"type":"Feature","properties":{"kind":"trail"},"geometry":{"type":"LineString","coordinates":[[-122.259134,37.870289],[-122.259115,37.870185]]}},{"type":"Feature","properties":{"kind":"trail","surface":"paved"},"geometry":{"type":"LineString","coordinates":[[-122.257295,37.870887],[-122.257665,37.870673]]}},{"type":"Feature","properties":{"kind":"trail","surface":"paved"},"geometry":{"type":"LineString","coordinates":[[-122.256966,37.871325],[-122.256891,37.871452],[-122.256701,37.871635],[-122.256587,37.871725],[-122.256458,37.871819]]}},{"type":"Feature","properties":{"kind":"trail"},"geometry":{"type":"LineString","coordinates":[[-122.256458,37.871819],[-122.256515,37.871858]]}},{"type":"Feature","properties":{"kind":"trail","surface":"asphalt"},"geometry":{"type":"LineString","coordinates":[[-122.261418,37.870006],[-122.261197,37.870007],[-122.260769,37.869922],[-122.260713,37.869921],[-122.259954,37.869969],[-122.259879,37.869978],[-122.259792,37.870003],[-122.259625,37.870091],[-122.259485,37.870129]]}},{"type":"Feature","properties":{"kind":"trail","name":"Ruth Armstrong Path","surface":"paving_stones"},"geometry":{"type":"LineString","coordinates":[[-122.267161,37.873299],[-122.267376,37.873664],[-122.267509,37.873921]]}},{"type":"Feature","properties":{"kind":"road","name":"Shattuck Avenue","surface":"asphalt"},"geometry":{"type":"LineString","coordinates":[[-122.266677,37.856449],[-122.266795,37.857451]]}},{"type":"Feature","properties":{"kind":"trail","name":"Evergreen Lane","surface":"dirt"},"geometry":{"type":"LineString","coordinates":[[-122.238361,37.861373],[-122.23854,37.861222],[-122.238466,37.861165]]}},{"type":"Feature","properties":{"kind":"road","name":"Ashby Avenue","surface":"asphalt"},"geometry":{"type":"LineString","coordinates":[[-122.260834,37.856037],[-122.260242,37.856115]]}},{"type":"Feature","properties":{"kind":"road","name":"Ashby Avenue","surface":"asphalt"},"geometry":{"type":"LineString","coordinates":[[-122.261235,37.855987],[-122.260834,37.856037]]}},{"type":"Feature","properties":{"kind":"road","name":"Ashby Avenue","surface":"asphalt"},"geometry":{"type":"LineString","coordinates":[[-122.258586,37.856329],[-122.258254,37.856372]]}},{"type":"Feature","properties":{"kind":"road","name":"Tunnel Road","surface":"asphalt"},"geometry":{"type":"LineString","coordinates":[[-122.243886,37.858075],[-122.243321,37.857952]]}},{"type":"Feature","properties":{"kind":"road","name":"Gayley Road","surface":"asphalt"},"geometry":{"type":"LineString","coordinates":[[-122.256717,37.875333],[-122.256498,37.875052],[-122.256123,37.874764],[-122.25558,37.874113]]}},{"type":"Feature","properties":{"kind":"road","name":"Bancroft Way","surface":"asphalt"},"geometry":{"type":"LineString","coordinates":[[-122.262608,37.86828],[-122.26318,37.868204]]}},{"type":"Feature","properties":{"kind":"road","name":"Bancroft Way","surface":"asphalt"},"geometry":{"type":"LineString","coordinates":[[-122.26318,37.868204],[-122.263816,37.86812],[-122.264826,37.867987],[-122.265176,37.867941]]}},{"type":"Feature","properties":{"kind":"road","name":"Shattuck Avenue","surface":"asphalt"},"geometry":{"type":"LineString","coordinates":[[-122.26692,37.858533],[-122.266996,37.859195]]}},{"type":"Feature","properties":{"kind":"road","name":"Shattuck Avenue","surface":"asphalt"},"geometry":{"type":"LineString","coordinates":[[-122.267129,37.860333],[-122.26716,37.860151]]}},{"type":"Feature","properties":{"kind":"road","name":"Marin Avenue","surface":"asphalt"},"geometry":{"type":"LineString","coordinates":[[-122.275074,37.889189],[-122.274964,37.88922]]}},{"type":"Feature","properties":{"kind":"road","name":"Shattuck Avenue","surface":"asphalt"},"geometry":{"type":"LineString","coordinates":[[-122.266553,37.85556],[-122.266677,37.856449]]}},{"type":"Feature","properties":{"kind":"trail","name":"Oxford Lane"},"geometry":{"type":"LineString","coordinates":[[-122.267304,37.869913],[-122.267289,37.869918]]}},{"type":"Feature","properties":{"kind":"steps","name":"Oxford Lane"},"geometry":{"type":"LineString","coordinates":[[-122.267289,37.869918],[-122.267223,37.86994]]}},{"type":"Feature","properties":{"kind":"trail","surface":"paving_stones"},"geometry":{"type":"LineString","coordinates":[[-122.254917,37.871869],[-122.254915,37.871841],[-122.254911,37.871791]]}},{"type":"Feature","properties":{"kind":"trail","surface":"paving_stones"},"geometry":{"type":"LineString","coordinates":[[-122.254775,37.871949],[-122.254539,37.871954]]}},{"type":"Feature","properties":{"kind":"trail","surface":"concrete"},"geometry":{"type":"LineString","coordinates":[[-122.254807,37.872175],[-122.254956,37.872175],[-122.255193,37.872074]]}},{"type":"Feature","properties":{"kind":"road","name":"Tunnel Road","surface":"asphalt"},"geometry":{"type":"LineString","coordinates":[[-122.238173,37.855138],[-122.237714,37.854981],[-122.237166,37.854706],[-122.236653,37.854245],[-122.236277,37.853982]]}},{"type":"Feature","properties":{"kind":"trail","surface":"concrete"},"geometry":{"type":"LineString","coordinates":[[-122.260003,37.874174],[-122.259911,37.874157]]}},{"type":"Feature","properties":{"kind":"road","name":"Ashby Avenue","surface":"asphalt"},"geometry":{"type":"LineString","coordinates":[[-122.255521,37.856727],[-122.254264,37.85689]]}},{"type":"Feature","properties":{"kind":"road","name":"Haste Street","surface":"asphalt"},"geometry":{"type":"LineString","coordinates":[[-122.264364,37.865292],[-122.267258,37.864916]]}},{"type":"Feature","properties":{"kind":"road","name":"Telegraph Avenue","surface":"asphalt"},"geometry":{"type":"LineString","coordinates":[[-122.258638,37.866029],[-122.258818,37.866922]]}},{"type":"Feature","properties":{"kind":"road","name":"Haste Street","surface":"asphalt"},"geometry":{"type":"LineString","coordinates":[[-122.256367,37.866324],[-122.257317,37.8662],[-122.257942,37.866119]]}},{"type":"Feature","properties":{"kind":"road","name":"Haste Street","surface":"asphalt"},"geometry":{"type":"LineString","coordinates":[[-122.258638,37.866029],[-122.260909,37.865735],[-122.264364,37.865292]]}},{"type":"Feature","properties":{"kind":"road","name":"Dwight Way","surface":"asphalt"},"geometry":{"type":"LineString","coordinates":[[-122.258984,37.865058],[-122.258454,37.865127]]}},{"type":"Feature","properties":{"kind":"road","name":"Dwight Way","surface":"asphalt"},"geometry":{"type":"LineString","coordinates":[[-122.262996,37.86454],[-122.260723,37.864835]]}},{"type":"Feature","properties":{"kind":"road","name":"Los Angeles Avenue","surface":"asphalt"},"geometry":{"type":"LineString","coordinates":[[-122.270015,37.88986],[-122.267706,37.888801]]}},{"type":"Feature","properties":{"kind":"road","name":"Monterey Avenue","surface":"paved"},"geometry":{"type":"LineString","coordinates":[[-122.280983,37.885017],[-122.280335,37.885874]]}},{"type":"Feature","properties":{"kind":"trail","name":"Fenceline Trail","surface":"dirt"},"geometry":{"type":"LineString","coordinates":[[-122.227384,37.891631],[-122.227231,37.891593],[-122.226876,37.891293],[-122.2269,37.891107],[-122.226599,37.891105],[-122.22605,37.890618],[-122.22577,37.890431],[-122.225638,37.890161],[-122.225479,37.890031],[-122.225334,37.889822],[-122.224814,37.889579],[-122.224496,37.889131],[-122.224329,37.888977],[-122.224183,37.888649],[-122.224062,37.888264],[-122.224206,37.888104],[-122.224389,37.888031],[-122.224398,37.887943],[-122.224169,37.887532],[-122.223806,37.887428],[-122.223731,37.887295],[-122.22357,37.887236],[-122.223234,37.886958],[-122.223108,37.886552],[-122.223146,37.886306],[-122.222993,37.886192],[-122.222996,37.886088],[-122.222647,37.885565],[-122.222564,37.885356],[-122.222556,37.885064],[-122.222285,37.884545]]}},{"type":"Feature","properties":{"kind":"road","name":"Bancroft Way","surface":"asphalt"},"geometry":{"type":"LineString","coordinates":[[-122.261895,37.868374],[-122.262608,37.86828]]}},{"type":"Feature","properties":{"kind":"road","name":"Hearst Avenue","surface":"asphalt"},"geometry":{"type":"LineString","coordinates":[[-122.267506,37.874009],[-122.267435,37.874018],[-122.266979,37.874073]]}},{"type":"Feature","properties":{"kind":"road","name":"Hearst Avenue","surface":"asphalt"},"geometry":{"type":"LineString","coordinates":[[-122.263498,37.874678],[-122.26384,37.87461]]}},{"type":"Feature","properties":{"kind":"road","name":"Hearst Avenue","surface":"asphalt"},"geometry":{"type":"LineString","coordinates":[[-122.268537,37.87388],[-122.268224,37.873918]]}},{"type":"Feature","properties":{"kind":"trail","surface":"unpaved"},"geometry":{"type":"LineString","coordinates":[[-122.281962,37.892232],[-122.281961,37.892141],[-122.281819,37.892049]]}},{"type":"Feature","properties":{"kind":"trail"},"geometry":{"type":"LineString","coordinates":[[-122.257633,37.869735],[-122.257621,37.869681],[-122.25759,37.869602],[-122.257554,37.86951],[-122.257467,37.869282],[-122.257434,37.869198],[-122.25738,37.869062]]}},{"type":"Feature","properties":{"kind":"trail"},"geometry":{"type":"LineString","coordinates":[[-122.284246,37.884092],[-122.28389,37.883607]]}},{"type":"Feature","properties":{"kind":"road","name":"Telegraph Avenue","surface":"asphalt"},"geometry":{"type":"LineString","coordinates":[[-122.259642,37.856587],[-122.259225,37.859536]]}},{"type":"Feature","properties":{"kind":"road","name":"Los Angeles Avenue","surface":"asphalt"},"geometry":{"type":"LineString","coordinates":[[-122.267706,37.888801],[-122.267011,37.888308],[-122.266829,37.88826]]}},{"type":"Feature","properties":{"kind":"road","name":"Shattuck Avenue","surface":"asphalt"},"geometry":{"type":"LineString","coordinates":[[-122.26941,37.880553],[-122.269373,37.880224]]}},{"type":"Feature","properties":{"kind":"road","name":"Shattuck Avenue","surface":"asphalt"},"geometry":{"type":"LineString","coordinates":[[-122.269274,37.88037],[-122.269308,37.880673]]}},{"type":"Feature","properties":{"kind":"road","name":"Gayley Road","surface":"asphalt"},"geometry":{"type":"LineString","coordinates":[[-122.255391,37.873781],[-122.255295,37.873662]]}},{"type":"Feature","properties":{"kind":"road","name":"Centennial Drive","surface":"asphalt"},"geometry":{"type":"LineString","coordinates":[[-122.244852,37.881995],[-122.24513,37.882243],[-122.245774,37.882644],[-122.245873,37.882824],[-122.245833,37.883004]]}},{"type":"Feature","properties":{"kind":"road","name":"Shattuck Avenue","surface":"asphalt"},"geometry":{"type":"LineString","coordinates":[[-122.266816,37.857627],[-122.26692,37.858533]]}},{"type":"Feature","properties":{"kind":"road","name":"San Pablo Dam Road"},"geometry":{"type":"LineString","coordinates":[[-122.266705,37.945242],[-122.26657,37.943652],[-122.266431,37.943318],[-122.265948,37.942745],[-122.265193,37.942261],[-122.262636,37.941488],[-122.262315,37.94135],[-122.262015,37.941182],[-122.261502,37.94073],[-122.260667,37.939285],[-122.259268,37.937385],[-122.257585,37.933018],[-122.257007,37.932311],[-122.255458,37.931265],[-122.255207,37.931015],[-122.254873,37.930446],[-122.254752,37.929891],[-122.254739,37.928858],[-122.254675,37.928447],[-122.254433,37.92793],[-122.254005,37.927435],[-122.253539,37.92713],[-122.253019,37.926889],[-122.251007,37.926412],[-122.25035,37.926091],[-122.24976,37.925548],[-122.24953,37.925155],[-122.249039,37.923763],[-122.248899,37.923493],[-122.248487,37.92306],[-122.248023,37.922748],[-122.244907,37.921157],[-122.244015,37.920507],[-122.24328,37.919805],[-122.242386,37.91842],[-122.242084,37.918096],[-122.241694,37.91782],[-122.241214,37.917589],[-122.240754,37.917448],[-122.238056,37.916903],[-122.237017,37.916523],[-122.236362,37.916194],[-122.236003,37.91596],[-122.234702,37.914941],[-122.23422,37.914278],[-122.234013,37.913759],[-122.233556,37.911187],[-122.233448,37.910817],[-122.233194,37.910354],[-122.232824,37.909899],[-122.231948,37.909213],[-122.227407,37.905887],[-122.226717,37.905493],[-122.225992,37.905254],[-122.225614,37.905172],[-122.225139,37.905138],[-122.223106,37.905243],[-122.222281,37.905184],[-122.219744,37.904448]]}},{"type":"Feature","properties":{"kind":"trail","surface":"asphalt"},"geometry":{"type":"LineString","coordinates":[[-122.278233,37.882369],[-122.278127,37.882411],[-122.277267,37.882772],[-122.276734,37.882996]]}},{"type":"Feature","properties":{"kind":"trail","surface":"asphalt"},"geometry":{"type":"LineString","coordinates":[[-122.277703,37.882065],[-122.277991,37.882067],[-122.278162,37.882156],[-122.278233,37.882369]]}},{"type":"Feature","properties":{"kind":"trail","surface":"asphalt"},"geometry":{"type":"LineString","coordinates":[[-122.27789,37.881228],[-122.277947,37.881241],[-122.278085,37.881482],[-122.277766,37.881726],[-122.277529,37.881762]]}},{"type":"Feature","properties":{"kind":"road","name":"California Street","surface":"concrete"},"geometry":{"type":"LineString","coordinates":[[-122.280005,37.872659],[-122.279994,37.872529]]}},{"type":"Feature","properties":{"kind":"road","name":"California Street","surface":"paved"},"geometry":{"type":"LineString","coordinates":[[-122.279994,37.872529],[-122.279986,37.872434]]}},{"type":"Feature","properties":{"kind":"road","name":"Tunnel Road","surface":"asphalt"},"geometry":{"type":"LineString","coordinates":[[-122.239306,37.855486],[-122.23953,37.855555],[-122.240284,37.855934]]}},{"type":"Feature","properties":{"kind":"road","name":"Tunnel Road","surface":"asphalt"},"geometry":{"type":"LineString","coordinates":[[-122.239678,37.855561],[-122.239335,37.855415],[-122.238173,37.855138]]}},{"type":"Feature","properties":{"kind":"road","name":"Tunnel Road","surface":"asphalt"},"geometry":{"type":"LineString","coordinates":[[-122.238033,37.855169],[-122.238486,37.855284]]}},{"type":"Feature","properties":{"kind":"steps"},"geometry":{"type":"LineString","coordinates":[[-122.238963,37.875583],[-122.238989,37.875615]]}},{"type":"Feature","properties":{"kind":"trail"},"geometry":{"type":"LineString","coordinates":[[-122.238989,37.875615],[-122.239038,37.875677]]}},{"type":"Feature","properties":{"kind":"trail"},"geometry":{"type":"LineString","coordinates":[[-122.238829,37.875356],[-122.238843,37.875388],[-122.23885,37.875407]]}},{"type":"Feature","properties":{"kind":"trail"},"geometry":{"type":"LineString","coordinates":[[-122.236334,37.873579],[-122.236336,37.873468],[-122.236225,37.873402]]}},{"type":"Feature","properties":{"kind":"trail"},"geometry":{"type":"LineString","coordinates":[[-122.236334,37.873579],[-122.236225,37.873402]]}},{"type":"Feature","properties":{"kind":"trail"},"geometry":{"type":"LineString","coordinates":[[-122.236917,37.873167],[-122.236626,37.872916],[-122.236621,37.872836],[-122.236708,37.872742],[-122.236935,37.872633],[-122.237568,37.872866],[-122.237783,37.872864],[-122.238097,37.872782],[-122.238344,37.872951],[-122.238413,37.873056],[-122.238149,37.873344],[-122.237865,37.87344],[-122.237841,37.873487]]}},{"type":"Feature","properties":{"kind":"trail"},"geometry":{"type":"LineString","coordinates":[[-122.237521,37.873698],[-122.237685,37.873548]]}},{"type":"Feature","properties":{"kind":"trail"},"geometry":{"type":"LineString","coordinates":[[-122.237608,37.873516],[-122.237685,37.873548],[-122.237777,37.873579],[-122.237848,37.873606],[-122.237969,37.873654],[-122.238,37.873666]]}},{"type":"Feature","properties":{"kind":"trail"},"geometry":{"type":"LineString","coordinates":[[-122.237841,37.873487],[-122.237777,37.873579],[-122.237742,37.873609],[-122.237656,37.873682]]}},{"type":"Feature","properties":{"kind":"trail"},"geometry":{"type":"LineString","coordinates":[[-122.237375,37.874161],[-122.237557,37.873923],[-122.237656,37.873682],[-122.237772,37.873699],[-122.237813,37.873737],[-122.237651,37.874059],[-122.23771,37.87419],[-122.23777,37.874198]]}},{"type":"Feature","properties":{"kind":"trail"},"geometry":{"type":"LineString","coordinates":[[-122.237969,37.873742],[-122.237915,37.87373],[-122.23785,37.873729],[-122.237813,37.873737]]}},{"type":"Feature","properties":{"kind":"trail"},"geometry":{"type":"LineString","coordinates":[[-122.23785,37.873729],[-122.237844,37.873656],[-122.237848,37.873606],[-122.237893,37.873559],[-122.237972,37.873534]]}},{"type":"Feature","properties":{"kind":"trail"},"geometry":{"type":"LineString","coordinates":[[-122.237772,37.873699],[-122.237742,37.873609]]}},{"type":"Feature","properties":{"kind":"trail"},"geometry":{"type":"LineString","coordinates":[[-122.237915,37.87373],[-122.237969,37.873654]]}},{"type":"Feature","properties":{"kind":"trail"},"geometry":{"type":"LineString","coordinates":[[-122.237844,37.873656],[-122.237772,37.873699]]}},{"type":"Feature","properties":{"kind":"trail"},"geometry":{"type":"LineString","coordinates":[[-122.237893,37.873559],[-122.237896,37.873488]]}},{"type":"Feature","properties":{"kind":"trail"},"geometry":{"type":"LineString","coordinates":[[-122.237517,37.873641],[-122.237252,37.873893]]}},{"type":"Feature","properties":{"kind":"trail"},"geometry":{"type":"LineString","coordinates":[[-122.237,37.873725],[-122.237078,37.873778],[-122.237071,37.873842],[-122.236962,37.874013],[-122.236918,37.873972]]}},{"type":"Feature","properties":{"kind":"trail"},"geometry":{"type":"LineString","coordinates":[[-122.236708,37.872742],[-122.236643,37.872651],[-122.236675,37.872544],[-122.237193,37.872502]]}},{"type":"Feature","properties":{"kind":"trail"},"geometry":{"type":"LineString","coordinates":[[-122.237131,37.873553],[-122.236769,37.873547],[-122.236552,37.873391]]}},{"type":"Feature","properties":{"kind":"steps"},"geometry":{"type":"LineString","coordinates":[[-122.236966,37.873267],[-122.236949,37.873299]]}},{"type":"Feature","properties":{"kind":"steps","surface":"wood"},"geometry":{"type":"LineString","coordinates":[[-122.255868,37.88497],[-122.255884,37.885321]]}},{"type":"Feature","properties":{"kind":"trail"},"geometry":{"type":"LineString","coordinates":[[-122.237542,37.875092],[-122.237449,37.875112],[-122.237327,37.875048],[-122.237044,37.87513],[-122.237134,37.875021]]}},{"type":"Feature","properties":{"kind":"steps"},"geometry":{"type":"LineString","coordinates":[[-122.237331,37.874989],[-122.237327,37.875048]]}},{"type":"Feature","properties":{"kind":"trail"},"geometry":{"type":"LineString","coordinates":[[-122.237046,37.873453],[-122.236949,37.873299]]}},{"type":"Feature","properties":{"kind":"trail"},"geometry":{"type":"LineString","coordinates":[[-122.237102,37.873452],[-122.237191,37.873462],[-122.237066,37.873399]]}},{"type":"Feature","properties":{"kind":"trail"},"geometry":{"type":"LineString","coordinates":[[-122.238413,37.873056],[-122.238603,37.873132],[-122.238529,37.873416],[-122.238399,37.873549],[-122.238374,37.873661],[-122.23824,37.873719],[-122.237997,37.873703]]}},{"type":"Feature","properties":{"kind":"trail"},"geometry":{"type":"LineString","coordinates":[[-122.23862,37.874176],[-122.238352,37.874243],[-122.238283,37.874178],[-122.238276,37.874171]]}},{"type":"Feature","properties":{"kind":"trail"},"geometry":{"type":"LineString","coordinates":[[-122.238877,37.874006],[-122.23893,37.874085],[-122.23879,37.874134]]}},{"type":"Feature","properties":{"kind":"trail"},"geometry":{"type":"LineString","coordinates":[[-122.239171,37.873762],[-122.239463,37.873453],[-122.239564,37.87354],[-122.239522,37.873652]]}},{"type":"Feature","properties":{"kind":"steps"},"geometry":{"type":"LineString","coordinates":[[-122.237848,37.87415],[-122.23777,37.874198]]}},{"type":"Feature","properties":{"kind":"trail"},"geometry":{"type":"LineString","coordinates":[[-122.235898,37.873382],[-122.235758,37.87346],[-122.235834,37.873466],[-122.235961,37.873509],[-122.236076,37.873652]]}},{"type":"Feature","properties":{"kind":"trail"},"geometry":{"type":"LineString","coordinates":[[-122.236487,37.873859],[-122.236337,37.873887]]}},{"type":"Feature","properties":{"kind":"trail"},"geometry":{"type":"LineString","coordinates":[[-122.236462,37.874111],[-122.236616,37.873833],[-122.236793,37.873697]]}},{"type":"Feature","properties":{"kind":"steps"},"geometry":{"type":"LineString","coordinates":[[-122.238114,37.874783],[-122.238186,37.874772]]}},{"type":"Feature","properties":{"kind":"trail"},"geometry":{"type":"LineString","coordinates":[[-122.238072,37.874636],[-122.238003,37.874611]]}},{"type":"Feature","properties":{"kind":"trail"},"geometry":{"type":"LineString","coordinates":[[-122.237807,37.874616],[-122.237942,37.874519]]}},{"type":"Feature","properties":{"kind":"steps"},"geometry":{"type":"LineString","coordinates":[[-122.236611,37.87436],[-122.236524,37.874347]]}},{"type":"Feature","properties":{"kind":"trail"},"geometry":{"type":"LineString","coordinates":[[-122.236494,37.874171],[-122.236455,37.87429],[-122.236524,37.874347]]}},{"type":"Feature","properties":{"kind":"trail"},"geometry":{"type":"LineString","coordinates":[[-122.236455,37.87429],[-122.236443,37.874453],[-122.236488,37.874541],[-122.236442,37.874575]]}},{"type":"Feature","properties":{"kind":"trail"},"geometry":{"type":"LineString","coordinates":[[-122.236012,37.873867],[-122.235929,37.873818],[-122.235912,37.873652],[-122.235849,37.873566],[-122.235814,37.873541],[-122.235834,37.873466]]}},{"type":"Feature","properties":{"kind":"trail"},"geometry":{"type":"LineString","coordinates":[[-122.235849,37.873566],[-122.23575,37.873588]]}},{"type":"Feature","properties":{"kind":"trail"},"geometry":{"type":"LineString","coordinates":[[-122.236081,37.873709],[-122.236187,37.873885]]}},{"type":"Feature","properties":{"kind":"trail"},"geometry":{"type":"LineString","coordinates":[[-122.236444,37.873365],[-122.236456,37.87327],[-122.236328,37.873082]]}},{"type":"Feature","properties":{"kind":"trail"},"geometry":{"type":"LineString","coordinates":[[-122.238411,37.874443],[-122.238343,37.874345]]}},{"type":"Feature","properties":{"kind":"trail"},"geometry":{"type":"LineString","coordinates":[[-122.238207,37.874742],[-122.238186,37.874772],[-122.238279,37.87486],[-122.238355,37.874838]]}},{"type":"Feature","properties":{"kind":"trail"},"geometry":{"type":"LineString","coordinates":[[-122.23924,37.875838],[-122.239197,37.875762]]}},{"type":"Feature","properties":{"kind":"steps"},"geometry":{"type":"LineString","coordinates":[[-122.239197,37.875762],[-122.239178,37.875728]]}},{"type":"Feature","properties":{"kind":"trail"},"geometry":{"type":"LineString","coordinates":[[-122.239178,37.875728],[-122.23913,37.875643]]}},{"type":"Feature","properties":{"kind":"trail"},"geometry":{"type":"LineString","coordinates":[[-122.239294,37.875605],[-122.23928,37.875542]]}},{"type":"Feature","properties":{"kind":"steps"},"geometry":{"type":"LineString","coordinates":[[-122.23928,37.875542],[-122.239272,37.875497]]}},{"type":"Feature","properties":{"kind":"trail"},"geometry":{"type":"LineString","coordinates":[[-122.239272,37.875497],[-122.239258,37.875414]]}},{"type":"Feature","properties":{"kind":"trail"},"geometry":{"type":"LineString","coordinates":[[-122.238843,37.875388],[-122.23908,37.875381],[-122.238895,37.875466],[-122.238907,37.875479]]}},{"type":"Feature","properties":{"kind":"trail"},"geometry":{"type":"LineString","coordinates":[[-122.238142,37.874834],[-122.238111,37.874823]]}},{"type":"Feature","properties":{"kind":"trail"},"geometry":{"type":"LineString","coordinates":[[-122.237244,37.87473],[-122.237335,37.874795],[-122.237398,37.874842]]}},{"type":"Feature","properties":{"kind":"trail"},"geometry":{"type":"LineString","coordinates":[[-122.238553,37.875148],[-122.238453,37.875235],[-122.23827,37.875287]]}},{"type":"Feature","properties":{"kind":"steps"},"geometry":{"type":"LineString","coordinates":[[-122.238488,37.875125],[-122.238514,37.875081]]}},{"type":"Feature","properties":{"kind":"trail"},"geometry":{"type":"LineString","coordinates":[[-122.238603,37.875103],[-122.238514,37.875081],[-122.238461,37.875024]]}},{"type":"Feature","properties":{"kind":"road","name":"Grizzly Peak Boulevard","surface":"asphalt"},"geometry":{"type":"LineString","coordinates":[[-122.25665,37.892587],[-122.256365,37.892521],[-122.256276,37.8925]]}},{"type":"Feature","properties":{"kind":"road","name":"Oxford Street","surface":"asphalt"},"geometry":{"type":"LineString","coordinates":[[-122.265863,37.869655],[-122.266265,37.868883],[-122.266264,37.868708]]}},{"type":"Feature","properties":{"kind":"road","name":"The Circle","surface":"asphalt"},"geometry":{"type":"LineString","coordinates":[[-122.272568,37.890119],[-122.272434,37.890012]]}},{"type":"Feature","properties":{"kind":"road","name":"The Circle","surface":"asphalt"},"geometry":{"type":"LineString","coordinates":[[-122.272408,37.890292],[-122.272531,37.890241],[-122.272568,37.890119]]}},{"type":"Feature","properties":{"kind":"road","name":"The Circle","surface":"asphalt"},"geometry":{"type":"LineString","coordinates":[[-122.272326,37.890283],[-122.272408,37.890292]]}},{"type":"Feature","properties":{"kind":"trail","name":"Halkin Walk"},"geometry":{"type":"LineString","coordinates":[[-122.268173,37.898518],[-122.267153,37.898525]]}},{"type":"Feature","properties":{"kind":"steps","surface":"concrete"},"geometry":{"type":"LineString","coordinates":[[-122.257945,37.87905],[-122.257951,37.879078]]}},{"type":"Feature","properties":{"kind":"steps","name":"Columbia Path","surface":"railway_sleepers"},"geometry":{"type":"LineString","coordinates":[[-122.25252,37.884377],[-122.252085,37.884543],[-122.251844,37.884734]]}},{"type":"Feature","properties":{"kind":"road","name":"Piedmont Avenue","surface":"asphalt"},"geometry":{"type":"LineString","coordinates":[[-122.251832,37.867931],[-122.252047,37.86842],[-122.252116,37.868699]]}},{"type":"Feature","properties":{"kind":"road","name":"Spruce Street","surface":"asphalt"},"geometry":{"type":"LineString","coordinates":[[-122.266829,37.88826],[-122.26684,37.887785],[-122.26642,37.884651],[-122.266167,37.88248]]}},{"type":"Feature","properties":{"kind":"track"},"geometry":{"type":"LineString","coordinates":[[-122.246145,37.878115],[-122.246238,37.878853]]}},{"type":"Feature","properties":{"kind":"road","name":"Centennial Drive","surface":"asphalt"},"geometry":{"type":"LineString","coordinates":[[-122.246251,37.880205],[-122.246409,37.880334]]}},{"type":"Feature","properties":{"kind":"road","name":"Centennial Drive","surface":"asphalt"},"geometry":{"type":"LineString","coordinates":[[-122.245877,37.879513],[-122.246104,37.879969],[-122.246251,37.880205]]}},{"type":"Feature","properties":{"kind":"road","surface":"asphalt"},"geometry":{"type":"LineString","coordinates":[[-122.251832,37.867931],[-122.252053,37.867883]]}},{"type":"Feature","properties":{"kind":"road","surface":"asphalt"},"geometry":{"type":"LineString","coordinates":[[-122.251994,37.867639],[-122.251839,37.867627],[-122.251736,37.867684]]}},{"type":"Feature","properties":{"kind":"road","surface":"asphalt"},"geometry":{"type":"LineString","coordinates":[[-122.252053,37.867883],[-122.252096,37.867748],[-122.251994,37.867639]]}},{"type":"Feature","properties":{"kind":"road","name":"University Avenue","surface":"asphalt"},"geometry":{"type":"LineString","coordinates":[[-122.267222,37.872346],[-122.267574,37.8723]]}},{"type":"Feature","properties":{"kind":"road","name":"University Avenue","surface":"asphalt"},"geometry":{"type":"LineString","coordinates":[[-122.267574,37.8723],[-122.267831,37.872267]]}},{"type":"Feature","properties":{"kind":"steps"},"geometry":{"type":"LineString","coordinates":[[-122.282853,37.882688],[-122.282878,37.882821]]}},{"type":"Feature","properties":{"kind":"trail","surface":"asphalt"},"geometry":{"type":"LineString","coordinates":[[-122.281843,37.882111],[-122.281786,37.88204],[-122.281959,37.881675]]}},{"type":"Feature","properties":{"kind":"track","surface":"dirt"},"geometry":{"type":"LineString","coordinates":[[-122.257744,37.898383],[-122.257559,37.898399]]}},{"type":"Feature","properties":{"kind":"trail","surface":"brick"},"geometry":{"type":"LineString","coordinates":[[-122.267201,37.859102],[-122.267273,37.859118]]}},{"type":"Feature","properties":{"kind":"trail","surface":"brick"},"geometry":{"type":"LineString","coordinates":[[-122.267263,37.859153],[-122.267189,37.859137]]}},{"type":"Feature","properties":{"kind":"road","surface":"glass"},"geometry":{"type":"LineString","coordinates":[[-122.268117,37.870073],[-122.268125,37.870133],[-122.268212,37.870131],[-122.268097,37.870148],[-122.2681,37.870055],[-122.268203,37.870063],[-122.268117,37.870073]]}},{"type":"Feature","properties":{"kind":"trail","surface":"dirt"},"geometry":{"type":"LineString","coordinates":[[-122.232322,37.892894],[-122.23237,37.892999],[-122.232497,37.892994],[-122.232632,37.893107],[-122.23264,37.893164],[-122.23297,37.893297],[-122.23302,37.893454],[-122.233183,37.893549]]}},{"type":"Feature","properties":{"kind":"trail","name":"Arts Passage","surface":"paved"},"geometry":{"type":"LineString","coordinates":[[-122.26906,37.870185],[-122.26908,37.870272]]}},{"type":"Feature","properties":{"kind":"trail","name":"Arts Passage"},"geometry":{"type":"LineString","coordinates":[[-122.269233,37.870972],[-122.269251,37.871052]]}},{"type":"Feature","properties":{"kind":"trail"},"geometry":{"type":"LineString","coordinates":[[-122.269087,37.876881],[-122.269106,37.876878]]}},{"type":"Feature","properties":{"kind":"trail"},"geometry":{"type":"LineString","coordinates":[[-122.268775,37.857635],[-122.268889,37.858177],[-122.268824,37.858293],[-122.268826,37.858399],[-122.268691,37.858535],[-122.268748,37.858738],[-122.268552,37.858893],[-122.268691,37.85921]]}},{"type":"Feature","properties":{"kind":"road","name":"Derby Street","surface":"asphalt"},"geometry":{"type":"LineString","coordinates":[[-122.249834,37.862338],[-122.248769,37.8624]]}},{"type":"Feature","properties":{"kind":"road","name":"Derby Street","surface":"asphalt"},"geometry":{"type":"LineString","coordinates":[[-122.248769,37.8624],[-122.247957,37.862448]]}},{"type":"Feature","properties":{"kind":"trail","surface":"gravel"},"geometry":{"type":"LineString","coordinates":[[-122.241783,37.872392],[-122.24201,37.872518],[-122.24256,37.872542],[-122.243206,37.872652],[-122.243843,37.872635],[-122.244602,37.872753],[-122.245769,37.872737],[-122.246395,37.872507],[-122.247234,37.872256]]}},{"type":"Feature","properties":{"kind":"trail","name":"Quarry Path","surface":"dirt"},"geometry":{"type":"LineString","coordinates":[[-122.257047,37.884722],[-122.257163,37.884793],[-122.257149,37.884905],[-122.256873,37.884795],[-122.256908,37.884934]]}},{"type":"Feature","properties":{"kind":"road","name":"South Park Drive","surface":"paved"},"geometry":{"type":"LineString","coordinates":[[-122.233096,37.887761],[-122.233003,37.887681],[-122.231151,37.88621],[-122.230935,37.886104],[-122.230472,37.885979],[-122.229433,37.885861],[-122.228711,37.885501],[-122.228545,37.885357],[-122.22816,37.884861],[-122.228036,37.88462],[-122.228146,37.883992],[-122.228148,37.883855],[-122.228081,37.883764],[-122.227956,37.883667],[-122.227329,37.883504],[-122.22715,37.883397],[-122.226823,37.883127],[-122.226684,37.882923],[-122.226531,37.882643],[-122.226247,37.88242],[-122.226099,37.882209]]}},{"type":"Feature","properties":{"kind":"track"},"geometry":{"type":"LineString","coordinates":[[-122.228915,37.883205],[-122.228742,37.882966],[-122.228474,37.882832],[-122.228217,37.882761],[-122.227868,37.882743],[-122.227138,37.882426],[-122.226934,37.882282],[-122.22673,37.882019],[-122.226606,37.881594],[-122.226383,37.881562],[-122.226008,37.881751]]}},{"type":"Feature","properties":{"kind":"road","name":"Grizzly Peak Boulevard","surface":"asphalt"},"geometry":{"type":"LineString","coordinates":[[-122.243751,37.881116],[-122.243843,37.881291],[-122.243724,37.881772],[-122.243763,37.88196],[-122.243899,37.88212],[-122.244176,37.88231],[-122.245194,37.882831],[-122.245833,37.883004]]}},{"type":"Feature","properties":{"kind":"road","name":"Stadium Rim Way","surface":"asphalt"},"geometry":{"type":"LineString","coordinates":[[-122.249602,37.871329],[-122.249651,37.8714]]}},{"type":"Feature","properties":{"kind":"road","name":"Canyon Road"},"geometry":{"type":"LineString","coordinates":[[-122.249759,37.870073],[-122.249751,37.870119],[-122.249598,37.87026]]}},{"type":"Feature","properties":{"kind":"road","name":"Piedmont Avenue","surface":"asphalt"},"geometry":{"type":"LineString","coordinates":[[-122.252154,37.869172],[-122.25217,37.869509],[-122.252188,37.869602]]}},{"type":"Feature","properties":{"kind":"trail","name":"Sather Lane","surface":"paved"},"geometry":{"type":"LineString","coordinates":[[-122.259956,37.868517],[-122.259888,37.868124]]}},{"type":"Feature","properties":{"kind":"trail","name":"Stow Plaza"},"geometry":{"type":"LineString","coordinates":[[-122.264339,37.869753],[-122.264459,37.870327]]}},{"type":"Feature","properties":{"kind":"trail"},"geometry":{"type":"LineString","coordinates":[[-122.25945,37.869962],[-122.25927,37.869984]]}},{"type":"Feature","properties":{"kind":"trail","surface":"paved"},"geometry":{"type":"LineString","coordinates":[[-122.259662,37.869599],[-122.259679,37.869596]]}},{"type":"Feature","properties":{"kind":"steps","surface":"paved"},"geometry":{"type":"LineString","coordinates":[[-122.259679,37.869596],[-122.259752,37.869585]]}},{"type":"Feature","properties":{"kind":"trail"},"geometry":{"type":"LineString","coordinates":[[-122.258495,37.874913],[-122.258485,37.874915],[-122.2585,37.874955]]}},{"type":"Feature","properties":{"kind":"trail","surface":"paved"},"geometry":{"type":"LineString","coordinates":[[-122.259752,37.869585],[-122.259765,37.869584]]}},{"type":"Feature","properties":{"kind":"steps","surface":"paved"},"geometry":{"type":"LineString","coordinates":[[-122.259765,37.869584],[-122.259806,37.869578]]}},{"type":"Feature","properties":{"kind":"steps"},"geometry":{"type":"LineString","coordinates":[[-122.258707,37.870055],[-122.258673,37.87006]]}},{"type":"Feature","properties":{"kind":"trail","surface":"asphalt"},"geometry":{"type":"LineString","coordinates":[[-122.262175,37.87418],[-122.262159,37.874101]]}},{"type":"Feature","properties":{"kind":"trail","surface":"paved"},"geometry":{"type":"LineString","coordinates":[[-122.258563,37.871725],[-122.258611,37.871861]]}},{"type":"Feature","properties":{"kind":"steps","surface":"paved"},"geometry":{"type":"LineString","coordinates":[[-122.259622,37.869604],[-122.259662,37.869599]]}},{"type":"Feature","properties":{"kind":"trail","surface":"concrete"},"geometry":{"type":"LineString","coordinates":[[-122.258538,37.87508],[-122.258551,37.875132],[-122.25849,37.875168]]}},{"type":"Feature","properties":{"kind":"steps","surface":"concrete"},"geometry":{"type":"LineString","coordinates":[[-122.25849,37.875168],[-122.25845,37.87522]]}},{"type":"Feature","properties":{"kind":"trail","surface":"paved"},"geometry":{"type":"LineString","coordinates":[[-122.258474,37.871704],[-122.258563,37.871725],[-122.258721,37.871762]]}},{"type":"Feature","properties":{"kind":"trail","surface":"asphalt"},"geometry":{"type":"LineString","coordinates":[[-122.255799,37.87073],[-122.256004,37.8707],[-122.256877,37.870574]]}},{"type":"Feature","properties":{"kind":"trail","surface":"paved"},"geometry":{"type":"LineString","coordinates":[[-122.259581,37.869423],[-122.2596,37.869422],[-122.259625,37.86949],[-122.259662,37.869599]]}},{"type":"Feature","properties":{"kind":"trail","surface":"asphalt"},"geometry":{"type":"LineString","coordinates":[[-122.260214,37.872062],[-122.260284,37.872048],[-122.260381,37.872291]]}},{"type":"Feature","properties":{"kind":"trail","surface":"concrete"},"geometry":{"type":"LineString","coordinates":[[-122.253833,37.870822],[-122.253722,37.870773]]}},{"type":"Feature","properties":{"kind":"trail","surface":"paved"},"geometry":{"type":"LineString","coordinates":[[-122.259765,37.869584],[-122.259763,37.869471],[-122.259762,37.869414],[-122.259792,37.869448]]}},{"type":"Feature","properties":{"kind":"trail","surface":"paved"},"geometry":{"type":"LineString","coordinates":[[-122.259679,37.869596],[-122.259677,37.869483],[-122.259675,37.869426],[-122.259711,37.869478],[-122.259752,37.869585]]}},{"type":"Feature","properties":{"kind":"road","name":"Shattuck Avenue","surface":"asphalt"},"geometry":{"type":"LineString","coordinates":[[-122.267877,37.868993],[-122.267892,37.869166]]}},{"type":"Feature","properties":{"kind":"road","name":"Shattuck Avenue","surface":"asphalt"},"geometry":{"type":"LineString","coordinates":[[-122.267839,37.868668],[-122.267877,37.868993]]}},{"type":"Feature","properties":{"kind":"trail","surface":"paved"},"geometry":{"type":"LineString","coordinates":[[-122.267221,37.864811],[-122.267321,37.864711]]}},{"type":"Feature","properties":{"kind":"road","name":"Centennial Drive","surface":"asphalt"},"geometry":{"type":"LineString","coordinates":[[-122.249651,37.8714],[-122.249484,37.871497],[-122.248716,37.871879],[-122.247272,37.872318]]}},{"type":"Feature","properties":{"kind":"road","name":"Centennial Drive"},"geometry":{"type":"LineString","coordinates":[[-122.238682,37.875419],[-122.238645,37.875576],[-122.238675,37.875726],[-122.238779,37.875858],[-122.239111,37.875987],[-122.239931,37.875802]]}},{"type":"Feature","properties":{"kind":"road","name":"Centennial Drive","surface":"asphalt"},"geometry":{"type":"LineString","coordinates":[[-122.242165,37.872586],[-122.24151,37.872702]]}},{"type":"Feature","properties":{"kind":"road","name":"Centennial Drive","surface":"asphalt"},"geometry":{"type":"LineString","coordinates":[[-122.246409,37.880334],[-122.24685,37.880459],[-122.247163,37.880576]]}},{"type":"Feature","properties":{"kind":"road","name":"Centennial Drive","surface":"asphalt"},"geometry":{"type":"LineString","coordinates":[[-122.247163,37.880576],[-122.247298,37.880724],[-122.247321,37.88082],[-122.247256,37.881038]]}},{"type":"Feature","properties":{"kind":"road","name":"Stadium Rim Way","surface":"asphalt"},"geometry":{"type":"LineString","coordinates":[[-122.253512,37.872709],[-122.253751,37.872545]]}},{"type":"Feature","properties":{"kind":"road","name":"Stadium Rim Way","surface":"asphalt"},"geometry":{"type":"LineString","coordinates":[[-122.249651,37.8714],[-122.249707,37.871453],[-122.250351,37.871962],[-122.250985,37.872135]]}},{"type":"Feature","properties":{"kind":"road","name":"Stadium Rim Way"},"geometry":{"type":"LineString","coordinates":[[-122.250985,37.872135],[-122.251707,37.872389],[-122.252385,37.872816],[-122.252872,37.87295]]}},{"type":"Feature","properties":{"kind":"trail","surface":"paved"},"geometry":{"type":"LineString","coordinates":[[-122.24604,37.879202],[-122.246115,37.879225]]}},{"type":"Feature","properties":{"kind":"trail"},"geometry":{"type":"LineString","coordinates":[[-122.246395,37.872507],[-122.246421,37.872577]]}},{"type":"Feature","properties":{"kind":"trail","surface":"unpaved"},"geometry":{"type":"LineString","coordinates":[[-122.24151,37.872702],[-122.241605,37.872577]]}},{"type":"Feature","properties":{"kind":"trail","surface":"paved"},"geometry":{"type":"LineString","coordinates":[[-122.246104,37.879969],[-122.246049,37.879994]]}},{"type":"Feature","properties":{"kind":"trail","surface":"concrete"},"geometry":{"type":"LineString","coordinates":[[-122.269877,37.860515],[-122.269745,37.860497],[-122.269664,37.860427],[-122.26949,37.860429]]}},{"type":"Feature","properties":{"kind":"trail","surface":"concrete"},"geometry":{"type":"LineString","coordinates":[[-122.269832,37.860129],[-122.269697,37.86012],[-122.269563,37.860008]]}},{"type":"Feature","properties":{"kind":"trail","surface":"concrete"},"geometry":{"type":"LineString","coordinates":[[-122.269908,37.860281],[-122.269818,37.860276],[-122.269832,37.860129],[-122.269764,37.859929]]}},{"type":"Feature","properties":{"kind":"trail","surface":"asphalt"},"geometry":{"type":"LineString","coordinates":[[-122.255385,37.88549],[-122.25536,37.885504],[-122.255245,37.88556]]}},{"type":"Feature","properties":{"kind":"trail","surface":"paved"},"geometry":{"type":"LineString","coordinates":[[-122.262895,37.885115],[-122.26294,37.885145],[-122.262931,37.885207],[-122.262851,37.885238]]}},{"type":"Feature","properties":{"kind":"trail","surface":"asphalt"},"geometry":{"type":"LineString","coordinates":[[-122.263893,37.873452],[-122.263901,37.873237],[-122.263814,37.873018],[-122.263811,37.873001],[-122.263815,37.872899]]}},{"type":"Feature","properties":{"kind":"trail","name":"University Walk","surface":"concrete"},"geometry":{"type":"LineString","coordinates":[[-122.283275,37.869736],[-122.283357,37.870175]]}},{"type":"Feature","properties":{"kind":"trail","surface":"paved"},"geometry":{"type":"LineString","coordinates":[[-122.284065,37.865986],[-122.283808,37.866025]]}},{"type":"Feature","properties":{"kind":"trail","surface":"paved"},"geometry":{"type":"LineString","coordinates":[[-122.284427,37.865575],[-122.284504,37.865926],[-122.284065,37.865986],[-122.283987,37.865635],[-122.284427,37.865575]]}},{"type":"Feature","properties":{"kind":"trail","surface":"paved"},"geometry":{"type":"LineString","coordinates":[[-122.284276,37.8665],[-122.283858,37.86651]]}},{"type":"Feature","properties":{"kind":"trail","surface":"paved"},"geometry":{"type":"LineString","coordinates":[[-122.282626,37.866369],[-122.281674,37.866518]]}},{"type":"Feature","properties":{"kind":"road","name":"Bancroft Way","surface":"asphalt"},"geometry":{"type":"LineString","coordinates":[[-122.260207,37.868575],[-122.260892,37.868485]]}},{"type":"Feature","properties":{"kind":"road","name":"Spruce Street","surface":"paved"},"geometry":{"type":"LineString","coordinates":[[-122.269694,37.904399],[-122.269848,37.904444]]}},{"type":"Feature","properties":{"kind":"road","name":"Oxford Street","surface":"asphalt"},"geometry":{"type":"LineString","coordinates":[[-122.265875,37.871136],[-122.265899,37.871334]]}},{"type":"Feature","properties":{"kind":"road","name":"Bancroft Way","surface":"asphalt"},"geometry":{"type":"LineString","coordinates":[[-122.25231,37.869594],[-122.252635,37.869552]]}},{"type":"Feature","properties":{"kind":"trail"},"geometry":{"type":"LineString","coordinates":[[-122.242543,37.892985],[-122.242604,37.892907]]}},{"type":"Feature","properties":{"kind":"steps"},"geometry":{"type":"LineString","coordinates":[[-122.242699,37.893673],[-122.242779,37.893639]]}},{"type":"Feature","properties":{"kind":"trail"},"geometry":{"type":"LineString","coordinates":[[-122.242596,37.893027],[-122.242783,37.892952],[-122.24276,37.892905]]}},{"type":"Feature","properties":{"kind":"trail"},"geometry":{"type":"LineString","coordinates":[[-122.242516,37.893404],[-122.242459,37.893442],[-122.242382,37.893399],[-122.242379,37.893461]]}},{"type":"Feature","properties":{"kind":"trail"},"geometry":{"type":"LineString","coordinates":[[-122.242621,37.893],[-122.242543,37.892985],[-122.242478,37.893002],[-122.242363,37.893229],[-122.242382,37.893399]]}},{"type":"Feature","properties":{"kind":"trail"},"geometry":{"type":"LineString","coordinates":[[-122.242837,37.893037],[-122.242939,37.893003],[-122.243036,37.892885],[-122.242947,37.892823],[-122.242827,37.892913]]}},{"type":"Feature","properties":{"kind":"trail"},"geometry":{"type":"LineString","coordinates":[[-122.242795,37.892883],[-122.24276,37.892905],[-122.242621,37.893],[-122.242596,37.893027],[-122.242519,37.893215],[-122.242516,37.893404],[-122.242699,37.893673],[-122.242801,37.893947],[-122.24305,37.89402],[-122.243131,37.894142]]}},{"type":"Feature","properties":{"kind":"trail"},"geometry":{"type":"LineString","coordinates":[[-122.242766,37.892855],[-122.242795,37.892883],[-122.242827,37.892913],[-122.242837,37.893037],[-122.242831,37.893098],[-122.242829,37.893215],[-122.242897,37.893331],[-122.243051,37.893365],[-122.243085,37.893369]]}},{"type":"Feature","properties":{"kind":"trail"},"geometry":{"type":"LineString","coordinates":[[-122.243015,37.89303],[-122.243101,37.893127],[-122.24308,37.893199],[-122.24287,37.893209],[-122.242975,37.893115],[-122.243015,37.89303],[-122.243042,37.892965],[-122.243054,37.893007],[-122.243107,37.89298],[-122.243273,37.892854],[-122.243369,37.892803]]}},{"type":"Feature","properties":{"kind":"steps"},"geometry":{"type":"LineString","coordinates":[[-122.243487,37.893518],[-122.243561,37.893507]]}},{"type":"Feature","properties":{"kind":"trail"},"geometry":{"type":"LineString","coordinates":[[-122.24344,37.893382],[-122.243487,37.893518]]}},{"type":"Feature","properties":{"kind":"trail"},"geometry":{"type":"LineString","coordinates":[[-122.243225,37.893395],[-122.243311,37.893432],[-122.243361,37.893463],[-122.24344,37.893382],[-122.243441,37.893234],[-122.243518,37.89327],[-122.243694,37.89324]]}},{"type":"Feature","properties":{"kind":"trail"},"geometry":{"type":"LineString","coordinates":[[-122.242946,37.892789],[-122.243369,37.892803],[-122.243414,37.892768]]}},{"type":"Feature","properties":{"kind":"trail","surface":"compacted"},"geometry":{"type":"LineString","coordinates":[[-122.244287,37.893329],[-122.244127,37.893273],[-122.24391,37.893215]]}},{"type":"Feature","properties":{"kind":"trail"},"geometry":{"type":"LineString","coordinates":[[-122.243267,37.89297],[-122.243379,37.893131],[-122.243369,37.893217],[-122.243374,37.893319],[-122.243311,37.893432]]}},{"type":"Feature","properties":{"kind":"trail"},"geometry":{"type":"LineString","coordinates":[[-122.243369,37.893217],[-122.243441,37.893234]]}},{"type":"Feature","properties":{"kind":"trail"},"geometry":{"type":"LineString","coordinates":[[-122.243877,37.893235],[-122.243897,37.893293]]}},{"type":"Feature","properties":{"kind":"trail"},"geometry":{"type":"LineString","coordinates":[[-122.243898,37.89311],[-122.24391,37.893215],[-122.243877,37.893235],[-122.243821,37.893211]]}},{"type":"Feature","properties":{"kind":"trail"},"geometry":{"type":"LineString","coordinates":[[-122.243879,37.892913],[-122.243958,37.892913],[-122.244023,37.893081],[-122.244135,37.893114],[-122.244127,37.893273]]}},{"type":"Feature","properties":{"kind":"trail"},"geometry":{"type":"LineString","coordinates":[[-122.243242,37.893782],[-122.243259,37.893816]]}},{"type":"Feature","properties":{"kind":"trail"},"geometry":{"type":"LineString","coordinates":[[-122.243077,37.893429],[-122.243092,37.893463]]}},{"type":"Feature","properties":{"kind":"trail"},"geometry":{"type":"LineString","coordinates":[[-122.243225,37.893395],[-122.243085,37.893369]]}},{"type":"Feature","properties":{"kind":"trail"},"geometry":{"type":"LineString","coordinates":[[-122.243414,37.892768],[-122.243497,37.892748]]}},{"type":"Feature","properties":{"kind":"trail"},"geometry":{"type":"LineString","coordinates":[[-122.243561,37.893507],[-122.243659,37.893501],[-122.243648,37.893414],[-122.243739,37.893384],[-122.243821,37.893211],[-122.243898,37.89311],[-122.243879,37.892913],[-122.243809,37.892642],[-122.243365,37.892638],[-122.242946,37.892789],[-122.242766,37.892855],[-122.242678,37.892756]]}},{"type":"Feature","properties":{"kind":"trail","surface":"asphalt"},"geometry":{"type":"LineString","coordinates":[[-122.242808,37.892642],[-122.242826,37.892588]]}},{"type":"Feature","properties":{"kind":"trail","surface":"asphalt"},"geometry":{"type":"LineString","coordinates":[[-122.242805,37.892712],[-122.242808,37.892642]]}},{"type":"Feature","properties":{"kind":"trail","surface":"asphalt"},"geometry":{"type":"LineString","coordinates":[[-122.242826,37.892588],[-122.242975,37.892521]]}},{"type":"Feature","properties":{"kind":"road","name":"Hearst Avenue","surface":"asphalt"},"geometry":{"type":"LineString","coordinates":[[-122.268224,37.873918],[-122.268087,37.873935]]}},{"type":"Feature","properties":{"kind":"trail","surface":"paved"},"geometry":{"type":"LineString","coordinates":[[-122.260024,37.858174],[-122.260101,37.858165]]}},{"type":"Feature","properties":{"kind":"trail","surface":"paved"},"geometry":{"type":"LineString","coordinates":[[-122.259614,37.858227],[-122.260024,37.858174]]}},{"type":"Feature","properties":{"kind":"trail","surface":"concrete"},"geometry":{"type":"LineString","coordinates":[[-122.259501,37.858585],[-122.259547,37.858235],[-122.259614,37.858227]]}},{"type":"Feature","properties":{"kind":"trail","surface":"paved"},"geometry":{"type":"LineString","coordinates":[[-122.281503,37.896868],[-122.281575,37.896798],[-122.281546,37.896699]]}},{"type":"Feature","properties":{"kind":"trail","name":"Chester Lane","surface":"concrete"},"geometry":{"type":"LineString","coordinates":[[-122.273193,37.897508],[-122.273046,37.897584]]}},{"type":"Feature","properties":{"kind":"steps","name":"Chester Lane","surface":"concrete"},"geometry":{"type":"LineString","coordinates":[[-122.273235,37.897486],[-122.273193,37.897508]]}},{"type":"Feature","properties":{"kind":"trail","surface":"wood"},"geometry":{"type":"LineString","coordinates":[[-122.272674,37.895649],[-122.272707,37.89565]]}},{"type":"Feature","properties":{"kind":"trail"},"geometry":{"type":"LineString","coordinates":[[-122.272608,37.89561],[-122.272674,37.895649]]}},{"type":"Feature","properties":{"kind":"trail","surface":"sand"},"geometry":{"type":"LineString","coordinates":[[-122.270127,37.901235],[-122.270207,37.901241]]}},{"type":"Feature","properties":{"kind":"steps"},"geometry":{"type":"LineString","coordinates":[[-122.270286,37.901228],[-122.270361,37.901242],[-122.270297,37.901347]]}},{"type":"Feature","properties":{"kind":"trail"},"geometry":{"type":"LineString","coordinates":[[-122.270286,37.901228],[-122.270207,37.901241]]}},{"type":"Feature","properties":{"kind":"trail","surface":"concrete"},"geometry":{"type":"LineString","coordinates":[[-122.270033,37.901366],[-122.270055,37.901342]]}},{"type":"Feature","properties":{"kind":"steps"},"geometry":{"type":"LineString","coordinates":[[-122.270088,37.901609],[-122.270029,37.901451]]}},{"type":"Feature","properties":{"kind":"trail"},"geometry":{"type":"LineString","coordinates":[[-122.270096,37.901143],[-122.270219,37.901106],[-122.27028,37.901165],[-122.27053,37.90113],[-122.270286,37.901228]]}},{"type":"Feature","properties":{"kind":"trail"},"geometry":{"type":"LineString","coordinates":[[-122.270674,37.901385],[-122.270552,37.901308],[-122.270297,37.901347],[-122.270071,37.901382]]}},{"type":"Feature","properties":{"kind":"steps","surface":"paved"},"geometry":{"type":"LineString","coordinates":[[-122.26994,37.901259],[-122.269975,37.901169],[-122.270096,37.901143]]}},{"type":"Feature","properties":{"kind":"trail","surface":"concrete"},"geometry":{"type":"LineString","coordinates":[[-122.269764,37.901081],[-122.269875,37.901145],[-122.26986,37.901259],[-122.26994,37.901259],[-122.270033,37.901366],[-122.270071,37.901382]]}},{"type":"Feature","properties":{"kind":"trail","surface":"asphalt"},"geometry":{"type":"LineString","coordinates":[[-122.270096,37.901143],[-122.270244,37.900841],[-122.270094,37.900715]]}},{"type":"Feature","properties":{"kind":"road","name":"Spruce Street","surface":"asphalt"},"geometry":{"type":"LineString","coordinates":[[-122.267066,37.892007],[-122.26719,37.891637],[-122.267214,37.891528],[-122.267234,37.891298],[-122.267237,37.891221],[-122.267242,37.89108],[-122.267218,37.890714],[-122.267139,37.890414],[-122.267121,37.89035]]}},{"type":"Feature","properties":{"kind":"trail","surface":"asphalt"},"geometry":{"type":"LineString","coordinates":[[-122.272798,37.892493],[-122.272645,37.89246],[-122.272515,37.892367]]}},{"type":"Feature","properties":{"kind":"trail","surface":"asphalt"},"geometry":{"type":"LineString","coordinates":[[-122.272695,37.892283],[-122.272515,37.892367]]}},{"type":"Feature","properties":{"kind":"steps","surface":"stone"},"geometry":{"type":"LineString","coordinates":[[-122.272346,37.891902],[-122.272336,37.891947]]}},{"type":"Feature","properties":{"kind":"trail","surface":"paved"},"geometry":{"type":"LineString","coordinates":[[-122.272398,37.891849],[-122.272346,37.891902]]}},{"type":"Feature","properties":{"kind":"steps","surface":"stone"},"geometry":{"type":"LineString","coordinates":[[-122.272998,37.891978],[-122.272954,37.892055],[-122.273038,37.892192]]}},{"type":"Feature","properties":{"kind":"steps","name":"Indian Rock Path","surface":"concrete"},"geometry":{"type":"LineString","coordinates":[[-122.277002,37.891585],[-122.276982,37.891587]]}},{"type":"Feature","properties":{"kind":"trail","name":"Indian Rock Path","surface":"concrete"},"geometry":{"type":"LineString","coordinates":[[-122.277135,37.89157],[-122.277002,37.891585]]}},{"type":"Feature","properties":{"kind":"trail","name":"Indian Rock Path","surface":"concrete"},"geometry":{"type":"LineString","coordinates":[[-122.275936,37.891723],[-122.274104,37.891963]]}},{"type":"Feature","properties":{"kind":"steps","name":"Indian Rock Path","surface":"concrete"},"geometry":{"type":"LineString","coordinates":[[-122.275981,37.891718],[-122.275936,37.891723]]}},{"type":"Feature","properties":{"kind":"trail","name":"Great Stoneface Path","surface":"asphalt"},"geometry":{"type":"LineString","coordinates":[[-122.277863,37.896693],[-122.277847,37.896659]]}},{"type":"Feature","properties":{"kind":"steps","name":"Great Stoneface Path","surface":"asphalt"},"geometry":{"type":"LineString","coordinates":[[-122.277865,37.896697],[-122.277863,37.896693]]}},{"type":"Feature","properties":{"kind":"trail","name":"Tunbridge Lane","surface":"concrete"},"geometry":{"type":"LineString","coordinates":[[-122.275126,37.896615],[-122.275399,37.89656]]}},{"type":"Feature","properties":{"kind":"trail","name":"Tunbridge Lane","surface":"concrete"},"geometry":{"type":"LineString","coordinates":[[-122.274524,37.896644],[-122.274976,37.896633]]}},{"type":"Feature","properties":{"kind":"steps","name":"Tunbridge Lane","surface":"concrete"},"geometry":{"type":"LineString","coordinates":[[-122.275399,37.89656],[-122.275625,37.896511]]}},{"type":"Feature","properties":{"kind":"trail","name":"Terrace Walk","surface":"paved"},"geometry":{"type":"LineString","coordinates":[[-122.272186,37.888926],[-122.272229,37.888964],[-122.272301,37.889026]]}},{"type":"Feature","properties":{"kind":"road","name":"Sutter Street","surface":"asphalt"},"geometry":{"type":"LineString","coordinates":[[-122.272395,37.888664],[-122.272384,37.888488]]}},{"type":"Feature","properties":{"kind":"road","name":"Del Norte Street","surface":"asphalt"},"geometry":{"type":"LineString","coordinates":[[-122.272407,37.888914],[-122.272301,37.889026],[-122.272001,37.889199]]}},{"type":"Feature","properties":{"kind":"trail","name":"Fountain Walk","surface":"concrete"},"geometry":{"type":"LineString","coordinates":[[-122.27233,37.889167],[-122.272335,37.889095]]}},{"type":"Feature","properties":{"kind":"road","surface":"concrete"},"geometry":{"type":"LineString","coordinates":[[-122.272229,37.888964],[-122.272147,37.888963],[-122.272135,37.888902],[-122.272227,37.888887],[-122.272229,37.888964]]}},{"type":"Feature","properties":{"kind":"road","name":"Gayley Road","surface":"asphalt"},"geometry":{"type":"LineString","coordinates":[[-122.25544,37.87384],[-122.255391,37.873781]]}},{"type":"Feature","properties":{"kind":"road","name":"College Avenue","surface":"asphalt"},"geometry":{"type":"LineString","coordinates":[[-122.254272,37.867486],[-122.254085,37.866564]]}},{"type":"Feature","properties":{"kind":"road","name":"Kala Bagai Way","surface":"asphalt"},"geometry":{"type":"LineString","coordinates":[[-122.26774,37.870764],[-122.267713,37.871051]]}},{"type":"Feature","properties":{"kind":"road","name":"Gayley Road","surface":"asphalt"},"geometry":{"type":"LineString","coordinates":[[-122.255437,37.873965],[-122.25558,37.874113]]}},{"type":"Feature","properties":{"kind":"road","name":"Gayley Road","surface":"asphalt"},"geometry":{"type":"LineString","coordinates":[[-122.255105,37.873529],[-122.255238,37.873723]]}},{"type":"Feature","properties":{"kind":"road","name":"Gayley Road","surface":"asphalt"},"geometry":{"type":"LineString","coordinates":[[-122.25558,37.874113],[-122.25544,37.87384]]}},{"type":"Feature","properties":{"kind":"road","name":"Gayley Road","surface":"asphalt"},"geometry":{"type":"LineString","coordinates":[[-122.255295,37.873662],[-122.255105,37.873529]]}},{"type":"Feature","properties":{"kind":"road","name":"College Avenue","surface":"asphalt"},"geometry":{"type":"LineString","coordinates":[[-122.254085,37.866564],[-122.253994,37.866102],[-122.25397,37.865981],[-122.253922,37.86572]]}},{"type":"Feature","properties":{"kind":"road","name":"Warring Street","surface":"asphalt"},"geometry":{"type":"LineString","coordinates":[[-122.25029,37.864037],[-122.250281,37.863953],[-122.250146,37.862524]]}},{"type":"Feature","properties":{"kind":"road","name":"Warring Street","surface":"asphalt"},"geometry":{"type":"LineString","coordinates":[[-122.250309,37.864221],[-122.25029,37.864037]]}},{"type":"Feature","properties":{"kind":"road","name":"College Avenue","surface":"asphalt"},"geometry":{"type":"LineString","coordinates":[[-122.254443,37.868338],[-122.254326,37.867768],[-122.254272,37.867486]]}},{"type":"Feature","properties":{"kind":"road","name":"Dwight Way","surface":"asphalt"},"geometry":{"type":"LineString","coordinates":[[-122.267439,37.863968],[-122.267312,37.863984]]}},{"type":"Feature","properties":{"kind":"road","name":"Oxford Street","surface":"asphalt"},"geometry":{"type":"LineString","coordinates":[[-122.266162,37.872473],[-122.266153,37.872397]]}},{"type":"Feature","properties":{"kind":"road","name":"Shattuck Avenue","surface":"asphalt"},"geometry":{"type":"LineString","coordinates":[[-122.268031,37.869497],[-122.268038,37.869386]]}},{"type":"Feature","properties":{"kind":"road","name":"Sacramento Street","surface":"asphalt"},"geometry":{"type":"LineString","coordinates":[[-122.282029,37.870346],[-122.282002,37.870078]]}},{"type":"Feature","properties":{"kind":"road","name":"University Avenue","surface":"asphalt"},"geometry":{"type":"LineString","coordinates":[[-122.284286,37.870171],[-122.28461,37.870132]]}},{"type":"Feature","properties":{"kind":"road","name":"Solano Avenue","surface":"paved"},"geometry":{"type":"LineString","coordinates":[[-122.279275,37.891364],[-122.278804,37.891391]]}},{"type":"Feature","properties":{"kind":"trail","surface":"unpaved"},"geometry":{"type":"LineString","coordinates":[[-122.241102,37.859208],[-122.241098,37.859256],[-122.241261,37.859395],[-122.241473,37.859413]]}},{"type":"Feature","properties":{"kind":"trail","surface":"unpaved"},"geometry":{"type":"LineString","coordinates":[[-122.241098,37.859256],[-122.241208,37.859512],[-122.241351,37.859653],[-122.241443,37.859638],[-122.241367,37.859465],[-122.241473,37.859413]]}},{"type":"Feature","properties":{"kind":"track","surface":"unpaved"},"geometry":{"type":"LineString","coordinates":[[-122.214308,37.887632],[-122.21447,37.887613],[-122.215108,37.88774],[-122.216095,37.887725],[-122.216104,37.888119],[-122.216212,37.888261],[-122.216556,37.888379],[-122.216859,37.888419],[-122.21712,37.888206],[-122.217627,37.888071],[-122.21762,37.888012],[-122.216945,37.887946],[-122.216885,37.887855],[-122.217095,37.887808],[-122.217959,37.887325],[-122.218344,37.886921],[-122.218996,37.886962],[-122.219131,37.886925],[-122.219632,37.886611],[-122.219759,37.886371],[-122.220034,37.886259],[-122.220134,37.885991],[-122.219421,37.886008],[-122.219317,37.885962],[-122.21935,37.885894],[-122.219602,37.885803],[-122.219835,37.885581],[-122.220085,37.885448],[-122.220154,37.88535],[-122.22021,37.885096],[-122.220414,37.884931],[-122.220529,37.884679],[-122.220737,37.884464],[-122.220751,37.88422],[-122.220503,37.883902],[-122.220422,37.8837],[-122.220387,37.883554],[-122.220416,37.883282]]}},{"type":"Feature","properties":{"kind":"track"},"geometry":{"type":"LineString","coordinates":[[-122.220737,37.884464],[-122.221047,37.884459],[-122.221325,37.884583],[-122.221658,37.884643],[-122.221992,37.884865],[-122.222129,37.884852],[-122.222212,37.884768],[-122.222164,37.884492]]}},{"type":"Feature","properties":{"kind":"track"},"geometry":{"type":"LineString","coordinates":[[-122.216212,37.888261],[-122.216213,37.88843],[-122.216318,37.888671],[-122.21652,37.888857],[-122.216428,37.888979],[-122.216151,37.889139],[-122.215838,37.889132],[-122.215596,37.889031],[-122.215343,37.889095]]}},{"type":"Feature","properties":{"kind":"track"},"geometry":{"type":"LineString","coordinates":[[-122.213344,37.891505],[-122.214226,37.892192],[-122.214411,37.892274],[-122.214617,37.892255],[-122.215238,37.891997],[-122.21564,37.891667],[-122.21554,37.891481],[-122.215367,37.891411],[-122.214933,37.891374],[-122.214551,37.891252],[-122.214325,37.89115],[-122.213851,37.890719],[-122.213626,37.890681],[-122.213642,37.89062],[-122.213589,37.890576],[-122.213217,37.890512]]}},{"type":"Feature","properties":{"kind":"track"},"geometry":{"type":"LineString","coordinates":[[-122.21564,37.891667],[-122.215899,37.891772]]}},{"type":"Feature","properties":{"kind":"trail"},"geometry":{"type":"LineString","coordinates":[[-122.258885,37.896305],[-122.258727,37.896372]]}},{"type":"Feature","properties":{"kind":"trail"},"geometry":{"type":"LineString","coordinates":[[-122.258355,37.896949],[-122.258217,37.896909],[-122.258188,37.896847],[-122.258216,37.896639],[-122.258078,37.896397],[-122.258106,37.896261],[-122.258047,37.8962]]}},{"type":"Feature","properties":{"kind":"trail","surface":"asphalt"},"geometry":{"type":"LineString","coordinates":[[-122.249629,37.879105],[-122.250198,37.879169],[-122.250262,37.879111]]}},{"type":"Feature","properties":{"kind":"trail"},"geometry":{"type":"LineString","coordinates":[[-122.249472,37.87905],[-122.24952,37.878987],[-122.249515,37.878797],[-122.249562,37.878774]]}},{"type":"Feature","properties":{"kind":"road","name":"The Alameda","surface":"asphalt"},"geometry":{"type":"LineString","coordinates":[[-122.276384,37.888169],[-122.276358,37.888042]]}},{"type":"Feature","properties":{"kind":"road","name":"Monterey Avenue","surface":"asphalt"},"geometry":{"type":"LineString","coordinates":[[-122.276719,37.887896],[-122.276496,37.887945],[-122.276358,37.888042]]}},{"type":"Feature","properties":{"kind":"road","name":"Monterey Avenue","surface":"asphalt"},"geometry":{"type":"LineString","coordinates":[[-122.276358,37.888042],[-122.276123,37.888264],[-122.275981,37.888476]]}},{"type":"Feature","properties":{"kind":"road","name":"Monterey Avenue","surface":"asphalt"},"geometry":{"type":"LineString","coordinates":[[-122.276384,37.888169],[-122.276719,37.887896]]}},{"type":"Feature","properties":{"kind":"road","name":"Telegraph Avenue","surface":"asphalt"},"geometry":{"type":"LineString","coordinates":[[-122.259806,37.85541],[-122.259776,37.85563]]}},{"type":"Feature","properties":{"kind":"road","name":"Telegraph Avenue","surface":"asphalt"},"geometry":{"type":"LineString","coordinates":[[-122.259698,37.856187],[-122.259642,37.856587]]}},{"type":"Feature","properties":{"kind":"road","name":"Telegraph Avenue","surface":"asphalt"},"geometry":{"type":"LineString","coordinates":[[-122.258534,37.86461],[-122.258467,37.864758],[-122.258454,37.865127]]}},{"type":"Feature","properties":{"kind":"road","name":"Grizzly Peak Boulevard","surface":"asphalt"},"geometry":{"type":"LineString","coordinates":[[-122.248863,37.883005],[-122.248865,37.882984]]}},{"type":"Feature","properties":{"kind":"steps","name":"Rose Walk","surface":"concrete"},"geometry":{"type":"LineString","coordinates":[[-122.26154,37.883089],[-122.261583,37.883043]]}},{"type":"Feature","properties":{"kind":"trail","name":"Rose Walk","surface":"concrete"},"geometry":{"type":"LineString","coordinates":[[-122.261565,37.883131],[-122.261553,37.88311],[-122.26154,37.883089]]}},{"type":"Feature","properties":{"kind":"road","name":"Bancroft Way","surface":"asphalt"},"geometry":{"type":"LineString","coordinates":[[-122.258351,37.868813],[-122.259186,37.868705]]}},{"type":"Feature","properties":{"kind":"trail","name":"Crescent Park Path","surface":"grass"},"geometry":{"type":"LineString","coordinates":[[-122.25432,37.894633],[-122.25468,37.894465]]}},{"type":"Feature","properties":{"kind":"steps","name":"Patty Kates Path","surface":"concrete"},"geometry":{"type":"LineString","coordinates":[[-122.253378,37.893102],[-122.253464,37.893077]]}},{"type":"Feature","properties":{"kind":"trail","name":"Patty Kates Path","surface":"grass"},"geometry":{"type":"LineString","coordinates":[[-122.253861,37.892979],[-122.253894,37.892943],[-122.253713,37.892513]]}},{"type":"Feature","properties":{"kind":"trail","surface":"paved"},"geometry":{"type":"LineString","coordinates":[[-122.256231,37.874344],[-122.256278,37.874334]]}},{"type":"Feature","properties":{"kind":"steps","surface":"paved"},"geometry":{"type":"LineString","coordinates":[[-122.256041,37.874393],[-122.256108,37.874376]]}},{"type":"Feature","properties":{"kind":"steps","surface":"paved"},"geometry":{"type":"LineString","coordinates":[[-122.256342,37.874321],[-122.256366,37.874315]]}},{"type":"Feature","properties":{"kind":"trail","surface":"paved"},"geometry":{"type":"LineString","coordinates":[[-122.256603,37.874245],[-122.256623,37.87424],[-122.256647,37.874234]]}},{"type":"Feature","properties":{"kind":"trail","surface":"paved"},"geometry":{"type":"LineString","coordinates":[[-122.258465,37.87599],[-122.258581,37.875975]]}},{"type":"Feature","properties":{"kind":"steps","surface":"paved"},"geometry":{"type":"LineString","coordinates":[[-122.256278,37.874334],[-122.256299,37.874331]]}},{"type":"Feature","properties":{"kind":"trail","surface":"paved"},"geometry":{"type":"LineString","coordinates":[[-122.256108,37.874376],[-122.256197,37.874351]]}},{"type":"Feature","properties":{"kind":"trail","surface":"paved"},"geometry":{"type":"LineString","coordinates":[[-122.256366,37.874315],[-122.256561,37.874255]]}},{"type":"Feature","properties":{"kind":"steps","surface":"paved"},"geometry":{"type":"LineString","coordinates":[[-122.256197,37.874351],[-122.256231,37.874344]]}},{"type":"Feature","properties":{"kind":"steps","surface":"paved"},"geometry":{"type":"LineString","coordinates":[[-122.258581,37.875975],[-122.258685,37.875961]]}},{"type":"Feature","properties":{"kind":"trail","surface":"paved"},"geometry":{"type":"LineString","coordinates":[[-122.256299,37.874331],[-122.256342,37.874321]]}},{"type":"Feature","properties":{"kind":"trail","surface":"paved"},"geometry":{"type":"LineString","coordinates":[[-122.258685,37.875961],[-122.259063,37.87591]]}},{"type":"Feature","properties":{"kind":"steps","surface":"paved"},"geometry":{"type":"LineString","coordinates":[[-122.256561,37.874255],[-122.256603,37.874245]]}},{"type":"Feature","properties":{"kind":"trail","surface":"concrete"},"geometry":{"type":"LineString","coordinates":[[-122.25845,37.87522],[-122.258452,37.875245]]}},{"type":"Feature","properties":{"kind":"trail"},"geometry":{"type":"LineString","coordinates":[[-122.255571,37.874562],[-122.255468,37.874511]]}},{"type":"Feature","properties":{"kind":"trail","surface":"paving_stones"},"geometry":{"type":"LineString","coordinates":[[-122.255989,37.870887],[-122.25601,37.870925],[-122.256029,37.870959]]}},{"type":"Feature","properties":{"kind":"trail","surface":"paving_stones"},"geometry":{"type":"LineString","coordinates":[[-122.256029,37.870959],[-122.256064,37.871021],[-122.256105,37.871094]]}},{"type":"Feature","properties":{"kind":"trail","surface":"asphalt"},"geometry":{"type":"LineString","coordinates":[[-122.250839,37.884282],[-122.250582,37.884325],[-122.250466,37.884176],[-122.250297,37.884151],[-122.250271,37.884161]]}},{"type":"Feature","properties":{"kind":"trail","surface":"asphalt"},"geometry":{"type":"LineString","coordinates":[[-122.250904,37.884276],[-122.250906,37.884133],[-122.250892,37.883966],[-122.250782,37.883967],[-122.250635,37.883971],[-122.25064,37.884134],[-122.250647,37.884279],[-122.250839,37.884282],[-122.250904,37.884276]]}},{"type":"Feature","properties":{"kind":"road","name":"Hearst Avenue","surface":"asphalt"},"geometry":{"type":"LineString","coordinates":[[-122.266979,37.874073],[-122.266773,37.874099]]}},{"type":"Feature","properties":{"kind":"road","name":"Shattuck Avenue","surface":"asphalt"},"geometry":{"type":"LineString","coordinates":[[-122.267864,37.870016],[-122.267964,37.87023],[-122.268064,37.870314]]}},{"type":"Feature","properties":{"kind":"trail","surface":"dirt"},"geometry":{"type":"LineString","coordinates":[[-122.250757,37.883923],[-122.250538,37.883926],[-122.250533,37.884097],[-122.250466,37.884176]]}},{"type":"Feature","properties":{"kind":"road","name":"Shattuck Avenue","surface":"asphalt"},"geometry":{"type":"LineString","coordinates":[[-122.268289,37.871175],[-122.268271,37.870995]]}},{"type":"Feature","properties":{"kind":"road","name":"Kala Bagai Way","surface":"asphalt"},"geometry":{"type":"LineString","coordinates":[[-122.267831,37.870085],[-122.267824,37.870132]]}},{"type":"Feature","properties":{"kind":"trail"},"geometry":{"type":"LineString","coordinates":[[-122.258514,37.870968],[-122.258541,37.871],[-122.258569,37.871071],[-122.258621,37.871202],[-122.258653,37.871285],[-122.258738,37.871541],[-122.258783,37.871669]]}},{"type":"Feature","properties":{"kind":"trail"},"geometry":{"type":"LineString","coordinates":[[-122.258429,37.870764],[-122.258439,37.87082]]}},{"type":"Feature","properties":{"kind":"trail"},"geometry":{"type":"LineString","coordinates":[[-122.25754,37.871519],[-122.257549,37.871539],[-122.257619,37.871589]]}},{"type":"Feature","properties":{"kind":"trail"},"geometry":{"type":"LineString","coordinates":[[-122.269106,37.876878],[-122.269173,37.87687]]}},{"type":"Feature","properties":{"kind":"trail"},"geometry":{"type":"LineString","coordinates":[[-122.269173,37.87687],[-122.269425,37.87684]]}},{"type":"Feature","properties":{"kind":"trail","surface":"concrete"},"geometry":{"type":"LineString","coordinates":[[-122.280617,37.892363],[-122.280876,37.892358],[-122.281159,37.892453]]}},{"type":"Feature","properties":{"kind":"trail"},"geometry":{"type":"LineString","coordinates":[[-122.255396,37.868187],[-122.255363,37.867989],[-122.255356,37.867953]]}},{"type":"Feature","properties":{"kind":"trail"},"geometry":{"type":"LineString","coordinates":[[-122.255545,37.867334],[-122.255556,37.867404]]}},{"type":"Feature","properties":{"kind":"trail"},"geometry":{"type":"LineString","coordinates":[[-122.255566,37.86746],[-122.255614,37.867721],[-122.255635,37.867831],[-122.255647,37.867894],[-122.255654,37.86793],[-122.25566,37.86796],[-122.255523,37.867973],[-122.255363,37.867989],[-122.255326,37.867978]]}},{"type":"Feature","properties":{"kind":"steps"},"geometry":{"type":"LineString","coordinates":[[-122.255556,37.867404],[-122.255566,37.86746]]}},{"type":"Feature","properties":{"kind":"steps"},"geometry":{"type":"LineString","coordinates":[[-122.255326,37.867978],[-122.255247,37.867989]]}},{"type":"Feature","properties":{"kind":"trail"},"geometry":{"type":"LineString","coordinates":[[-122.255247,37.867989],[-122.254852,37.86804]]}},{"type":"Feature","properties":{"kind":"steps"},"geometry":{"type":"LineString","coordinates":[[-122.254852,37.86804],[-122.254741,37.868059],[-122.254701,37.868066]]}},{"type":"Feature","properties":{"kind":"trail"},"geometry":{"type":"LineString","coordinates":[[-122.254701,37.868066],[-122.254737,37.86827]]}},{"type":"Feature","properties":{"kind":"trail"},"geometry":{"type":"LineString","coordinates":[[-122.254898,37.867417],[-122.254956,37.867674],[-122.254962,37.867695],[-122.254821,37.867715],[-122.254805,37.867717],[-122.25467,37.867736],[-122.254692,37.867835],[-122.254718,37.867954],[-122.254741,37.868059]]}},{"type":"Feature","properties":{"kind":"road","name":"University Avenue","surface":"paved"},"geometry":{"type":"LineString","coordinates":[[-122.287299,37.869679],[-122.284941,37.869973]]}},{"type":"Feature","properties":{"kind":"road","name":"Arlington Avenue"},"geometry":{"type":"LineString","coordinates":[[-122.279036,37.90613],[-122.278608,37.904902],[-122.278507,37.904639],[-122.278263,37.903867]]}},{"type":"Feature","properties":{"kind":"trail","surface":"asphalt"},"geometry":{"type":"LineString","coordinates":[[-122.283514,37.869645],[-122.283613,37.869507]]}},{"type":"Feature","properties":{"kind":"trail","surface":"asphalt"},"geometry":{"type":"LineString","coordinates":[[-122.283399,37.870784],[-122.283322,37.870559]]}},{"type":"Feature","properties":{"kind":"trail"},"geometry":{"type":"LineString","coordinates":[[-122.243787,37.888255],[-122.243846,37.88814],[-122.243989,37.888046],[-122.244142,37.888036],[-122.244429,37.888061],[-122.244835,37.888322],[-122.245405,37.888306],[-122.246078,37.888219],[-122.246619,37.888241],[-122.247513,37.888038],[-122.247914,37.888162]]}},{"type":"Feature","properties":{"kind":"trail"},"geometry":{"type":"LineString","coordinates":[[-122.240335,37.889789],[-122.240288,37.889924],[-122.240681,37.890238],[-122.241881,37.891478],[-122.242165,37.891657],[-122.242654,37.891733],[-122.242914,37.891782],[-122.243131,37.891678]]}},{"type":"Feature","properties":{"kind":"trail"},"geometry":{"type":"LineString","coordinates":[[-122.240383,37.889732],[-122.240335,37.889789]]}},{"type":"Feature","properties":{"kind":"trail"},"geometry":{"type":"LineString","coordinates":[[-122.243319,37.891604],[-122.24354,37.891494],[-122.243734,37.891457],[-122.243879,37.891485]]}},{"type":"Feature","properties":{"kind":"trail"},"geometry":{"type":"LineString","coordinates":[[-122.243131,37.891678],[-122.243319,37.891604]]}},{"type":"Feature","properties":{"kind":"trail"},"geometry":{"type":"LineString","coordinates":[[-122.241764,37.890543],[-122.241771,37.890618],[-122.241718,37.890658],[-122.241514,37.890699]]}},{"type":"Feature","properties":{"kind":"trail"},"geometry":{"type":"LineString","coordinates":[[-122.241741,37.890458],[-122.241764,37.890543]]}},{"type":"Feature","properties":{"kind":"trail"},"geometry":{"type":"LineString","coordinates":[[-122.237285,37.888513],[-122.237247,37.888367],[-122.237298,37.888245],[-122.237702,37.888147],[-122.238326,37.887827],[-122.240219,37.887561],[-122.242456,37.887404]]}},{"type":"Feature","properties":{"kind":"trail"},"geometry":{"type":"LineString","coordinates":[[-122.23734,37.88863],[-122.237285,37.888513]]}},{"type":"Feature","properties":{"kind":"trail"},"geometry":{"type":"LineString","coordinates":[[-122.23821,37.889708],[-122.238214,37.889487],[-122.237995,37.889322],[-122.23791,37.889032],[-122.237697,37.888685],[-122.23734,37.88863]]}},{"type":"Feature","properties":{"kind":"trail"},"geometry":{"type":"LineString","coordinates":[[-122.238212,37.889817],[-122.23821,37.889708]]}},{"type":"Feature","properties":{"kind":"trail"},"geometry":{"type":"LineString","coordinates":[[-122.239389,37.889485],[-122.239302,37.890218],[-122.238786,37.8902],[-122.238521,37.889879],[-122.238224,37.889872],[-122.238212,37.889817]]}},{"type":"Feature","properties":{"kind":"trail"},"geometry":{"type":"LineString","coordinates":[[-122.23945,37.88942],[-122.239389,37.889485]]}},{"type":"Feature","properties":{"kind":"trail"},"geometry":{"type":"LineString","coordinates":[[-122.23894,37.888809],[-122.238723,37.888712],[-122.238717,37.888652],[-122.23877,37.888646],[-122.23894,37.888809],[-122.239008,37.88888],[-122.23918,37.889008],[-122.239488,37.889284],[-122.239503,37.889363],[-122.23945,37.88942]]}},{"type":"Feature","properties":{"kind":"trail"},"geometry":{"type":"LineString","coordinates":[[-122.239486,37.888916],[-122.239634,37.88892],[-122.239982,37.889122],[-122.240243,37.889112],[-122.240378,37.889194],[-122.240862,37.889677],[-122.241625,37.890144],[-122.241741,37.890458]]}},{"type":"Feature","properties":{"kind":"trail"},"geometry":{"type":"LineString","coordinates":[[-122.236834,37.887322],[-122.236424,37.887261]]}},{"type":"Feature","properties":{"kind":"trail"},"geometry":{"type":"LineString","coordinates":[[-122.243792,37.892496],[-122.243694,37.892246],[-122.243694,37.8918],[-122.24354,37.891494]]}},{"type":"Feature","properties":{"kind":"trail"},"geometry":{"type":"LineString","coordinates":[[-122.244142,37.888036],[-122.244111,37.888202],[-122.244228,37.888416],[-122.243992,37.888513],[-122.243575,37.888684]]}},{"type":"Feature","properties":{"kind":"trail"},"geometry":{"type":"LineString","coordinates":[[-122.243992,37.888513],[-122.243871,37.888323],[-122.243774,37.888332],[-122.243729,37.888277]]}},{"type":"Feature","properties":{"kind":"trail"},"geometry":{"type":"LineString","coordinates":[[-122.242939,37.893003],[-122.242975,37.893115]]}},{"type":"Feature","properties":{"kind":"trail"},"geometry":{"type":"LineString","coordinates":[[-122.242831,37.893098],[-122.24266,37.893161],[-122.242829,37.893215],[-122.24287,37.893209]]}},{"type":"Feature","properties":{"kind":"steps","surface":"concrete"},"geometry":{"type":"LineString","coordinates":[[-122.23857,37.876746],[-122.238495,37.876664]]}},{"type":"Feature","properties":{"kind":"steps","surface":"glass;metal"},"geometry":{"type":"LineString","coordinates":[[-122.268245,37.870094],[-122.26801,37.87011]]}},{"type":"Feature","properties":{"kind":"trail","surface":"paving_stones"},"geometry":{"type":"LineString","coordinates":[[-122.268321,37.870086],[-122.268245,37.870094]]}},{"type":"Feature","properties":{"kind":"steps","surface":"anti-slip"},"geometry":{"type":"LineString","coordinates":[[-122.267778,37.869688],[-122.267798,37.869511]]}},{"type":"Feature","properties":{"kind":"steps","surface":"terrazzo"},"geometry":{"type":"LineString","coordinates":[[-122.268221,37.870686],[-122.26823,37.870757]]}},{"type":"Feature","properties":{"kind":"steps"},"geometry":{"type":"LineString","coordinates":[[-122.26817,37.870267],[-122.268179,37.870339]]}},{"type":"Feature","properties":{"kind":"steps","surface":"terrazzo"},"geometry":{"type":"LineString","coordinates":[[-122.268085,37.869565],[-122.268077,37.869495]]}},{"type":"Feature","properties":{"kind":"steps","surface":"anti-slip"},"geometry":{"type":"LineString","coordinates":[[-122.268377,37.870985],[-122.268357,37.87081]]}},{"type":"Feature","properties":{"kind":"steps","surface":"terrazzo"},"geometry":{"type":"LineString","coordinates":[[-122.268162,37.870195],[-122.268153,37.870125]]}},{"type":"Feature","properties":{"kind":"steps","surface":"terrazzo"},"geometry":{"type":"LineString","coordinates":[[-122.268138,37.869998],[-122.268147,37.870069]]}},{"type":"Feature","properties":{"kind":"steps","surface":"anti-slip"},"geometry":{"type":"LineString","coordinates":[[-122.268193,37.869475],[-122.268211,37.869653]]}},{"type":"Feature","properties":{"kind":"steps","surface":"anti-slip"},"geometry":{"type":"LineString","coordinates":[[-122.268141,37.871007],[-122.268106,37.87083]]}},{"type":"Feature","properties":{"kind":"steps","surface":"anti-slip"},"geometry":{"type":"LineString","coordinates":[[-122.268286,37.870416],[-122.268311,37.870455],[-122.268286,37.870408]]}},{"type":"Feature","properties":{"kind":"trail","surface":"paving_stones"},"geometry":{"type":"LineString","coordinates":[[-122.268188,37.869429],[-122.268193,37.869475]]}},{"type":"Feature","properties":{"kind":"trail","surface":"paved"},"geometry":{"type":"LineString","coordinates":[[-122.268282,37.870374],[-122.268286,37.870416]]}},{"type":"Feature","properties":{"kind":"trail","surface":"concrete"},"geometry":{"type":"LineString","coordinates":[[-122.267775,37.869722],[-122.267775,37.869709],[-122.267778,37.869688]]}},{"type":"Feature","properties":{"kind":"trail","surface":"asphalt"},"geometry":{"type":"LineString","coordinates":[[-122.265504,37.872467],[-122.265624,37.872421]]}},{"type":"Feature","properties":{"kind":"trail","surface":"asphalt"},"geometry":{"type":"LineString","coordinates":[[-122.264416,37.871991],[-122.264471,37.872062],[-122.264798,37.872188],[-122.264892,37.872257],[-122.264953,37.872463]]}},{"type":"Feature","properties":{"kind":"trail","surface":"asphalt"},"geometry":{"type":"LineString","coordinates":[[-122.255705,37.87207],[-122.255748,37.872194],[-122.255688,37.872318]]}},{"type":"Feature","properties":{"kind":"road","name":"Hearst Avenue","surface":"asphalt"},"geometry":{"type":"LineString","coordinates":[[-122.263128,37.874659],[-122.260983,37.874932]]}},{"type":"Feature","properties":{"kind":"trail"},"geometry":{"type":"LineString","coordinates":[[-122.258693,37.868881],[-122.258591,37.869026],[-122.258501,37.869155]]}},{"type":"Feature","properties":{"kind":"trail"},"geometry":{"type":"LineString","coordinates":[[-122.255009,37.873719],[-122.255208,37.873901],[-122.25528,37.873832]]}},{"type":"Feature","properties":{"kind":"trail"},"geometry":{"type":"LineString","coordinates":[[-122.276279,37.892013],[-122.2761,37.892102],[-122.276077,37.892163]]}},{"type":"Feature","properties":{"kind":"trail"},"geometry":{"type":"LineString","coordinates":[[-122.284351,37.892787],[-122.284337,37.892734]]}},{"type":"Feature","properties":{"kind":"road","name":"University Avenue","surface":"asphalt"},"geometry":{"type":"LineString","coordinates":[[-122.270669,37.871905],[-122.271744,37.871767],[-122.271893,37.871703]]}},{"type":"Feature","properties":{"kind":"road","name":"University Avenue","surface":"asphalt"},"geometry":{"type":"LineString","coordinates":[[-122.270728,37.87181],[-122.268979,37.87203]]}},{"type":"Feature","properties":{"kind":"road","name":"Shattuck Place","surface":"asphalt"},"geometry":{"type":"LineString","coordinates":[[-122.269674,37.881182],[-122.269531,37.880948]]}},{"type":"Feature","properties":{"kind":"steps","surface":"tiles"},"geometry":{"type":"LineString","coordinates":[[-122.283497,37.874004],[-122.283433,37.873977]]}},{"type":"Feature","properties":{"kind":"steps","surface":"tiles"},"geometry":{"type":"LineString","coordinates":[[-122.283384,37.873931],[-122.283446,37.873957]]}},{"type":"Feature","properties":{"kind":"steps","surface":"tiles"},"geometry":{"type":"LineString","coordinates":[[-122.28344,37.873966],[-122.283319,37.873916]]}},{"type":"Feature","properties":{"kind":"steps","surface":"tiles"},"geometry":{"type":"LineString","coordinates":[[-122.28344,37.873966],[-122.283564,37.874019]]}},{"type":"Feature","properties":{"kind":"steps"},"geometry":{"type":"LineString","coordinates":[[-122.28332,37.873916],[-122.283177,37.873857]]}},{"type":"Feature","properties":{"kind":"steps"},"geometry":{"type":"LineString","coordinates":[[-122.283706,37.874079],[-122.283563,37.874018]]}},{"type":"Feature","properties":{"kind":"trail","surface":"concrete"},"geometry":{"type":"LineString","coordinates":[[-122.283294,37.87403],[-122.283146,37.874055]]}},{"type":"Feature","properties":{"kind":"trail","surface":"asphalt"},"geometry":{"type":"LineString","coordinates":[[-122.282576,37.873599],[-122.282654,37.873594]]}},{"type":"Feature","properties":{"kind":"trail","surface":"asphalt"},"geometry":{"type":"LineString","coordinates":[[-122.282563,37.8736],[-122.282556,37.873596]]}},{"type":"Feature","properties":{"kind":"trail","surface":"concrete"},"geometry":{"type":"LineString","coordinates":[[-122.282768,37.873865],[-122.282619,37.87387],[-122.282568,37.873627]]}},{"type":"Feature","properties":{"kind":"road","name":"Dwight Way","surface":"asphalt"},"geometry":{"type":"LineString","coordinates":[[-122.268189,37.863871],[-122.26761,37.863946]]}},{"type":"Feature","properties":{"kind":"road","name":"Dwight Way","surface":"asphalt"},"geometry":{"type":"LineString","coordinates":[[-122.268377,37.863847],[-122.268189,37.863871]]}},{"type":"Feature","properties":{"kind":"road","name":"Dwight Way","surface":"asphalt"},"geometry":{"type":"LineString","coordinates":[[-122.269849,37.863658],[-122.268377,37.863847]]}},{"type":"Feature","properties":{"kind":"road","name":"Ashby Avenue","surface":"asphalt"},"geometry":{"type":"LineString","coordinates":[[-122.268416,37.855044],[-122.267397,37.855179]]}},{"type":"Feature","properties":{"kind":"trail","name":"Clark Kerr Trail","surface":"dirt"},"geometry":{"type":"LineString","coordinates":[[-122.243279,37.865596],[-122.243074,37.865589],[-122.242773,37.865601],[-122.242629,37.865554]]}},{"type":"Feature","properties":{"kind":"steps","name":"Clark Kerr Trail","surface":"railway_sleepers"},"geometry":{"type":"LineString","coordinates":[[-122.2438,37.865569],[-122.243612,37.86551],[-122.243478,37.865526]]}},{"type":"Feature","properties":{"kind":"steps","name":"Clark Kerr Trail","surface":"railway_sleepers"},"geometry":{"type":"LineString","coordinates":[[-122.245908,37.865935],[-122.245595,37.865887]]}},{"type":"Feature","properties":{"kind":"trail","name":"Clark Kerr Trail","surface":"dirt"},"geometry":{"type":"LineString","coordinates":[[-122.245595,37.865887],[-122.245119,37.865673],[-122.244506,37.865539]]}},{"type":"Feature","properties":{"kind":"road","name":"Martin Luther King Junior Way","surface":"asphalt"},"geometry":{"type":"LineString","coordinates":[[-122.272516,37.86699],[-122.272315,37.865176]]}},{"type":"Feature","properties":{"kind":"trail","surface":"unpaved"},"geometry":{"type":"LineString","coordinates":[[-122.242153,37.900802],[-122.242635,37.900512],[-122.242683,37.900402],[-122.242786,37.90036],[-122.242835,37.900388],[-122.242939,37.900285],[-122.243186,37.900267],[-122.243459,37.900045]]}},{"type":"Feature","properties":{"kind":"trail"},"geometry":{"type":"LineString","coordinates":[[-122.240938,37.897404],[-122.240949,37.89748],[-122.240828,37.897596],[-122.240518,37.89767],[-122.240356,37.897761],[-122.240301,37.897858],[-122.240317,37.89792],[-122.240184,37.897926],[-122.23992,37.898139],[-122.239869,37.89835]]}},{"type":"Feature","properties":{"kind":"trail","surface":"unpaved"},"geometry":{"type":"LineString","coordinates":[[-122.239677,37.896301],[-122.239451,37.896269],[-122.239459,37.896329],[-122.23938,37.896414],[-122.239302,37.896421],[-122.238645,37.897108],[-122.238265,37.897386]]}},{"type":"Feature","properties":{"kind":"trail"},"geometry":{"type":"LineString","coordinates":[[-122.238211,37.890927],[-122.237881,37.891068]]}},{"type":"Feature","properties":{"kind":"trail"},"geometry":{"type":"LineString","coordinates":[[-122.240717,37.893766],[-122.240657,37.893724],[-122.240568,37.8935],[-122.24042,37.893373],[-122.240334,37.89309]]}},{"type":"Feature","properties":{"kind":"trail","sac":"mountain_hiking","surface":"ground"},"geometry":{"type":"LineString","coordinates":[[-122.242982,37.896665],[-122.242806,37.896731],[-122.242564,37.896675],[-122.242485,37.896708]]}},{"type":"Feature","properties":{"kind":"trail","sac":"mountain_hiking","surface":"unpaved"},"geometry":{"type":"LineString","coordinates":[[-122.243932,37.899937],[-122.244003,37.899431],[-122.243964,37.899127],[-122.243821,37.899033],[-122.243822,37.898863],[-122.243756,37.898672],[-122.243542,37.898432],[-122.24349,37.898202],[-122.243348,37.897964],[-122.243108,37.8972],[-122.242997,37.896979],[-122.242982,37.896665],[-122.243037,37.896461],[-122.243289,37.896349],[-122.243686,37.896068],[-122.24372,37.895899],[-122.243829,37.895758]]}},{"type":"Feature","properties":{"kind":"road","name":"Claremont Avenue","surface":"asphalt"},"geometry":{"type":"LineString","coordinates":[[-122.246031,37.857199],[-122.246339,37.856817],[-122.252297,37.849432]]}},{"type":"Feature","properties":{"kind":"trail"},"geometry":{"type":"LineString","coordinates":[[-122.238934,37.875544],[-122.238963,37.875583]]}},{"type":"Feature","properties":{"kind":"trail"},"geometry":{"type":"LineString","coordinates":[[-122.239064,37.875539],[-122.239039,37.875495]]}},{"type":"Feature","properties":{"kind":"trail"},"geometry":{"type":"LineString","coordinates":[[-122.239021,37.875554],[-122.238995,37.875515]]}},{"type":"Feature","properties":{"kind":"trail"},"geometry":{"type":"LineString","coordinates":[[-122.238889,37.875458],[-122.238895,37.875466]]}},{"type":"Feature","properties":{"kind":"trail","surface":"dirt"},"geometry":{"type":"LineString","coordinates":[[-122.248002,37.894102],[-122.247969,37.893807],[-122.247725,37.893451]]}},{"type":"Feature","properties":{"kind":"road","name":"Ashby Avenue","surface":"asphalt"},"geometry":{"type":"LineString","coordinates":[[-122.244249,37.858097],[-122.243886,37.858075]]}},{"type":"Feature","properties":{"kind":"road","name":"Ashby Avenue","surface":"asphalt"},"geometry":{"type":"LineString","coordinates":[[-122.244314,37.858097],[-122.244249,37.858097]]}},{"type":"Feature","properties":{"kind":"steps","name":"Hilgard Avenue","surface":"concrete"},"geometry":{"type":"LineString","coordinates":[[-122.258892,37.878959],[-122.258955,37.87895]]}},{"type":"Feature","properties":{"kind":"steps","surface":"concrete"},"geometry":{"type":"LineString","coordinates":[[-122.257662,37.87915],[-122.257672,37.879177]]}},{"type":"Feature","properties":{"kind":"trail"},"geometry":{"type":"LineString","coordinates":[[-122.24829,37.887994],[-122.248108,37.888128],[-122.247914,37.888162]]}},{"type":"Feature","properties":{"kind":"trail"},"geometry":{"type":"LineString","coordinates":[[-122.247914,37.888162],[-122.247312,37.888231],[-122.247015,37.88833],[-122.24652,37.888709],[-122.246411,37.8889],[-122.246398,37.889038],[-122.246468,37.88942],[-122.246783,37.88993],[-122.246785,37.890346],[-122.246854,37.890556],[-122.247028,37.890636],[-122.247818,37.89079],[-122.247963,37.890904],[-122.247951,37.891076],[-122.24669,37.891347],[-122.245751,37.891363],[-122.245214,37.891425],[-122.244304,37.891643],[-122.244155,37.891633],[-122.243879,37.891485],[-122.243735,37.891034],[-122.243126,37.889998],[-122.24327,37.889907]]}},{"type":"Feature","properties":{"kind":"trail"},"geometry":{"type":"LineString","coordinates":[[-122.242855,37.888215],[-122.242781,37.888159],[-122.242813,37.887901],[-122.243004,37.887933]]}},{"type":"Feature","properties":{"kind":"trail"},"geometry":{"type":"LineString","coordinates":[[-122.243143,37.887451],[-122.243332,37.887711]]}},{"type":"Feature","properties":{"kind":"trail"},"geometry":{"type":"LineString","coordinates":[[-122.243252,37.889355],[-122.243175,37.889253],[-122.243219,37.889162],[-122.24335,37.889066],[-122.243513,37.889061],[-122.243638,37.889166],[-122.243858,37.889586]]}},{"type":"Feature","properties":{"kind":"trail","name":"Trumpetvine Court"},"geometry":{"type":"LineString","coordinates":[[-122.267255,37.86965],[-122.267304,37.869913]]}},{"type":"Feature","properties":{"kind":"steps"},"geometry":{"type":"LineString","coordinates":[[-122.226311,37.855476],[-122.2266,37.855528]]}},{"type":"Feature","properties":{"kind":"trail"},"geometry":{"type":"LineString","coordinates":[[-122.2266,37.855528],[-122.226706,37.855398],[-122.226788,37.855148],[-122.226862,37.854866],[-122.226862,37.85463],[-122.226971,37.85458]]}},{"type":"Feature","properties":{"kind":"trail"},"geometry":{"type":"LineString","coordinates":[[-122.252751,37.874672],[-122.252671,37.874543],[-122.252635,37.87455]]}},{"type":"Feature","properties":{"kind":"trail"},"geometry":{"type":"LineString","coordinates":[[-122.253248,37.874485],[-122.253322,37.874416]]}},{"type":"Feature","properties":{"kind":"steps"},"geometry":{"type":"LineString","coordinates":[[-122.252736,37.877418],[-122.25282,37.877486],[-122.253055,37.877518],[-122.253117,37.877675]]}},{"type":"Feature","properties":{"kind":"trail"},"geometry":{"type":"LineString","coordinates":[[-122.253117,37.877675],[-122.253074,37.877791]]}},{"type":"Feature","properties":{"kind":"trail"},"geometry":{"type":"LineString","coordinates":[[-122.253122,37.879159],[-122.253013,37.879199]]}},{"type":"Feature","properties":{"kind":"steps"},"geometry":{"type":"LineString","coordinates":[[-122.253013,37.879199],[-122.252903,37.879235],[-122.252833,37.879351]]}},{"type":"Feature","properties":{"kind":"trail"},"geometry":{"type":"LineString","coordinates":[[-122.252833,37.879351],[-122.252831,37.879395]]}},{"type":"Feature","properties":{"kind":"steps"},"geometry":{"type":"LineString","coordinates":[[-122.252411,37.876018],[-122.252341,37.876082],[-122.25222,37.875996],[-122.25211,37.876032]]}},{"type":"Feature","properties":{"kind":"track","surface":"dirt"},"geometry":{"type":"LineString","coordinates":[[-122.242767,37.880107],[-122.242557,37.879916],[-122.242584,37.879753],[-122.242733,37.879515]]}},{"type":"Feature","properties":{"kind":"road","name":"Centennial Drive"},"geometry":{"type":"LineString","coordinates":[[-122.239931,37.875802],[-122.240986,37.875635]]}},{"type":"Feature","properties":{"kind":"trail"},"geometry":{"type":"LineString","coordinates":[[-122.250415,37.876126],[-122.250458,37.875784],[-122.250417,37.87559]]}},{"type":"Feature","properties":{"kind":"steps"},"geometry":{"type":"LineString","coordinates":[[-122.248848,37.876557],[-122.24851,37.876621]]}},{"type":"Feature","properties":{"kind":"trail"},"geometry":{"type":"LineString","coordinates":[[-122.24851,37.876621],[-122.248402,37.876578]]}},{"type":"Feature","properties":{"kind":"trail"},"geometry":{"type":"LineString","coordinates":[[-122.248991,37.876529],[-122.248848,37.876557]]}},{"type":"Feature","properties":{"kind":"trail"},"geometry":{"type":"LineString","coordinates":[[-122.245228,37.880479],[-122.245035,37.880284]]}},{"type":"Feature","properties":{"kind":"steps"},"geometry":{"type":"LineString","coordinates":[[-122.245035,37.880284],[-122.244985,37.8803],[-122.244895,37.880195],[-122.244835,37.880216],[-122.244766,37.880127],[-122.244712,37.880152],[-122.244615,37.88008]]}},{"type":"Feature","properties":{"kind":"trail","name":"La Loma Steps","surface":"paving_stones"},"geometry":{"type":"LineString","coordinates":[[-122.259963,37.881924],[-122.259958,37.881873]]}},{"type":"Feature","properties":{"kind":"trail","name":"La Loma Steps","surface":"paving_stones"},"geometry":{"type":"LineString","coordinates":[[-122.259958,37.881873],[-122.260285,37.881854]]}},{"type":"Feature","properties":{"kind":"steps","name":"Glendale Path","surface":"dirt"},"geometry":{"type":"LineString","coordinates":[[-122.254401,37.885514],[-122.253323,37.885876]]}},{"type":"Feature","properties":{"kind":"steps","name":"Hill Court Steps","surface":"sett"},"geometry":{"type":"LineString","coordinates":[[-122.260256,37.879939],[-122.260353,37.879915]]}},{"type":"Feature","properties":{"kind":"trail"},"geometry":{"type":"LineString","coordinates":[[-122.258376,37.89728],[-122.25855,37.897187],[-122.258743,37.897084]]}},{"type":"Feature","properties":{"kind":"trail"},"geometry":{"type":"LineString","coordinates":[[-122.25855,37.897187],[-122.258469,37.897095],[-122.258659,37.896991],[-122.258743,37.897084]]}},{"type":"Feature","properties":{"kind":"road","name":"Hearst Avenue","surface":"concrete"},"geometry":{"type":"LineString","coordinates":[[-122.264618,37.874282],[-122.263748,37.874579]]}},{"type":"Feature","properties":{"kind":"steps"},"geometry":{"type":"LineString","coordinates":[[-122.256475,37.872889],[-122.256593,37.872862]]}},{"type":"Feature","properties":{"kind":"trail","surface":"asphalt"},"geometry":{"type":"LineString","coordinates":[[-122.257539,37.870363],[-122.257355,37.870532],[-122.257334,37.870621]]}},{"type":"Feature","properties":{"kind":"trail","name":"Slideo","surface":"dirt"},"geometry":{"type":"LineString","coordinates":[[-122.244077,37.870932],[-122.244291,37.870871],[-122.244612,37.870846],[-122.244676,37.870918],[-122.244694,37.871138],[-122.244722,37.871466],[-122.244832,37.871625],[-122.244664,37.87174],[-122.244845,37.871873],[-122.245458,37.871948]]}},{"type":"Feature","properties":{"kind":"trail","name":"Sideo Dusty Extension","surface":"dirt"},"geometry":{"type":"LineString","coordinates":[[-122.229325,37.871832],[-122.229566,37.871928],[-122.229937,37.871936],[-122.230117,37.871877],[-122.23029,37.871737],[-122.230344,37.871525],[-122.230293,37.87143],[-122.230264,37.871062],[-122.230583,37.870783],[-122.230689,37.870629],[-122.23096,37.870539],[-122.230986,37.870424]]}},{"type":"Feature","properties":{"kind":"trail","name":"Upper Side Hill entrance","surface":"dirt"},"geometry":{"type":"LineString","coordinates":[[-122.223709,37.876245],[-122.223244,37.876073],[-122.222834,37.876135],[-122.222673,37.875941],[-122.222484,37.875858],[-122.222097,37.875759],[-122.221953,37.875795],[-122.221891,37.875736]]}},{"type":"Feature","properties":{"kind":"trail","name":"Gwin Canyon Trail","surface":"dirt"},"geometry":{"type":"LineString","coordinates":[[-122.224277,37.863014],[-122.224359,37.863154],[-122.224549,37.863174],[-122.224565,37.863362],[-122.224681,37.863466],[-122.22491,37.863546],[-122.224893,37.863602],[-122.224676,37.863712],[-122.225029,37.86373],[-122.22504,37.86377],[-122.224775,37.864005],[-122.224836,37.864362],[-122.22476,37.864584],[-122.225733,37.864639],[-122.226145,37.864731],[-122.226963,37.865284],[-122.227067,37.865517],[-122.227147,37.865573],[-122.227686,37.865707],[-122.227882,37.865891],[-122.228956,37.866472],[-122.229312,37.866548],[-122.229404,37.866874],[-122.229213,37.867364],[-122.229225,37.867499],[-122.229051,37.867619],[-122.229022,37.867793],[-122.228827,37.867932],[-122.228297,37.868668],[-122.228164,37.8687],[-122.227392,37.868526],[-122.226629,37.868852],[-122.226333,37.869053],[-122.225205,37.869492],[-122.22497,37.869702]]}},{"type":"Feature","properties":{"kind":"trail","name":"Sherwood Forest","surface":"dirt"},"geometry":{"type":"LineString","coordinates":[[-122.23953,37.869791],[-122.239435,37.869833],[-122.239343,37.869778],[-122.239199,37.869784],[-122.238491,37.869574],[-122.238432,37.86936],[-122.23834,37.869304],[-122.237714,37.869476],[-122.237699,37.869556],[-122.237844,37.869841],[-122.237816,37.870147],[-122.237872,37.870381],[-122.238022,37.870727],[-122.238153,37.870916],[-122.238637,37.871138],[-122.238692,37.871079],[-122.238725,37.871201]]}},{"type":"Feature","properties":{"kind":"road","name":"Benvenue Avenue","surface":"asphalt"},"geometry":{"type":"LineString","coordinates":[[-122.254022,37.855943],[-122.253994,37.855837]]}},{"type":"Feature","properties":{"kind":"trail","name":"Avalon Walk","surface":"concrete"},"geometry":{"type":"LineString","coordinates":[[-122.24949,37.860139],[-122.249242,37.859865]]}},{"type":"Feature","properties":{"kind":"trail","name":"Pine Path","surface":"concrete"},"geometry":{"type":"LineString","coordinates":[[-122.24869,37.859503],[-122.248634,37.858837]]}},{"type":"Feature","properties":{"kind":"trail"},"geometry":{"type":"LineString","coordinates":[[-122.231506,37.875395],[-122.231635,37.875334],[-122.23181,37.875101],[-122.232064,37.87456],[-122.231986,37.874455],[-122.232018,37.874383],[-122.232333,37.874293],[-122.232924,37.874516],[-122.233389,37.874511],[-122.233548,37.87455],[-122.233658,37.874434]]}},{"type":"Feature","properties":{"kind":"trail"},"geometry":{"type":"LineString","coordinates":[[-122.250297,37.880829],[-122.250359,37.880805],[-122.250496,37.880397],[-122.250456,37.880317],[-122.250212,37.880236],[-122.250106,37.880145],[-122.250058,37.880065],[-122.249879,37.879966],[-122.249547,37.879895]]}},{"type":"Feature","properties":{"kind":"trail","name":"Quarry Path","surface":"unpaved"},"geometry":{"type":"LineString","coordinates":[[-122.256873,37.884795],[-122.256726,37.884779]]}},{"type":"Feature","properties":{"kind":"trail"},"geometry":{"type":"LineString","coordinates":[[-122.257523,37.871484],[-122.25754,37.871519]]}},{"type":"Feature","properties":{"kind":"trail","surface":"dirt"},"geometry":{"type":"LineString","coordinates":[[-122.221013,37.875572],[-122.220884,37.875438],[-122.220829,37.875532]]}},{"type":"Feature","properties":{"kind":"steps"},"geometry":{"type":"LineString","coordinates":[[-122.246893,37.865647],[-122.246957,37.865598],[-122.246988,37.865352]]}},{"type":"Feature","properties":{"kind":"trail"},"geometry":{"type":"LineString","coordinates":[[-122.246988,37.865352],[-122.24703,37.865311],[-122.246937,37.865003]]}},{"type":"Feature","properties":{"kind":"steps"},"geometry":{"type":"LineString","coordinates":[[-122.246937,37.865003],[-122.247085,37.86477]]}},{"type":"Feature","properties":{"kind":"trail"},"geometry":{"type":"LineString","coordinates":[[-122.247085,37.86477],[-122.247107,37.864738]]}},{"type":"Feature","properties":{"kind":"trail"},"geometry":{"type":"LineString","coordinates":[[-122.225104,37.87005],[-122.225091,37.870013]]}},{"type":"Feature","properties":{"kind":"trail","name":"Arroyo Trail","surface":"ground"},"geometry":{"type":"LineString","coordinates":[[-122.223907,37.886291],[-122.224008,37.886242]]}},{"type":"Feature","properties":{"kind":"road","name":"South Park Drive","surface":"paved"},"geometry":{"type":"LineString","coordinates":[[-122.226099,37.882209],[-122.226008,37.881751]]}},{"type":"Feature","properties":{"kind":"road","name":"South Park Drive","surface":"paved"},"geometry":{"type":"LineString","coordinates":[[-122.226008,37.881751],[-122.225955,37.881509],[-122.225645,37.880975],[-122.22553,37.880655],[-122.22561,37.880413],[-122.225996,37.880088],[-122.226069,37.879801],[-122.226036,37.879591]]}},{"type":"Feature","properties":{"kind":"trail","name":"Vollmer Peak Trail"},"geometry":{"type":"LineString","coordinates":[[-122.226099,37.882209],[-122.226124,37.882587],[-122.226411,37.882804],[-122.226444,37.882905],[-122.226357,37.883228],[-122.226502,37.883451]]}},{"type":"Feature","properties":{"kind":"trail","name":"Vollmer Peak Trail","surface":"ground"},"geometry":{"type":"LineString","coordinates":[[-122.225388,37.885272],[-122.22534,37.885371],[-122.225029,37.885465],[-122.224901,37.885444],[-122.224496,37.885202],[-122.224296,37.884924]]}},{"type":"Feature","properties":{"kind":"trail","name":"Lupine Trail","surface":"ground"},"geometry":{"type":"LineString","coordinates":[[-122.226032,37.885747],[-122.225753,37.885598],[-122.225723,37.885523],[-122.225388,37.885272]]}},{"type":"Feature","properties":{"kind":"trail","name":"Arroyo Trail","surface":"ground"},"geometry":{"type":"LineString","coordinates":[[-122.224008,37.886242],[-122.224304,37.886004],[-122.224519,37.885939],[-122.225028,37.885873],[-122.225749,37.885879],[-122.225988,37.885815],[-122.226032,37.885747]]}},{"type":"Feature","properties":{"kind":"track","name":"Seaview Trail","surface":"unpaved"},"geometry":{"type":"LineString","coordinates":[[-122.223907,37.886291],[-122.2239,37.886057],[-122.22398,37.885769],[-122.224148,37.885481],[-122.224083,37.885211],[-122.223973,37.885114],[-122.223008,37.884767]]}},{"type":"Feature","properties":{"kind":"trail","name":"Fenceline Trail","surface":"dirt"},"geometry":{"type":"LineString","coordinates":[[-122.224169,37.887532],[-122.224419,37.887523],[-122.224493,37.887355]]}},{"type":"Feature","properties":{"kind":"trail","name":"Lake Anza Trail","surface":"dirt"},"geometry":{"type":"LineString","coordinates":[[-122.251529,37.894736],[-122.251648,37.895055],[-122.251587,37.895311],[-122.251706,37.895539],[-122.251702,37.895893],[-122.251659,37.896015]]}},{"type":"Feature","properties":{"kind":"trail","surface":"dirt"},"geometry":{"type":"LineString","coordinates":[[-122.243585,37.864429],[-122.243371,37.864295]]}},{"type":"Feature","properties":{"kind":"steps"},"geometry":{"type":"LineString","coordinates":[[-122.255812,37.872899],[-122.255829,37.872929]]}},{"type":"Feature","properties":{"kind":"steps"},"geometry":{"type":"LineString","coordinates":[[-122.255859,37.872922],[-122.255893,37.872892],[-122.255851,37.872887]]}},{"type":"Feature","properties":{"kind":"trail"},"geometry":{"type":"LineString","coordinates":[[-122.256527,37.872437],[-122.256415,37.872512],[-122.256439,37.872576]]}},{"type":"Feature","properties":{"kind":"trail"},"geometry":{"type":"LineString","coordinates":[[-122.256631,37.87271],[-122.256482,37.872691],[-122.256457,37.872628]]}},{"type":"Feature","properties":{"kind":"steps"},"geometry":{"type":"LineString","coordinates":[[-122.256446,37.872601],[-122.256421,37.872607]]}},{"type":"Feature","properties":{"kind":"trail"},"geometry":{"type":"LineString","coordinates":[[-122.256457,37.872628],[-122.256446,37.872601]]}},{"type":"Feature","properties":{"kind":"steps"},"geometry":{"type":"LineString","coordinates":[[-122.256446,37.872601],[-122.256439,37.872576]]}},{"type":"Feature","properties":{"kind":"track"},"geometry":{"type":"LineString","coordinates":[[-122.2187,37.891609],[-122.218043,37.891642],[-122.217614,37.891813]]}},{"type":"Feature","properties":{"kind":"trail","surface":"concrete"},"geometry":{"type":"LineString","coordinates":[[-122.257896,37.874456],[-122.257909,37.874418],[-122.257885,37.874354]]}},{"type":"Feature","properties":{"kind":"steps","surface":"concrete"},"geometry":{"type":"LineString","coordinates":[[-122.257885,37.874354],[-122.257878,37.874336]]}},{"type":"Feature","properties":{"kind":"road","name":"Hearst Avenue","surface":"paved"},"geometry":{"type":"LineString","coordinates":[[-122.260983,37.874932],[-122.260703,37.8749],[-122.260386,37.874938],[-122.260158,37.875084]]}},{"type":"Feature","properties":{"kind":"road","name":"Hearst Avenue","surface":"asphalt"},"geometry":{"type":"LineString","coordinates":[[-122.260983,37.874932],[-122.260805,37.874991]]}},{"type":"Feature","properties":{"kind":"road","name":"Hearst Avenue","surface":"asphalt"},"geometry":{"type":"LineString","coordinates":[[-122.264747,37.874334],[-122.264629,37.874364]]}},{"type":"Feature","properties":{"kind":"road","name":"Hearst Avenue","surface":"asphalt"},"geometry":{"type":"LineString","coordinates":[[-122.265078,37.87429],[-122.264747,37.874334]]}},{"type":"Feature","properties":{"kind":"trail"},"geometry":{"type":"LineString","coordinates":[[-122.258493,37.874076],[-122.258466,37.873993],[-122.25839,37.874008],[-122.258353,37.874016],[-122.258264,37.874034]]}},{"type":"Feature","properties":{"kind":"trail"},"geometry":{"type":"LineString","coordinates":[[-122.258286,37.873808],[-122.258302,37.873845]]}},{"type":"Feature","properties":{"kind":"trail"},"geometry":{"type":"LineString","coordinates":[[-122.258365,37.873994],[-122.25839,37.874008]]}},{"type":"Feature","properties":{"kind":"trail"},"geometry":{"type":"LineString","coordinates":[[-122.258342,37.873938],[-122.258365,37.873994],[-122.258353,37.874016]]}},{"type":"Feature","properties":{"kind":"trail"},"geometry":{"type":"LineString","coordinates":[[-122.258302,37.873845],[-122.258327,37.873904],[-122.258342,37.873938]]}},{"type":"Feature","properties":{"kind":"trail"},"geometry":{"type":"LineString","coordinates":[[-122.258327,37.873904],[-122.258285,37.873913]]}},{"type":"Feature","properties":{"kind":"trail"},"geometry":{"type":"LineString","coordinates":[[-122.258626,37.874403],[-122.258605,37.874407]]}},{"type":"Feature","properties":{"kind":"trail","surface":"concrete"},"geometry":{"type":"LineString","coordinates":[[-122.258297,37.874119],[-122.258264,37.874034]]}},{"type":"Feature","properties":{"kind":"track"},"geometry":{"type":"LineString","coordinates":[[-122.21445,37.880137],[-122.214458,37.880207],[-122.2152,37.880503],[-122.216037,37.880918],[-122.216172,37.88093],[-122.21649,37.880815],[-122.216856,37.880547],[-122.217344,37.880035]]}},{"type":"Feature","properties":{"kind":"road","name":"Shattuck Avenue","surface":"asphalt"},"geometry":{"type":"LineString","coordinates":[[-122.269339,37.880893],[-122.269377,37.881203]]}},{"type":"Feature","properties":{"kind":"road","name":"Shattuck Avenue","surface":"asphalt"},"geometry":{"type":"LineString","coordinates":[[-122.26946,37.881909],[-122.269533,37.882037]]}},{"type":"Feature","properties":{"kind":"road","name":"Spruce Street","surface":"asphalt"},"geometry":{"type":"LineString","coordinates":[[-122.265392,37.874284],[-122.265381,37.87423],[-122.26537,37.874179]]}},{"type":"Feature","properties":{"kind":"trail"},"geometry":{"type":"LineString","coordinates":[[-122.262598,37.868988],[-122.262556,37.868991],[-122.262531,37.868868]]}},{"type":"Feature","properties":{"kind":"trail"},"geometry":{"type":"LineString","coordinates":[[-122.255042,37.866492],[-122.254992,37.866212]]}},{"type":"Feature","properties":{"kind":"trail"},"geometry":{"type":"LineString","coordinates":[[-122.254992,37.866212],[-122.255161,37.866196],[-122.255275,37.866159],[-122.255269,37.866125],[-122.255259,37.86606],[-122.25524,37.865944],[-122.255187,37.865619]]}},{"type":"Feature","properties":{"kind":"trail"},"geometry":{"type":"LineString","coordinates":[[-122.254552,37.865701],[-122.254595,37.86591],[-122.254604,37.865954],[-122.254623,37.866045]]}},{"type":"Feature","properties":{"kind":"steps"},"geometry":{"type":"LineString","coordinates":[[-122.255285,37.86594],[-122.25524,37.865944],[-122.255105,37.86597]]}},{"type":"Feature","properties":{"kind":"trail"},"geometry":{"type":"LineString","coordinates":[[-122.255105,37.86597],[-122.255093,37.865972],[-122.254949,37.865999],[-122.254755,37.866035],[-122.254623,37.866045],[-122.254545,37.866048],[-122.254484,37.86605],[-122.254328,37.866056]]}},{"type":"Feature","properties":{"kind":"trail"},"geometry":{"type":"LineString","coordinates":[[-122.254328,37.866056],[-122.254306,37.865944]]}},{"type":"Feature","properties":{"kind":"trail"},"geometry":{"type":"LineString","coordinates":[[-122.254328,37.866056],[-122.254345,37.866139],[-122.254352,37.866176],[-122.254371,37.866269]]}},{"type":"Feature","properties":{"kind":"trail"},"geometry":{"type":"LineString","coordinates":[[-122.255275,37.866159],[-122.255041,37.866172],[-122.25503,37.866126],[-122.254977,37.866133]]}},{"type":"Feature","properties":{"kind":"steps"},"geometry":{"type":"LineString","coordinates":[[-122.255259,37.86606],[-122.255238,37.866063],[-122.255208,37.866067]]}},{"type":"Feature","properties":{"kind":"trail"},"geometry":{"type":"LineString","coordinates":[[-122.255208,37.866067],[-122.254967,37.866086]]}},{"type":"Feature","properties":{"kind":"trail"},"geometry":{"type":"LineString","coordinates":[[-122.254992,37.866212],[-122.254988,37.866197],[-122.254986,37.866187]]}},{"type":"Feature","properties":{"kind":"steps"},"geometry":{"type":"LineString","coordinates":[[-122.254986,37.866187],[-122.254985,37.866179],[-122.254977,37.866133]]}},{"type":"Feature","properties":{"kind":"trail"},"geometry":{"type":"LineString","coordinates":[[-122.254977,37.866133],[-122.254967,37.866086],[-122.254949,37.865999]]}},{"type":"Feature","properties":{"kind":"trail"},"geometry":{"type":"LineString","coordinates":[[-122.254967,37.866086],[-122.254834,37.866101],[-122.254561,37.866137],[-122.254502,37.866148],[-122.254352,37.866176]]}},{"type":"Feature","properties":{"kind":"trail"},"geometry":{"type":"LineString","coordinates":[[-122.254834,37.866101],[-122.254853,37.866197]]}},{"type":"Feature","properties":{"kind":"trail"},"geometry":{"type":"LineString","coordinates":[[-122.254853,37.866197],[-122.254859,37.866229]]}},{"type":"Feature","properties":{"kind":"trail"},"geometry":{"type":"LineString","coordinates":[[-122.255161,37.866196],[-122.25517,37.866246]]}},{"type":"Feature","properties":{"kind":"trail"},"geometry":{"type":"LineString","coordinates":[[-122.255285,37.86594],[-122.255218,37.865615]]}},{"type":"Feature","properties":{"kind":"trail"},"geometry":{"type":"LineString","coordinates":[[-122.254583,37.866268],[-122.254577,37.866234]]}},{"type":"Feature","properties":{"kind":"trail"},"geometry":{"type":"LineString","coordinates":[[-122.254577,37.866234],[-122.254561,37.866137]]}},{"type":"Feature","properties":{"kind":"trail"},"geometry":{"type":"LineString","coordinates":[[-122.254561,37.866137],[-122.254545,37.866048]]}},{"type":"Feature","properties":{"kind":"trail"},"geometry":{"type":"LineString","coordinates":[[-122.254142,37.86596],[-122.25397,37.865981]]}},{"type":"Feature","properties":{"kind":"trail"},"geometry":{"type":"LineString","coordinates":[[-122.254306,37.865944],[-122.254278,37.865946]]}},{"type":"Feature","properties":{"kind":"steps"},"geometry":{"type":"LineString","coordinates":[[-122.254278,37.865946],[-122.25426,37.865948]]}},{"type":"Feature","properties":{"kind":"trail"},"geometry":{"type":"LineString","coordinates":[[-122.25426,37.865948],[-122.254183,37.865956]]}},{"type":"Feature","properties":{"kind":"steps"},"geometry":{"type":"LineString","coordinates":[[-122.254183,37.865956],[-122.254142,37.86596]]}},{"type":"Feature","properties":{"kind":"trail"},"geometry":{"type":"LineString","coordinates":[[-122.254345,37.866139],[-122.254268,37.866071],[-122.254288,37.866185],[-122.25431,37.86629]]}},{"type":"Feature","properties":{"kind":"steps"},"geometry":{"type":"LineString","coordinates":[[-122.254371,37.866269],[-122.254334,37.866275]]}},{"type":"Feature","properties":{"kind":"trail"},"geometry":{"type":"LineString","coordinates":[[-122.254334,37.866275],[-122.254393,37.866573]]}},{"type":"Feature","properties":{"kind":"steps"},"geometry":{"type":"LineString","coordinates":[[-122.254352,37.866176],[-122.254288,37.866185]]}},{"type":"Feature","properties":{"kind":"trail"},"geometry":{"type":"LineString","coordinates":[[-122.254288,37.866185],[-122.254282,37.866186]]}},{"type":"Feature","properties":{"kind":"trail"},"geometry":{"type":"LineString","coordinates":[[-122.254268,37.866071],[-122.254159,37.866084],[-122.254139,37.865992],[-122.25413,37.866086],[-122.253994,37.866102]]}},{"type":"Feature","properties":{"kind":"trail"},"geometry":{"type":"LineString","coordinates":[[-122.254306,37.865944],[-122.254444,37.865928],[-122.254595,37.86591]]}},{"type":"Feature","properties":{"kind":"trail"},"geometry":{"type":"LineString","coordinates":[[-122.254444,37.865928],[-122.254434,37.865884]]}},{"type":"Feature","properties":{"kind":"trail"},"geometry":{"type":"LineString","coordinates":[[-122.254755,37.866035],[-122.254751,37.866025],[-122.25471,37.865927]]}},{"type":"Feature","properties":{"kind":"trail"},"geometry":{"type":"LineString","coordinates":[[-122.25471,37.865927],[-122.254707,37.865895]]}},{"type":"Feature","properties":{"kind":"trail"},"geometry":{"type":"LineString","coordinates":[[-122.254949,37.865999],[-122.254946,37.86598],[-122.254931,37.865896]]}},{"type":"Feature","properties":{"kind":"trail"},"geometry":{"type":"LineString","coordinates":[[-122.254931,37.865896],[-122.254927,37.865867]]}},{"type":"Feature","properties":{"kind":"steps"},"geometry":{"type":"LineString","coordinates":[[-122.254988,37.866197],[-122.254897,37.866209]]}},{"type":"Feature","properties":{"kind":"trail"},"geometry":{"type":"LineString","coordinates":[[-122.254897,37.866209],[-122.254549,37.866254]]}},{"type":"Feature","properties":{"kind":"steps"},"geometry":{"type":"LineString","coordinates":[[-122.254549,37.866254],[-122.254371,37.866269]]}},{"type":"Feature","properties":{"kind":"road"},"geometry":{"type":"LineString","coordinates":[[-122.255252,37.866143],[-122.255041,37.866172],[-122.254985,37.866179],[-122.254853,37.866197],[-122.25452,37.866242],[-122.254502,37.866148],[-122.254484,37.86605],[-122.254469,37.865973],[-122.254604,37.865954],[-122.254649,37.866034],[-122.254751,37.866025],[-122.254946,37.86598],[-122.255093,37.865972],[-122.255111,37.866058],[-122.255238,37.866063],[-122.255252,37.866143]]}},{"type":"Feature","properties":{"kind":"road"},"geometry":{"type":"LineString","coordinates":[[-122.255475,37.866184],[-122.255448,37.866064],[-122.255329,37.866079],[-122.255336,37.866118],[-122.25535,37.8662],[-122.255475,37.866184]]}},{"type":"Feature","properties":{"kind":"trail"},"geometry":{"type":"LineString","coordinates":[[-122.255228,37.868021],[-122.255217,37.867972]]}},{"type":"Feature","properties":{"kind":"trail"},"geometry":{"type":"LineString","coordinates":[[-122.254949,37.868045],[-122.254941,37.868009]]}},{"type":"Feature","properties":{"kind":"trail"},"geometry":{"type":"LineString","coordinates":[[-122.255086,37.867648],[-122.255096,37.867697]]}},{"type":"Feature","properties":{"kind":"trail"},"geometry":{"type":"LineString","coordinates":[[-122.255654,37.86793],[-122.255405,37.867952],[-122.255399,37.867914],[-122.25537,37.867916],[-122.255349,37.867921]]}},{"type":"Feature","properties":{"kind":"trail"},"geometry":{"type":"LineString","coordinates":[[-122.25537,37.867916],[-122.255358,37.867857]]}},{"type":"Feature","properties":{"kind":"trail"},"geometry":{"type":"LineString","coordinates":[[-122.25557,37.867842],[-122.255473,37.867849],[-122.255358,37.867857],[-122.255191,37.86787],[-122.254947,37.867909],[-122.254866,37.867928],[-122.254769,37.867945]]}},{"type":"Feature","properties":{"kind":"trail"},"geometry":{"type":"LineString","coordinates":[[-122.255635,37.867831],[-122.255605,37.867836]]}},{"type":"Feature","properties":{"kind":"steps"},"geometry":{"type":"LineString","coordinates":[[-122.255605,37.867836],[-122.25557,37.867842]]}},{"type":"Feature","properties":{"kind":"trail"},"geometry":{"type":"LineString","coordinates":[[-122.254744,37.86795],[-122.254718,37.867954]]}},{"type":"Feature","properties":{"kind":"steps"},"geometry":{"type":"LineString","coordinates":[[-122.254769,37.867945],[-122.254744,37.86795]]}},{"type":"Feature","properties":{"kind":"steps"},"geometry":{"type":"LineString","coordinates":[[-122.255659,37.867716],[-122.255614,37.867721],[-122.255535,37.867733]]}},{"type":"Feature","properties":{"kind":"trail"},"geometry":{"type":"LineString","coordinates":[[-122.255535,37.867733],[-122.255453,37.867747],[-122.255337,37.867767],[-122.255118,37.867805],[-122.254953,37.867823],[-122.254845,37.867831],[-122.254742,37.867834]]}},{"type":"Feature","properties":{"kind":"trail"},"geometry":{"type":"LineString","coordinates":[[-122.254718,37.867835],[-122.254692,37.867835]]}},{"type":"Feature","properties":{"kind":"steps"},"geometry":{"type":"LineString","coordinates":[[-122.254742,37.867834],[-122.254718,37.867835]]}},{"type":"Feature","properties":{"kind":"trail"},"geometry":{"type":"LineString","coordinates":[[-122.25467,37.867736],[-122.254541,37.867739]]}},{"type":"Feature","properties":{"kind":"trail"},"geometry":{"type":"LineString","coordinates":[[-122.254488,37.867746],[-122.254326,37.867768]]}},{"type":"Feature","properties":{"kind":"steps"},"geometry":{"type":"LineString","coordinates":[[-122.254541,37.867739],[-122.254488,37.867746]]}},{"type":"Feature","properties":{"kind":"trail"},"geometry":{"type":"LineString","coordinates":[[-122.255096,37.867697],[-122.255112,37.867773],[-122.255118,37.867805],[-122.255191,37.86787],[-122.255194,37.867883],[-122.255217,37.867972]]}},{"type":"Feature","properties":{"kind":"trail"},"geometry":{"type":"LineString","coordinates":[[-122.255358,37.867857],[-122.255337,37.867767]]}},{"type":"Feature","properties":{"kind":"trail"},"geometry":{"type":"LineString","coordinates":[[-122.254962,37.867695],[-122.254953,37.867823],[-122.254947,37.867909],[-122.254941,37.868009]]}},{"type":"Feature","properties":{"kind":"road"},"geometry":{"type":"LineString","coordinates":[[-122.255846,37.867961],[-122.255765,37.867967],[-122.255707,37.867889],[-122.255699,37.867855],[-122.255822,37.867841],[-122.255846,37.867961]]}},{"type":"Feature","properties":{"kind":"road"},"geometry":{"type":"LineString","coordinates":[[-122.25532,37.867925],[-122.255349,37.867921],[-122.255399,37.867914],[-122.255473,37.867849],[-122.255453,37.867747],[-122.255112,37.867773],[-122.255,37.86779],[-122.254956,37.867674],[-122.254821,37.867715],[-122.254845,37.867831],[-122.254866,37.867928],[-122.254885,37.868017],[-122.254941,37.868009],[-122.255025,37.867998],[-122.255005,37.867909],[-122.255194,37.867883],[-122.25531,37.867867],[-122.25532,37.867925]]}},{"type":"Feature","properties":{"kind":"trail"},"geometry":{"type":"LineString","coordinates":[[-122.252147,37.869706],[-122.252116,37.869615],[-122.252048,37.869578],[-122.252055,37.869722],[-122.252036,37.869627],[-122.251952,37.869597],[-122.25194,37.869533]]}},{"type":"Feature","properties":{"kind":"steps"},"geometry":{"type":"LineString","coordinates":[[-122.252153,37.86974],[-122.252132,37.869743]]}},{"type":"Feature","properties":{"kind":"trail"},"geometry":{"type":"LineString","coordinates":[[-122.252132,37.869743],[-122.2521,37.869747]]}},{"type":"Feature","properties":{"kind":"steps"},"geometry":{"type":"LineString","coordinates":[[-122.2521,37.869747],[-122.252064,37.869752]]}},{"type":"Feature","properties":{"kind":"trail"},"geometry":{"type":"LineString","coordinates":[[-122.252064,37.869752],[-122.25206,37.869753],[-122.252015,37.869761]]}},{"type":"Feature","properties":{"kind":"trail"},"geometry":{"type":"LineString","coordinates":[[-122.252055,37.869722],[-122.25206,37.869753]]}},{"type":"Feature","properties":{"kind":"trail"},"geometry":{"type":"LineString","coordinates":[[-122.252153,37.86974],[-122.252147,37.869706]]}},{"type":"Feature","properties":{"kind":"trail"},"geometry":{"type":"LineString","coordinates":[[-122.254288,37.871406],[-122.254284,37.871294],[-122.254212,37.871431],[-122.254162,37.871322],[-122.254152,37.871497],[-122.254056,37.871374],[-122.254121,37.871574]]}},{"type":"Feature","properties":{"kind":"trail"},"geometry":{"type":"LineString","coordinates":[[-122.254212,37.871431],[-122.254229,37.871452]]}},{"type":"Feature","properties":{"kind":"trail"},"geometry":{"type":"LineString","coordinates":[[-122.254152,37.871497],[-122.254177,37.871522]]}},{"type":"Feature","properties":{"kind":"trail"},"geometry":{"type":"LineString","coordinates":[[-122.25414,37.871231],[-122.254075,37.871245]]}},{"type":"Feature","properties":{"kind":"trail"},"geometry":{"type":"LineString","coordinates":[[-122.254064,37.871313],[-122.254056,37.871374]]}},{"type":"Feature","properties":{"kind":"trail","surface":"concrete"},"geometry":{"type":"LineString","coordinates":[[-122.254122,37.872104],[-122.254197,37.872106],[-122.254227,37.872107]]}},{"type":"Feature","properties":{"kind":"trail","surface":"concrete"},"geometry":{"type":"LineString","coordinates":[[-122.25387,37.871722],[-122.253776,37.871679],[-122.25363,37.871744],[-122.253744,37.871609],[-122.253646,37.871586],[-122.253579,37.871612],[-122.253557,37.871712],[-122.253543,37.871572]]}},{"type":"Feature","properties":{"kind":"trail","surface":"concrete"},"geometry":{"type":"LineString","coordinates":[[-122.253557,37.871712],[-122.25357,37.871783]]}},{"type":"Feature","properties":{"kind":"trail"},"geometry":{"type":"LineString","coordinates":[[-122.257554,37.873124],[-122.257528,37.873055],[-122.257512,37.873013]]}},{"type":"Feature","properties":{"kind":"steps"},"geometry":{"type":"LineString","coordinates":[[-122.257512,37.873013],[-122.257487,37.872955]]}},{"type":"Feature","properties":{"kind":"steps"},"geometry":{"type":"LineString","coordinates":[[-122.257528,37.873055],[-122.257336,37.873101]]}},{"type":"Feature","properties":{"kind":"trail","surface":"concrete"},"geometry":{"type":"LineString","coordinates":[[-122.257336,37.873101],[-122.25732,37.873105],[-122.257107,37.873157],[-122.256972,37.87319]]}},{"type":"Feature","properties":{"kind":"steps","surface":"concrete"},"geometry":{"type":"LineString","coordinates":[[-122.256972,37.87319],[-122.256873,37.873211]]}},{"type":"Feature","properties":{"kind":"trail"},"geometry":{"type":"LineString","coordinates":[[-122.256783,37.873231],[-122.256674,37.87326],[-122.256646,37.873291],[-122.256527,37.873322]]}},{"type":"Feature","properties":{"kind":"trail"},"geometry":{"type":"LineString","coordinates":[[-122.256646,37.873291],[-122.256686,37.87333]]}},{"type":"Feature","properties":{"kind":"trail"},"geometry":{"type":"LineString","coordinates":[[-122.256545,37.874571],[-122.256677,37.874448],[-122.256623,37.87424],[-122.256476,37.873811]]}},{"type":"Feature","properties":{"kind":"trail"},"geometry":{"type":"LineString","coordinates":[[-122.256541,37.873793],[-122.256491,37.873659],[-122.256431,37.873675],[-122.256476,37.873811]]}},{"type":"Feature","properties":{"kind":"trail","surface":"concrete"},"geometry":{"type":"LineString","coordinates":[[-122.256593,37.872862],[-122.256679,37.872842]]}},{"type":"Feature","properties":{"kind":"steps","surface":"brick"},"geometry":{"type":"LineString","coordinates":[[-122.256527,37.872437],[-122.256654,37.87241]]}},{"type":"Feature","properties":{"kind":"trail","surface":"concrete:plates"},"geometry":{"type":"LineString","coordinates":[[-122.256631,37.87271],[-122.256741,37.872685]]}},{"type":"Feature","properties":{"kind":"road","name":"Hearst Avenue","surface":"asphalt"},"geometry":{"type":"LineString","coordinates":[[-122.266127,37.874167],[-122.266002,37.874118],[-122.265773,37.874126]]}},{"type":"Feature","properties":{"kind":"trail"},"geometry":{"type":"LineString","coordinates":[[-122.255707,37.867889],[-122.255647,37.867894]]}},{"type":"Feature","properties":{"kind":"road"},"geometry":{"type":"LineString","coordinates":[[-122.260029,37.86729],[-122.259843,37.867316],[-122.259855,37.867382],[-122.259738,37.867395],[-122.259663,37.86704],[-122.25998,37.867025],[-122.260006,37.867166],[-122.260029,37.86729]]}},{"type":"Feature","properties":{"kind":"trail"},"geometry":{"type":"LineString","coordinates":[[-122.259617,37.866822],[-122.259663,37.86704],[-122.259697,37.867202],[-122.259738,37.867395],[-122.259805,37.867709]]}},{"type":"Feature","properties":{"kind":"trail"},"geometry":{"type":"LineString","coordinates":[[-122.260307,37.867645],[-122.260256,37.867361]]}},{"type":"Feature","properties":{"kind":"trail","surface":"paved"},"geometry":{"type":"LineString","coordinates":[[-122.260256,37.867361],[-122.260093,37.86738],[-122.260046,37.867385],[-122.260029,37.86729],[-122.260006,37.867166],[-122.25998,37.867025],[-122.260022,37.86702],[-122.260187,37.867001],[-122.260494,37.866965],[-122.260698,37.866941],[-122.260719,37.867065],[-122.260754,37.867267],[-122.260737,37.867301],[-122.260575,37.867321],[-122.260256,37.867361]]}},{"type":"Feature","properties":{"kind":"road"},"geometry":{"type":"LineString","coordinates":[[-122.260822,37.867301],[-122.261007,37.867292],[-122.260991,37.867175],[-122.260809,37.867221],[-122.260815,37.867261],[-122.260822,37.867301]]}},{"type":"Feature","properties":{"kind":"trail"},"geometry":{"type":"LineString","coordinates":[[-122.260626,37.867604],[-122.260575,37.867321]]}},{"type":"Feature","properties":{"kind":"steps"},"geometry":{"type":"LineString","coordinates":[[-122.260093,37.86738],[-122.260101,37.867416]]}},{"type":"Feature","properties":{"kind":"trail"},"geometry":{"type":"LineString","coordinates":[[-122.260737,37.867301],[-122.260744,37.867337]]}},{"type":"Feature","properties":{"kind":"trail"},"geometry":{"type":"LineString","coordinates":[[-122.260872,37.867047],[-122.260719,37.867065]]}},{"type":"Feature","properties":{"kind":"trail"},"geometry":{"type":"LineString","coordinates":[[-122.260022,37.86702],[-122.260015,37.866988]]}},{"type":"Feature","properties":{"kind":"trail"},"geometry":{"type":"LineString","coordinates":[[-122.260006,37.867166],[-122.259697,37.867202]]}},{"type":"Feature","properties":{"kind":"steps"},"geometry":{"type":"LineString","coordinates":[[-122.260187,37.867001],[-122.260144,37.866754]]}},{"type":"Feature","properties":{"kind":"steps"},"geometry":{"type":"LineString","coordinates":[[-122.260494,37.866965],[-122.260447,37.866714]]}},{"type":"Feature","properties":{"kind":"trail"},"geometry":{"type":"LineString","coordinates":[[-122.260815,37.867261],[-122.260754,37.867267]]}},{"type":"Feature","properties":{"kind":"trail"},"geometry":{"type":"LineString","coordinates":[[-122.255523,37.867973],[-122.255531,37.868022]]}},{"type":"Feature","properties":{"kind":"trail"},"geometry":{"type":"LineString","coordinates":[[-122.254718,37.867954],[-122.254647,37.867962]]}},{"type":"Feature","properties":{"kind":"trail"},"geometry":{"type":"LineString","coordinates":[[-122.254805,37.867717],[-122.254793,37.867649]]}},{"type":"Feature","properties":{"kind":"track","name":"Golf Course Trail"},"geometry":{"type":"LineString","coordinates":[[-122.232836,37.886217],[-122.232725,37.886189],[-122.232585,37.886214],[-122.232452,37.886316],[-122.232387,37.886489],[-122.232425,37.886626],[-122.232338,37.886774]]}},{"type":"Feature","properties":{"kind":"track","name":"Seaview Trail","surface":"unpaved"},"geometry":{"type":"LineString","coordinates":[[-122.227326,37.89154],[-122.227071,37.890958],[-122.226505,37.890596],[-122.226408,37.890478],[-122.226218,37.890012],[-122.225955,37.889626],[-122.225719,37.889455],[-122.225375,37.889311],[-122.224858,37.889255],[-122.224653,37.889135],[-122.224292,37.888704],[-122.224322,37.888504],[-122.224779,37.888037],[-122.224813,37.88793],[-122.224797,37.887737],[-122.224493,37.887355],[-122.22398,37.886513],[-122.223907,37.886291]]}},{"type":"Feature","properties":{"kind":"trail","name":"Curran Trail","surface":"dirt"},"geometry":{"type":"LineString","coordinates":[[-122.244953,37.904879],[-122.245097,37.904683],[-122.24554,37.904424],[-122.246697,37.903826],[-122.246917,37.903778],[-122.247077,37.903684]]}},{"type":"Feature","properties":{"kind":"road","name":"Nimitz Way","surface":"asphalt"},"geometry":{"type":"LineString","coordinates":[[-122.244953,37.904879],[-122.24471,37.904859],[-122.244621,37.904778]]}},{"type":"Feature","properties":{"kind":"road","name":"Fulton Street","surface":"asphalt"},"geometry":{"type":"LineString","coordinates":[[-122.26604,37.8681],[-122.266021,37.867998]]}},{"type":"Feature","properties":{"kind":"trail"},"geometry":{"type":"LineString","coordinates":[[-122.263221,37.868626],[-122.263204,37.868543],[-122.263165,37.868349],[-122.263163,37.868341]]}},{"type":"Feature","properties":{"kind":"trail","surface":"paving_stones"},"geometry":{"type":"LineString","coordinates":[[-122.263161,37.86833],[-122.262289,37.868432]]}},{"type":"Feature","properties":{"kind":"trail"},"geometry":{"type":"LineString","coordinates":[[-122.263161,37.86833],[-122.263266,37.868318]]}},{"type":"Feature","properties":{"kind":"steps","surface":"concrete"},"geometry":{"type":"LineString","coordinates":[[-122.263266,37.868318],[-122.263364,37.868305]]}},{"type":"Feature","properties":{"kind":"trail","surface":"concrete"},"geometry":{"type":"LineString","coordinates":[[-122.263364,37.868305],[-122.263383,37.868265]]}},{"type":"Feature","properties":{"kind":"trail"},"geometry":{"type":"LineString","coordinates":[[-122.258758,37.870933],[-122.258787,37.871002],[-122.258868,37.871112]]}},{"type":"Feature","properties":{"kind":"road","name":"South Drive","surface":"asphalt"},"geometry":{"type":"LineString","coordinates":[[-122.258541,37.871],[-122.258758,37.870933],[-122.258773,37.870929]]}},{"type":"Feature","properties":{"kind":"road","name":"South Drive"},"geometry":{"type":"LineString","coordinates":[[-122.258541,37.871],[-122.258472,37.871036]]}},{"type":"Feature","properties":{"kind":"trail"},"geometry":{"type":"LineString","coordinates":[[-122.258946,37.874334],[-122.258886,37.874178],[-122.258832,37.874038],[-122.258816,37.873996]]}},{"type":"Feature","properties":{"kind":"trail"},"geometry":{"type":"LineString","coordinates":[[-122.249959,37.873226],[-122.249686,37.873785],[-122.249515,37.874265]]}},{"type":"Feature","properties":{"kind":"trail","surface":"paving_stones"},"geometry":{"type":"LineString","coordinates":[[-122.25747,37.873587],[-122.257615,37.873557],[-122.257638,37.873553]]}},{"type":"Feature","properties":{"kind":"trail"},"geometry":{"type":"LineString","coordinates":[[-122.257318,37.87362],[-122.257368,37.873598]]}},{"type":"Feature","properties":{"kind":"trail"},"geometry":{"type":"LineString","coordinates":[[-122.257384,37.873594],[-122.257368,37.873598]]}},{"type":"Feature","properties":{"kind":"steps"},"geometry":{"type":"LineString","coordinates":[[-122.257151,37.874123],[-122.257161,37.874146]]}},{"type":"Feature","properties":{"kind":"steps"},"geometry":{"type":"LineString","coordinates":[[-122.256527,37.873322],[-122.256545,37.873365]]}},{"type":"Feature","properties":{"kind":"trail"},"geometry":{"type":"LineString","coordinates":[[-122.256545,37.873365],[-122.256548,37.873373]]}},{"type":"Feature","properties":{"kind":"trail"},"geometry":{"type":"LineString","coordinates":[[-122.25806,37.873126],[-122.257996,37.873097]]}},{"type":"Feature","properties":{"kind":"trail"},"geometry":{"type":"LineString","coordinates":[[-122.259067,37.871596],[-122.259118,37.871738]]}},{"type":"Feature","properties":{"kind":"trail","surface":"asphalt"},"geometry":{"type":"LineString","coordinates":[[-122.258338,37.872778],[-122.258302,37.872786],[-122.258318,37.872833]]}},{"type":"Feature","properties":{"kind":"trail"},"geometry":{"type":"LineString","coordinates":[[-122.257947,37.872983],[-122.257987,37.873015]]}},{"type":"Feature","properties":{"kind":"steps"},"geometry":{"type":"LineString","coordinates":[[-122.258744,37.872899],[-122.258774,37.872893],[-122.258829,37.872881]]}},{"type":"Feature","properties":{"kind":"steps"},"geometry":{"type":"LineString","coordinates":[[-122.258798,37.872955],[-122.258774,37.872893]]}},{"type":"Feature","properties":{"kind":"trail"},"geometry":{"type":"LineString","coordinates":[[-122.255336,37.866118],[-122.255269,37.866125]]}},{"type":"Feature","properties":{"kind":"road","name":"Haste Street","surface":"asphalt"},"geometry":{"type":"LineString","coordinates":[[-122.267547,37.864876],[-122.267698,37.864855]]}},{"type":"Feature","properties":{"kind":"road","name":"Haste Street","surface":"asphalt"},"geometry":{"type":"LineString","coordinates":[[-122.267258,37.864916],[-122.267418,37.864894],[-122.267547,37.864876]]}},{"type":"Feature","properties":{"kind":"road","name":"Dwight Way","surface":"asphalt"},"geometry":{"type":"LineString","coordinates":[[-122.26761,37.863946],[-122.267439,37.863968]]}},{"type":"Feature","properties":{"kind":"road","name":"Dwight Way","surface":"asphalt"},"geometry":{"type":"LineString","coordinates":[[-122.267312,37.863984],[-122.267148,37.864005]]}},{"type":"Feature","properties":{"kind":"track","surface":"ground"},"geometry":{"type":"LineString","coordinates":[[-122.223831,37.865257],[-122.223901,37.865279],[-122.22418,37.865082],[-122.224507,37.865144],[-122.224573,37.865315],[-122.22459,37.865602],[-122.224884,37.865913],[-122.224924,37.866051]]}},{"type":"Feature","properties":{"kind":"trail","name":"Vollmer Peak Trail","surface":"ground"},"geometry":{"type":"LineString","coordinates":[[-122.226502,37.883451],[-122.226066,37.883252],[-122.225718,37.883337],[-122.22538,37.883199],[-122.225105,37.883152],[-122.224507,37.882898],[-122.224194,37.882824],[-122.223772,37.882488],[-122.223467,37.882413]]}},{"type":"Feature","properties":{"kind":"steps"},"geometry":{"type":"LineString","coordinates":[[-122.254974,37.870349],[-122.25496,37.870351]]}},{"type":"Feature","properties":{"kind":"trail","surface":"paved"},"geometry":{"type":"LineString","coordinates":[[-122.254999,37.870331],[-122.25501,37.870387],[-122.255026,37.870468],[-122.255044,37.870567],[-122.25505,37.870597]]}},{"type":"Feature","properties":{"kind":"trail"},"geometry":{"type":"LineString","coordinates":[[-122.255026,37.870468],[-122.254985,37.870474],[-122.254984,37.870474]]}},{"type":"Feature","properties":{"kind":"trail","surface":"paved"},"geometry":{"type":"LineString","coordinates":[[-122.255026,37.870468],[-122.255175,37.870449],[-122.255193,37.870447]]}},{"type":"Feature","properties":{"kind":"steps"},"geometry":{"type":"LineString","coordinates":[[-122.255193,37.870447],[-122.255232,37.870441]]}},{"type":"Feature","properties":{"kind":"trail","surface":"paved"},"geometry":{"type":"LineString","coordinates":[[-122.255232,37.870441],[-122.255325,37.87043]]}},{"type":"Feature","properties":{"kind":"trail","surface":"brick"},"geometry":{"type":"LineString","coordinates":[[-122.254648,37.870669],[-122.254643,37.87065]]}},{"type":"Feature","properties":{"kind":"steps","surface":"brick"},"geometry":{"type":"LineString","coordinates":[[-122.254643,37.87065],[-122.254639,37.870633]]}},{"type":"Feature","properties":{"kind":"trail","surface":"brick"},"geometry":{"type":"LineString","coordinates":[[-122.254639,37.870633],[-122.254612,37.870497],[-122.254775,37.870477]]}},{"type":"Feature","properties":{"kind":"trail"},"geometry":{"type":"LineString","coordinates":[[-122.254612,37.870497],[-122.254564,37.870502],[-122.254379,37.870522],[-122.254368,37.870523],[-122.2543,37.870504],[-122.254168,37.870494]]}},{"type":"Feature","properties":{"kind":"trail","surface":"concrete"},"geometry":{"type":"LineString","coordinates":[[-122.254838,37.869352],[-122.254843,37.869372]]}},{"type":"Feature","properties":{"kind":"trail"},"geometry":{"type":"LineString","coordinates":[[-122.25845,37.87522],[-122.258248,37.875223],[-122.258551,37.875132]]}},{"type":"Feature","properties":{"kind":"trail"},"geometry":{"type":"LineString","coordinates":[[-122.258886,37.874178],[-122.258962,37.874162]]}},{"type":"Feature","properties":{"kind":"steps"},"geometry":{"type":"LineString","coordinates":[[-122.258816,37.873996],[-122.258803,37.873964]]}},{"type":"Feature","properties":{"kind":"trail","surface":"brick"},"geometry":{"type":"LineString","coordinates":[[-122.258803,37.873964],[-122.258692,37.873881],[-122.258674,37.873829]]}},{"type":"Feature","properties":{"kind":"trail","surface":"brick"},"geometry":{"type":"LineString","coordinates":[[-122.258692,37.873881],[-122.258739,37.87387]]}},{"type":"Feature","properties":{"kind":"trail"},"geometry":{"type":"LineString","coordinates":[[-122.25989,37.873444],[-122.259825,37.873459],[-122.259732,37.873495]]}},{"type":"Feature","properties":{"kind":"trail","surface":"dirt"},"geometry":{"type":"LineString","coordinates":[[-122.247098,37.870582],[-122.246787,37.870528],[-122.246611,37.870792],[-122.246349,37.870949],[-122.246198,37.870937],[-122.246128,37.870766],[-122.245992,37.870726],[-122.24575,37.87054],[-122.245688,37.87054],[-122.245464,37.870788],[-122.245159,37.87067],[-122.245023,37.870804],[-122.244825,37.870741],[-122.244682,37.870838],[-122.244373,37.870769],[-122.244309,37.870779],[-122.244291,37.870871]]}},{"type":"Feature","properties":{"kind":"trail","name":"The Promenade","surface":"concrete"},"geometry":{"type":"LineString","coordinates":[[-122.272222,37.871659],[-122.272208,37.871531]]}},{"type":"Feature","properties":{"kind":"trail","name":"The Promenade","surface":"concrete"},"geometry":{"type":"LineString","coordinates":[[-122.272052,37.870791],[-122.272041,37.870697]]}},{"type":"Feature","properties":{"kind":"trail","surface":"asphalt"},"geometry":{"type":"LineString","coordinates":[[-122.261845,37.883528],[-122.261714,37.883457]]}},{"type":"Feature","properties":{"kind":"road","name":"Shattuck Avenue","surface":"asphalt"},"geometry":{"type":"LineString","coordinates":[[-122.267006,37.86142],[-122.267064,37.861907]]}},{"type":"Feature","properties":{"kind":"road","name":"Shattuck Avenue","surface":"asphalt"},"geometry":{"type":"LineString","coordinates":[[-122.266975,37.861125],[-122.26699,37.861267]]}},{"type":"Feature","properties":{"kind":"road","name":"Shattuck Avenue","surface":"asphalt"},"geometry":{"type":"LineString","coordinates":[[-122.267138,37.861414],[-122.267118,37.861248]]}},{"type":"Feature","properties":{"kind":"road","name":"Shattuck Avenue","surface":"asphalt"},"geometry":{"type":"LineString","coordinates":[[-122.267077,37.860878],[-122.267088,37.860596]]}},{"type":"Feature","properties":{"kind":"trail","name":"Vicente Canyon Hillside","surface":"unpaved"},"geometry":{"type":"LineString","coordinates":[[-122.234709,37.85736],[-122.234789,37.857659],[-122.234993,37.857755],[-122.234757,37.857811],[-122.235009,37.857933],[-122.235422,37.857881],[-122.235613,37.857942],[-122.235669,37.857866],[-122.235698,37.85797],[-122.235771,37.85793],[-122.235886,37.857989],[-122.235807,37.857812],[-122.235969,37.857903],[-122.235961,37.857825],[-122.23606,37.857841],[-122.23595,37.85767],[-122.235636,37.85752],[-122.235651,37.857474],[-122.235551,37.857461],[-122.235471,37.857537],[-122.23514,37.857652],[-122.234789,37.857659]]}},{"type":"Feature","properties":{"kind":"steps","surface":"anti-slip"},"geometry":{"type":"LineString","coordinates":[[-122.268286,37.870408],[-122.26831,37.870455],[-122.268307,37.870407]]}},{"type":"Feature","properties":{"kind":"trail"},"geometry":{"type":"LineString","coordinates":[[-122.252657,37.878741],[-122.252679,37.878695]]}},{"type":"Feature","properties":{"kind":"steps"},"geometry":{"type":"LineString","coordinates":[[-122.252679,37.878695],[-122.252749,37.878486],[-122.252715,37.878478],[-122.252799,37.878444],[-122.252823,37.878368]]}},{"type":"Feature","properties":{"kind":"trail"},"geometry":{"type":"LineString","coordinates":[[-122.252823,37.878368],[-122.252826,37.878317]]}},{"type":"Feature","properties":{"kind":"road","name":"Martin Luther King Junior Way","surface":"asphalt"},"geometry":{"type":"LineString","coordinates":[[-122.272227,37.864447],[-122.272209,37.864283]]}},{"type":"Feature","properties":{"kind":"trail","name":"Vollmer Peak Trail"},"geometry":{"type":"LineString","coordinates":[[-122.23436,37.889498],[-122.234412,37.889537],[-122.235132,37.889659]]}},{"type":"Feature","properties":{"kind":"trail","name":"Vollmer Peak Trail"},"geometry":{"type":"LineString","coordinates":[[-122.234296,37.889424],[-122.23436,37.889498]]}},{"type":"Feature","properties":{"kind":"trail"},"geometry":{"type":"LineString","coordinates":[[-122.251343,37.874016],[-122.250986,37.873547]]}},{"type":"Feature","properties":{"kind":"trail"},"geometry":{"type":"LineString","coordinates":[[-122.247675,37.878338],[-122.247746,37.878573]]}},{"type":"Feature","properties":{"kind":"trail"},"geometry":{"type":"LineString","coordinates":[[-122.247344,37.879229],[-122.247312,37.879155],[-122.247374,37.879006]]}},{"type":"Feature","properties":{"kind":"trail"},"geometry":{"type":"LineString","coordinates":[[-122.247312,37.879155],[-122.247058,37.878759]]}},{"type":"Feature","properties":{"kind":"trail"},"geometry":{"type":"LineString","coordinates":[[-122.250832,37.872618],[-122.250786,37.872643]]}},{"type":"Feature","properties":{"kind":"road","name":"Hearst Avenue","surface":"asphalt"},"geometry":{"type":"LineString","coordinates":[[-122.265078,37.87429],[-122.265392,37.874284],[-122.265507,37.874237]]}},{"type":"Feature","properties":{"kind":"trail","surface":"asphalt"},"geometry":{"type":"LineString","coordinates":[[-122.254621,37.871697],[-122.254399,37.871714]]}},{"type":"Feature","properties":{"kind":"road","name":"Arlington Avenue","surface":"asphalt"},"geometry":{"type":"LineString","coordinates":[[-122.278019,37.903339],[-122.278328,37.904448]]}},{"type":"Feature","properties":{"kind":"trail"},"geometry":{"type":"LineString","coordinates":[[-122.238804,37.874165],[-122.238729,37.874282],[-122.238546,37.874452]]}},{"type":"Feature","properties":{"kind":"trail","surface":"gravel"},"geometry":{"type":"LineString","coordinates":[[-122.238083,37.874456],[-122.238131,37.87439]]}},{"type":"Feature","properties":{"kind":"trail"},"geometry":{"type":"LineString","coordinates":[[-122.238186,37.874496],[-122.238271,37.874427],[-122.238409,37.874448],[-122.238538,37.874494]]}},{"type":"Feature","properties":{"kind":"trail"},"geometry":{"type":"LineString","coordinates":[[-122.238512,37.874356],[-122.238487,37.8743]]}},{"type":"Feature","properties":{"kind":"trail"},"geometry":{"type":"LineString","coordinates":[[-122.237276,37.874831],[-122.237139,37.874829]]}},{"type":"Feature","properties":{"kind":"trail"},"geometry":{"type":"LineString","coordinates":[[-122.237089,37.874807],[-122.236865,37.8748],[-122.23679,37.874862]]}},{"type":"Feature","properties":{"kind":"trail"},"geometry":{"type":"LineString","coordinates":[[-122.237139,37.874829],[-122.237089,37.874807]]}},{"type":"Feature","properties":{"kind":"trail"},"geometry":{"type":"LineString","coordinates":[[-122.238191,37.874097],[-122.238049,37.874085]]}},{"type":"Feature","properties":{"kind":"trail"},"geometry":{"type":"LineString","coordinates":[[-122.238276,37.874171],[-122.238191,37.874097]]}},{"type":"Feature","properties":{"kind":"road","name":"Hearst Avenue","surface":"asphalt"},"geometry":{"type":"LineString","coordinates":[[-122.270918,37.87361],[-122.270429,37.873668]]}},{"type":"Feature","properties":{"kind":"road","name":"Dwight Way","surface":"asphalt"},"geometry":{"type":"LineString","coordinates":[[-122.28951,37.861109],[-122.281199,37.862187],[-122.281044,37.862206]]}},{"type":"Feature","properties":{"kind":"road","name":"Fulton Street","surface":"asphalt"},"geometry":{"type":"LineString","coordinates":[[-122.26589,37.867689],[-122.265921,37.867842]]}},{"type":"Feature","properties":{"kind":"road","name":"Bancroft Way","surface":"asphalt"},"geometry":{"type":"LineString","coordinates":[[-122.265921,37.867842],[-122.265989,37.867833]]}},{"type":"Feature","properties":{"kind":"road","name":"Durant Avenue","surface":"asphalt"},"geometry":{"type":"LineString","coordinates":[[-122.26582,37.866936],[-122.265672,37.866956]]}},{"type":"Feature","properties":{"kind":"road","name":"Adeline Street","surface":"asphalt"},"geometry":{"type":"LineString","coordinates":[[-122.267191,37.859731],[-122.267556,37.85927]]}},{"type":"Feature","properties":{"kind":"road","name":"Adeline Street","surface":"asphalt"},"geometry":{"type":"LineString","coordinates":[[-122.268896,37.85548],[-122.268977,37.855177]]}},{"type":"Feature","properties":{"kind":"road","name":"Adeline Street","surface":"asphalt"},"geometry":{"type":"LineString","coordinates":[[-122.267221,37.859427],[-122.26713,37.85954]]}},{"type":"Feature","properties":{"kind":"trail","surface":"concrete"},"geometry":{"type":"LineString","coordinates":[[-122.268575,37.856248],[-122.268556,37.856297],[-122.268511,37.856417]]}},{"type":"Feature","properties":{"kind":"road","name":"Shattuck Avenue","surface":"asphalt"},"geometry":{"type":"LineString","coordinates":[[-122.26713,37.85954],[-122.266996,37.859195]]}},{"type":"Feature","properties":{"kind":"road","name":"Shattuck Avenue","surface":"asphalt"},"geometry":{"type":"LineString","coordinates":[[-122.266992,37.859442],[-122.267032,37.859708]]}},{"type":"Feature","properties":{"kind":"trail","surface":"dirt"},"geometry":{"type":"LineString","coordinates":[[-122.267294,37.85966],[-122.267311,37.860075]]}},{"type":"Feature","properties":{"kind":"trail"},"geometry":{"type":"LineString","coordinates":[[-122.257774,37.87307],[-122.257738,37.872969],[-122.257622,37.872655],[-122.257509,37.872347]]}},{"type":"Feature","properties":{"kind":"trail"},"geometry":{"type":"LineString","coordinates":[[-122.243143,37.887451],[-122.24343,37.887469],[-122.243581,37.887372],[-122.243646,37.887236],[-122.243575,37.886909],[-122.243271,37.88677],[-122.2423,37.886714]]}},{"type":"Feature","properties":{"kind":"trail"},"geometry":{"type":"LineString","coordinates":[[-122.242456,37.887404],[-122.242797,37.887379],[-122.243143,37.887451]]}},{"type":"Feature","properties":{"kind":"trail","surface":"dirt"},"geometry":{"type":"LineString","coordinates":[[-122.244277,37.862707],[-122.244273,37.862659]]}},{"type":"Feature","properties":{"kind":"trail"},"geometry":{"type":"LineString","coordinates":[[-122.267164,37.872775],[-122.267158,37.872748]]}},{"type":"Feature","properties":{"kind":"trail","name":"Trumpetvine Court"},"geometry":{"type":"LineString","coordinates":[[-122.267732,37.869826],[-122.267715,37.869827]]}},{"type":"Feature","properties":{"kind":"trail","name":"Trumpetvine Court"},"geometry":{"type":"LineString","coordinates":[[-122.267443,37.86986],[-122.267429,37.869862]]}},{"type":"Feature","properties":{"kind":"trail","name":"Trumpetvine Court"},"geometry":{"type":"LineString","coordinates":[[-122.267255,37.86965],[-122.267219,37.869653],[-122.267208,37.869585]]}},{"type":"Feature","properties":{"kind":"trail"},"geometry":{"type":"LineString","coordinates":[[-122.266364,37.869935],[-122.266374,37.87004]]}},{"type":"Feature","properties":{"kind":"trail"},"geometry":{"type":"LineString","coordinates":[[-122.266431,37.869753],[-122.26639,37.869834]]}},{"type":"Feature","properties":{"kind":"trail"},"geometry":{"type":"LineString","coordinates":[[-122.26639,37.869834],[-122.266364,37.869935]]}},{"type":"Feature","properties":{"kind":"trail"},"geometry":{"type":"LineString","coordinates":[[-122.266374,37.87004],[-122.266377,37.870067]]}},{"type":"Feature","properties":{"kind":"trail"},"geometry":{"type":"LineString","coordinates":[[-122.264633,37.869721],[-122.264339,37.869753]]}},{"type":"Feature","properties":{"kind":"trail","surface":"concrete"},"geometry":{"type":"LineString","coordinates":[[-122.254243,37.872258],[-122.254217,37.872172],[-122.254197,37.872106]]}},{"type":"Feature","properties":{"kind":"trail","surface":"concrete"},"geometry":{"type":"LineString","coordinates":[[-122.254131,37.872266],[-122.254127,37.872199],[-122.254122,37.872104]]}},{"type":"Feature","properties":{"kind":"trail","surface":"concrete"},"geometry":{"type":"LineString","coordinates":[[-122.254217,37.872172],[-122.254127,37.872199],[-122.254034,37.872229],[-122.254043,37.872318]]}},{"type":"Feature","properties":{"kind":"trail","surface":"dirt"},"geometry":{"type":"LineString","coordinates":[[-122.253805,37.872403],[-122.253979,37.872233]]}},{"type":"Feature","properties":{"kind":"trail","surface":"concrete"},"geometry":{"type":"LineString","coordinates":[[-122.254089,37.871962],[-122.254074,37.871792],[-122.254116,37.871762],[-122.254022,37.871655]]}},{"type":"Feature","properties":{"kind":"steps","surface":"concrete"},"geometry":{"type":"LineString","coordinates":[[-122.259094,37.872639],[-122.259106,37.872672]]}},{"type":"Feature","properties":{"kind":"trail"},"geometry":{"type":"LineString","coordinates":[[-122.259068,37.872648],[-122.259094,37.872639]]}},{"type":"Feature","properties":{"kind":"steps","surface":"concrete"},"geometry":{"type":"LineString","coordinates":[[-122.259091,37.872712],[-122.259068,37.872648]]}},{"type":"Feature","properties":{"kind":"trail"},"geometry":{"type":"LineString","coordinates":[[-122.258829,37.872881],[-122.259001,37.872841],[-122.259129,37.872812],[-122.259098,37.872723],[-122.259091,37.872712]]}},{"type":"Feature","properties":{"kind":"trail"},"geometry":{"type":"LineString","coordinates":[[-122.228965,37.855187],[-122.228827,37.855165],[-122.228715,37.855166],[-122.228649,37.85511],[-122.228541,37.855107],[-122.228439,37.855181],[-122.22847,37.855248],[-122.228593,37.855307],[-122.228943,37.855286],[-122.228965,37.855187]]}},{"type":"Feature","properties":{"kind":"trail"},"geometry":{"type":"LineString","coordinates":[[-122.229443,37.854938],[-122.229313,37.854936],[-122.229073,37.855171],[-122.228965,37.855187]]}},{"type":"Feature","properties":{"kind":"trail"},"geometry":{"type":"LineString","coordinates":[[-122.229073,37.855171],[-122.229002,37.855077],[-122.228917,37.854964],[-122.229015,37.85488],[-122.229074,37.854709],[-122.229516,37.854125]]}},{"type":"Feature","properties":{"kind":"trail"},"geometry":{"type":"LineString","coordinates":[[-122.228917,37.854964],[-122.228838,37.854997],[-122.22858,37.854803],[-122.228373,37.854934],[-122.228232,37.855045],[-122.228315,37.855166],[-122.228439,37.855181]]}},{"type":"Feature","properties":{"kind":"trail"},"geometry":{"type":"LineString","coordinates":[[-122.228593,37.855307],[-122.228715,37.855166]]}},{"type":"Feature","properties":{"kind":"trail"},"geometry":{"type":"LineString","coordinates":[[-122.228827,37.855165],[-122.228737,37.855051],[-122.228581,37.855043],[-122.228373,37.854934]]}},{"type":"Feature","properties":{"kind":"trail"},"geometry":{"type":"LineString","coordinates":[[-122.228827,37.855165],[-122.228859,37.855098],[-122.229002,37.855077]]}},{"type":"Feature","properties":{"kind":"steps"},"geometry":{"type":"LineString","coordinates":[[-122.251979,37.872085],[-122.252004,37.872071]]}},{"type":"Feature","properties":{"kind":"steps"},"geometry":{"type":"LineString","coordinates":[[-122.252147,37.872011],[-122.252045,37.871961]]}},{"type":"Feature","properties":{"kind":"trail"},"geometry":{"type":"LineString","coordinates":[[-122.252147,37.872011],[-122.25218,37.872021],[-122.252629,37.871691],[-122.252573,37.87164]]}},{"type":"Feature","properties":{"kind":"trail"},"geometry":{"type":"LineString","coordinates":[[-122.252045,37.871961],[-122.252,37.871937],[-122.251863,37.871861]]}},{"type":"Feature","properties":{"kind":"trail"},"geometry":{"type":"LineString","coordinates":[[-122.252004,37.872071],[-122.252041,37.872037],[-122.251963,37.871995],[-122.252,37.871937]]}},{"type":"Feature","properties":{"kind":"trail"},"geometry":{"type":"LineString","coordinates":[[-122.252387,37.871061],[-122.252346,37.871064],[-122.252327,37.871064]]}},{"type":"Feature","properties":{"kind":"trail"},"geometry":{"type":"LineString","coordinates":[[-122.251795,37.870287],[-122.252192,37.870647],[-122.25235,37.87089],[-122.252387,37.871061]]}},{"type":"Feature","properties":{"kind":"steps"},"geometry":{"type":"LineString","coordinates":[[-122.251662,37.870408],[-122.251765,37.870501]]}},{"type":"Feature","properties":{"kind":"steps"},"geometry":{"type":"LineString","coordinates":[[-122.251322,37.870212],[-122.251146,37.870119]]}},{"type":"Feature","properties":{"kind":"trail"},"geometry":{"type":"LineString","coordinates":[[-122.251765,37.870501],[-122.251794,37.870526],[-122.251739,37.870563]]}},{"type":"Feature","properties":{"kind":"trail"},"geometry":{"type":"LineString","coordinates":[[-122.251794,37.870526],[-122.251826,37.870502],[-122.25147,37.870226],[-122.251412,37.870271]]}},{"type":"Feature","properties":{"kind":"steps"},"geometry":{"type":"LineString","coordinates":[[-122.252142,37.871128],[-122.252093,37.870942]]}},{"type":"Feature","properties":{"kind":"trail"},"geometry":{"type":"LineString","coordinates":[[-122.252093,37.870942],[-122.252071,37.870893],[-122.251991,37.870917]]}},{"type":"Feature","properties":{"kind":"trail"},"geometry":{"type":"LineString","coordinates":[[-122.252071,37.870893],[-122.252154,37.870924],[-122.252191,37.871313],[-122.252069,37.871314]]}},{"type":"Feature","properties":{"kind":"trail"},"geometry":{"type":"LineString","coordinates":[[-122.252149,37.8723],[-122.251945,37.872097],[-122.251784,37.871892],[-122.251763,37.87186]]}},{"type":"Feature","properties":{"kind":"trail"},"geometry":{"type":"LineString","coordinates":[[-122.251979,37.872085],[-122.251945,37.872097]]}},{"type":"Feature","properties":{"kind":"trail"},"geometry":{"type":"LineString","coordinates":[[-122.25218,37.872021],[-122.252118,37.872091],[-122.252255,37.872277],[-122.252916,37.87291],[-122.252829,37.872898]]}},{"type":"Feature","properties":{"kind":"steps","name":"North Stairs"},"geometry":{"type":"LineString","coordinates":[[-122.251422,37.871954],[-122.251547,37.871897]]}},{"type":"Feature","properties":{"kind":"trail"},"geometry":{"type":"LineString","coordinates":[[-122.251547,37.871897],[-122.251705,37.871808]]}},{"type":"Feature","properties":{"kind":"trail"},"geometry":{"type":"LineString","coordinates":[[-122.251253,37.872015],[-122.251098,37.872028]]}},{"type":"Feature","properties":{"kind":"steps"},"geometry":{"type":"LineString","coordinates":[[-122.251098,37.872028],[-122.250959,37.872026]]}},{"type":"Feature","properties":{"kind":"trail"},"geometry":{"type":"LineString","coordinates":[[-122.250959,37.872026],[-122.250432,37.871878],[-122.249972,37.871578],[-122.249777,37.871381],[-122.249503,37.870981],[-122.249478,37.870741],[-122.249604,37.870425],[-122.249888,37.870172],[-122.249996,37.870104]]}},{"type":"Feature","properties":{"kind":"steps","name":"South Stairs"},"geometry":{"type":"LineString","coordinates":[[-122.249996,37.870104],[-122.250245,37.870004]]}},{"type":"Feature","properties":{"kind":"trail","name":"Bob and Anne Gattis Plaza"},"geometry":{"type":"LineString","coordinates":[[-122.251146,37.870119],[-122.250802,37.869978],[-122.250333,37.869983],[-122.250245,37.870004]]}},{"type":"Feature","properties":{"kind":"trail"},"geometry":{"type":"LineString","coordinates":[[-122.25032,37.869937],[-122.250295,37.869885]]}},{"type":"Feature","properties":{"kind":"trail"},"geometry":{"type":"LineString","coordinates":[[-122.252128,37.871532],[-122.252082,37.871776]]}},{"type":"Feature","properties":{"kind":"trail"},"geometry":{"type":"LineString","coordinates":[[-122.252128,37.871532],[-122.252191,37.871313]]}},{"type":"Feature","properties":{"kind":"trail"},"geometry":{"type":"LineString","coordinates":[[-122.24974,37.871408],[-122.249777,37.871381]]}},{"type":"Feature","properties":{"kind":"trail"},"geometry":{"type":"LineString","coordinates":[[-122.249707,37.871453],[-122.24974,37.871408]]}},{"type":"Feature","properties":{"kind":"trail"},"geometry":{"type":"LineString","coordinates":[[-122.249449,37.870742],[-122.249478,37.870741]]}},{"type":"Feature","properties":{"kind":"trail"},"geometry":{"type":"LineString","coordinates":[[-122.249449,37.870742],[-122.24938,37.870743]]}},{"type":"Feature","properties":{"kind":"trail"},"geometry":{"type":"LineString","coordinates":[[-122.249867,37.870077],[-122.249869,37.870123],[-122.249871,37.870143]]}},{"type":"Feature","properties":{"kind":"trail"},"geometry":{"type":"LineString","coordinates":[[-122.251392,37.87018],[-122.251127,37.870005]]}},{"type":"Feature","properties":{"kind":"trail"},"geometry":{"type":"LineString","coordinates":[[-122.251392,37.87018],[-122.25147,37.870226]]}},{"type":"Feature","properties":{"kind":"trail"},"geometry":{"type":"LineString","coordinates":[[-122.251713,37.870247],[-122.251795,37.870287]]}},{"type":"Feature","properties":{"kind":"steps"},"geometry":{"type":"LineString","coordinates":[[-122.251469,37.870138],[-122.251713,37.870247]]}},{"type":"Feature","properties":{"kind":"trail"},"geometry":{"type":"LineString","coordinates":[[-122.251795,37.870287],[-122.251735,37.87032]]}},{"type":"Feature","properties":{"kind":"trail"},"geometry":{"type":"LineString","coordinates":[[-122.251739,37.870563],[-122.251412,37.870271],[-122.251322,37.870212]]}},{"type":"Feature","properties":{"kind":"trail","name":"Lisa and Douglas Goldman Plaza"},"geometry":{"type":"LineString","coordinates":[[-122.251991,37.870917],[-122.251739,37.870563]]}},{"type":"Feature","properties":{"kind":"trail"},"geometry":{"type":"LineString","coordinates":[[-122.252216,37.870143],[-122.252183,37.870164]]}},{"type":"Feature","properties":{"kind":"trail"},"geometry":{"type":"LineString","coordinates":[[-122.250333,37.869983],[-122.25032,37.869937]]}},{"type":"Feature","properties":{"kind":"trail"},"geometry":{"type":"LineString","coordinates":[[-122.249871,37.870143],[-122.249888,37.870172]]}},{"type":"Feature","properties":{"kind":"trail"},"geometry":{"type":"LineString","coordinates":[[-122.254064,37.873181],[-122.254132,37.873249]]}},{"type":"Feature","properties":{"kind":"trail"},"geometry":{"type":"LineString","coordinates":[[-122.254064,37.873181],[-122.253996,37.873103]]}},{"type":"Feature","properties":{"kind":"steps"},"geometry":{"type":"LineString","coordinates":[[-122.254369,37.873212],[-122.254442,37.873156]]}},{"type":"Feature","properties":{"kind":"trail"},"geometry":{"type":"LineString","coordinates":[[-122.254369,37.873212],[-122.254422,37.873259]]}},{"type":"Feature","properties":{"kind":"trail"},"geometry":{"type":"LineString","coordinates":[[-122.254226,37.873453],[-122.254148,37.87353],[-122.254098,37.873587],[-122.254082,37.873655],[-122.254103,37.873721],[-122.254146,37.873776],[-122.254206,37.87382],[-122.254286,37.873843],[-122.254369,37.873841],[-122.25444,37.873823],[-122.254583,37.873796],[-122.254748,37.873925],[-122.254785,37.873901],[-122.254804,37.87389]]}},{"type":"Feature","properties":{"kind":"trail"},"geometry":{"type":"LineString","coordinates":[[-122.254924,37.874232],[-122.254969,37.874206],[-122.254861,37.874075],[-122.254836,37.874052]]}},{"type":"Feature","properties":{"kind":"steps"},"geometry":{"type":"LineString","coordinates":[[-122.254833,37.874282],[-122.254868,37.874262]]}},{"type":"Feature","properties":{"kind":"trail"},"geometry":{"type":"LineString","coordinates":[[-122.254868,37.874262],[-122.254924,37.874232]]}},{"type":"Feature","properties":{"kind":"trail"},"geometry":{"type":"LineString","coordinates":[[-122.254785,37.873901],[-122.255023,37.874193],[-122.254969,37.874206]]}},{"type":"Feature","properties":{"kind":"trail"},"geometry":{"type":"LineString","coordinates":[[-122.254774,37.873951],[-122.254748,37.873925]]}},{"type":"Feature","properties":{"kind":"steps"},"geometry":{"type":"LineString","coordinates":[[-122.254836,37.874052],[-122.254824,37.87404]]}},{"type":"Feature","properties":{"kind":"steps"},"geometry":{"type":"LineString","coordinates":[[-122.254691,37.874123],[-122.254638,37.87407]]}},{"type":"Feature","properties":{"kind":"trail"},"geometry":{"type":"LineString","coordinates":[[-122.254638,37.87407],[-122.254607,37.874037]]}},{"type":"Feature","properties":{"kind":"steps"},"geometry":{"type":"LineString","coordinates":[[-122.254716,37.873966],[-122.254607,37.874037],[-122.25453,37.874067]]}},{"type":"Feature","properties":{"kind":"trail"},"geometry":{"type":"LineString","coordinates":[[-122.25453,37.874067],[-122.254497,37.87408]]}},{"type":"Feature","properties":{"kind":"trail"},"geometry":{"type":"LineString","coordinates":[[-122.254691,37.874123],[-122.254817,37.874103]]}},{"type":"Feature","properties":{"kind":"trail"},"geometry":{"type":"LineString","coordinates":[[-122.254817,37.874103],[-122.254861,37.874075]]}},{"type":"Feature","properties":{"kind":"trail"},"geometry":{"type":"LineString","coordinates":[[-122.254176,37.873216],[-122.254198,37.8732]]}},{"type":"Feature","properties":{"kind":"trail"},"geometry":{"type":"LineString","coordinates":[[-122.254819,37.874289],[-122.254833,37.874282]]}},{"type":"Feature","properties":{"kind":"steps"},"geometry":{"type":"LineString","coordinates":[[-122.254398,37.87402],[-122.254369,37.873841]]}},{"type":"Feature","properties":{"kind":"steps"},"geometry":{"type":"LineString","coordinates":[[-122.254241,37.874014],[-122.254286,37.873843]]}},{"type":"Feature","properties":{"kind":"steps"},"geometry":{"type":"LineString","coordinates":[[-122.254091,37.873973],[-122.254206,37.87382]]}},{"type":"Feature","properties":{"kind":"steps"},"geometry":{"type":"LineString","coordinates":[[-122.253964,37.873887],[-122.254146,37.873776]]}},{"type":"Feature","properties":{"kind":"steps"},"geometry":{"type":"LineString","coordinates":[[-122.253894,37.873775],[-122.254103,37.873721]]}},{"type":"Feature","properties":{"kind":"steps"},"geometry":{"type":"LineString","coordinates":[[-122.253866,37.873658],[-122.254082,37.873655]]}},{"type":"Feature","properties":{"kind":"steps"},"geometry":{"type":"LineString","coordinates":[[-122.253889,37.873535],[-122.254098,37.873587]]}},{"type":"Feature","properties":{"kind":"trail"},"geometry":{"type":"LineString","coordinates":[[-122.253921,37.873466],[-122.253888,37.873452]]}},{"type":"Feature","properties":{"kind":"trail"},"geometry":{"type":"LineString","coordinates":[[-122.254476,37.874022],[-122.254471,37.874008]]}},{"type":"Feature","properties":{"kind":"road","name":"Sacramento Street","surface":"asphalt"},"geometry":{"type":"LineString","coordinates":[[-122.282535,37.874848],[-122.282497,37.87453]]}},{"type":"Feature","properties":{"kind":"steps","surface":"concrete"},"geometry":{"type":"LineString","coordinates":[[-122.273106,37.873528],[-122.273095,37.873539]]}},{"type":"Feature","properties":{"kind":"trail","surface":"concrete"},"geometry":{"type":"LineString","coordinates":[[-122.273235,37.873504],[-122.273106,37.873528]]}},{"type":"Feature","properties":{"kind":"trail","surface":"concrete"},"geometry":{"type":"LineString","coordinates":[[-122.273095,37.873539],[-122.273069,37.873564],[-122.272998,37.87363]]}},{"type":"Feature","properties":{"kind":"trail","surface":"concrete"},"geometry":{"type":"LineString","coordinates":[[-122.273248,37.873619],[-122.273098,37.873626],[-122.273069,37.873564],[-122.27298,37.873551],[-122.272955,37.873394]]}},{"type":"Feature","properties":{"kind":"road","name":"Kala Bagai Way","surface":"asphalt"},"geometry":{"type":"LineString","coordinates":[[-122.267763,37.870502],[-122.26774,37.870764]]}},{"type":"Feature","properties":{"kind":"road","name":"Kala Bagai Way","surface":"concrete"},"geometry":{"type":"LineString","coordinates":[[-122.267803,37.870243],[-122.267783,37.870352]]}},{"type":"Feature","properties":{"kind":"road","name":"Shattuck Avenue","surface":"asphalt"},"geometry":{"type":"LineString","coordinates":[[-122.26801,37.869763],[-122.268031,37.869497]]}},{"type":"Feature","properties":{"kind":"road","name":"Shattuck Avenue","surface":"asphalt"},"geometry":{"type":"LineString","coordinates":[[-122.268393,37.871934],[-122.26831,37.871345]]}},{"type":"Feature","properties":{"kind":"road","name":"Shattuck Avenue","surface":"asphalt"},"geometry":{"type":"LineString","coordinates":[[-122.268252,37.870824],[-122.268234,37.870694]]}},{"type":"Feature","properties":{"kind":"road","name":"Shattuck Avenue","surface":"asphalt"},"geometry":{"type":"LineString","coordinates":[[-122.268271,37.870995],[-122.268252,37.870824]]}},{"type":"Feature","properties":{"kind":"road","name":"Shattuck Avenue","surface":"asphalt"},"geometry":{"type":"LineString","coordinates":[[-122.26831,37.871345],[-122.268289,37.871175]]}},{"type":"Feature","properties":{"kind":"trail"},"geometry":{"type":"LineString","coordinates":[[-122.258297,37.874119],[-122.258328,37.874198],[-122.257867,37.874303]]}},{"type":"Feature","properties":{"kind":"steps"},"geometry":{"type":"LineString","coordinates":[[-122.258355,37.874192],[-122.258328,37.874198]]}},{"type":"Feature","properties":{"kind":"trail","surface":"paved"},"geometry":{"type":"LineString","coordinates":[[-122.259974,37.873657],[-122.260034,37.873649]]}},{"type":"Feature","properties":{"kind":"steps","surface":"paved"},"geometry":{"type":"LineString","coordinates":[[-122.259972,37.873647],[-122.259952,37.873648]]}},{"type":"Feature","properties":{"kind":"trail","surface":"paved"},"geometry":{"type":"LineString","coordinates":[[-122.259995,37.873577],[-122.260006,37.873572]]}},{"type":"Feature","properties":{"kind":"trail"},"geometry":{"type":"LineString","coordinates":[[-122.246686,37.879267],[-122.246687,37.879237]]}},{"type":"Feature","properties":{"kind":"trail"},"geometry":{"type":"LineString","coordinates":[[-122.269401,37.867826],[-122.269395,37.8678]]}},{"type":"Feature","properties":{"kind":"trail"},"geometry":{"type":"LineString","coordinates":[[-122.269367,37.867681],[-122.269356,37.867619]]}},{"type":"Feature","properties":{"kind":"trail"},"geometry":{"type":"LineString","coordinates":[[-122.269829,37.867765],[-122.269824,37.86775]]}},{"type":"Feature","properties":{"kind":"trail"},"geometry":{"type":"LineString","coordinates":[[-122.269804,37.867623],[-122.269792,37.867568]]}},{"type":"Feature","properties":{"kind":"trail","surface":"dirt"},"geometry":{"type":"LineString","coordinates":[[-122.252499,37.890502],[-122.252155,37.890753],[-122.252073,37.890749]]}},{"type":"Feature","properties":{"kind":"trail","name":"Keeler Path","surface":"concrete"},"geometry":{"type":"LineString","coordinates":[[-122.260541,37.892615],[-122.260554,37.892537],[-122.26044,37.892388]]}},{"type":"Feature","properties":{"kind":"trail","surface":"unpaved"},"geometry":{"type":"LineString","coordinates":[[-122.255801,37.890341],[-122.255559,37.89027]]}},{"type":"Feature","properties":{"kind":"steps","surface":"unpaved"},"geometry":{"type":"LineString","coordinates":[[-122.255872,37.890334],[-122.255801,37.890341]]}},{"type":"Feature","properties":{"kind":"trail","surface":"exposed_aggregate_concrete"},"geometry":{"type":"LineString","coordinates":[[-122.255931,37.89041],[-122.25588,37.890342]]}},{"type":"Feature","properties":{"kind":"trail","surface":"exposed_aggregate_concrete"},"geometry":{"type":"LineString","coordinates":[[-122.255862,37.89031],[-122.255869,37.89029]]}},{"type":"Feature","properties":{"kind":"trail","surface":"exposed_aggregate_concrete"},"geometry":{"type":"LineString","coordinates":[[-122.255971,37.890281],[-122.255903,37.890291],[-122.255869,37.89029],[-122.255715,37.890242]]}},{"type":"Feature","properties":{"kind":"steps","surface":"exposed_aggregate_concrete"},"geometry":{"type":"LineString","coordinates":[[-122.25588,37.890342],[-122.255872,37.890334],[-122.255862,37.89031]]}},{"type":"Feature","properties":{"kind":"trail","surface":"exposed_aggregate_concrete"},"geometry":{"type":"LineString","coordinates":[[-122.255966,37.890391],[-122.255903,37.890291]]}},{"type":"Feature","properties":{"kind":"steps","name":"Anne Brower Path","surface":"wood"},"geometry":{"type":"LineString","coordinates":[[-122.255626,37.891229],[-122.255304,37.891316]]}},{"type":"Feature","properties":{"kind":"trail","surface":"concrete"},"geometry":{"type":"LineString","coordinates":[[-122.246523,37.862534],[-122.246535,37.862655],[-122.246536,37.862665]]}},{"type":"Feature","properties":{"kind":"trail","surface":"concrete"},"geometry":{"type":"LineString","coordinates":[[-122.269319,37.884937],[-122.269224,37.884909],[-122.269206,37.88484],[-122.269262,37.884682],[-122.269274,37.884661]]}},{"type":"Feature","properties":{"kind":"trail","surface":"concrete"},"geometry":{"type":"LineString","coordinates":[[-122.269899,37.884909],[-122.269607,37.88481],[-122.269319,37.884937],[-122.269223,37.884953]]}},{"type":"Feature","properties":{"kind":"steps","surface":"paving_stones"},"geometry":{"type":"LineString","coordinates":[[-122.268826,37.884572],[-122.268888,37.884484]]}},{"type":"Feature","properties":{"kind":"trail","surface":"asphalt"},"geometry":{"type":"LineString","coordinates":[[-122.268888,37.884484],[-122.269144,37.884477]]}},{"type":"Feature","properties":{"kind":"trail"},"geometry":{"type":"LineString","coordinates":[[-122.246687,37.878661],[-122.246687,37.878606]]}},{"type":"Feature","properties":{"kind":"trail"},"geometry":{"type":"LineString","coordinates":[[-122.246579,37.878478],[-122.246487,37.878484]]}},{"type":"Feature","properties":{"kind":"trail","surface":"paved"},"geometry":{"type":"LineString","coordinates":[[-122.258335,37.877049],[-122.258312,37.876923]]}},{"type":"Feature","properties":{"kind":"trail"},"geometry":{"type":"LineString","coordinates":[[-122.258553,37.876796],[-122.258312,37.876923]]}},{"type":"Feature","properties":{"kind":"trail","surface":"concrete"},"geometry":{"type":"LineString","coordinates":[[-122.245268,37.859215],[-122.245096,37.859358]]}},{"type":"Feature","properties":{"kind":"trail","surface":"concrete"},"geometry":{"type":"LineString","coordinates":[[-122.245096,37.859358],[-122.245291,37.859468]]}},{"type":"Feature","properties":{"kind":"trail","surface":"concrete"},"geometry":{"type":"LineString","coordinates":[[-122.244453,37.859387],[-122.244872,37.859332],[-122.245096,37.859358],[-122.24528,37.85935]]}},{"type":"Feature","properties":{"kind":"road","name":"Claremont Boulevard","surface":"asphalt"},"geometry":{"type":"LineString","coordinates":[[-122.245367,37.859186],[-122.245335,37.858973]]}},{"type":"Feature","properties":{"kind":"road","surface":"asphalt"},"geometry":{"type":"LineString","coordinates":[[-122.245367,37.859186],[-122.245484,37.85902]]}},{"type":"Feature","properties":{"kind":"trail","surface":"compacted"},"geometry":{"type":"LineString","coordinates":[[-122.255094,37.875588],[-122.254772,37.875335]]}},{"type":"Feature","properties":{"kind":"trail","surface":"asphalt"},"geometry":{"type":"LineString","coordinates":[[-122.253499,37.874404],[-122.253951,37.874814],[-122.254246,37.875052],[-122.254772,37.875335],[-122.254818,37.875298]]}},{"type":"Feature","properties":{"kind":"steps"},"geometry":{"type":"LineString","coordinates":[[-122.253499,37.874404],[-122.253535,37.874334]]}},{"type":"Feature","properties":{"kind":"steps"},"geometry":{"type":"LineString","coordinates":[[-122.254106,37.874824],[-122.253951,37.874814]]}},{"type":"Feature","properties":{"kind":"trail"},"geometry":{"type":"LineString","coordinates":[[-122.252376,37.871717],[-122.252362,37.87166]]}},{"type":"Feature","properties":{"kind":"trail"},"geometry":{"type":"LineString","coordinates":[[-122.252263,37.871733],[-122.252251,37.871682]]}},{"type":"Feature","properties":{"kind":"trail"},"geometry":{"type":"LineString","coordinates":[[-122.252649,37.871606],[-122.252573,37.87164],[-122.252484,37.871701],[-122.252463,37.871704]]}},{"type":"Feature","properties":{"kind":"steps"},"geometry":{"type":"LineString","coordinates":[[-122.253595,37.872519],[-122.253522,37.872564]]}},{"type":"Feature","properties":{"kind":"trail","surface":"concrete"},"geometry":{"type":"LineString","coordinates":[[-122.254058,37.870852],[-122.253845,37.870848],[-122.253714,37.870998],[-122.253756,37.871119],[-122.253885,37.87119],[-122.254042,37.871181],[-122.254175,37.871049],[-122.254157,37.870936],[-122.254058,37.870852]]}},{"type":"Feature","properties":{"kind":"trail","surface":"concrete"},"geometry":{"type":"LineString","coordinates":[[-122.254075,37.871245],[-122.254042,37.871181]]}},{"type":"Feature","properties":{"kind":"trail","surface":"concrete"},"geometry":{"type":"LineString","coordinates":[[-122.259073,37.874672],[-122.259055,37.874622],[-122.258946,37.874334],[-122.258813,37.87436]]}},{"type":"Feature","properties":{"kind":"trail"},"geometry":{"type":"LineString","coordinates":[[-122.258485,37.874915],[-122.258478,37.874901]]}},{"type":"Feature","properties":{"kind":"road","name":"Bancroft Way","surface":"asphalt"},"geometry":{"type":"LineString","coordinates":[[-122.265989,37.867833],[-122.266418,37.867777]]}},{"type":"Feature","properties":{"kind":"road","name":"Bancroft Way","surface":"asphalt"},"geometry":{"type":"LineString","coordinates":[[-122.265693,37.867872],[-122.265921,37.867842]]}},{"type":"Feature","properties":{"kind":"steps"},"geometry":{"type":"LineString","coordinates":[[-122.258504,37.87013],[-122.258385,37.870146]]}},{"type":"Feature","properties":{"kind":"trail"},"geometry":{"type":"LineString","coordinates":[[-122.258385,37.870146],[-122.258355,37.870123],[-122.258354,37.870117]]}},{"type":"Feature","properties":{"kind":"trail","surface":"concrete"},"geometry":{"type":"LineString","coordinates":[[-122.257276,37.869884],[-122.257444,37.870272],[-122.257537,37.870234]]}},{"type":"Feature","properties":{"kind":"trail"},"geometry":{"type":"LineString","coordinates":[[-122.256089,37.870145],[-122.256315,37.869957]]}},{"type":"Feature","properties":{"kind":"steps"},"geometry":{"type":"LineString","coordinates":[[-122.254106,37.874824],[-122.254211,37.874802]]}},{"type":"Feature","properties":{"kind":"trail"},"geometry":{"type":"LineString","coordinates":[[-122.254211,37.874802],[-122.254296,37.874786]]}},{"type":"Feature","properties":{"kind":"trail"},"geometry":{"type":"LineString","coordinates":[[-122.253499,37.874404],[-122.25319,37.874209]]}},{"type":"Feature","properties":{"kind":"steps"},"geometry":{"type":"LineString","coordinates":[[-122.253258,37.872973],[-122.253167,37.873141],[-122.252994,37.873216]]}},{"type":"Feature","properties":{"kind":"trail"},"geometry":{"type":"LineString","coordinates":[[-122.253258,37.872973],[-122.253265,37.872913]]}},{"type":"Feature","properties":{"kind":"trail"},"geometry":{"type":"LineString","coordinates":[[-122.252994,37.873216],[-122.252968,37.873265],[-122.252936,37.873324]]}},{"type":"Feature","properties":{"kind":"trail"},"geometry":{"type":"LineString","coordinates":[[-122.252968,37.873265],[-122.25282,37.873216]]}},{"type":"Feature","properties":{"kind":"trail"},"geometry":{"type":"LineString","coordinates":[[-122.253211,37.873154],[-122.253167,37.873141]]}},{"type":"Feature","properties":{"kind":"trail"},"geometry":{"type":"LineString","coordinates":[[-122.25367,37.873224],[-122.253391,37.873263],[-122.253229,37.873425]]}},{"type":"Feature","properties":{"kind":"trail","surface":"concrete"},"geometry":{"type":"LineString","coordinates":[[-122.258646,37.872314],[-122.258634,37.872318],[-122.258542,37.872071]]}},{"type":"Feature","properties":{"kind":"steps","surface":"concrete"},"geometry":{"type":"LineString","coordinates":[[-122.258575,37.87233],[-122.258634,37.872318]]}},{"type":"Feature","properties":{"kind":"trail"},"geometry":{"type":"LineString","coordinates":[[-122.258575,37.87233],[-122.258536,37.872338]]}},{"type":"Feature","properties":{"kind":"trail","surface":"asphalt"},"geometry":{"type":"LineString","coordinates":[[-122.258813,37.87436],[-122.258764,37.87431],[-122.258751,37.874274],[-122.25871,37.874149]]}},{"type":"Feature","properties":{"kind":"trail","surface":"asphalt"},"geometry":{"type":"LineString","coordinates":[[-122.258256,37.873723],[-122.258248,37.8737],[-122.258249,37.873614],[-122.258162,37.873382],[-122.258118,37.873268],[-122.25806,37.873126]]}},{"type":"Feature","properties":{"kind":"trail"},"geometry":{"type":"LineString","coordinates":[[-122.258542,37.872071],[-122.258447,37.872096]]}},{"type":"Feature","properties":{"kind":"trail"},"geometry":{"type":"LineString","coordinates":[[-122.258765,37.874091],[-122.258741,37.874028]]}},{"type":"Feature","properties":{"kind":"trail"},"geometry":{"type":"LineString","coordinates":[[-122.258397,37.873924],[-122.258342,37.873938]]}},{"type":"Feature","properties":{"kind":"trail"},"geometry":{"type":"LineString","coordinates":[[-122.257472,37.875321],[-122.257484,37.875377]]}},{"type":"Feature","properties":{"kind":"steps","surface":"concrete"},"geometry":{"type":"LineString","coordinates":[[-122.257837,37.875291],[-122.257845,37.875325]]}},{"type":"Feature","properties":{"kind":"trail"},"geometry":{"type":"LineString","coordinates":[[-122.257834,37.875273],[-122.257837,37.875291],[-122.257748,37.875303],[-122.257756,37.875338]]}},{"type":"Feature","properties":{"kind":"steps"},"geometry":{"type":"LineString","coordinates":[[-122.258974,37.874776],[-122.258979,37.874787]]}},{"type":"Feature","properties":{"kind":"trail"},"geometry":{"type":"LineString","coordinates":[[-122.258979,37.874787],[-122.258993,37.874824],[-122.259002,37.874859]]}},{"type":"Feature","properties":{"kind":"trail","surface":"concrete"},"geometry":{"type":"LineString","coordinates":[[-122.258706,37.874138],[-122.258584,37.874179]]}},{"type":"Feature","properties":{"kind":"trail"},"geometry":{"type":"LineString","coordinates":[[-122.25811,37.875139],[-122.258086,37.875145]]}},{"type":"Feature","properties":{"kind":"trail"},"geometry":{"type":"LineString","coordinates":[[-122.258167,37.873717],[-122.258207,37.873825]]}},{"type":"Feature","properties":{"kind":"trail","surface":"concrete"},"geometry":{"type":"LineString","coordinates":[[-122.258286,37.873808],[-122.258256,37.873723]]}},{"type":"Feature","properties":{"kind":"trail","surface":"concrete"},"geometry":{"type":"LineString","coordinates":[[-122.258621,37.873896],[-122.258537,37.873748],[-122.258286,37.873808]]}},{"type":"Feature","properties":{"kind":"trail"},"geometry":{"type":"LineString","coordinates":[[-122.258997,37.873983],[-122.258959,37.873992]]}},{"type":"Feature","properties":{"kind":"steps"},"geometry":{"type":"LineString","coordinates":[[-122.259045,37.873972],[-122.258997,37.873983]]}},{"type":"Feature","properties":{"kind":"trail"},"geometry":{"type":"LineString","coordinates":[[-122.259356,37.873899],[-122.259045,37.873972]]}},{"type":"Feature","properties":{"kind":"steps"},"geometry":{"type":"LineString","coordinates":[[-122.258896,37.874023],[-122.258882,37.873981]]}},{"type":"Feature","properties":{"kind":"trail"},"geometry":{"type":"LineString","coordinates":[[-122.258832,37.874038],[-122.258896,37.874023]]}},{"type":"Feature","properties":{"kind":"trail"},"geometry":{"type":"LineString","coordinates":[[-122.258769,37.873864],[-122.25878,37.873861]]}},{"type":"Feature","properties":{"kind":"steps"},"geometry":{"type":"LineString","coordinates":[[-122.258739,37.87387],[-122.258769,37.873864]]}},{"type":"Feature","properties":{"kind":"trail","surface":"paved"},"geometry":{"type":"LineString","coordinates":[[-122.258868,37.871796],[-122.258908,37.871851],[-122.258972,37.871942],[-122.258981,37.871954]]}},{"type":"Feature","properties":{"kind":"trail","surface":"concrete"},"geometry":{"type":"LineString","coordinates":[[-122.258514,37.870128],[-122.258477,37.869941],[-122.258495,37.870104],[-122.258355,37.870123]]}},{"type":"Feature","properties":{"kind":"trail"},"geometry":{"type":"LineString","coordinates":[[-122.258112,37.870398],[-122.258114,37.870402],[-122.258126,37.870446]]}},{"type":"Feature","properties":{"kind":"steps"},"geometry":{"type":"LineString","coordinates":[[-122.258112,37.870398],[-122.258109,37.870386]]}},{"type":"Feature","properties":{"kind":"trail"},"geometry":{"type":"LineString","coordinates":[[-122.258109,37.870386],[-122.258106,37.870368],[-122.258061,37.870154]]}},{"type":"Feature","properties":{"kind":"trail","surface":"concrete"},"geometry":{"type":"LineString","coordinates":[[-122.258114,37.870402],[-122.258051,37.870409],[-122.258045,37.870375],[-122.258106,37.870368]]}},{"type":"Feature","properties":{"kind":"steps"},"geometry":{"type":"LineString","coordinates":[[-122.257276,37.869884],[-122.257345,37.869902]]}},{"type":"Feature","properties":{"kind":"trail"},"geometry":{"type":"LineString","coordinates":[[-122.258673,37.87006],[-122.258634,37.870073]]}},{"type":"Feature","properties":{"kind":"trail"},"geometry":{"type":"LineString","coordinates":[[-122.257731,37.870374],[-122.257693,37.870201]]}},{"type":"Feature","properties":{"kind":"trail"},"geometry":{"type":"LineString","coordinates":[[-122.260344,37.870623],[-122.260336,37.870654],[-122.26033,37.870725],[-122.260163,37.870765],[-122.260107,37.870776],[-122.259909,37.870818]]}},{"type":"Feature","properties":{"kind":"trail"},"geometry":{"type":"LineString","coordinates":[[-122.25561,37.873888],[-122.255754,37.87375],[-122.255906,37.873722],[-122.255855,37.87374],[-122.255859,37.873752]]}},{"type":"Feature","properties":{"kind":"trail"},"geometry":{"type":"LineString","coordinates":[[-122.258439,37.87082],[-122.258488,37.870905]]}},{"type":"Feature","properties":{"kind":"steps"},"geometry":{"type":"LineString","coordinates":[[-122.258488,37.870905],[-122.258514,37.870968]]}},{"type":"Feature","properties":{"kind":"trail"},"geometry":{"type":"LineString","coordinates":[[-122.258439,37.87082],[-122.25824,37.870849]]}},{"type":"Feature","properties":{"kind":"trail"},"geometry":{"type":"LineString","coordinates":[[-122.25824,37.870849],[-122.258175,37.870776]]}},{"type":"Feature","properties":{"kind":"trail"},"geometry":{"type":"LineString","coordinates":[[-122.258175,37.870776],[-122.258006,37.870579]]}},{"type":"Feature","properties":{"kind":"steps","surface":"paved"},"geometry":{"type":"LineString","coordinates":[[-122.261798,37.871903],[-122.261837,37.872007]]}},{"type":"Feature","properties":{"kind":"trail"},"geometry":{"type":"LineString","coordinates":[[-122.261837,37.872007],[-122.261867,37.872071],[-122.261994,37.87217]]}},{"type":"Feature","properties":{"kind":"trail"},"geometry":{"type":"LineString","coordinates":[[-122.261867,37.872071],[-122.261815,37.872137]]}},{"type":"Feature","properties":{"kind":"trail"},"geometry":{"type":"LineString","coordinates":[[-122.260089,37.871514],[-122.260059,37.871435],[-122.259951,37.87113],[-122.260069,37.871073]]}},{"type":"Feature","properties":{"kind":"steps"},"geometry":{"type":"LineString","coordinates":[[-122.261567,37.871253],[-122.261556,37.871225]]}},{"type":"Feature","properties":{"kind":"trail"},"geometry":{"type":"LineString","coordinates":[[-122.261556,37.871225],[-122.261537,37.871172]]}},{"type":"Feature","properties":{"kind":"trail","surface":"paved"},"geometry":{"type":"LineString","coordinates":[[-122.255833,37.87289],[-122.255842,37.872915]]}},{"type":"Feature","properties":{"kind":"trail"},"geometry":{"type":"LineString","coordinates":[[-122.255842,37.872915],[-122.255989,37.873316]]}},{"type":"Feature","properties":{"kind":"trail"},"geometry":{"type":"LineString","coordinates":[[-122.256202,37.873448],[-122.256356,37.873365],[-122.256527,37.873322]]}},{"type":"Feature","properties":{"kind":"trail"},"geometry":{"type":"LineString","coordinates":[[-122.25518,37.871144],[-122.255188,37.871221]]}},{"type":"Feature","properties":{"kind":"trail"},"geometry":{"type":"LineString","coordinates":[[-122.25518,37.871144],[-122.255177,37.871088]]}},{"type":"Feature","properties":{"kind":"steps","surface":"concrete"},"geometry":{"type":"LineString","coordinates":[[-122.254255,37.871501],[-122.254211,37.871525]]}},{"type":"Feature","properties":{"kind":"trail"},"geometry":{"type":"LineString","coordinates":[[-122.254229,37.871452],[-122.254268,37.871495]]}},{"type":"Feature","properties":{"kind":"trail"},"geometry":{"type":"LineString","coordinates":[[-122.254288,37.871406],[-122.254338,37.871475]]}},{"type":"Feature","properties":{"kind":"trail"},"geometry":{"type":"LineString","coordinates":[[-122.254418,37.871467],[-122.254338,37.871475],[-122.254324,37.871476]]}},{"type":"Feature","properties":{"kind":"steps","surface":"concrete"},"geometry":{"type":"LineString","coordinates":[[-122.254287,37.871486],[-122.254324,37.871476]]}},{"type":"Feature","properties":{"kind":"trail"},"geometry":{"type":"LineString","coordinates":[[-122.254287,37.871486],[-122.254268,37.871495],[-122.254255,37.871501]]}},{"type":"Feature","properties":{"kind":"trail"},"geometry":{"type":"LineString","coordinates":[[-122.254211,37.871525],[-122.254177,37.871522]]}},{"type":"Feature","properties":{"kind":"trail","surface":"asphalt"},"geometry":{"type":"LineString","coordinates":[[-122.256809,37.873185],[-122.256758,37.873196]]}},{"type":"Feature","properties":{"kind":"trail","surface":"concrete"},"geometry":{"type":"LineString","coordinates":[[-122.25713,37.873223],[-122.257107,37.873157],[-122.257103,37.873147]]}},{"type":"Feature","properties":{"kind":"trail"},"geometry":{"type":"LineString","coordinates":[[-122.25683,37.87206],[-122.256879,37.872092]]}},{"type":"Feature","properties":{"kind":"steps"},"geometry":{"type":"LineString","coordinates":[[-122.254296,37.874786],[-122.254336,37.874776]]}},{"type":"Feature","properties":{"kind":"steps"},"geometry":{"type":"LineString","coordinates":[[-122.254828,37.872701],[-122.254846,37.872746]]}},{"type":"Feature","properties":{"kind":"trail"},"geometry":{"type":"LineString","coordinates":[[-122.254893,37.872867],[-122.254891,37.872925],[-122.255302,37.873345]]}},{"type":"Feature","properties":{"kind":"trail","surface":"asphalt"},"geometry":{"type":"LineString","coordinates":[[-122.255889,37.873539],[-122.255816,37.873563],[-122.255469,37.873501],[-122.255302,37.873345]]}},{"type":"Feature","properties":{"kind":"trail"},"geometry":{"type":"LineString","coordinates":[[-122.255294,37.872822],[-122.255289,37.872808],[-122.255234,37.872656],[-122.255105,37.872686],[-122.254846,37.872746]]}},{"type":"Feature","properties":{"kind":"track"},"geometry":{"type":"LineString","coordinates":[[-122.215639,37.873831],[-122.215386,37.87413],[-122.214889,37.874345],[-122.214667,37.874492],[-122.214701,37.875025],[-122.214427,37.875243],[-122.214395,37.875315],[-122.214554,37.875845],[-122.214941,37.876571]]}},{"type":"Feature","properties":{"kind":"track"},"geometry":{"type":"LineString","coordinates":[[-122.215126,37.876961],[-122.215234,37.877481],[-122.215163,37.87796]]}},{"type":"Feature","properties":{"kind":"steps","surface":"dirt"},"geometry":{"type":"LineString","coordinates":[[-122.221129,37.875602],[-122.221049,37.875614],[-122.221013,37.875572]]}},{"type":"Feature","properties":{"kind":"trail","surface":"dirt"},"geometry":{"type":"LineString","coordinates":[[-122.220884,37.875438],[-122.220742,37.875368]]}},{"type":"Feature","properties":{"kind":"trail"},"geometry":{"type":"LineString","coordinates":[[-122.253318,37.873774],[-122.252999,37.873562],[-122.252796,37.873563]]}},{"type":"Feature","properties":{"kind":"steps"},"geometry":{"type":"LineString","coordinates":[[-122.252999,37.873562],[-122.253023,37.873517]]}},{"type":"Feature","properties":{"kind":"trail"},"geometry":{"type":"LineString","coordinates":[[-122.253023,37.873517],[-122.253049,37.87347]]}},{"type":"Feature","properties":{"kind":"trail"},"geometry":{"type":"LineString","coordinates":[[-122.253522,37.872564],[-122.253039,37.872885]]}},{"type":"Feature","properties":{"kind":"trail"},"geometry":{"type":"LineString","coordinates":[[-122.255202,37.874175],[-122.255338,37.874269]]}},{"type":"Feature","properties":{"kind":"trail"},"geometry":{"type":"LineString","coordinates":[[-122.255371,37.873305],[-122.255609,37.87322]]}},{"type":"Feature","properties":{"kind":"steps"},"geometry":{"type":"LineString","coordinates":[[-122.254867,37.872799],[-122.254893,37.872867]]}},{"type":"Feature","properties":{"kind":"trail"},"geometry":{"type":"LineString","coordinates":[[-122.254846,37.872746],[-122.254867,37.872799]]}},{"type":"Feature","properties":{"kind":"trail","surface":"asphalt"},"geometry":{"type":"LineString","coordinates":[[-122.259097,37.869097],[-122.259262,37.869076]]}},{"type":"Feature","properties":{"kind":"steps","surface":"concrete"},"geometry":{"type":"LineString","coordinates":[[-122.259051,37.869103],[-122.259097,37.869097]]}},{"type":"Feature","properties":{"kind":"trail","surface":"stepping_stones"},"geometry":{"type":"LineString","coordinates":[[-122.257915,37.872292],[-122.25783,37.872448]]}},{"type":"Feature","properties":{"kind":"road","name":"Dwight Way","surface":"asphalt"},"geometry":{"type":"LineString","coordinates":[[-122.276597,37.862778],[-122.272157,37.863357]]}},{"type":"Feature","properties":{"kind":"road","name":"Dwight Way","surface":"asphalt"},"geometry":{"type":"LineString","coordinates":[[-122.279119,37.862453],[-122.278717,37.862474]]}},{"type":"Feature","properties":{"kind":"road","name":"California Street","surface":"asphalt"},"geometry":{"type":"LineString","coordinates":[[-122.278732,37.862531],[-122.278717,37.862474]]}},{"type":"Feature","properties":{"kind":"road","name":"Dwight Way","surface":"asphalt"},"geometry":{"type":"LineString","coordinates":[[-122.278395,37.862547],[-122.278732,37.862531]]}},{"type":"Feature","properties":{"kind":"trail"},"geometry":{"type":"LineString","coordinates":[[-122.27894,37.862544],[-122.278848,37.862558],[-122.27883,37.862561]]}},{"type":"Feature","properties":{"kind":"trail"},"geometry":{"type":"LineString","coordinates":[[-122.278843,37.862544],[-122.278848,37.862558]]}},{"type":"Feature","properties":{"kind":"trail","surface":"paved"},"geometry":{"type":"LineString","coordinates":[[-122.278462,37.882918],[-122.27843,37.882819]]}},{"type":"Feature","properties":{"kind":"trail","surface":"asphalt"},"geometry":{"type":"LineString","coordinates":[[-122.278589,37.882709],[-122.278667,37.882636],[-122.278627,37.882588],[-122.278506,37.882656]]}},{"type":"Feature","properties":{"kind":"steps","surface":"paved"},"geometry":{"type":"LineString","coordinates":[[-122.278426,37.882601],[-122.278435,37.882607]]}},{"type":"Feature","properties":{"kind":"trail","surface":"paved"},"geometry":{"type":"LineString","coordinates":[[-122.278358,37.882564],[-122.278426,37.882601]]}},{"type":"Feature","properties":{"kind":"road","name":"Monterey Avenue","surface":"paved"},"geometry":{"type":"LineString","coordinates":[[-122.281233,37.884646],[-122.280983,37.885017]]}},{"type":"Feature","properties":{"kind":"road","name":"Monterey Avenue","surface":"paved"},"geometry":{"type":"LineString","coordinates":[[-122.281959,37.881675],[-122.282118,37.881987]]}},{"type":"Feature","properties":{"kind":"road","name":"Piedmont Avenue","surface":"asphalt"},"geometry":{"type":"LineString","coordinates":[[-122.251833,37.866807],[-122.251724,37.866405],[-122.251628,37.86627]]}},{"type":"Feature","properties":{"kind":"steps","surface":"asphalt"},"geometry":{"type":"LineString","coordinates":[[-122.256071,37.884773],[-122.256247,37.884641]]}},{"type":"Feature","properties":{"kind":"road","name":"Shattuck Avenue","surface":"asphalt"},"geometry":{"type":"LineString","coordinates":[[-122.267801,37.867118],[-122.267782,37.866952]]}},{"type":"Feature","properties":{"kind":"road","name":"Gayley Road","surface":"asphalt"},"geometry":{"type":"LineString","coordinates":[[-122.255238,37.873723],[-122.255342,37.873847]]}},{"type":"Feature","properties":{"kind":"steps"},"geometry":{"type":"LineString","coordinates":[[-122.271286,37.89989],[-122.271186,37.899895]]}},{"type":"Feature","properties":{"kind":"trail"},"geometry":{"type":"LineString","coordinates":[[-122.270472,37.8988],[-122.270387,37.898854]]}},{"type":"Feature","properties":{"kind":"trail"},"geometry":{"type":"LineString","coordinates":[[-122.270199,37.898511],[-122.270115,37.89856]]}},{"type":"Feature","properties":{"kind":"trail"},"geometry":{"type":"LineString","coordinates":[[-122.270118,37.898339],[-122.270011,37.898367]]}},{"type":"Feature","properties":{"kind":"trail","surface":"paved"},"geometry":{"type":"LineString","coordinates":[[-122.270037,37.897927],[-122.26993,37.89795]]}},{"type":"Feature","properties":{"kind":"trail","surface":"paved"},"geometry":{"type":"LineString","coordinates":[[-122.270046,37.897988],[-122.270004,37.897991]]}},{"type":"Feature","properties":{"kind":"trail"},"geometry":{"type":"LineString","coordinates":[[-122.26998,37.897588],[-122.269878,37.897606]]}},{"type":"Feature","properties":{"kind":"trail","name":"Alta Vista Path","surface":"concrete"},"geometry":{"type":"LineString","coordinates":[[-122.270004,37.897465],[-122.270232,37.897409]]}},{"type":"Feature","properties":{"kind":"trail","name":"Alta Vista Path","surface":"concrete"},"geometry":{"type":"LineString","coordinates":[[-122.270722,37.897139],[-122.270796,37.897094]]}},{"type":"Feature","properties":{"kind":"steps","name":"Alta Vista Path","surface":"concrete"},"geometry":{"type":"LineString","coordinates":[[-122.269916,37.897485],[-122.269934,37.897481]]}},{"type":"Feature","properties":{"kind":"trail","name":"Alta Vista Path","surface":"concrete"},"geometry":{"type":"LineString","coordinates":[[-122.269848,37.897501],[-122.269916,37.897485]]}},{"type":"Feature","properties":{"kind":"steps","name":"Alta Vista Path","surface":"concrete"},"geometry":{"type":"LineString","coordinates":[[-122.270232,37.897409],[-122.270722,37.897139]]}},{"type":"Feature","properties":{"kind":"steps","name":"Alta Vista Path","surface":"concrete"},"geometry":{"type":"LineString","coordinates":[[-122.269971,37.897472],[-122.270004,37.897465]]}},{"type":"Feature","properties":{"kind":"trail"},"geometry":{"type":"LineString","coordinates":[[-122.26992,37.897414],[-122.269826,37.897447]]}},{"type":"Feature","properties":{"kind":"trail"},"geometry":{"type":"LineString","coordinates":[[-122.269811,37.89726],[-122.269714,37.897292]]}},{"type":"Feature","properties":{"kind":"trail"},"geometry":{"type":"LineString","coordinates":[[-122.269565,37.896976],[-122.269478,37.897025]]}},{"type":"Feature","properties":{"kind":"trail","surface":"stepping_stones"},"geometry":{"type":"LineString","coordinates":[[-122.269458,37.896831],[-122.269358,37.896864]]}},{"type":"Feature","properties":{"kind":"steps","surface":"brick"},"geometry":{"type":"LineString","coordinates":[[-122.269349,37.896525],[-122.269245,37.896532]]}},{"type":"Feature","properties":{"kind":"trail","name":"Poplar Path","surface":"concrete"},"geometry":{"type":"LineString","coordinates":[[-122.26914,37.896522],[-122.269243,37.896514]]}},{"type":"Feature","properties":{"kind":"steps","name":"Poplar Path","surface":"concrete"},"geometry":{"type":"LineString","coordinates":[[-122.269124,37.896523],[-122.26914,37.896522]]}},{"type":"Feature","properties":{"kind":"trail","name":"Poplar Path","surface":"concrete"},"geometry":{"type":"LineString","coordinates":[[-122.269101,37.896525],[-122.269124,37.896523]]}},{"type":"Feature","properties":{"kind":"trail"},"geometry":{"type":"LineString","coordinates":[[-122.269388,37.896199],[-122.269283,37.896192]]}},{"type":"Feature","properties":{"kind":"trail"},"geometry":{"type":"LineString","coordinates":[[-122.269428,37.896081],[-122.269326,37.896057]]}},{"type":"Feature","properties":{"kind":"steps"},"geometry":{"type":"LineString","coordinates":[[-122.269503,37.895855],[-122.269393,37.895848]]}},{"type":"Feature","properties":{"kind":"trail"},"geometry":{"type":"LineString","coordinates":[[-122.269516,37.895735],[-122.26941,37.895748]]}},{"type":"Feature","properties":{"kind":"trail"},"geometry":{"type":"LineString","coordinates":[[-122.269514,37.895688],[-122.269409,37.895691]]}},{"type":"Feature","properties":{"kind":"trail"},"geometry":{"type":"LineString","coordinates":[[-122.269501,37.895611],[-122.269396,37.895627]]}},{"type":"Feature","properties":{"kind":"trail","surface":"paving_stones"},"geometry":{"type":"LineString","coordinates":[[-122.269458,37.895513],[-122.269376,37.895568]]}},{"type":"Feature","properties":{"kind":"trail"},"geometry":{"type":"LineString","coordinates":[[-122.269491,37.895572],[-122.269387,37.895598]]}},{"type":"Feature","properties":{"kind":"trail"},"geometry":{"type":"LineString","coordinates":[[-122.269434,37.895478],[-122.269347,37.895511]]}},{"type":"Feature","properties":{"kind":"trail"},"geometry":{"type":"LineString","coordinates":[[-122.269401,37.895439],[-122.26932,37.895471]]}},{"type":"Feature","properties":{"kind":"trail","surface":"paving_stones"},"geometry":{"type":"LineString","coordinates":[[-122.269192,37.895239],[-122.269084,37.895277]]}},{"type":"Feature","properties":{"kind":"steps"},"geometry":{"type":"LineString","coordinates":[[-122.268759,37.89494],[-122.268667,37.894995]]}},{"type":"Feature","properties":{"kind":"steps"},"geometry":{"type":"LineString","coordinates":[[-122.268664,37.894851],[-122.268568,37.894882]]}},{"type":"Feature","properties":{"kind":"steps"},"geometry":{"type":"LineString","coordinates":[[-122.268645,37.894669],[-122.26851,37.89467]]}},{"type":"Feature","properties":{"kind":"trail"},"geometry":{"type":"LineString","coordinates":[[-122.268703,37.894359],[-122.26857,37.894335]]}},{"type":"Feature","properties":{"kind":"trail"},"geometry":{"type":"LineString","coordinates":[[-122.268682,37.894232],[-122.268559,37.894236]]}},{"type":"Feature","properties":{"kind":"steps","surface":"concrete"},"geometry":{"type":"LineString","coordinates":[[-122.26853,37.893901],[-122.268407,37.893946]]}},{"type":"Feature","properties":{"kind":"steps","surface":"concrete"},"geometry":{"type":"LineString","coordinates":[[-122.268439,37.893769],[-122.268323,37.893825]]}},{"type":"Feature","properties":{"kind":"steps"},"geometry":{"type":"LineString","coordinates":[[-122.268331,37.893612],[-122.268214,37.893665]]}},{"type":"Feature","properties":{"kind":"road","name":"Spruce Street","surface":"paved"},"geometry":{"type":"LineString","coordinates":[[-122.268037,37.893423],[-122.267985,37.89337],[-122.267969,37.893355]]}},{"type":"Feature","properties":{"kind":"road","name":"Spruce Street","surface":"paved"},"geometry":{"type":"LineString","coordinates":[[-122.268179,37.893613],[-122.2681,37.893502],[-122.268037,37.893423]]}},{"type":"Feature","properties":{"kind":"steps"},"geometry":{"type":"LineString","coordinates":[[-122.268223,37.893449],[-122.2681,37.893502]]}},{"type":"Feature","properties":{"kind":"trail","surface":"stepping_stones"},"geometry":{"type":"LineString","coordinates":[[-122.268097,37.893304],[-122.267985,37.89337]]}},{"type":"Feature","properties":{"kind":"road","name":"Spruce Street","surface":"asphalt"},"geometry":{"type":"LineString","coordinates":[[-122.267969,37.893355],[-122.267706,37.893156]]}},{"type":"Feature","properties":{"kind":"trail","surface":"brick"},"geometry":{"type":"LineString","coordinates":[[-122.267542,37.892912],[-122.267461,37.892999]]}},{"type":"Feature","properties":{"kind":"trail","surface":"paving_stones"},"geometry":{"type":"LineString","coordinates":[[-122.267384,37.892818],[-122.267306,37.89291]]}},{"type":"Feature","properties":{"kind":"trail","surface":"paved"},"geometry":{"type":"LineString","coordinates":[[-122.267207,37.892716],[-122.267094,37.89277]]}},{"type":"Feature","properties":{"kind":"steps","name":"Easter Way","surface":"concrete"},"geometry":{"type":"LineString","coordinates":[[-122.266877,37.892314],[-122.266827,37.89232]]}},{"type":"Feature","properties":{"kind":"trail","name":"Easter Way","surface":"concrete"},"geometry":{"type":"LineString","coordinates":[[-122.266827,37.89232],[-122.2667,37.892342]]}},{"type":"Feature","properties":{"kind":"trail","name":"Easter Way","surface":"concrete"},"geometry":{"type":"LineString","coordinates":[[-122.266962,37.892303],[-122.266877,37.892314]]}},{"type":"Feature","properties":{"kind":"steps"},"geometry":{"type":"LineString","coordinates":[[-122.267112,37.892268],[-122.266981,37.89224]]}},{"type":"Feature","properties":{"kind":"trail","surface":"concrete"},"geometry":{"type":"LineString","coordinates":[[-122.267181,37.892078],[-122.26705,37.892049]]}},{"type":"Feature","properties":{"kind":"steps"},"geometry":{"type":"LineString","coordinates":[[-122.267321,37.891662],[-122.26719,37.891637]]}},{"type":"Feature","properties":{"kind":"steps"},"geometry":{"type":"LineString","coordinates":[[-122.267346,37.891539],[-122.267214,37.891528]]}},{"type":"Feature","properties":{"kind":"steps","surface":"stepping_stones"},"geometry":{"type":"LineString","coordinates":[[-122.26737,37.891308],[-122.267234,37.891298]]}},{"type":"Feature","properties":{"kind":"steps"},"geometry":{"type":"LineString","coordinates":[[-122.267377,37.891212],[-122.267237,37.891221]]}},{"type":"Feature","properties":{"kind":"steps"},"geometry":{"type":"LineString","coordinates":[[-122.267381,37.891059],[-122.267242,37.89108]]}},{"type":"Feature","properties":{"kind":"trail","surface":"paved"},"geometry":{"type":"LineString","coordinates":[[-122.26727,37.890388],[-122.267139,37.890414]]}},{"type":"Feature","properties":{"kind":"steps"},"geometry":{"type":"LineString","coordinates":[[-122.267084,37.889748],[-122.266945,37.889751]]}},{"type":"Feature","properties":{"kind":"trail"},"geometry":{"type":"LineString","coordinates":[[-122.267044,37.889609],[-122.266923,37.889674]]}},{"type":"Feature","properties":{"kind":"road","name":"Spruce Street","surface":"asphalt"},"geometry":{"type":"LineString","coordinates":[[-122.266879,37.889526],[-122.26684,37.889392],[-122.266808,37.889285],[-122.266742,37.889043],[-122.266725,37.888919]]}},{"type":"Feature","properties":{"kind":"steps"},"geometry":{"type":"LineString","coordinates":[[-122.267002,37.889469],[-122.266879,37.889526]]}},{"type":"Feature","properties":{"kind":"steps"},"geometry":{"type":"LineString","coordinates":[[-122.266965,37.889347],[-122.26684,37.889392]]}},{"type":"Feature","properties":{"kind":"steps"},"geometry":{"type":"LineString","coordinates":[[-122.266926,37.889219],[-122.266808,37.889285]]}},{"type":"Feature","properties":{"kind":"trail"},"geometry":{"type":"LineString","coordinates":[[-122.266857,37.888963],[-122.266742,37.889043]]}},{"type":"Feature","properties":{"kind":"road","name":"Spruce Street","surface":"asphalt"},"geometry":{"type":"LineString","coordinates":[[-122.266725,37.888919],[-122.266728,37.888786],[-122.266747,37.888652],[-122.266787,37.888443]]}},{"type":"Feature","properties":{"kind":"trail","surface":"paved"},"geometry":{"type":"LineString","coordinates":[[-122.266871,37.888806],[-122.266728,37.888786]]}},{"type":"Feature","properties":{"kind":"steps"},"geometry":{"type":"LineString","coordinates":[[-122.266893,37.888613],[-122.266747,37.888652]]}},{"type":"Feature","properties":{"kind":"road","name":"Spruce Street","surface":"paved"},"geometry":{"type":"LineString","coordinates":[[-122.266787,37.888443],[-122.266829,37.88826]]}},{"type":"Feature","properties":{"kind":"road","name":"Spruce Street","surface":"paved"},"geometry":{"type":"LineString","coordinates":[[-122.269848,37.904444],[-122.270163,37.904417],[-122.270355,37.904308],[-122.270456,37.904135],[-122.270687,37.901888],[-122.270614,37.901737],[-122.270516,37.90166],[-122.270313,37.901594],[-122.270088,37.901609],[-122.269774,37.901628],[-122.269591,37.901505],[-122.269565,37.901333],[-122.269764,37.901081],[-122.269794,37.901047],[-122.270094,37.900715],[-122.271096,37.899826]]}},{"type":"Feature","properties":{"kind":"steps","name":"Easter Way","surface":"concrete"},"geometry":{"type":"LineString","coordinates":[[-122.266056,37.892421],[-122.265928,37.892427]]}},{"type":"Feature","properties":{"kind":"steps","surface":"concrete"},"geometry":{"type":"LineString","coordinates":[[-122.277017,37.900911],[-122.277109,37.900948]]}},{"type":"Feature","properties":{"kind":"road","name":"University Avenue","surface":"asphalt"},"geometry":{"type":"LineString","coordinates":[[-122.279253,37.870813],[-122.279518,37.870779]]}},{"type":"Feature","properties":{"kind":"road","name":"Tunnel Road","surface":"asphalt"},"geometry":{"type":"LineString","coordinates":[[-122.240284,37.855934],[-122.239884,37.855678]]}},{"type":"Feature","properties":{"kind":"road","name":"Tunnel Road","surface":"asphalt"},"geometry":{"type":"LineString","coordinates":[[-122.239884,37.855678],[-122.239678,37.855561]]}},{"type":"Feature","properties":{"kind":"road","name":"University Avenue","surface":"asphalt"},"geometry":{"type":"LineString","coordinates":[[-122.273583,37.871432],[-122.273334,37.871465]]}},{"type":"Feature","properties":{"kind":"road","name":"Shattuck Avenue","surface":"asphalt"},"geometry":{"type":"LineString","coordinates":[[-122.267099,37.861094],[-122.267077,37.860878]]}},{"type":"Feature","properties":{"kind":"road","name":"University Avenue","surface":"asphalt"},"geometry":{"type":"LineString","coordinates":[[-122.280314,37.870571],[-122.280126,37.870596]]}},{"type":"Feature","properties":{"kind":"trail","surface":"paved"},"geometry":{"type":"LineString","coordinates":[[-122.283179,37.873694],[-122.283189,37.873759]]}},{"type":"Feature","properties":{"kind":"road","name":"Martin Luther King Junior Way","surface":"asphalt"},"geometry":{"type":"LineString","coordinates":[[-122.272884,37.870239],[-122.272901,37.87041]]}},{"type":"Feature","properties":{"kind":"trail","surface":"paved"},"geometry":{"type":"LineString","coordinates":[[-122.269155,37.882171],[-122.269151,37.882154]]}},{"type":"Feature","properties":{"kind":"steps","surface":"paved"},"geometry":{"type":"LineString","coordinates":[[-122.269159,37.882191],[-122.269155,37.882171]]}},{"type":"Feature","properties":{"kind":"trail","surface":"paved"},"geometry":{"type":"LineString","coordinates":[[-122.269523,37.882253],[-122.269433,37.882265],[-122.269412,37.882159],[-122.269159,37.882191]]}},{"type":"Feature","properties":{"kind":"trail","surface":"paved"},"geometry":{"type":"LineString","coordinates":[[-122.269623,37.881608],[-122.269528,37.881663]]}},{"type":"Feature","properties":{"kind":"trail"},"geometry":{"type":"LineString","coordinates":[[-122.263749,37.857749],[-122.263712,37.857659],[-122.263644,37.857646]]}},{"type":"Feature","properties":{"kind":"trail","surface":"asphalt"},"geometry":{"type":"LineString","coordinates":[[-122.262916,37.857717],[-122.262801,37.857732]]}},{"type":"Feature","properties":{"kind":"steps"},"geometry":{"type":"LineString","coordinates":[[-122.262752,37.857624],[-122.262737,37.857625]]}},{"type":"Feature","properties":{"kind":"trail"},"geometry":{"type":"LineString","coordinates":[[-122.262499,37.857519],[-122.262349,37.857571]]}},{"type":"Feature","properties":{"kind":"trail","surface":"concrete"},"geometry":{"type":"LineString","coordinates":[[-122.261731,37.857884],[-122.261821,37.857872],[-122.261859,37.857867]]}},{"type":"Feature","properties":{"kind":"trail","surface":"gravel"},"geometry":{"type":"LineString","coordinates":[[-122.261821,37.857872],[-122.261808,37.857936],[-122.261747,37.857959]]}},{"type":"Feature","properties":{"kind":"trail","surface":"gravel"},"geometry":{"type":"LineString","coordinates":[[-122.261783,37.858134],[-122.261977,37.858185]]}},{"type":"Feature","properties":{"kind":"trail"},"geometry":{"type":"LineString","coordinates":[[-122.262719,37.857609],[-122.262592,37.857615],[-122.262624,37.857575]]}},{"type":"Feature","properties":{"kind":"steps","surface":"concrete"},"geometry":{"type":"LineString","coordinates":[[-122.27927,37.858837],[-122.279244,37.858703],[-122.279352,37.858689],[-122.279274,37.858672]]}},{"type":"Feature","properties":{"kind":"steps"},"geometry":{"type":"LineString","coordinates":[[-122.278766,37.858835],[-122.278753,37.858786],[-122.278798,37.858755],[-122.27872,37.858742]]}},{"type":"Feature","properties":{"kind":"trail","surface":"concrete"},"geometry":{"type":"LineString","coordinates":[[-122.278467,37.858181],[-122.278464,37.858167],[-122.278434,37.858023]]}},{"type":"Feature","properties":{"kind":"trail"},"geometry":{"type":"LineString","coordinates":[[-122.278464,37.858167],[-122.278359,37.85818],[-122.278028,37.858222]]}},{"type":"Feature","properties":{"kind":"trail"},"geometry":{"type":"LineString","coordinates":[[-122.278359,37.85818],[-122.278324,37.858038]]}},{"type":"Feature","properties":{"kind":"trail"},"geometry":{"type":"LineString","coordinates":[[-122.278028,37.858222],[-122.277996,37.858082]]}},{"type":"Feature","properties":{"kind":"trail"},"geometry":{"type":"LineString","coordinates":[[-122.279145,37.858408],[-122.279123,37.85831]]}},{"type":"Feature","properties":{"kind":"trail"},"geometry":{"type":"LineString","coordinates":[[-122.278814,37.858454],[-122.27879,37.858355]]}},{"type":"Feature","properties":{"kind":"trail"},"geometry":{"type":"LineString","coordinates":[[-122.278654,37.858917],[-122.278581,37.858689]]}},{"type":"Feature","properties":{"kind":"trail"},"geometry":{"type":"LineString","coordinates":[[-122.278467,37.858181],[-122.278488,37.858273],[-122.278514,37.858392],[-122.278762,37.858359],[-122.27879,37.858355],[-122.279123,37.85831],[-122.27916,37.858305]]}},{"type":"Feature","properties":{"kind":"trail"},"geometry":{"type":"LineString","coordinates":[[-122.279191,37.858464],[-122.279172,37.858363],[-122.27916,37.858305]]}},{"type":"Feature","properties":{"kind":"trail"},"geometry":{"type":"LineString","coordinates":[[-122.278795,37.858515],[-122.278762,37.858359]]}},{"type":"Feature","properties":{"kind":"trail"},"geometry":{"type":"LineString","coordinates":[[-122.278581,37.858689],[-122.278514,37.858392]]}},{"type":"Feature","properties":{"kind":"trail"},"geometry":{"type":"LineString","coordinates":[[-122.278514,37.858392],[-122.278379,37.858407]]}},{"type":"Feature","properties":{"kind":"trail"},"geometry":{"type":"LineString","coordinates":[[-122.278523,37.858268],[-122.278488,37.858273],[-122.278368,37.858289]]}},{"type":"Feature","properties":{"kind":"trail"},"geometry":{"type":"LineString","coordinates":[[-122.279172,37.858363],[-122.27935,37.858339],[-122.279386,37.858515],[-122.279445,37.858814]]}},{"type":"Feature","properties":{"kind":"trail"},"geometry":{"type":"LineString","coordinates":[[-122.279386,37.858515],[-122.279363,37.85852]]}},{"type":"Feature","properties":{"kind":"trail"},"geometry":{"type":"LineString","coordinates":[[-122.27916,37.858305],[-122.279196,37.858288],[-122.279151,37.858166],[-122.279098,37.857936]]}},{"type":"Feature","properties":{"kind":"trail"},"geometry":{"type":"LineString","coordinates":[[-122.279151,37.858166],[-122.279169,37.85825],[-122.279135,37.858176]]}},{"type":"Feature","properties":{"kind":"trail"},"geometry":{"type":"LineString","coordinates":[[-122.278766,37.858835],[-122.278782,37.858901]]}},{"type":"Feature","properties":{"kind":"trail"},"geometry":{"type":"LineString","coordinates":[[-122.278732,37.858054],[-122.278699,37.857887]]}},{"type":"Feature","properties":{"kind":"road","name":"Forest Avenue","surface":"asphalt"},"geometry":{"type":"LineString","coordinates":[[-122.253491,37.861364],[-122.253332,37.861398]]}},{"type":"Feature","properties":{"kind":"trail","surface":"dirt"},"geometry":{"type":"LineString","coordinates":[[-122.248389,37.866809],[-122.248273,37.866563],[-122.248024,37.866317],[-122.247771,37.866186],[-122.247765,37.8661]]}},{"type":"Feature","properties":{"kind":"road","surface":"paved"},"geometry":{"type":"LineString","coordinates":[[-122.267568,37.873466],[-122.267478,37.873477],[-122.267525,37.873714],[-122.267453,37.873625],[-122.267284,37.873321],[-122.267314,37.873317],[-122.267462,37.873332],[-122.267486,37.873295],[-122.267537,37.873316],[-122.267568,37.873466]]}},{"type":"Feature","properties":{"kind":"road","name":"Telegraph Avenue","surface":"asphalt"},"geometry":{"type":"LineString","coordinates":[[-122.259005,37.867814],[-122.259186,37.868705]]}},{"type":"Feature","properties":{"kind":"trail","surface":"paved"},"geometry":{"type":"LineString","coordinates":[[-122.255093,37.869647],[-122.25507,37.86965]]}},{"type":"Feature","properties":{"kind":"trail","surface":"concrete"},"geometry":{"type":"LineString","coordinates":[[-122.254522,37.869395],[-122.254529,37.869414]]}},{"type":"Feature","properties":{"kind":"trail"},"geometry":{"type":"LineString","coordinates":[[-122.258499,37.869174],[-122.258424,37.869185]]}},{"type":"Feature","properties":{"kind":"trail","surface":"concrete"},"geometry":{"type":"LineString","coordinates":[[-122.256301,37.868341],[-122.256448,37.86899]]}},{"type":"Feature","properties":{"kind":"trail","surface":"concrete"},"geometry":{"type":"LineString","coordinates":[[-122.26242,37.873097],[-122.262361,37.873111],[-122.262193,37.873177],[-122.262138,37.873155]]}},{"type":"Feature","properties":{"kind":"trail","surface":"concrete"},"geometry":{"type":"LineString","coordinates":[[-122.261831,37.873573],[-122.261935,37.873533],[-122.262074,37.873349],[-122.262012,37.873321]]}},{"type":"Feature","properties":{"kind":"trail","surface":"concrete"},"geometry":{"type":"LineString","coordinates":[[-122.266044,37.873993],[-122.266097,37.874067]]}},{"type":"Feature","properties":{"kind":"trail","surface":"concrete"},"geometry":{"type":"LineString","coordinates":[[-122.267435,37.874018],[-122.26737,37.873714],[-122.267255,37.873698]]}},{"type":"Feature","properties":{"kind":"trail","surface":"paved"},"geometry":{"type":"LineString","coordinates":[[-122.267314,37.873317],[-122.267291,37.873219]]}},{"type":"Feature","properties":{"kind":"trail","surface":"paved"},"geometry":{"type":"LineString","coordinates":[[-122.267486,37.873295],[-122.267468,37.873196]]}},{"type":"Feature","properties":{"kind":"trail","surface":"concrete"},"geometry":{"type":"LineString","coordinates":[[-122.268471,37.856277],[-122.268556,37.856297],[-122.268637,37.856315]]}},{"type":"Feature","properties":{"kind":"road","name":"University Avenue","surface":"paved"},"geometry":{"type":"LineString","coordinates":[[-122.269018,37.872115],[-122.269194,37.872093]]}},{"type":"Feature","properties":{"kind":"road","name":"University Avenue","surface":"paved"},"geometry":{"type":"LineString","coordinates":[[-122.26842,37.872192],[-122.269018,37.872115]]}},{"type":"Feature","properties":{"kind":"road","name":"Kala Bagai Way","surface":"asphalt"},"geometry":{"type":"LineString","coordinates":[[-122.267763,37.871716],[-122.267796,37.872005]]}},{"type":"Feature","properties":{"kind":"road","name":"Kala Bagai Way","surface":"asphalt"},"geometry":{"type":"LineString","coordinates":[[-122.267747,37.871574],[-122.267763,37.871716]]}},{"type":"Feature","properties":{"kind":"road","name":"Kala Bagai Way","surface":"asphalt"},"geometry":{"type":"LineString","coordinates":[[-122.267864,37.870016],[-122.267831,37.870085]]}},{"type":"Feature","properties":{"kind":"steps","surface":"concrete"},"geometry":{"type":"LineString","coordinates":[[-122.282536,37.873196],[-122.282518,37.873182]]}},{"type":"Feature","properties":{"kind":"road","name":"Rose Street","surface":"asphalt"},"geometry":{"type":"LineString","coordinates":[[-122.282983,37.878918],[-122.282814,37.878978]]}},{"type":"Feature","properties":{"kind":"trail","surface":"paved"},"geometry":{"type":"LineString","coordinates":[[-122.283308,37.873748],[-122.283293,37.87365]]}},{"type":"Feature","properties":{"kind":"road","name":"Sacramento Street","surface":"asphalt"},"geometry":{"type":"LineString","coordinates":[[-122.279911,37.857832],[-122.280028,37.8584]]}},{"type":"Feature","properties":{"kind":"trail","surface":"concrete"},"geometry":{"type":"LineString","coordinates":[[-122.28464,37.857057],[-122.284714,37.857312]]}},{"type":"Feature","properties":{"kind":"road","name":"Kala Bagai Way","surface":"asphalt"},"geometry":{"type":"LineString","coordinates":[[-122.267824,37.870132],[-122.267803,37.870243]]}},{"type":"Feature","properties":{"kind":"trail"},"geometry":{"type":"LineString","coordinates":[[-122.262756,37.857855],[-122.26274,37.857778],[-122.262737,37.85785],[-122.26268,37.857857]]}},{"type":"Feature","properties":{"kind":"steps"},"geometry":{"type":"LineString","coordinates":[[-122.262761,37.857803],[-122.26274,37.857778]]}},{"type":"Feature","properties":{"kind":"trail","surface":"concrete"},"geometry":{"type":"LineString","coordinates":[[-122.263045,37.857282],[-122.263043,37.857269]]}},{"type":"Feature","properties":{"kind":"trail"},"geometry":{"type":"LineString","coordinates":[[-122.26303,37.857601],[-122.262992,37.857631]]}},{"type":"Feature","properties":{"kind":"trail"},"geometry":{"type":"LineString","coordinates":[[-122.263742,37.857945],[-122.263746,37.857964]]}},{"type":"Feature","properties":{"kind":"trail"},"geometry":{"type":"LineString","coordinates":[[-122.262837,37.85806],[-122.262842,37.858082]]}},{"type":"Feature","properties":{"kind":"trail"},"geometry":{"type":"LineString","coordinates":[[-122.262124,37.85769],[-122.262059,37.857629],[-122.262064,37.8577]]}},{"type":"Feature","properties":{"kind":"track"},"geometry":{"type":"LineString","coordinates":[[-122.246699,37.877839],[-122.246436,37.877836],[-122.246145,37.878115]]}},{"type":"Feature","properties":{"kind":"road","name":"Ashby Avenue","surface":"asphalt"},"geometry":{"type":"LineString","coordinates":[[-122.252566,37.857098],[-122.252222,37.857171]]}},{"type":"Feature","properties":{"kind":"trail","surface":"paved"},"geometry":{"type":"LineString","coordinates":[[-122.252804,37.858673],[-122.25277,37.858752],[-122.253231,37.858727]]}},{"type":"Feature","properties":{"kind":"road","name":"Campanile Way","surface":"asphalt"},"geometry":{"type":"LineString","coordinates":[[-122.258868,37.871796],[-122.258611,37.871861],[-122.258595,37.871865]]}},{"type":"Feature","properties":{"kind":"trail"},"geometry":{"type":"LineString","coordinates":[[-122.248254,37.880832],[-122.248586,37.880917],[-122.249152,37.880964],[-122.249225,37.881022]]}},{"type":"Feature","properties":{"kind":"road","name":"Bancroft Way","surface":"asphalt"},"geometry":{"type":"LineString","coordinates":[[-122.261464,37.868416],[-122.261895,37.868374]]}},{"type":"Feature","properties":{"kind":"road","name":"California Street","surface":"asphalt"},"geometry":{"type":"LineString","coordinates":[[-122.278717,37.862474],[-122.278732,37.862531]]}},{"type":"Feature","properties":{"kind":"road"},"geometry":{"type":"LineString","coordinates":[[-122.254906,37.871264],[-122.25487,37.87126],[-122.254863,37.871186],[-122.255143,37.871171],[-122.255146,37.871223],[-122.254906,37.871264]]}},{"type":"Feature","properties":{"kind":"trail","surface":"paved"},"geometry":{"type":"LineString","coordinates":[[-122.254853,37.871266],[-122.254853,37.87126],[-122.254851,37.87124]]}},{"type":"Feature","properties":{"kind":"trail","surface":"paved"},"geometry":{"type":"LineString","coordinates":[[-122.254866,37.871389],[-122.254853,37.871266]]}},{"type":"Feature","properties":{"kind":"trail"},"geometry":{"type":"LineString","coordinates":[[-122.254847,37.871196],[-122.254844,37.87117]]}},{"type":"Feature","properties":{"kind":"steps"},"geometry":{"type":"LineString","coordinates":[[-122.254851,37.87124],[-122.254847,37.871196]]}},{"type":"Feature","properties":{"kind":"road"},"geometry":{"type":"LineString","coordinates":[[-122.255255,37.871494],[-122.255297,37.871468],[-122.255292,37.871391],[-122.255378,37.871385],[-122.255361,37.87121],[-122.255236,37.871218],[-122.255371,37.871156],[-122.255422,37.87119],[-122.255425,37.871577],[-122.255264,37.871587],[-122.255258,37.871526],[-122.255256,37.871509],[-122.255255,37.871494]]}},{"type":"Feature","properties":{"kind":"road"},"geometry":{"type":"LineString","coordinates":[[-122.255142,37.87153],[-122.255201,37.871529],[-122.255258,37.871526],[-122.255256,37.871509],[-122.255255,37.871494],[-122.255199,37.871497],[-122.255139,37.871499],[-122.25514,37.871514],[-122.255142,37.87153]]}},{"type":"Feature","properties":{"kind":"road"},"geometry":{"type":"LineString","coordinates":[[-122.255155,37.871676],[-122.255142,37.87153],[-122.25514,37.871514],[-122.255139,37.871499],[-122.25513,37.871401],[-122.254866,37.871389],[-122.254828,37.871391],[-122.254854,37.871634],[-122.254891,37.871632],[-122.254914,37.871689],[-122.255155,37.871676]]}},{"type":"Feature","properties":{"kind":"trail"},"geometry":{"type":"LineString","coordinates":[[-122.255201,37.871529],[-122.255212,37.871592]]}},{"type":"Feature","properties":{"kind":"trail"},"geometry":{"type":"LineString","coordinates":[[-122.255199,37.871497],[-122.255201,37.871529]]}},{"type":"Feature","properties":{"kind":"trail","surface":"concrete:plates"},"geometry":{"type":"LineString","coordinates":[[-122.255192,37.871397],[-122.255199,37.871497]]}},{"type":"Feature","properties":{"kind":"trail"},"geometry":{"type":"LineString","coordinates":[[-122.25514,37.871514],[-122.255256,37.871509]]}},{"type":"Feature","properties":{"kind":"trail","surface":"paved"},"geometry":{"type":"LineString","coordinates":[[-122.25488,37.871523],[-122.25514,37.871514]]}},{"type":"Feature","properties":{"kind":"trail"},"geometry":{"type":"LineString","coordinates":[[-122.254853,37.87126],[-122.25487,37.87126],[-122.254875,37.871206],[-122.255119,37.871197]]}},{"type":"Feature","properties":{"kind":"trail"},"geometry":{"type":"LineString","coordinates":[[-122.255256,37.871509],[-122.255343,37.871509],[-122.255342,37.871425],[-122.255407,37.871421],[-122.255385,37.871204],[-122.255289,37.871215]]}},{"type":"Feature","properties":{"kind":"trail","surface":"paved"},"geometry":{"type":"LineString","coordinates":[[-122.254891,37.871632],[-122.25488,37.871523],[-122.254866,37.871389]]}},{"type":"Feature","properties":{"kind":"steps"},"geometry":{"type":"LineString","coordinates":[[-122.254895,37.871663],[-122.254891,37.871632]]}},{"type":"Feature","properties":{"kind":"road","name":"Hearst Avenue","surface":"asphalt"},"geometry":{"type":"LineString","coordinates":[[-122.264018,37.874572],[-122.26384,37.87461]]}},{"type":"Feature","properties":{"kind":"road","name":"University Avenue","surface":"asphalt"},"geometry":{"type":"LineString","coordinates":[[-122.266026,37.872465],[-122.266162,37.872473]]}},{"type":"Feature","properties":{"kind":"road","surface":"asphalt"},"geometry":{"type":"LineString","coordinates":[[-122.251736,37.867684],[-122.251699,37.867809]]}},{"type":"Feature","properties":{"kind":"road","name":"Prospect Street","surface":"asphalt"},"geometry":{"type":"LineString","coordinates":[[-122.250164,37.869313],[-122.250195,37.869218],[-122.249973,37.868038]]}},{"type":"Feature","properties":{"kind":"road","name":"McLaughlin Hall East Patio","surface":"brick"},"geometry":{"type":"LineString","coordinates":[[-122.258794,37.873977],[-122.258692,37.874002],[-122.258653,37.873889],[-122.258636,37.873837],[-122.258674,37.873829],[-122.258719,37.873818],[-122.258739,37.87387],[-122.258803,37.873964],[-122.258794,37.873977]]}},{"type":"Feature","properties":{"kind":"steps"},"geometry":{"type":"LineString","coordinates":[[-122.262147,37.873269],[-122.262081,37.873243]]}},{"type":"Feature","properties":{"kind":"trail","surface":"paving_stones"},"geometry":{"type":"LineString","coordinates":[[-122.258126,37.87242],[-122.258105,37.872425],[-122.257993,37.872452]]}},{"type":"Feature","properties":{"kind":"trail","surface":"paving_stones"},"geometry":{"type":"LineString","coordinates":[[-122.258083,37.872735],[-122.258045,37.872638],[-122.25798,37.872467]]}},{"type":"Feature","properties":{"kind":"trail","surface":"paving_stones"},"geometry":{"type":"LineString","coordinates":[[-122.257968,37.872464],[-122.25798,37.872467],[-122.257993,37.872452],[-122.257971,37.872442],[-122.257963,37.872459],[-122.257968,37.872464]]}},{"type":"Feature","properties":{"kind":"trail","surface":"asphalt"},"geometry":{"type":"LineString","coordinates":[[-122.260186,37.872624],[-122.260234,37.872613]]}},{"type":"Feature","properties":{"kind":"trail","surface":"concrete"},"geometry":{"type":"LineString","coordinates":[[-122.260544,37.872711],[-122.260354,37.872754],[-122.260322,37.872665],[-122.260297,37.872599]]}},{"type":"Feature","properties":{"kind":"trail","surface":"paving_stones"},"geometry":{"type":"LineString","coordinates":[[-122.257962,37.872034],[-122.257937,37.872039]]}},{"type":"Feature","properties":{"kind":"trail","surface":"concrete"},"geometry":{"type":"LineString","coordinates":[[-122.258653,37.873889],[-122.258621,37.873896]]}},{"type":"Feature","properties":{"kind":"trail","surface":"asphalt"},"geometry":{"type":"LineString","coordinates":[[-122.258672,37.872981],[-122.258606,37.872994],[-122.25817,37.873097],[-122.258126,37.873107],[-122.25806,37.873126]]}},{"type":"Feature","properties":{"kind":"trail","surface":"concrete"},"geometry":{"type":"LineString","coordinates":[[-122.260364,37.875594],[-122.260349,37.875596]]}},{"type":"Feature","properties":{"kind":"trail","surface":"concrete"},"geometry":{"type":"LineString","coordinates":[[-122.26046,37.875581],[-122.260364,37.875594]]}},{"type":"Feature","properties":{"kind":"road","name":"Monterey Avenue","surface":"asphalt"},"geometry":{"type":"LineString","coordinates":[[-122.275515,37.888926],[-122.275768,37.888684]]}},{"type":"Feature","properties":{"kind":"road","name":"Marin Avenue","surface":"paved"},"geometry":{"type":"LineString","coordinates":[[-122.284817,37.88949],[-122.284642,37.889465]]}},{"type":"Feature","properties":{"kind":"trail","surface":"asphalt"},"geometry":{"type":"LineString","coordinates":[[-122.259684,37.87374],[-122.259586,37.873766],[-122.259591,37.873784]]}},{"type":"Feature","properties":{"kind":"trail"},"geometry":{"type":"LineString","coordinates":[[-122.256106,37.875466],[-122.256123,37.875558]]}},{"type":"Feature","properties":{"kind":"trail","surface":"concrete"},"geometry":{"type":"LineString","coordinates":[[-122.268655,37.88424],[-122.268555,37.88425]]}},{"type":"Feature","properties":{"kind":"trail","surface":"wood"},"geometry":{"type":"LineString","coordinates":[[-122.268356,37.88431],[-122.268298,37.884459]]}},{"type":"Feature","properties":{"kind":"steps","surface":"stone"},"geometry":{"type":"LineString","coordinates":[[-122.275724,37.895086],[-122.275606,37.895154]]}},{"type":"Feature","properties":{"kind":"trail","surface":"paved"},"geometry":{"type":"LineString","coordinates":[[-122.275606,37.895154],[-122.275519,37.895155],[-122.275311,37.895271]]}},{"type":"Feature","properties":{"kind":"trail","surface":"dirt"},"geometry":{"type":"LineString","coordinates":[[-122.278243,37.896692],[-122.277935,37.896844]]}},{"type":"Feature","properties":{"kind":"steps","name":"Indian Trail","surface":"stone"},"geometry":{"type":"LineString","coordinates":[[-122.278635,37.896371],[-122.278644,37.896292]]}},{"type":"Feature","properties":{"kind":"trail","name":"Indian Trail","surface":"stone"},"geometry":{"type":"LineString","coordinates":[[-122.278644,37.896292],[-122.278702,37.89598]]}},{"type":"Feature","properties":{"kind":"steps","name":"Indian Trail","surface":"stone"},"geometry":{"type":"LineString","coordinates":[[-122.278702,37.89598],[-122.278798,37.895449]]}},{"type":"Feature","properties":{"kind":"trail"},"geometry":{"type":"LineString","coordinates":[[-122.258997,37.872625],[-122.258927,37.872642],[-122.258907,37.872586],[-122.258736,37.872625],[-122.258829,37.872881]]}},{"type":"Feature","properties":{"kind":"trail"},"geometry":{"type":"LineString","coordinates":[[-122.259689,37.872718],[-122.259682,37.872698]]}},{"type":"Feature","properties":{"kind":"steps","surface":"concrete"},"geometry":{"type":"LineString","coordinates":[[-122.259695,37.872736],[-122.259689,37.872718]]}},{"type":"Feature","properties":{"kind":"trail"},"geometry":{"type":"LineString","coordinates":[[-122.259701,37.872752],[-122.259695,37.872736]]}},{"type":"Feature","properties":{"kind":"road","surface":"brick"},"geometry":{"type":"LineString","coordinates":[[-122.259808,37.872682],[-122.259813,37.872695],[-122.259829,37.872735],[-122.25972,37.872771],[-122.259594,37.87279],[-122.259583,37.872757],[-122.259575,37.872737],[-122.259591,37.872734],[-122.259634,37.872742],[-122.259678,37.87274],[-122.259695,37.872736],[-122.259722,37.872729],[-122.259764,37.872709],[-122.259792,37.872686],[-122.259808,37.872682]]}},{"type":"Feature","properties":{"kind":"road"},"geometry":{"type":"LineString","coordinates":[[-122.259801,37.872664],[-122.259808,37.872682],[-122.259792,37.872686],[-122.259764,37.872709],[-122.259722,37.872729],[-122.259695,37.872736],[-122.259678,37.87274],[-122.259634,37.872742],[-122.259591,37.872734],[-122.259575,37.872737],[-122.259568,37.872719],[-122.259594,37.872714],[-122.259634,37.872722],[-122.259675,37.872721],[-122.259689,37.872718],[-122.259714,37.872712],[-122.259748,37.872695],[-122.259778,37.87267],[-122.259801,37.872664]]}},{"type":"Feature","properties":{"kind":"road","surface":"brick"},"geometry":{"type":"LineString","coordinates":[[-122.259751,37.87263],[-122.259797,37.872607],[-122.259801,37.872664],[-122.259778,37.87267],[-122.259748,37.872695],[-122.259714,37.872712],[-122.259689,37.872718],[-122.259675,37.872721],[-122.259634,37.872722],[-122.259594,37.872714],[-122.259568,37.872719],[-122.259533,37.872668],[-122.259588,37.872668],[-122.259595,37.872689],[-122.259604,37.872694],[-122.259637,37.872701],[-122.25967,37.8727],[-122.259682,37.872698],[-122.259704,37.872693],[-122.259729,37.872681],[-122.259748,37.872665],[-122.259759,37.872651],[-122.259751,37.87263]]}},{"type":"Feature","properties":{"kind":"road","surface":"concrete"},"geometry":{"type":"LineString","coordinates":[[-122.259724,37.872636],[-122.259751,37.87263],[-122.259759,37.872651],[-122.259748,37.872665],[-122.259729,37.872681],[-122.259704,37.872693],[-122.259682,37.872698],[-122.25967,37.8727],[-122.259637,37.872701],[-122.259604,37.872694],[-122.259595,37.872689],[-122.259588,37.872668],[-122.259615,37.872663],[-122.259618,37.872673],[-122.259633,37.872678],[-122.259651,37.872679],[-122.259667,37.872678],[-122.259675,37.872677],[-122.259693,37.872672],[-122.259709,37.872664],[-122.259723,37.872654],[-122.259729,37.872648],[-122.259724,37.872636]]}},{"type":"Feature","properties":{"kind":"road","surface":"brick"},"geometry":{"type":"LineString","coordinates":[[-122.259562,37.872576],[-122.259286,37.87265],[-122.259312,37.87272],[-122.259383,37.872704],[-122.259406,37.872764],[-122.259473,37.872749],[-122.25945,37.872687],[-122.259533,37.872668],[-122.259588,37.872646],[-122.259566,37.872587],[-122.259562,37.872576]]}},{"type":"Feature","properties":{"kind":"road","surface":"concrete"},"geometry":{"type":"LineString","coordinates":[[-122.259707,37.87254],[-122.259624,37.872531],[-122.259562,37.872576],[-122.259566,37.872587],[-122.259588,37.872646],[-122.259615,37.872663],[-122.259618,37.872673],[-122.259633,37.872678],[-122.259651,37.872679],[-122.259667,37.872678],[-122.259675,37.872677],[-122.259693,37.872672],[-122.259709,37.872664],[-122.259723,37.872654],[-122.259729,37.872648],[-122.259724,37.872636],[-122.259733,37.872612],[-122.259712,37.872553],[-122.259707,37.87254]]}},{"type":"Feature","properties":{"kind":"road","surface":"brick"},"geometry":{"type":"LineString","coordinates":[[-122.259985,37.872473],[-122.259991,37.872487],[-122.260025,37.872547],[-122.259942,37.872566],[-122.259968,37.872633],[-122.2599,37.872649],[-122.259874,37.872584],[-122.259733,37.872612],[-122.259712,37.872553],[-122.259707,37.87254],[-122.259985,37.872473]]}},{"type":"Feature","properties":{"kind":"road","name":"La Loma Avenue","surface":"asphalt"},"geometry":{"type":"LineString","coordinates":[[-122.257965,37.883474],[-122.258154,37.883305],[-122.258299,37.883022],[-122.258327,37.882777],[-122.258077,37.882044],[-122.258095,37.881857]]}},{"type":"Feature","properties":{"kind":"steps","name":"Quarry Path","surface":"dirt"},"geometry":{"type":"LineString","coordinates":[[-122.257781,37.88461],[-122.257492,37.884609]]}},{"type":"Feature","properties":{"kind":"trail","surface":"paved"},"geometry":{"type":"LineString","coordinates":[[-122.259936,37.883448],[-122.259865,37.883441]]}},{"type":"Feature","properties":{"kind":"trail","surface":"paved"},"geometry":{"type":"LineString","coordinates":[[-122.278898,37.869267],[-122.278516,37.869289]]}},{"type":"Feature","properties":{"kind":"trail","name":"Jefferson Avenue","surface":"concrete"},"geometry":{"type":"LineString","coordinates":[[-122.278441,37.869722],[-122.278562,37.869713]]}},{"type":"Feature","properties":{"kind":"trail","name":"Jefferson Avenue","surface":"concrete"},"geometry":{"type":"LineString","coordinates":[[-122.278562,37.869713],[-122.278682,37.869709]]}},{"type":"Feature","properties":{"kind":"trail","surface":"paved"},"geometry":{"type":"LineString","coordinates":[[-122.279409,37.869105],[-122.279282,37.869107]]}},{"type":"Feature","properties":{"kind":"trail","surface":"paved"},"geometry":{"type":"LineString","coordinates":[[-122.278942,37.869253],[-122.278949,37.869335]]}},{"type":"Feature","properties":{"kind":"trail","surface":"paved"},"geometry":{"type":"LineString","coordinates":[[-122.279229,37.869435],[-122.279661,37.869427]]}},{"type":"Feature","properties":{"kind":"trail","surface":"paved"},"geometry":{"type":"LineString","coordinates":[[-122.278917,37.869455],[-122.279229,37.869435]]}},{"type":"Feature","properties":{"kind":"trail","surface":"paved"},"geometry":{"type":"LineString","coordinates":[[-122.279206,37.869203],[-122.278961,37.869238],[-122.278942,37.869253],[-122.278898,37.869267],[-122.278917,37.869455],[-122.278952,37.869813]]}},{"type":"Feature","properties":{"kind":"trail","surface":"paved"},"geometry":{"type":"LineString","coordinates":[[-122.279218,37.869317],[-122.279188,37.869319]]}},{"type":"Feature","properties":{"kind":"trail","surface":"paved"},"geometry":{"type":"LineString","coordinates":[[-122.279218,37.869037],[-122.279282,37.869107],[-122.279206,37.869203],[-122.279218,37.869317],[-122.279229,37.869435]]}},{"type":"Feature","properties":{"kind":"trail","surface":"paved"},"geometry":{"type":"LineString","coordinates":[[-122.279624,37.869067],[-122.279408,37.86908]]}},{"type":"Feature","properties":{"kind":"trail","surface":"paved"},"geometry":{"type":"LineString","coordinates":[[-122.279616,37.868989],[-122.279447,37.869017],[-122.279408,37.86908],[-122.279409,37.869105],[-122.279492,37.869176],[-122.279634,37.869171]]}},{"type":"Feature","properties":{"kind":"trail","surface":"paved"},"geometry":{"type":"LineString","coordinates":[[-122.278974,37.868406],[-122.278921,37.868375]]}},{"type":"Feature","properties":{"kind":"trail","surface":"paved"},"geometry":{"type":"LineString","coordinates":[[-122.278873,37.868512],[-122.278798,37.868464],[-122.278802,37.868518]]}},{"type":"Feature","properties":{"kind":"trail","surface":"paved"},"geometry":{"type":"LineString","coordinates":[[-122.27889,37.86851],[-122.278896,37.868563]]}},{"type":"Feature","properties":{"kind":"trail","surface":"paved"},"geometry":{"type":"LineString","coordinates":[[-122.278808,37.868575],[-122.278771,37.868578]]}},{"type":"Feature","properties":{"kind":"trail","surface":"paved"},"geometry":{"type":"LineString","coordinates":[[-122.279102,37.868476],[-122.27898,37.868484],[-122.27889,37.86851],[-122.278873,37.868512],[-122.278802,37.868518],[-122.278808,37.868575],[-122.278863,37.868982],[-122.278961,37.869238]]}},{"type":"Feature","properties":{"kind":"trail","surface":"paved"},"geometry":{"type":"LineString","coordinates":[[-122.279097,37.868342],[-122.278974,37.868406],[-122.27898,37.868484],[-122.278985,37.868556]]}},{"type":"Feature","properties":{"kind":"trail","surface":"paved"},"geometry":{"type":"LineString","coordinates":[[-122.279194,37.867958],[-122.279154,37.868141],[-122.279223,37.868238],[-122.279541,37.868253]]}},{"type":"Feature","properties":{"kind":"trail","surface":"paved"},"geometry":{"type":"LineString","coordinates":[[-122.279523,37.868066],[-122.279284,37.868112],[-122.279223,37.868238],[-122.279097,37.868342],[-122.279102,37.868476],[-122.279154,37.868955],[-122.279218,37.869037]]}},{"type":"Feature","properties":{"kind":"road","name":"Dwight Way","surface":"asphalt"},"geometry":{"type":"LineString","coordinates":[[-122.278717,37.862474],[-122.278395,37.862547]]}},{"type":"Feature","properties":{"kind":"road","name":"Dwight Way","surface":"asphalt"},"geometry":{"type":"LineString","coordinates":[[-122.278976,37.8625],[-122.279119,37.862453]]}},{"type":"Feature","properties":{"kind":"road","name":"Dwight Way","surface":"asphalt"},"geometry":{"type":"LineString","coordinates":[[-122.278732,37.862531],[-122.278976,37.8625]]}},{"type":"Feature","properties":{"kind":"trail","surface":"concrete"},"geometry":{"type":"LineString","coordinates":[[-122.282518,37.873182],[-122.282459,37.873143]]}},{"type":"Feature","properties":{"kind":"road","surface":"asphalt"},"geometry":{"type":"LineString","coordinates":[[-122.282457,37.872982],[-122.282331,37.873007],[-122.282179,37.873037],[-122.282141,37.873045]]}},{"type":"Feature","properties":{"kind":"road","name":"Ohlone Greenway","surface":"concrete"},"geometry":{"type":"LineString","coordinates":[[-122.282141,37.873045],[-122.282095,37.873047]]}},{"type":"Feature","properties":{"kind":"road","name":"Ohlone Greenway","surface":"concrete"},"geometry":{"type":"LineString","coordinates":[[-122.282095,37.873047],[-122.282047,37.873102]]}},{"type":"Feature","properties":{"kind":"road","name":"Ohlone Greenway","surface":"concrete"},"geometry":{"type":"LineString","coordinates":[[-122.282047,37.873102],[-122.28215,37.873155]]}},{"type":"Feature","properties":{"kind":"road","name":"Delaware Street","surface":"asphalt"},"geometry":{"type":"LineString","coordinates":[[-122.282456,37.8731],[-122.284535,37.872826]]}},{"type":"Feature","properties":{"kind":"road","name":"Delaware Street","surface":"asphalt"},"geometry":{"type":"LineString","coordinates":[[-122.284535,37.872826],[-122.284636,37.872756]]}},{"type":"Feature","properties":{"kind":"road","surface":"asphalt"},"geometry":{"type":"LineString","coordinates":[[-122.282751,37.872993],[-122.282675,37.872956],[-122.282457,37.872982]]}},{"type":"Feature","properties":{"kind":"road","surface":"asphalt"},"geometry":{"type":"LineString","coordinates":[[-122.282456,37.8731],[-122.282339,37.873079],[-122.282181,37.873052],[-122.282141,37.873045]]}},{"type":"Feature","properties":{"kind":"road","surface":"asphalt"},"geometry":{"type":"LineString","coordinates":[[-122.28215,37.873155],[-122.282191,37.873137],[-122.282343,37.873116],[-122.282456,37.8731]]}},{"type":"Feature","properties":{"kind":"trail","surface":"asphalt"},"geometry":{"type":"LineString","coordinates":[[-122.283827,37.872954],[-122.28392,37.87305]]}},{"type":"Feature","properties":{"kind":"trail","surface":"asphalt"},"geometry":{"type":"LineString","coordinates":[[-122.283685,37.872998],[-122.283555,37.873112]]}},{"type":"Feature","properties":{"kind":"road","name":"Arlington Avenue","surface":"asphalt"},"geometry":{"type":"LineString","coordinates":[[-122.274104,37.891963],[-122.273503,37.891427],[-122.273069,37.891152],[-122.27264,37.890936],[-122.272442,37.890736],[-122.272388,37.890526],[-122.272408,37.890292]]}},{"type":"Feature","properties":{"kind":"steps","name":"Maryland Walk","surface":"concrete"},"geometry":{"type":"LineString","coordinates":[[-122.275683,37.902658],[-122.275098,37.902945]]}},{"type":"Feature","properties":{"kind":"trail","name":"Ajax Lane","surface":"concrete"},"geometry":{"type":"LineString","coordinates":[[-122.250114,37.888201],[-122.249473,37.888263]]}},{"type":"Feature","properties":{"kind":"trail","surface":"unpaved"},"geometry":{"type":"LineString","coordinates":[[-122.246365,37.885312],[-122.246633,37.885309],[-122.24691,37.885351]]}},{"type":"Feature","properties":{"kind":"trail","surface":"concrete"},"geometry":{"type":"LineString","coordinates":[[-122.25605,37.878475],[-122.256039,37.878413]]}},{"type":"Feature","properties":{"kind":"steps","name":"Hilgard Path","surface":"railway_sleepers"},"geometry":{"type":"LineString","coordinates":[[-122.257166,37.879141],[-122.257075,37.879218],[-122.257011,37.879167],[-122.25681,37.879196]]}},{"type":"Feature","properties":{"kind":"road","name":"Cedar Street","surface":"paved"},"geometry":{"type":"LineString","coordinates":[[-122.257936,37.879864],[-122.257761,37.879878]]}},{"type":"Feature","properties":{"kind":"steps","name":"Cedar Street Path","surface":"railway_sleepers"},"geometry":{"type":"LineString","coordinates":[[-122.257652,37.87989],[-122.257748,37.879826]]}},{"type":"Feature","properties":{"kind":"road","name":"La Loma Avenue","surface":"asphalt"},"geometry":{"type":"LineString","coordinates":[[-122.257782,37.880027],[-122.257761,37.879878]]}},{"type":"Feature","properties":{"kind":"road","name":"La Loma Avenue","surface":"asphalt"},"geometry":{"type":"LineString","coordinates":[[-122.258091,37.880541],[-122.257845,37.880256],[-122.257782,37.880027]]}},{"type":"Feature","properties":{"kind":"road","name":"La Loma Avenue","surface":"asphalt"},"geometry":{"type":"LineString","coordinates":[[-122.254898,37.884541],[-122.255927,37.884311],[-122.256252,37.884197]]}},{"type":"Feature","properties":{"kind":"steps"},"geometry":{"type":"LineString","coordinates":[[-122.250782,37.883967],[-122.250757,37.883923]]}},{"type":"Feature","properties":{"kind":"trail","surface":"asphalt"},"geometry":{"type":"LineString","coordinates":[[-122.250266,37.884145],[-122.250297,37.884151]]}},{"type":"Feature","properties":{"kind":"trail","surface":"concrete"},"geometry":{"type":"LineString","coordinates":[[-122.25064,37.884134],[-122.250906,37.884133]]}},{"type":"Feature","properties":{"kind":"trail","surface":"asphalt"},"geometry":{"type":"LineString","coordinates":[[-122.250297,37.884151],[-122.250248,37.884388]]}},{"type":"Feature","properties":{"kind":"trail","surface":"concrete"},"geometry":{"type":"LineString","coordinates":[[-122.250224,37.884175],[-122.250239,37.884174]]}},{"type":"Feature","properties":{"kind":"steps","surface":"concrete"},"geometry":{"type":"LineString","coordinates":[[-122.250239,37.884174],[-122.250266,37.884145]]}},{"type":"Feature","properties":{"kind":"trail","surface":"concrete"},"geometry":{"type":"LineString","coordinates":[[-122.250271,37.884161],[-122.250253,37.884272],[-122.250224,37.884175],[-122.250213,37.884076],[-122.250191,37.884173],[-122.250135,37.884175]]}},{"type":"Feature","properties":{"kind":"road","name":"Grizzly Peak Boulevard","surface":"asphalt"},"geometry":{"type":"LineString","coordinates":[[-122.251785,37.888195],[-122.251752,37.887915]]}},{"type":"Feature","properties":{"kind":"road","name":"Grizzly Peak Boulevard","surface":"asphalt"},"geometry":{"type":"LineString","coordinates":[[-122.251887,37.889253],[-122.251826,37.88905],[-122.251828,37.888583],[-122.251785,37.888195]]}},{"type":"Feature","properties":{"kind":"road","name":"Grizzly Peak Boulevard","surface":"asphalt"},"geometry":{"type":"LineString","coordinates":[[-122.248106,37.884617],[-122.247961,37.884511]]}},{"type":"Feature","properties":{"kind":"road","name":"Grizzly Peak Boulevard","surface":"asphalt"},"geometry":{"type":"LineString","coordinates":[[-122.247961,37.884511],[-122.247854,37.8844],[-122.247803,37.884219],[-122.247874,37.884084],[-122.248038,37.883984]]}},{"type":"Feature","properties":{"kind":"road","name":"Grizzly Peak Boulevard","surface":"asphalt"},"geometry":{"type":"LineString","coordinates":[[-122.248263,37.883876],[-122.248591,37.883664],[-122.248817,37.883198],[-122.248863,37.883005]]}},{"type":"Feature","properties":{"kind":"road","name":"Grizzly Peak Boulevard","surface":"asphalt"},"geometry":{"type":"LineString","coordinates":[[-122.248038,37.883984],[-122.248263,37.883876]]}},{"type":"Feature","properties":{"kind":"road","name":"Grizzly Peak Boulevard","surface":"asphalt"},"geometry":{"type":"LineString","coordinates":[[-122.246663,37.883206],[-122.245833,37.883004]]}},{"type":"Feature","properties":{"kind":"trail"},"geometry":{"type":"LineString","coordinates":[[-122.267657,37.857271],[-122.26784,37.857439]]}},{"type":"Feature","properties":{"kind":"trail"},"geometry":{"type":"LineString","coordinates":[[-122.249031,37.888078],[-122.249066,37.888346],[-122.248974,37.888815],[-122.249157,37.889485],[-122.249227,37.889599],[-122.249464,37.889734],[-122.249931,37.889677]]}},{"type":"Feature","properties":{"kind":"trail","surface":"grass"},"geometry":{"type":"LineString","coordinates":[[-122.240086,37.869172],[-122.240369,37.869118]]}},{"type":"Feature","properties":{"kind":"trail","surface":"grass"},"geometry":{"type":"LineString","coordinates":[[-122.240617,37.869212],[-122.240369,37.869118],[-122.240089,37.868991]]}},{"type":"Feature","properties":{"kind":"steps","surface":"wood"},"geometry":{"type":"LineString","coordinates":[[-122.283174,37.891001],[-122.283178,37.891014]]}},{"type":"Feature","properties":{"kind":"trail","surface":"wood"},"geometry":{"type":"LineString","coordinates":[[-122.283129,37.890863],[-122.283174,37.891001]]}},{"type":"Feature","properties":{"kind":"trail","surface":"concrete"},"geometry":{"type":"LineString","coordinates":[[-122.283178,37.891014],[-122.283208,37.891159]]}},{"type":"Feature","properties":{"kind":"road","name":"Solano Avenue","surface":"paved"},"geometry":{"type":"LineString","coordinates":[[-122.282538,37.891196],[-122.280312,37.891317]]}},{"type":"Feature","properties":{"kind":"trail","name":"Evergreen Path"},"geometry":{"type":"LineString","coordinates":[[-122.240353,37.859331],[-122.240353,37.85943]]}},{"type":"Feature","properties":{"kind":"trail","name":"Evergreen Path"},"geometry":{"type":"LineString","coordinates":[[-122.240748,37.85886],[-122.241102,37.859208]]}},{"type":"Feature","properties":{"kind":"steps","name":"Evergreen Path"},"geometry":{"type":"LineString","coordinates":[[-122.24035,37.859268],[-122.240353,37.859331]]}},{"type":"Feature","properties":{"kind":"trail","name":"Eunice Street","surface":"paved"},"geometry":{"type":"LineString","coordinates":[[-122.271494,37.885346],[-122.271509,37.885439]]}},{"type":"Feature","properties":{"kind":"trail","name":"Eunice Street","surface":"paved"},"geometry":{"type":"LineString","coordinates":[[-122.271303,37.885432],[-122.271385,37.885414]]}},{"type":"Feature","properties":{"kind":"steps","surface":"paved"},"geometry":{"type":"LineString","coordinates":[[-122.268666,37.887414],[-122.268719,37.887424]]}},{"type":"Feature","properties":{"kind":"steps","name":"Covert Path","surface":"railway_sleepers"},"geometry":{"type":"LineString","coordinates":[[-122.258183,37.888009],[-122.25819,37.888094],[-122.25814,37.888074],[-122.25814,37.888126]]}},{"type":"Feature","properties":{"kind":"steps","name":"Covert Path","surface":"paved"},"geometry":{"type":"LineString","coordinates":[[-122.257825,37.888461],[-122.257808,37.888833]]}},{"type":"Feature","properties":{"kind":"steps","name":"Covert Path","surface":"concrete"},"geometry":{"type":"LineString","coordinates":[[-122.257808,37.888833],[-122.2577,37.889575]]}},{"type":"Feature","properties":{"kind":"steps","surface":"concrete"},"geometry":{"type":"LineString","coordinates":[[-122.272442,37.890736],[-122.272333,37.890778]]}},{"type":"Feature","properties":{"kind":"road","name":"Rose Street","surface":"asphalt"},"geometry":{"type":"LineString","coordinates":[[-122.270723,37.881889],[-122.270511,37.881915],[-122.270314,37.881936]]}},{"type":"Feature","properties":{"kind":"trail","surface":"stepping_stones"},"geometry":{"type":"LineString","coordinates":[[-122.270899,37.883197],[-122.270784,37.883209]]}},{"type":"Feature","properties":{"kind":"trail"},"geometry":{"type":"LineString","coordinates":[[-122.239533,37.874428],[-122.240221,37.874345]]}},{"type":"Feature","properties":{"kind":"trail"},"geometry":{"type":"LineString","coordinates":[[-122.23994,37.875439],[-122.239799,37.87543],[-122.239859,37.875388]]}},{"type":"Feature","properties":{"kind":"trail"},"geometry":{"type":"LineString","coordinates":[[-122.239859,37.875388],[-122.239954,37.87535]]}},{"type":"Feature","properties":{"kind":"trail"},"geometry":{"type":"LineString","coordinates":[[-122.240075,37.875464],[-122.23994,37.875439]]}},{"type":"Feature","properties":{"kind":"trail","surface":"paved"},"geometry":{"type":"LineString","coordinates":[[-122.2733,37.890359],[-122.273274,37.890422]]}},{"type":"Feature","properties":{"kind":"trail","surface":"asphalt"},"geometry":{"type":"LineString","coordinates":[[-122.274248,37.890907],[-122.274224,37.890935]]}},{"type":"Feature","properties":{"kind":"road","name":"Hearst Avenue","surface":"asphalt"},"geometry":{"type":"LineString","coordinates":[[-122.260805,37.874991],[-122.260616,37.875019]]}},{"type":"Feature","properties":{"kind":"road","name":"Hearst Avenue","surface":"asphalt"},"geometry":{"type":"LineString","coordinates":[[-122.268087,37.873935],[-122.267872,37.873962]]}},{"type":"Feature","properties":{"kind":"trail","surface":"concrete"},"geometry":{"type":"LineString","coordinates":[[-122.259817,37.875201],[-122.259838,37.875308]]}},{"type":"Feature","properties":{"kind":"road","name":"Hearst Avenue","surface":"asphalt"},"geometry":{"type":"LineString","coordinates":[[-122.263748,37.874579],[-122.263128,37.874659]]}},{"type":"Feature","properties":{"kind":"road","name":"Hearst Avenue","surface":"asphalt"},"geometry":{"type":"LineString","coordinates":[[-122.264135,37.87454],[-122.264115,37.874545]]}},{"type":"Feature","properties":{"kind":"road","name":"Hearst Avenue","surface":"asphalt"},"geometry":{"type":"LineString","coordinates":[[-122.264484,37.874423],[-122.264356,37.874472]]}},{"type":"Feature","properties":{"kind":"trail","surface":"paved"},"geometry":{"type":"LineString","coordinates":[[-122.265221,37.874177],[-122.265224,37.874199]]}},{"type":"Feature","properties":{"kind":"trail","surface":"concrete"},"geometry":{"type":"LineString","coordinates":[[-122.265473,37.875725],[-122.265458,37.875725]]}},{"type":"Feature","properties":{"kind":"steps","surface":"concrete"},"geometry":{"type":"LineString","coordinates":[[-122.265458,37.875725],[-122.265436,37.875726]]}},{"type":"Feature","properties":{"kind":"steps","name":"Oak Street Path"},"geometry":{"type":"LineString","coordinates":[[-122.262685,37.88803],[-122.263033,37.887989]]}},{"type":"Feature","properties":{"kind":"trail"},"geometry":{"type":"LineString","coordinates":[[-122.254114,37.871581],[-122.254121,37.871574],[-122.254134,37.871562]]}},{"type":"Feature","properties":{"kind":"trail","surface":"concrete"},"geometry":{"type":"LineString","coordinates":[[-122.253482,37.87164],[-122.253479,37.871603],[-122.253406,37.871608]]}},{"type":"Feature","properties":{"kind":"trail","surface":"concrete"},"geometry":{"type":"LineString","coordinates":[[-122.253406,37.871608],[-122.253376,37.871609],[-122.253344,37.871611]]}},{"type":"Feature","properties":{"kind":"trail","surface":"asphalt"},"geometry":{"type":"LineString","coordinates":[[-122.283179,37.873694],[-122.283176,37.873679],[-122.28309,37.87316]]}},{"type":"Feature","properties":{"kind":"trail","surface":"asphalt"},"geometry":{"type":"LineString","coordinates":[[-122.283176,37.873679],[-122.283264,37.873654]]}},{"type":"Feature","properties":{"kind":"trail","surface":"asphalt"},"geometry":{"type":"LineString","coordinates":[[-122.283146,37.873154],[-122.283178,37.873152]]}},{"type":"Feature","properties":{"kind":"trail","surface":"concrete"},"geometry":{"type":"LineString","coordinates":[[-122.282619,37.87387],[-122.282553,37.873896]]}},{"type":"Feature","properties":{"kind":"trail","surface":"concrete"},"geometry":{"type":"LineString","coordinates":[[-122.282651,37.87384],[-122.282619,37.87387]]}},{"type":"Feature","properties":{"kind":"trail"},"geometry":{"type":"LineString","coordinates":[[-122.28278,37.873947],[-122.282832,37.873942]]}},{"type":"Feature","properties":{"kind":"trail","surface":"asphalt"},"geometry":{"type":"LineString","coordinates":[[-122.28309,37.87316],[-122.283146,37.873154],[-122.283136,37.873087]]}},{"type":"Feature","properties":{"kind":"trail","surface":"concrete"},"geometry":{"type":"LineString","coordinates":[[-122.283011,37.874068],[-122.282906,37.874078]]}},{"type":"Feature","properties":{"kind":"trail","name":"Short Street","surface":"concrete"},"geometry":{"type":"LineString","coordinates":[[-122.283379,37.874939],[-122.283312,37.874912],[-122.283304,37.874837]]}},{"type":"Feature","properties":{"kind":"road","surface":"asphalt"},"geometry":{"type":"LineString","coordinates":[[-122.284109,37.874233],[-122.283441,37.874284]]}},{"type":"Feature","properties":{"kind":"road","surface":"concrete"},"geometry":{"type":"LineString","coordinates":[[-122.283441,37.874284],[-122.283306,37.87423]]}},{"type":"Feature","properties":{"kind":"trail"},"geometry":{"type":"LineString","coordinates":[[-122.253832,37.869515],[-122.253791,37.869521],[-122.253723,37.869531],[-122.253739,37.869613],[-122.253761,37.869724],[-122.253595,37.869746]]}},{"type":"Feature","properties":{"kind":"trail"},"geometry":{"type":"LineString","coordinates":[[-122.254046,37.869487],[-122.253991,37.869494]]}},{"type":"Feature","properties":{"kind":"steps"},"geometry":{"type":"LineString","coordinates":[[-122.253991,37.869494],[-122.253832,37.869515]]}},{"type":"Feature","properties":{"kind":"trail"},"geometry":{"type":"LineString","coordinates":[[-122.253614,37.870027],[-122.253626,37.870077],[-122.253687,37.870082],[-122.253685,37.870102],[-122.25365,37.870106],[-122.253668,37.870211],[-122.253687,37.870317],[-122.253695,37.870367]]}},{"type":"Feature","properties":{"kind":"trail"},"geometry":{"type":"LineString","coordinates":[[-122.254185,37.870021],[-122.254042,37.870038]]}},{"type":"Feature","properties":{"kind":"trail"},"geometry":{"type":"LineString","coordinates":[[-122.253926,37.870052],[-122.253922,37.870028]]}},{"type":"Feature","properties":{"kind":"trail","surface":"dirt"},"geometry":{"type":"LineString","coordinates":[[-122.259975,37.87018],[-122.259879,37.870083],[-122.259792,37.870003]]}},{"type":"Feature","properties":{"kind":"trail"},"geometry":{"type":"LineString","coordinates":[[-122.258905,37.902973],[-122.25887,37.903096]]}},{"type":"Feature","properties":{"kind":"trail"},"geometry":{"type":"LineString","coordinates":[[-122.243242,37.893782],[-122.243231,37.893671],[-122.243092,37.893463]]}},{"type":"Feature","properties":{"kind":"trail"},"geometry":{"type":"LineString","coordinates":[[-122.243077,37.893429],[-122.243051,37.893365]]}},{"type":"Feature","properties":{"kind":"trail"},"geometry":{"type":"LineString","coordinates":[[-122.243107,37.89298],[-122.24319,37.893229],[-122.243051,37.893365]]}},{"type":"Feature","properties":{"kind":"trail"},"geometry":{"type":"LineString","coordinates":[[-122.243273,37.892854],[-122.24328,37.892917]]}},{"type":"Feature","properties":{"kind":"trail"},"geometry":{"type":"LineString","coordinates":[[-122.24328,37.892917],[-122.243267,37.89297]]}},{"type":"Feature","properties":{"kind":"trail"},"geometry":{"type":"LineString","coordinates":[[-122.239398,37.889305],[-122.23929,37.889329]]}},{"type":"Feature","properties":{"kind":"trail"},"geometry":{"type":"LineString","coordinates":[[-122.23929,37.889329],[-122.239279,37.889332]]}},{"type":"Feature","properties":{"kind":"trail"},"geometry":{"type":"LineString","coordinates":[[-122.239488,37.889284],[-122.239398,37.889305]]}},{"type":"Feature","properties":{"kind":"trail"},"geometry":{"type":"LineString","coordinates":[[-122.239008,37.88888],[-122.238947,37.88895]]}},{"type":"Feature","properties":{"kind":"trail"},"geometry":{"type":"LineString","coordinates":[[-122.238947,37.88895],[-122.238889,37.889017]]}},{"type":"Feature","properties":{"kind":"road","name":"Hearst Avenue","surface":"asphalt"},"geometry":{"type":"LineString","coordinates":[[-122.270429,37.873668],[-122.269358,37.873797]]}},{"type":"Feature","properties":{"kind":"road","name":"Hearst Avenue","surface":"asphalt"},"geometry":{"type":"LineString","coordinates":[[-122.269358,37.873797],[-122.269119,37.873811]]}},{"type":"Feature","properties":{"kind":"trail","surface":"concrete"},"geometry":{"type":"LineString","coordinates":[[-122.273623,37.873336],[-122.273582,37.873263]]}},{"type":"Feature","properties":{"kind":"trail","name":"Grant Street","surface":"asphalt"},"geometry":{"type":"LineString","coordinates":[[-122.275514,37.873369],[-122.275426,37.873281],[-122.275409,37.873105],[-122.275404,37.873034]]}},{"type":"Feature","properties":{"kind":"road","name":"Martin Luther King Junior Way","surface":"asphalt"},"geometry":{"type":"LineString","coordinates":[[-122.27294,37.870781],[-122.272983,37.870731],[-122.272967,37.870579]]}},{"type":"Feature","properties":{"kind":"road","name":"Martin Luther King Junior Way","surface":"asphalt"},"geometry":{"type":"LineString","coordinates":[[-122.272901,37.87041],[-122.272852,37.870465],[-122.272864,37.870593]]}},{"type":"Feature","properties":{"kind":"road","name":"Addison Street","surface":"concrete"},"geometry":{"type":"LineString","coordinates":[[-122.272967,37.870579],[-122.272864,37.870593]]}},{"type":"Feature","properties":{"kind":"trail","surface":"concrete"},"geometry":{"type":"LineString","coordinates":[[-122.272908,37.870654],[-122.272943,37.870649]]}},{"type":"Feature","properties":{"kind":"trail","surface":"concrete"},"geometry":{"type":"LineString","coordinates":[[-122.272922,37.870523],[-122.272891,37.870526]]}},{"type":"Feature","properties":{"kind":"trail","surface":"concrete"},"geometry":{"type":"LineString","coordinates":[[-122.267936,37.870271],[-122.267836,37.870284]]}},{"type":"Feature","properties":{"kind":"road","surface":"concrete"},"geometry":{"type":"LineString","coordinates":[[-122.267829,37.869712],[-122.267775,37.869709],[-122.267723,37.869706],[-122.267715,37.869827],[-122.267662,37.870316],[-122.267763,37.870257],[-122.267829,37.869712]]}},{"type":"Feature","properties":{"kind":"steps"},"geometry":{"type":"LineString","coordinates":[[-122.249516,37.876905],[-122.249254,37.876902]]}},{"type":"Feature","properties":{"kind":"steps","surface":"concrete"},"geometry":{"type":"LineString","coordinates":[[-122.26037,37.883205],[-122.260379,37.88325]]}},{"type":"Feature","properties":{"kind":"steps","surface":"concrete"},"geometry":{"type":"LineString","coordinates":[[-122.260476,37.88319],[-122.260492,37.883237]]}},{"type":"Feature","properties":{"kind":"trail","surface":"concrete"},"geometry":{"type":"LineString","coordinates":[[-122.260644,37.882971],[-122.260714,37.882961]]}},{"type":"Feature","properties":{"kind":"steps","surface":"concrete"},"geometry":{"type":"LineString","coordinates":[[-122.260602,37.883132],[-122.260649,37.883163]]}},{"type":"Feature","properties":{"kind":"trail","surface":"paved"},"geometry":{"type":"LineString","coordinates":[[-122.260248,37.880942],[-122.260228,37.880882]]}},{"type":"Feature","properties":{"kind":"trail","surface":"paved"},"geometry":{"type":"LineString","coordinates":[[-122.260416,37.880748],[-122.260327,37.88076]]}},{"type":"Feature","properties":{"kind":"road","name":"Euclid Avenue","surface":"asphalt"},"geometry":{"type":"LineString","coordinates":[[-122.261253,37.887685],[-122.261512,37.887559],[-122.261736,37.887524],[-122.261961,37.887561],[-122.262276,37.887689],[-122.262432,37.887678],[-122.262513,37.887624],[-122.262592,37.887496],[-122.262584,37.887394],[-122.262406,37.887223],[-122.262297,37.887041],[-122.262374,37.886571]]}},{"type":"Feature","properties":{"kind":"steps","surface":"paved"},"geometry":{"type":"LineString","coordinates":[[-122.26291,37.885199],[-122.262931,37.885207]]}},{"type":"Feature","properties":{"kind":"trail","surface":"paved"},"geometry":{"type":"LineString","coordinates":[[-122.262755,37.88516],[-122.262861,37.885185],[-122.26291,37.885199]]}},{"type":"Feature","properties":{"kind":"trail","surface":"paved"},"geometry":{"type":"LineString","coordinates":[[-122.262907,37.885098],[-122.262895,37.885115],[-122.262861,37.885185],[-122.262851,37.885238]]}},{"type":"Feature","properties":{"kind":"steps","surface":"railway_sleepers"},"geometry":{"type":"LineString","coordinates":[[-122.262733,37.88489],[-122.262574,37.88508]]}},{"type":"Feature","properties":{"kind":"steps","surface":"concrete"},"geometry":{"type":"LineString","coordinates":[[-122.262734,37.884748],[-122.262666,37.884723]]}},{"type":"Feature","properties":{"kind":"steps","surface":"concrete"},"geometry":{"type":"LineString","coordinates":[[-122.261845,37.883528],[-122.26191,37.883494]]}},{"type":"Feature","properties":{"kind":"trail","surface":"concrete"},"geometry":{"type":"LineString","coordinates":[[-122.261423,37.881591],[-122.261489,37.881586]]}},{"type":"Feature","properties":{"kind":"steps","name":"Vine Lane","surface":"paved"},"geometry":{"type":"LineString","coordinates":[[-122.262023,37.881172],[-122.262489,37.881111]]}},{"type":"Feature","properties":{"kind":"road","name":"Euclid Avenue","surface":"asphalt"},"geometry":{"type":"LineString","coordinates":[[-122.260542,37.876952],[-122.260443,37.876472],[-122.260158,37.875084]]}},{"type":"Feature","properties":{"kind":"steps","name":"Hawthorne Steps","surface":"concrete"},"geometry":{"type":"LineString","coordinates":[[-122.262601,37.882453],[-122.262743,37.882438]]}},{"type":"Feature","properties":{"kind":"steps","name":"Hawthorne Steps","surface":"concrete"},"geometry":{"type":"LineString","coordinates":[[-122.262589,37.882449],[-122.262601,37.882453]]}},{"type":"Feature","properties":{"kind":"trail","name":"Vine Lane","surface":"paved"},"geometry":{"type":"LineString","coordinates":[[-122.262489,37.881111],[-122.262517,37.881108]]}},{"type":"Feature","properties":{"kind":"trail","name":"Hawthorne Terrace","surface":"unpaved"},"geometry":{"type":"LineString","coordinates":[[-122.262523,37.881153],[-122.262517,37.881108]]}},{"type":"Feature","properties":{"kind":"steps","name":"Tamalpais Path","surface":"dirt"},"geometry":{"type":"LineString","coordinates":[[-122.260368,37.886441],[-122.261155,37.886839]]}},{"type":"Feature","properties":{"kind":"steps","name":"Bret Harte Path","surface":"railway_sleepers"},"geometry":{"type":"LineString","coordinates":[[-122.258036,37.890952],[-122.258023,37.891316]]}},{"type":"Feature","properties":{"kind":"steps","name":"El Mirador Path"},"geometry":{"type":"LineString","coordinates":[[-122.260497,37.889696],[-122.260649,37.889262]]}},{"type":"Feature","properties":{"kind":"trail","name":"El Mirador Path","surface":"stepping_stones"},"geometry":{"type":"LineString","coordinates":[[-122.260649,37.889262],[-122.26068,37.889167]]}},{"type":"Feature","properties":{"kind":"trail","surface":"paved"},"geometry":{"type":"LineString","coordinates":[[-122.255681,37.875555],[-122.255636,37.875561]]}},{"type":"Feature","properties":{"kind":"trail","surface":"concrete"},"geometry":{"type":"LineString","coordinates":[[-122.25565,37.875458],[-122.255609,37.875462]]}},{"type":"Feature","properties":{"kind":"trail","surface":"asphalt"},"geometry":{"type":"LineString","coordinates":[[-122.252625,37.874521],[-122.252701,37.874439]]}},{"type":"Feature","properties":{"kind":"trail"},"geometry":{"type":"LineString","coordinates":[[-122.248707,37.865246],[-122.248748,37.86528]]}},{"type":"Feature","properties":{"kind":"trail"},"geometry":{"type":"LineString","coordinates":[[-122.248655,37.865176],[-122.248707,37.865246]]}},{"type":"Feature","properties":{"kind":"steps","name":"Oakridge Path","surface":"concrete"},"geometry":{"type":"LineString","coordinates":[[-122.243847,37.857313],[-122.24367,37.857314]]}},{"type":"Feature","properties":{"kind":"road","surface":"asphalt"},"geometry":{"type":"LineString","coordinates":[[-122.243599,37.855232],[-122.243869,37.855012]]}},{"type":"Feature","properties":{"kind":"trail","surface":"dirt"},"geometry":{"type":"LineString","coordinates":[[-122.244845,37.871873],[-122.24475,37.872009],[-122.244288,37.872155],[-122.243843,37.872065],[-122.243258,37.872076],[-122.242875,37.871906],[-122.242761,37.871917],[-122.242066,37.872052],[-122.241826,37.872204],[-122.241783,37.872392]]}},{"type":"Feature","properties":{"kind":"steps"},"geometry":{"type":"LineString","coordinates":[[-122.264965,37.873122],[-122.264993,37.87312]]}},{"type":"Feature","properties":{"kind":"trail"},"geometry":{"type":"LineString","coordinates":[[-122.264946,37.873123],[-122.264965,37.873122]]}},{"type":"Feature","properties":{"kind":"trail"},"geometry":{"type":"LineString","coordinates":[[-122.264993,37.87312],[-122.265031,37.873117]]}},{"type":"Feature","properties":{"kind":"trail"},"geometry":{"type":"LineString","coordinates":[[-122.265012,37.873284],[-122.265052,37.873281]]}},{"type":"Feature","properties":{"kind":"trail"},"geometry":{"type":"LineString","coordinates":[[-122.264962,37.873288],[-122.264987,37.873286]]}},{"type":"Feature","properties":{"kind":"steps"},"geometry":{"type":"LineString","coordinates":[[-122.264835,37.873295],[-122.264854,37.873294]]}},{"type":"Feature","properties":{"kind":"steps","surface":"concrete"},"geometry":{"type":"LineString","coordinates":[[-122.264788,37.873216],[-122.264761,37.873218]]}},{"type":"Feature","properties":{"kind":"trail"},"geometry":{"type":"LineString","coordinates":[[-122.264761,37.873218],[-122.264722,37.87322]]}},{"type":"Feature","properties":{"kind":"trail"},"geometry":{"type":"LineString","coordinates":[[-122.264896,37.873277],[-122.264897,37.873291]]}},{"type":"Feature","properties":{"kind":"trail"},"geometry":{"type":"LineString","coordinates":[[-122.264932,37.873207],[-122.264954,37.873205]]}},{"type":"Feature","properties":{"kind":"trail"},"geometry":{"type":"LineString","coordinates":[[-122.264955,37.872934],[-122.265017,37.87293]]}},{"type":"Feature","properties":{"kind":"steps"},"geometry":{"type":"LineString","coordinates":[[-122.264942,37.872934],[-122.264955,37.872934]]}},{"type":"Feature","properties":{"kind":"trail","surface":"concrete"},"geometry":{"type":"LineString","coordinates":[[-122.264956,37.872481],[-122.264998,37.872478]]}},{"type":"Feature","properties":{"kind":"trail","surface":"asphalt"},"geometry":{"type":"LineString","coordinates":[[-122.264953,37.872463],[-122.264896,37.872466]]}},{"type":"Feature","properties":{"kind":"steps","surface":"concrete"},"geometry":{"type":"LineString","coordinates":[[-122.264051,37.872644],[-122.264076,37.872642]]}},{"type":"Feature","properties":{"kind":"steps"},"geometry":{"type":"LineString","coordinates":[[-122.265287,37.873592],[-122.265304,37.873591]]}},{"type":"Feature","properties":{"kind":"steps"},"geometry":{"type":"LineString","coordinates":[[-122.265201,37.873598],[-122.265219,37.873597]]}},{"type":"Feature","properties":{"kind":"steps"},"geometry":{"type":"LineString","coordinates":[[-122.265053,37.873607],[-122.265012,37.87361]]}},{"type":"Feature","properties":{"kind":"steps"},"geometry":{"type":"LineString","coordinates":[[-122.264957,37.873615],[-122.264943,37.873616]]}},{"type":"Feature","properties":{"kind":"trail"},"geometry":{"type":"LineString","coordinates":[[-122.264767,37.873627],[-122.26476,37.873566]]}},{"type":"Feature","properties":{"kind":"trail","surface":"brick"},"geometry":{"type":"LineString","coordinates":[[-122.264711,37.873123],[-122.264722,37.87322],[-122.264731,37.873301],[-122.264732,37.873312]]}},{"type":"Feature","properties":{"kind":"trail"},"geometry":{"type":"LineString","coordinates":[[-122.264731,37.873301],[-122.264835,37.873295]]}},{"type":"Feature","properties":{"kind":"trail"},"geometry":{"type":"LineString","coordinates":[[-122.264854,37.873294],[-122.264897,37.873291],[-122.264962,37.873288]]}},{"type":"Feature","properties":{"kind":"trail","surface":"concrete"},"geometry":{"type":"LineString","coordinates":[[-122.265182,37.873814],[-122.265209,37.873812]]}},{"type":"Feature","properties":{"kind":"steps","surface":"concrete"},"geometry":{"type":"LineString","coordinates":[[-122.265209,37.873812],[-122.265223,37.873811]]}},{"type":"Feature","properties":{"kind":"trail","surface":"concrete"},"geometry":{"type":"LineString","coordinates":[[-122.265694,37.873564],[-122.26573,37.873561],[-122.265761,37.873559]]}},{"type":"Feature","properties":{"kind":"trail","surface":"concrete"},"geometry":{"type":"LineString","coordinates":[[-122.265924,37.873547],[-122.265957,37.873545],[-122.265993,37.873542]]}},{"type":"Feature","properties":{"kind":"steps","surface":"concrete"},"geometry":{"type":"LineString","coordinates":[[-122.265993,37.873542],[-122.266049,37.873539]]}},{"type":"Feature","properties":{"kind":"steps","surface":"concrete"},"geometry":{"type":"LineString","coordinates":[[-122.26567,37.873565],[-122.265694,37.873564]]}},{"type":"Feature","properties":{"kind":"trail","surface":"concrete"},"geometry":{"type":"LineString","coordinates":[[-122.265732,37.873584],[-122.26573,37.873561]]}},{"type":"Feature","properties":{"kind":"steps","surface":"concrete"},"geometry":{"type":"LineString","coordinates":[[-122.265733,37.873603],[-122.265732,37.873584]]}},{"type":"Feature","properties":{"kind":"trail"},"geometry":{"type":"LineString","coordinates":[[-122.250003,37.900938],[-122.249822,37.901019],[-122.249797,37.900976]]}},{"type":"Feature","properties":{"kind":"trail"},"geometry":{"type":"LineString","coordinates":[[-122.240228,37.875236],[-122.240247,37.875318],[-122.240322,37.875339]]}},{"type":"Feature","properties":{"kind":"trail"},"geometry":{"type":"LineString","coordinates":[[-122.240303,37.875206],[-122.24037,37.875284]]}},{"type":"Feature","properties":{"kind":"steps"},"geometry":{"type":"LineString","coordinates":[[-122.278604,37.904613],[-122.278507,37.904639]]}},{"type":"Feature","properties":{"kind":"steps"},"geometry":{"type":"LineString","coordinates":[[-122.278648,37.904601],[-122.278604,37.904613]]}},{"type":"Feature","properties":{"kind":"trail","surface":"concrete"},"geometry":{"type":"LineString","coordinates":[[-122.243642,37.856851],[-122.24389,37.856881]]}},{"type":"Feature","properties":{"kind":"trail","surface":"concrete"},"geometry":{"type":"LineString","coordinates":[[-122.243898,37.8567],[-122.243642,37.856851]]}},{"type":"Feature","properties":{"kind":"trail","surface":"concrete"},"geometry":{"type":"LineString","coordinates":[[-122.243642,37.856851],[-122.243354,37.856828]]}},{"type":"Feature","properties":{"kind":"trail","name":"Oakridge Path","surface":"asphalt"},"geometry":{"type":"LineString","coordinates":[[-122.242782,37.856857],[-122.242735,37.856841]]}},{"type":"Feature","properties":{"kind":"steps","name":"Oakridge Path","surface":"concrete"},"geometry":{"type":"LineString","coordinates":[[-122.24279,37.856867],[-122.242782,37.856857]]}},{"type":"Feature","properties":{"kind":"steps","surface":"paved"},"geometry":{"type":"LineString","coordinates":[[-122.233135,37.857197],[-122.23357,37.857284]]}},{"type":"Feature","properties":{"kind":"road","name":"Tunnel Road","surface":"asphalt"},"geometry":{"type":"LineString","coordinates":[[-122.239056,37.855424],[-122.239306,37.855486]]}},{"type":"Feature","properties":{"kind":"road","name":"Tunnel Road","surface":"asphalt"},"geometry":{"type":"LineString","coordinates":[[-122.238486,37.855284],[-122.239056,37.855424]]}},{"type":"Feature","properties":{"kind":"trail","name":"Willow Walk"},"geometry":{"type":"LineString","coordinates":[[-122.237553,37.856664],[-122.237855,37.856433]]}},{"type":"Feature","properties":{"kind":"trail","surface":"paved"},"geometry":{"type":"LineString","coordinates":[[-122.243285,37.859268],[-122.24318,37.859288],[-122.243043,37.859184]]}},{"type":"Feature","properties":{"kind":"trail","surface":"concrete"},"geometry":{"type":"LineString","coordinates":[[-122.269293,37.883758],[-122.269288,37.883635],[-122.269164,37.883648],[-122.268914,37.883676],[-122.268937,37.883881],[-122.268613,37.883922]]}},{"type":"Feature","properties":{"kind":"trail","surface":"concrete"},"geometry":{"type":"LineString","coordinates":[[-122.269474,37.88401],[-122.269469,37.883989]]}},{"type":"Feature","properties":{"kind":"steps","surface":"paved"},"geometry":{"type":"LineString","coordinates":[[-122.269317,37.883891],[-122.269286,37.883895]]}},{"type":"Feature","properties":{"kind":"trail","surface":"dirt"},"geometry":{"type":"LineString","coordinates":[[-122.269227,37.884328],[-122.26939,37.884421]]}},{"type":"Feature","properties":{"kind":"trail","surface":"asphalt"},"geometry":{"type":"LineString","coordinates":[[-122.268399,37.884362],[-122.268376,37.884297]]}},{"type":"Feature","properties":{"kind":"trail","surface":"concrete"},"geometry":{"type":"LineString","coordinates":[[-122.269317,37.883891],[-122.269315,37.883875]]}},{"type":"Feature","properties":{"kind":"trail","surface":"concrete"},"geometry":{"type":"LineString","coordinates":[[-122.269218,37.88402],[-122.269224,37.884012]]}},{"type":"Feature","properties":{"kind":"trail","surface":"concrete"},"geometry":{"type":"LineString","coordinates":[[-122.269288,37.883902],[-122.269286,37.883895]]}},{"type":"Feature","properties":{"kind":"trail","surface":"concrete"},"geometry":{"type":"LineString","coordinates":[[-122.269489,37.883835],[-122.269497,37.883879]]}},{"type":"Feature","properties":{"kind":"steps","surface":"paved"},"geometry":{"type":"LineString","coordinates":[[-122.269007,37.884322],[-122.269,37.884295]]}},{"type":"Feature","properties":{"kind":"steps","surface":"concrete"},"geometry":{"type":"LineString","coordinates":[[-122.269333,37.88363],[-122.269288,37.883635]]}},{"type":"Feature","properties":{"kind":"trail","surface":"paved"},"geometry":{"type":"LineString","coordinates":[[-122.269164,37.883648],[-122.26916,37.883622]]}},{"type":"Feature","properties":{"kind":"trail","surface":"concrete"},"geometry":{"type":"LineString","coordinates":[[-122.269315,37.883875],[-122.269267,37.883886]]}},{"type":"Feature","properties":{"kind":"trail","surface":"asphalt"},"geometry":{"type":"LineString","coordinates":[[-122.268985,37.884231],[-122.269,37.884295]]}},{"type":"Feature","properties":{"kind":"trail","surface":"asphalt"},"geometry":{"type":"LineString","coordinates":[[-122.269007,37.884322],[-122.269126,37.884351],[-122.269179,37.884319]]}},{"type":"Feature","properties":{"kind":"trail","surface":"concrete"},"geometry":{"type":"LineString","coordinates":[[-122.268376,37.884297],[-122.268356,37.88431]]}},{"type":"Feature","properties":{"kind":"trail","surface":"concrete"},"geometry":{"type":"LineString","coordinates":[[-122.269682,37.88375],[-122.269597,37.883824],[-122.269489,37.883835]]}},{"type":"Feature","properties":{"kind":"trail","surface":"concrete"},"geometry":{"type":"LineString","coordinates":[[-122.268555,37.88425],[-122.268389,37.884284],[-122.268376,37.884297]]}},{"type":"Feature","properties":{"kind":"steps","surface":"paving_stones"},"geometry":{"type":"LineString","coordinates":[[-122.269179,37.884319],[-122.269252,37.884204]]}},{"type":"Feature","properties":{"kind":"trail","surface":"concrete"},"geometry":{"type":"LineString","coordinates":[[-122.268356,37.88431],[-122.26827,37.884344]]}},{"type":"Feature","properties":{"kind":"trail","surface":"paving_stones"},"geometry":{"type":"LineString","coordinates":[[-122.268738,37.884248],[-122.268655,37.88424]]}},{"type":"Feature","properties":{"kind":"steps","surface":"concrete"},"geometry":{"type":"LineString","coordinates":[[-122.269007,37.884322],[-122.268964,37.884313]]}},{"type":"Feature","properties":{"kind":"steps","surface":"concrete"},"geometry":{"type":"LineString","coordinates":[[-122.269469,37.884268],[-122.269522,37.884188]]}},{"type":"Feature","properties":{"kind":"steps","surface":"paved"},"geometry":{"type":"LineString","coordinates":[[-122.268985,37.884231],[-122.268977,37.8842]]}},{"type":"Feature","properties":{"kind":"trail","surface":"concrete"},"geometry":{"type":"LineString","coordinates":[[-122.268937,37.883881],[-122.268942,37.8839]]}},{"type":"Feature","properties":{"kind":"trail","name":"Berryman Path","surface":"metal"},"geometry":{"type":"LineString","coordinates":[[-122.26787,37.884153],[-122.267785,37.884177],[-122.267731,37.884265]]}},{"type":"Feature","properties":{"kind":"trail","name":"Berryman Path","surface":"concrete"},"geometry":{"type":"LineString","coordinates":[[-122.267731,37.884265],[-122.267627,37.884234]]}},{"type":"Feature","properties":{"kind":"trail","surface":"concrete"},"geometry":{"type":"LineString","coordinates":[[-122.26782,37.884182],[-122.26787,37.884153]]}},{"type":"Feature","properties":{"kind":"trail","surface":"dirt"},"geometry":{"type":"LineString","coordinates":[[-122.268078,37.884446],[-122.267658,37.884455]]}},{"type":"Feature","properties":{"kind":"steps","surface":"concrete"},"geometry":{"type":"LineString","coordinates":[[-122.268006,37.884256],[-122.26782,37.884182]]}},{"type":"Feature","properties":{"kind":"trail","surface":"dirt"},"geometry":{"type":"LineString","coordinates":[[-122.267637,37.884513],[-122.267541,37.884508]]}},{"type":"Feature","properties":{"kind":"trail","surface":"dirt"},"geometry":{"type":"LineString","coordinates":[[-122.268216,37.884258],[-122.268006,37.884256],[-122.267741,37.884291]]}},{"type":"Feature","properties":{"kind":"trail","name":"Berryman Path","surface":"concrete"},"geometry":{"type":"LineString","coordinates":[[-122.267913,37.884149],[-122.26787,37.884153]]}},{"type":"Feature","properties":{"kind":"steps","surface":"concrete"},"geometry":{"type":"LineString","coordinates":[[-122.267658,37.884455],[-122.267637,37.884513]]}},{"type":"Feature","properties":{"kind":"trail","name":"Berryman Path","surface":"asphalt"},"geometry":{"type":"LineString","coordinates":[[-122.267421,37.884513],[-122.266568,37.884633]]}},{"type":"Feature","properties":{"kind":"steps","name":"Berryman Path","surface":"asphalt"},"geometry":{"type":"LineString","coordinates":[[-122.267435,37.884512],[-122.267421,37.884513]]}},{"type":"Feature","properties":{"kind":"trail","surface":"concrete"},"geometry":{"type":"LineString","coordinates":[[-122.267645,37.884066],[-122.26751,37.884098]]}},{"type":"Feature","properties":{"kind":"trail","name":"Berryman Path","surface":"asphalt"},"geometry":{"type":"LineString","coordinates":[[-122.266513,37.884639],[-122.26642,37.884651]]}},{"type":"Feature","properties":{"kind":"steps","name":"Berryman Path","surface":"asphalt"},"geometry":{"type":"LineString","coordinates":[[-122.266568,37.884633],[-122.266513,37.884639]]}},{"type":"Feature","properties":{"kind":"track","name":"Stonewall-Panoramic Trail","surface":"asphalt"},"geometry":{"type":"LineString","coordinates":[[-122.244031,37.862642],[-122.24406,37.862669],[-122.244113,37.862714],[-122.244167,37.862814]]}},{"type":"Feature","properties":{"kind":"road","name":"Dwight Way","surface":"asphalt"},"geometry":{"type":"LineString","coordinates":[[-122.251615,37.86587],[-122.251099,37.8659]]}},{"type":"Feature","properties":{"kind":"steps","surface":"concrete"},"geometry":{"type":"LineString","coordinates":[[-122.267093,37.890975],[-122.267057,37.890975],[-122.267058,37.89103]]}},{"type":"Feature","properties":{"kind":"steps","surface":"concrete"},"geometry":{"type":"LineString","coordinates":[[-122.267166,37.891005],[-122.267093,37.891005]]}},{"type":"Feature","properties":{"kind":"trail","surface":"concrete"},"geometry":{"type":"LineString","coordinates":[[-122.267093,37.891005],[-122.267093,37.890991],[-122.267093,37.890975]]}},{"type":"Feature","properties":{"kind":"trail","surface":"glass"},"geometry":{"type":"LineString","coordinates":[[-122.26708,37.89103],[-122.267059,37.89104]]}},{"type":"Feature","properties":{"kind":"trail","surface":"concrete"},"geometry":{"type":"LineString","coordinates":[[-122.267048,37.891048],[-122.267059,37.89104],[-122.267058,37.89103]]}},{"type":"Feature","properties":{"kind":"steps","surface":"concrete"},"geometry":{"type":"LineString","coordinates":[[-122.267093,37.890991],[-122.267075,37.891026]]}},{"type":"Feature","properties":{"kind":"trail","surface":"concrete"},"geometry":{"type":"LineString","coordinates":[[-122.267075,37.891026],[-122.267066,37.891052]]}},{"type":"Feature","properties":{"kind":"trail","surface":"paved"},"geometry":{"type":"LineString","coordinates":[[-122.260731,37.855846],[-122.260711,37.85575]]}},{"type":"Feature","properties":{"kind":"trail","surface":"paved"},"geometry":{"type":"LineString","coordinates":[[-122.260741,37.855745],[-122.260711,37.85575],[-122.26017,37.855798]]}},{"type":"Feature","properties":{"kind":"trail","surface":"paved"},"geometry":{"type":"LineString","coordinates":[[-122.260202,37.85544],[-122.2602,37.855602],[-122.260189,37.855672],[-122.26017,37.855798],[-122.260155,37.855879]]}},{"type":"Feature","properties":{"kind":"trail","surface":"paved"},"geometry":{"type":"LineString","coordinates":[[-122.260189,37.855672],[-122.260064,37.855664]]}},{"type":"Feature","properties":{"kind":"trail","surface":"paved"},"geometry":{"type":"LineString","coordinates":[[-122.2602,37.855602],[-122.260073,37.855592]]}},{"type":"Feature","properties":{"kind":"trail","surface":"paved"},"geometry":{"type":"LineString","coordinates":[[-122.259898,37.855971],[-122.259982,37.855957],[-122.260049,37.856033]]}},{"type":"Feature","properties":{"kind":"road","name":"Hearst Avenue","surface":"asphalt"},"geometry":{"type":"LineString","coordinates":[[-122.264629,37.874364],[-122.264484,37.874423]]}},{"type":"Feature","properties":{"kind":"road","name":"Hearst Avenue","surface":"concrete"},"geometry":{"type":"LineString","coordinates":[[-122.265773,37.874126],[-122.26537,37.874179],[-122.265224,37.874199],[-122.264618,37.874282]]}},{"type":"Feature","properties":{"kind":"trail","surface":"asphalt"},"geometry":{"type":"LineString","coordinates":[[-122.270358,37.863067],[-122.270477,37.863059]]}},{"type":"Feature","properties":{"kind":"trail","surface":"asphalt"},"geometry":{"type":"LineString","coordinates":[[-122.270349,37.862996],[-122.27047,37.862988]]}},{"type":"Feature","properties":{"kind":"trail","surface":"asphalt"},"geometry":{"type":"LineString","coordinates":[[-122.270342,37.862929],[-122.270464,37.862921]]}},{"type":"Feature","properties":{"kind":"trail","surface":"asphalt"},"geometry":{"type":"LineString","coordinates":[[-122.270458,37.862863],[-122.270334,37.862867]]}},{"type":"Feature","properties":{"kind":"trail","surface":"asphalt"},"geometry":{"type":"LineString","coordinates":[[-122.270359,37.863149],[-122.270358,37.863067],[-122.270349,37.862996],[-122.270342,37.862929],[-122.270334,37.862867],[-122.270331,37.862842]]}},{"type":"Feature","properties":{"kind":"trail"},"geometry":{"type":"LineString","coordinates":[[-122.261648,37.869341],[-122.26157,37.86935]]}},{"type":"Feature","properties":{"kind":"steps"},"geometry":{"type":"LineString","coordinates":[[-122.26157,37.86935],[-122.261501,37.869358]]}},{"type":"Feature","properties":{"kind":"steps"},"geometry":{"type":"LineString","coordinates":[[-122.261293,37.86943],[-122.261374,37.869422]]}},{"type":"Feature","properties":{"kind":"trail"},"geometry":{"type":"LineString","coordinates":[[-122.261293,37.86943],[-122.261274,37.869469]]}},{"type":"Feature","properties":{"kind":"trail"},"geometry":{"type":"LineString","coordinates":[[-122.261276,37.869486],[-122.261277,37.869497]]}},{"type":"Feature","properties":{"kind":"steps"},"geometry":{"type":"LineString","coordinates":[[-122.261274,37.869469],[-122.261276,37.869486]]}},{"type":"Feature","properties":{"kind":"trail"},"geometry":{"type":"LineString","coordinates":[[-122.261501,37.869358],[-122.261489,37.86936],[-122.261403,37.86937],[-122.261199,37.869394]]}},{"type":"Feature","properties":{"kind":"trail"},"geometry":{"type":"LineString","coordinates":[[-122.261374,37.869422],[-122.261403,37.86937]]}},{"type":"Feature","properties":{"kind":"trail"},"geometry":{"type":"LineString","coordinates":[[-122.252938,37.866667],[-122.252881,37.866418]]}},{"type":"Feature","properties":{"kind":"trail","surface":"dirt"},"geometry":{"type":"LineString","coordinates":[[-122.246198,37.870937],[-122.24595,37.871109],[-122.245627,37.871447],[-122.244978,37.871764],[-122.244845,37.871873]]}},{"type":"Feature","properties":{"kind":"trail","surface":"asphalt"},"geometry":{"type":"LineString","coordinates":[[-122.264943,37.873616],[-122.264864,37.873621],[-122.264767,37.873627],[-122.264492,37.873656]]}},{"type":"Feature","properties":{"kind":"trail","surface":"asphalt"},"geometry":{"type":"LineString","coordinates":[[-122.263974,37.873444],[-122.263893,37.873452]]}},{"type":"Feature","properties":{"kind":"trail","surface":"asphalt"},"geometry":{"type":"LineString","coordinates":[[-122.263882,37.873572],[-122.263893,37.873452]]}},{"type":"Feature","properties":{"kind":"road","name":"Claremont Avenue","surface":"paved"},"geometry":{"type":"LineString","coordinates":[[-122.239232,37.861815],[-122.238953,37.861939],[-122.238167,37.86214],[-122.237918,37.862266],[-122.237497,37.862633],[-122.237241,37.862758],[-122.236582,37.862984],[-122.235967,37.863127],[-122.234844,37.863544],[-122.233909,37.863812],[-122.233094,37.864169],[-122.232576,37.864669],[-122.231847,37.865058],[-122.231497,37.865317],[-122.231305,37.865579],[-122.23083,37.866458],[-122.230406,37.866981],[-122.229866,37.8679]]}},{"type":"Feature","properties":{"kind":"road","name":"Claremont Avenue","surface":"paved"},"geometry":{"type":"LineString","coordinates":[[-122.229866,37.8679],[-122.229751,37.868069],[-122.22908,37.868557]]}},{"type":"Feature","properties":{"kind":"road","name":"Claremont Avenue","surface":"paved"},"geometry":{"type":"LineString","coordinates":[[-122.22908,37.868557],[-122.228625,37.869018]]}},{"type":"Feature","properties":{"kind":"road","name":"Claremont Avenue","surface":"paved"},"geometry":{"type":"LineString","coordinates":[[-122.228625,37.869018],[-122.228446,37.869091],[-122.227973,37.869128]]}},{"type":"Feature","properties":{"kind":"road","name":"Claremont Avenue","surface":"paved"},"geometry":{"type":"LineString","coordinates":[[-122.227973,37.869128],[-122.227445,37.869253]]}},{"type":"Feature","properties":{"kind":"road","name":"Claremont Avenue","surface":"paved"},"geometry":{"type":"LineString","coordinates":[[-122.227445,37.869253],[-122.227181,37.869408]]}},{"type":"Feature","properties":{"kind":"road","name":"Claremont Avenue","surface":"paved"},"geometry":{"type":"LineString","coordinates":[[-122.227181,37.869408],[-122.226802,37.86957],[-122.225936,37.869833]]}},{"type":"Feature","properties":{"kind":"trail","name":"Pool-Canyon Trail","surface":"dirt"},"geometry":{"type":"LineString","coordinates":[[-122.24475,37.872009],[-122.244941,37.87197],[-122.24509,37.872031],[-122.245458,37.871948],[-122.245755,37.871851],[-122.245983,37.871863]]}},{"type":"Feature","properties":{"kind":"trail","name":"Redwood Bend","surface":"dirt"},"geometry":{"type":"LineString","coordinates":[[-122.238592,37.872026],[-122.238757,37.871968],[-122.238832,37.871858],[-122.238988,37.871627],[-122.238955,37.871484],[-122.239019,37.871455],[-122.239099,37.871469],[-122.23917,37.871574],[-122.239253,37.871574],[-122.239392,37.871688],[-122.239799,37.871722],[-122.240021,37.871844],[-122.240135,37.871839],[-122.240416,37.87157],[-122.240508,37.871676],[-122.240883,37.871917],[-122.241108,37.871965],[-122.241278,37.871941],[-122.241361,37.872012],[-122.241832,37.871944],[-122.242079,37.871781],[-122.242522,37.871793],[-122.242735,37.871669],[-122.242809,37.871671],[-122.24321,37.871946],[-122.243351,37.871975],[-122.243684,37.871919],[-122.244146,37.872021],[-122.244845,37.871873]]}},{"type":"Feature","properties":{"kind":"trail","name":"Euler's Drums","surface":"dirt"},"geometry":{"type":"LineString","coordinates":[[-122.235219,37.870041],[-122.235326,37.87004],[-122.23561,37.870258],[-122.235538,37.870362],[-122.235557,37.870453],[-122.235744,37.870635],[-122.235931,37.870926],[-122.236172,37.871145],[-122.236379,37.871112],[-122.236593,37.870965],[-122.23696,37.871016],[-122.236685,37.871461],[-122.236848,37.871437],[-122.236986,37.871553],[-122.237542,37.871498],[-122.237744,37.871629],[-122.23809,37.87171],[-122.238239,37.871808],[-122.238292,37.871931],[-122.238579,37.872067]]}},{"type":"Feature","properties":{"kind":"trail","surface":"dirt"},"geometry":{"type":"LineString","coordinates":[[-122.232412,37.870337],[-122.232117,37.870379],[-122.231962,37.870334],[-122.231812,37.870423],[-122.23147,37.870314],[-122.231198,37.870433],[-122.230986,37.870424]]}},{"type":"Feature","properties":{"kind":"trail","surface":"asphalt"},"geometry":{"type":"LineString","coordinates":[[-122.259339,37.870592],[-122.259097,37.870621],[-122.259031,37.87085]]}},{"type":"Feature","properties":{"kind":"trail","surface":"dirt"},"geometry":{"type":"LineString","coordinates":[[-122.221515,37.883344],[-122.221456,37.883288],[-122.221481,37.883129],[-122.22138,37.882855],[-122.22115,37.882768],[-122.221048,37.882867]]}},{"type":"Feature","properties":{"kind":"trail"},"geometry":{"type":"LineString","coordinates":[[-122.224183,37.888649],[-122.224292,37.888704]]}},{"type":"Feature","properties":{"kind":"trail"},"geometry":{"type":"LineString","coordinates":[[-122.257766,37.860456],[-122.257652,37.860513],[-122.257629,37.860344],[-122.257676,37.860256],[-122.258076,37.860152],[-122.258087,37.860216]]}},{"type":"Feature","properties":{"kind":"trail"},"geometry":{"type":"LineString","coordinates":[[-122.258173,37.860645],[-122.257921,37.860667],[-122.25763,37.860692],[-122.257622,37.860602],[-122.257596,37.860295],[-122.257639,37.86023],[-122.257676,37.860256],[-122.25774,37.860295]]}},{"type":"Feature","properties":{"kind":"trail"},"geometry":{"type":"LineString","coordinates":[[-122.257622,37.860602],[-122.257914,37.860586],[-122.258167,37.860572]]}},{"type":"Feature","properties":{"kind":"trail"},"geometry":{"type":"LineString","coordinates":[[-122.257921,37.860667],[-122.257914,37.860586],[-122.257909,37.860502]]}},{"type":"Feature","properties":{"kind":"trail"},"geometry":{"type":"LineString","coordinates":[[-122.258168,37.860565],[-122.258172,37.860489],[-122.257909,37.860502],[-122.257766,37.860456],[-122.25774,37.860295],[-122.258087,37.860216],[-122.258343,37.86018],[-122.258354,37.860233],[-122.258469,37.860217],[-122.25848,37.860347],[-122.258415,37.860478],[-122.258172,37.860489]]}},{"type":"Feature","properties":{"kind":"trail"},"geometry":{"type":"LineString","coordinates":[[-122.258738,37.860179],[-122.258808,37.860503],[-122.258415,37.860478]]}},{"type":"Feature","properties":{"kind":"trail"},"geometry":{"type":"LineString","coordinates":[[-122.258076,37.860152],[-122.258053,37.860018],[-122.258025,37.859823]]}},{"type":"Feature","properties":{"kind":"trail"},"geometry":{"type":"LineString","coordinates":[[-122.257639,37.86023],[-122.25757,37.860109],[-122.257518,37.85973]]}},{"type":"Feature","properties":{"kind":"trail"},"geometry":{"type":"LineString","coordinates":[[-122.259179,37.859908],[-122.258875,37.859913],[-122.258761,37.859925]]}},{"type":"Feature","properties":{"kind":"trail"},"geometry":{"type":"LineString","coordinates":[[-122.258875,37.859913],[-122.258811,37.859746],[-122.258735,37.859756]]}},{"type":"Feature","properties":{"kind":"trail"},"geometry":{"type":"LineString","coordinates":[[-122.258053,37.860018],[-122.258192,37.860001]]}},{"type":"Feature","properties":{"kind":"trail"},"geometry":{"type":"LineString","coordinates":[[-122.25757,37.860109],[-122.257492,37.860109]]}},{"type":"Feature","properties":{"kind":"steps","name":"Clark Kerr Trail","surface":"railway_sleepers"},"geometry":{"type":"LineString","coordinates":[[-122.244506,37.865539],[-122.24414,37.865515]]}},{"type":"Feature","properties":{"kind":"trail","name":"Clark Kerr Trail","surface":"dirt"},"geometry":{"type":"LineString","coordinates":[[-122.24414,37.865515],[-122.2438,37.865569]]}},{"type":"Feature","properties":{"kind":"steps","name":"Clark Kerr Trail","surface":"railway_sleepers"},"geometry":{"type":"LineString","coordinates":[[-122.243392,37.865528],[-122.243279,37.865596]]}},{"type":"Feature","properties":{"kind":"trail","name":"Clark Kerr Trail","surface":"dirt"},"geometry":{"type":"LineString","coordinates":[[-122.243478,37.865526],[-122.243392,37.865528]]}},{"type":"Feature","properties":{"kind":"steps","name":"Clark Kerr Trail","surface":"railway_sleepers"},"geometry":{"type":"LineString","coordinates":[[-122.242948,37.86564],[-122.242961,37.865665]]}},{"type":"Feature","properties":{"kind":"trail","name":"Clark Kerr Trail","surface":"dirt"},"geometry":{"type":"LineString","coordinates":[[-122.243074,37.865589],[-122.243021,37.865612],[-122.242948,37.86564]]}},{"type":"Feature","properties":{"kind":"trail","surface":"dirt"},"geometry":{"type":"LineString","coordinates":[[-122.243582,37.866214],[-122.243684,37.866253]]}},{"type":"Feature","properties":{"kind":"steps","name":"Clark Kerr Trail","surface":"railway_sleepers"},"geometry":{"type":"LineString","coordinates":[[-122.242629,37.865554],[-122.242465,37.865509]]}},{"type":"Feature","properties":{"kind":"trail","name":"Clark Kerr Trail","surface":"dirt"},"geometry":{"type":"LineString","coordinates":[[-122.242465,37.865509],[-122.24236,37.865467]]}},{"type":"Feature","properties":{"kind":"trail","name":"Clark Kerr Trail","surface":"dirt"},"geometry":{"type":"LineString","coordinates":[[-122.242304,37.865427],[-122.242501,37.864939]]}},{"type":"Feature","properties":{"kind":"trail","name":"Clark Kerr Trail","surface":"wood"},"geometry":{"type":"LineString","coordinates":[[-122.24236,37.865467],[-122.242304,37.865427]]}},{"type":"Feature","properties":{"kind":"trail","name":"Clark Kerr Trail","surface":"dirt"},"geometry":{"type":"LineString","coordinates":[[-122.242495,37.864889],[-122.242743,37.864646],[-122.242788,37.864475],[-122.243251,37.86433]]}},{"type":"Feature","properties":{"kind":"steps","name":"Clark Kerr Trail","surface":"railway_sleepers"},"geometry":{"type":"LineString","coordinates":[[-122.242501,37.864939],[-122.242495,37.864889]]}},{"type":"Feature","properties":{"kind":"trail","surface":"concrete"},"geometry":{"type":"LineString","coordinates":[[-122.259757,37.868725],[-122.259769,37.868778]]}},{"type":"Feature","properties":{"kind":"steps","surface":"concrete"},"geometry":{"type":"LineString","coordinates":[[-122.277317,37.882846],[-122.277299,37.882818]]}},{"type":"Feature","properties":{"kind":"trail","surface":"concrete"},"geometry":{"type":"LineString","coordinates":[[-122.277267,37.882772],[-122.277299,37.882818]]}},{"type":"Feature","properties":{"kind":"trail","surface":"concrete"},"geometry":{"type":"LineString","coordinates":[[-122.277344,37.882932],[-122.277317,37.882846]]}},{"type":"Feature","properties":{"kind":"trail","surface":"compacted"},"geometry":{"type":"LineString","coordinates":[[-122.257279,37.861443],[-122.257024,37.861459]]}},{"type":"Feature","properties":{"kind":"trail","name":"Webster Street","surface":"concrete"},"geometry":{"type":"LineString","coordinates":[[-122.255904,37.855682],[-122.255968,37.855739]]}},{"type":"Feature","properties":{"kind":"trail","name":"Webster Street","surface":"concrete"},"geometry":{"type":"LineString","coordinates":[[-122.255945,37.855634],[-122.256045,37.855617],[-122.256115,37.855678]]}},{"type":"Feature","properties":{"kind":"trail","name":"Webster Street","surface":"concrete"},"geometry":{"type":"LineString","coordinates":[[-122.255677,37.855736],[-122.255724,37.855661],[-122.255869,37.855642]]}},{"type":"Feature","properties":{"kind":"track"},"geometry":{"type":"LineString","coordinates":[[-122.226642,37.860738],[-122.22635,37.860927],[-122.226279,37.86088],[-122.226329,37.860681],[-122.226302,37.860594],[-122.226223,37.860582],[-122.226044,37.860692],[-122.226017,37.860839],[-122.226058,37.861244],[-122.225924,37.861565],[-122.226045,37.861762],[-122.226389,37.862004]]}},{"type":"Feature","properties":{"kind":"track"},"geometry":{"type":"LineString","coordinates":[[-122.226038,37.86028],[-122.226111,37.860487],[-122.226044,37.860692]]}},{"type":"Feature","properties":{"kind":"track"},"geometry":{"type":"LineString","coordinates":[[-122.226606,37.860904],[-122.226642,37.860738],[-122.226717,37.860292]]}},{"type":"Feature","properties":{"kind":"steps"},"geometry":{"type":"LineString","coordinates":[[-122.260798,37.870131],[-122.260657,37.87015]]}},{"type":"Feature","properties":{"kind":"trail"},"geometry":{"type":"LineString","coordinates":[[-122.259991,37.870429],[-122.260004,37.870491],[-122.260051,37.870644]]}},{"type":"Feature","properties":{"kind":"road","name":"Ashby Avenue","surface":"asphalt"},"geometry":{"type":"LineString","coordinates":[[-122.267397,37.855179],[-122.266514,37.855296]]}},{"type":"Feature","properties":{"kind":"trail","surface":"paved"},"geometry":{"type":"LineString","coordinates":[[-122.254519,37.867364],[-122.254517,37.867354]]}},{"type":"Feature","properties":{"kind":"trail","surface":"concrete"},"geometry":{"type":"LineString","coordinates":[[-122.254402,37.866686],[-122.254383,37.866701]]}},{"type":"Feature","properties":{"kind":"steps","surface":"paved"},"geometry":{"type":"LineString","coordinates":[[-122.254428,37.866667],[-122.254402,37.866686]]}},{"type":"Feature","properties":{"kind":"steps","surface":"paved"},"geometry":{"type":"LineString","coordinates":[[-122.254445,37.867374],[-122.254519,37.867364]]}},{"type":"Feature","properties":{"kind":"trail","surface":"paved"},"geometry":{"type":"LineString","coordinates":[[-122.255194,37.867283],[-122.25519,37.867267]]}},{"type":"Feature","properties":{"kind":"trail","surface":"paved"},"geometry":{"type":"LineString","coordinates":[[-122.255292,37.86727],[-122.255289,37.867254]]}},{"type":"Feature","properties":{"kind":"steps","surface":"paved"},"geometry":{"type":"LineString","coordinates":[[-122.255152,37.867293],[-122.255194,37.867283],[-122.255292,37.86727]]}},{"type":"Feature","properties":{"kind":"trail","surface":"paved"},"geometry":{"type":"LineString","coordinates":[[-122.255093,37.866588],[-122.255098,37.866609]]}},{"type":"Feature","properties":{"kind":"trail","surface":"paved"},"geometry":{"type":"LineString","coordinates":[[-122.254993,37.866603],[-122.254998,37.866622]]}},{"type":"Feature","properties":{"kind":"steps","surface":"paved"},"geometry":{"type":"LineString","coordinates":[[-122.255152,37.86658],[-122.255093,37.866588],[-122.254993,37.866603]]}},{"type":"Feature","properties":{"kind":"trail","surface":"grass"},"geometry":{"type":"LineString","coordinates":[[-122.256116,37.861529],[-122.256159,37.861461]]}},{"type":"Feature","properties":{"kind":"trail","surface":"concrete"},"geometry":{"type":"LineString","coordinates":[[-122.255975,37.861528],[-122.256116,37.861529],[-122.256153,37.861642]]}},{"type":"Feature","properties":{"kind":"trail","surface":"asphalt"},"geometry":{"type":"LineString","coordinates":[[-122.247357,37.862803],[-122.247456,37.862796]]}},{"type":"Feature","properties":{"kind":"trail","surface":"concrete"},"geometry":{"type":"LineString","coordinates":[[-122.247345,37.862634],[-122.247357,37.862803],[-122.247361,37.862858]]}},{"type":"Feature","properties":{"kind":"trail","surface":"paved"},"geometry":{"type":"LineString","coordinates":[[-122.246325,37.862903],[-122.246286,37.862962],[-122.246026,37.862984],[-122.246045,37.863268]]}},{"type":"Feature","properties":{"kind":"trail","surface":"concrete"},"geometry":{"type":"LineString","coordinates":[[-122.246064,37.862702],[-122.245842,37.862712]]}},{"type":"Feature","properties":{"kind":"trail","surface":"concrete"},"geometry":{"type":"LineString","coordinates":[[-122.246305,37.862631],[-122.246303,37.862614]]}},{"type":"Feature","properties":{"kind":"steps","surface":"concrete"},"geometry":{"type":"LineString","coordinates":[[-122.246307,37.862659],[-122.246305,37.862631]]}},{"type":"Feature","properties":{"kind":"trail","surface":"concrete"},"geometry":{"type":"LineString","coordinates":[[-122.245849,37.862813],[-122.246076,37.862806],[-122.246064,37.862702],[-122.246063,37.86269],[-122.246061,37.862673]]}},{"type":"Feature","properties":{"kind":"trail","surface":"concrete"},"geometry":{"type":"LineString","coordinates":[[-122.246308,37.862675],[-122.246063,37.86269]]}},{"type":"Feature","properties":{"kind":"trail","surface":"concrete"},"geometry":{"type":"LineString","coordinates":[[-122.246636,37.86265],[-122.246535,37.862655]]}},{"type":"Feature","properties":{"kind":"steps","surface":"paved"},"geometry":{"type":"LineString","coordinates":[[-122.246846,37.862786],[-122.246785,37.862789]]}},{"type":"Feature","properties":{"kind":"trail","surface":"concrete"},"geometry":{"type":"LineString","coordinates":[[-122.246832,37.862628],[-122.246705,37.862644]]}},{"type":"Feature","properties":{"kind":"trail","surface":"concrete"},"geometry":{"type":"LineString","coordinates":[[-122.24663,37.862823],[-122.246698,37.862852],[-122.246785,37.862789],[-122.246782,37.862693],[-122.246705,37.862644],[-122.246636,37.86265],[-122.2466,37.862727],[-122.24663,37.862823]]}},{"type":"Feature","properties":{"kind":"trail","surface":"concrete"},"geometry":{"type":"LineString","coordinates":[[-122.246785,37.862789],[-122.24663,37.862823],[-122.246325,37.862903],[-122.246308,37.862675],[-122.246307,37.862659]]}},{"type":"Feature","properties":{"kind":"steps","surface":"concrete"},"geometry":{"type":"LineString","coordinates":[[-122.247082,37.862586],[-122.247085,37.862631]]}},{"type":"Feature","properties":{"kind":"trail","surface":"concrete"},"geometry":{"type":"LineString","coordinates":[[-122.246858,37.862903],[-122.246846,37.862786],[-122.246832,37.862628],[-122.247085,37.862631],[-122.247345,37.862634],[-122.247443,37.862662]]}},{"type":"Feature","properties":{"kind":"trail","surface":"concrete"},"geometry":{"type":"LineString","coordinates":[[-122.247082,37.862501],[-122.247082,37.862586]]}},{"type":"Feature","properties":{"kind":"trail","surface":"paved"},"geometry":{"type":"LineString","coordinates":[[-122.267163,37.869947],[-122.267123,37.869584]]}},{"type":"Feature","properties":{"kind":"steps","name":"Yosemite Steps","surface":"concrete"},"geometry":{"type":"LineString","coordinates":[[-122.276768,37.894318],[-122.276758,37.89432]]}},{"type":"Feature","properties":{"kind":"trail","name":"Yosemite Steps","surface":"concrete"},"geometry":{"type":"LineString","coordinates":[[-122.277172,37.89424],[-122.276768,37.894318]]}},{"type":"Feature","properties":{"kind":"steps","name":"Yosemite Steps","surface":"concrete"},"geometry":{"type":"LineString","coordinates":[[-122.276374,37.894513],[-122.276166,37.894701]]}},{"type":"Feature","properties":{"kind":"road","name":"Marin Avenue","surface":"paved"},"geometry":{"type":"LineString","coordinates":[[-122.284642,37.889465],[-122.283546,37.889191],[-122.283084,37.889144],[-122.282445,37.889199],[-122.281959,37.889356]]}},{"type":"Feature","properties":{"kind":"trail","surface":"asphalt"},"geometry":{"type":"LineString","coordinates":[[-122.272515,37.892367],[-122.272332,37.892112],[-122.272336,37.891947]]}},{"type":"Feature","properties":{"kind":"trail","surface":"unpaved"},"geometry":{"type":"LineString","coordinates":[[-122.283138,37.873048],[-122.283136,37.873087]]}},{"type":"Feature","properties":{"kind":"road","name":"Sacramento Street","surface":"asphalt"},"geometry":{"type":"LineString","coordinates":[[-122.282497,37.87453],[-122.282399,37.873637]]}},{"type":"Feature","properties":{"kind":"road","name":"Sacramento Street","surface":"asphalt"},"geometry":{"type":"LineString","coordinates":[[-122.282497,37.87453],[-122.282573,37.874477],[-122.282483,37.873702],[-122.282399,37.873637]]}},{"type":"Feature","properties":{"kind":"trail","surface":"asphalt"},"geometry":{"type":"LineString","coordinates":[[-122.282854,37.87325],[-122.282859,37.873301]]}},{"type":"Feature","properties":{"kind":"trail","surface":"asphalt"},"geometry":{"type":"LineString","coordinates":[[-122.282767,37.873777],[-122.282762,37.873817]]}},{"type":"Feature","properties":{"kind":"trail","surface":"asphalt"},"geometry":{"type":"LineString","coordinates":[[-122.257069,37.875261],[-122.257073,37.875287],[-122.257072,37.875383],[-122.257068,37.875417]]}},{"type":"Feature","properties":{"kind":"steps","name":"Oak Street Path","surface":"stone"},"geometry":{"type":"LineString","coordinates":[[-122.264206,37.887712],[-122.264116,37.887757]]}},{"type":"Feature","properties":{"kind":"trail","name":"Oak Street Path","surface":"dirt"},"geometry":{"type":"LineString","coordinates":[[-122.264513,37.887675],[-122.264206,37.887712]]}},{"type":"Feature","properties":{"kind":"trail","surface":"asphalt"},"geometry":{"type":"LineString","coordinates":[[-122.262294,37.88429],[-122.262451,37.88428],[-122.262439,37.884215],[-122.262321,37.884193]]}},{"type":"Feature","properties":{"kind":"trail","surface":"asphalt"},"geometry":{"type":"LineString","coordinates":[[-122.255682,37.872023],[-122.255705,37.87207]]}},{"type":"Feature","properties":{"kind":"trail","surface":"wood"},"geometry":{"type":"LineString","coordinates":[[-122.255653,37.871977],[-122.255682,37.872023]]}},{"type":"Feature","properties":{"kind":"trail","surface":"asphalt"},"geometry":{"type":"LineString","coordinates":[[-122.255705,37.87207],[-122.255857,37.872117]]}},{"type":"Feature","properties":{"kind":"trail","surface":"wood"},"geometry":{"type":"LineString","coordinates":[[-122.255857,37.872117],[-122.255932,37.872092]]}},{"type":"Feature","properties":{"kind":"trail","surface":"asphalt"},"geometry":{"type":"LineString","coordinates":[[-122.255801,37.872146],[-122.255857,37.872117]]}},{"type":"Feature","properties":{"kind":"trail","surface":"asphalt"},"geometry":{"type":"LineString","coordinates":[[-122.255748,37.872194],[-122.255776,37.872168]]}},{"type":"Feature","properties":{"kind":"steps","surface":"asphalt"},"geometry":{"type":"LineString","coordinates":[[-122.255776,37.872168],[-122.255801,37.872146]]}},{"type":"Feature","properties":{"kind":"trail","surface":"asphalt"},"geometry":{"type":"LineString","coordinates":[[-122.262997,37.87079],[-122.263056,37.870907]]}},{"type":"Feature","properties":{"kind":"trail","surface":"wood"},"geometry":{"type":"LineString","coordinates":[[-122.263056,37.870907],[-122.26309,37.870997],[-122.263217,37.870989]]}},{"type":"Feature","properties":{"kind":"trail","surface":"wood"},"geometry":{"type":"LineString","coordinates":[[-122.261497,37.873354],[-122.261404,37.87332]]}},{"type":"Feature","properties":{"kind":"trail","surface":"concrete"},"geometry":{"type":"LineString","coordinates":[[-122.261827,37.874171],[-122.261808,37.874165]]}},{"type":"Feature","properties":{"kind":"track"},"geometry":{"type":"LineString","coordinates":[[-122.238675,37.875726],[-122.238371,37.875733],[-122.238109,37.875614],[-122.237759,37.875321],[-122.237543,37.875233],[-122.237356,37.875217],[-122.235881,37.875816],[-122.235447,37.875783],[-122.235338,37.875816],[-122.235234,37.875914],[-122.23511,37.876185]]}},{"type":"Feature","properties":{"kind":"trail","name":"Panoramic Place","surface":"dirt"},"geometry":{"type":"LineString","coordinates":[[-122.245035,37.869945],[-122.245902,37.869902]]}},{"type":"Feature","properties":{"kind":"steps","name":"Mosswood Lane","surface":"railway_sleepers"},"geometry":{"type":"LineString","coordinates":[[-122.249281,37.869241],[-122.24925,37.869399]]}},{"type":"Feature","properties":{"kind":"trail","name":"Mosswood Lane","surface":"gravel"},"geometry":{"type":"LineString","coordinates":[[-122.249119,37.869868],[-122.248901,37.86998]]}},{"type":"Feature","properties":{"kind":"steps","name":"Mosswood Lane","surface":"railway_sleepers"},"geometry":{"type":"LineString","coordinates":[[-122.248901,37.86998],[-122.248739,37.869952]]}},{"type":"Feature","properties":{"kind":"trail","surface":"dirt"},"geometry":{"type":"LineString","coordinates":[[-122.243028,37.869695],[-122.243027,37.86963]]}},{"type":"Feature","properties":{"kind":"trail","surface":"dirt"},"geometry":{"type":"LineString","coordinates":[[-122.242942,37.866529],[-122.242913,37.866484],[-122.242715,37.866447]]}},{"type":"Feature","properties":{"kind":"trail","name":"Clark Kerr Trail","surface":"dirt"},"geometry":{"type":"LineString","coordinates":[[-122.243021,37.865612],[-122.24303,37.865684]]}},{"type":"Feature","properties":{"kind":"trail"},"geometry":{"type":"LineString","coordinates":[[-122.257828,37.874239],[-122.257826,37.874234],[-122.257783,37.874074]]}},{"type":"Feature","properties":{"kind":"trail","surface":"concrete"},"geometry":{"type":"LineString","coordinates":[[-122.257744,37.874342],[-122.257783,37.874334]]}},{"type":"Feature","properties":{"kind":"trail"},"geometry":{"type":"LineString","coordinates":[[-122.260986,37.873143],[-122.260945,37.873082]]}},{"type":"Feature","properties":{"kind":"road","name":"Hearst Avenue","surface":"asphalt"},"geometry":{"type":"LineString","coordinates":[[-122.266127,37.874167],[-122.265843,37.874196]]}},{"type":"Feature","properties":{"kind":"trail","surface":"paved"},"geometry":{"type":"LineString","coordinates":[[-122.260181,37.855239],[-122.260202,37.85544]]}},{"type":"Feature","properties":{"kind":"trail","surface":"paved"},"geometry":{"type":"LineString","coordinates":[[-122.260179,37.855228],[-122.260181,37.855239]]}},{"type":"Feature","properties":{"kind":"road","name":"Telegraph Avenue","surface":"asphalt"},"geometry":{"type":"LineString","coordinates":[[-122.258563,37.864696],[-122.258534,37.86461]]}},{"type":"Feature","properties":{"kind":"road","name":"Telegraph Avenue","surface":"asphalt"},"geometry":{"type":"LineString","coordinates":[[-122.258557,37.864392],[-122.258534,37.86461]]}},{"type":"Feature","properties":{"kind":"road","name":"Telegraph Avenue","surface":"asphalt"},"geometry":{"type":"LineString","coordinates":[[-122.258587,37.864174],[-122.258557,37.864392]]}},{"type":"Feature","properties":{"kind":"road","name":"Telegraph Avenue","surface":"asphalt"},"geometry":{"type":"LineString","coordinates":[[-122.258984,37.865058],[-122.258696,37.86497]]}},{"type":"Feature","properties":{"kind":"track","surface":"dirt"},"geometry":{"type":"LineString","coordinates":[[-122.25781,37.86521],[-122.257732,37.865286],[-122.257346,37.865459]]}},{"type":"Feature","properties":{"kind":"track","surface":"dirt"},"geometry":{"type":"LineString","coordinates":[[-122.257567,37.865934],[-122.257942,37.866119]]}},{"type":"Feature","properties":{"kind":"road","name":"Martin Luther King Junior Way","surface":"asphalt"},"geometry":{"type":"LineString","coordinates":[[-122.272144,37.863658],[-122.272136,37.863575]]}},{"type":"Feature","properties":{"kind":"road","name":"Martin Luther King Junior Way","surface":"asphalt"},"geometry":{"type":"LineString","coordinates":[[-122.272089,37.863153],[-122.272078,37.863065]]}},{"type":"Feature","properties":{"kind":"road","name":"Martin Luther King Junior Way","surface":"asphalt"},"geometry":{"type":"LineString","coordinates":[[-122.272136,37.863575],[-122.272157,37.863357]]}},{"type":"Feature","properties":{"kind":"road","name":"Martin Luther King Junior Way","surface":"asphalt"},"geometry":{"type":"LineString","coordinates":[[-122.272157,37.863357],[-122.272089,37.863153]]}},{"type":"Feature","properties":{"kind":"road","name":"Dwight Way","surface":"asphalt"},"geometry":{"type":"LineString","coordinates":[[-122.272157,37.863357],[-122.272073,37.863365]]}},{"type":"Feature","properties":{"kind":"road","name":"Martin Luther King Junior Way","surface":"asphalt"},"geometry":{"type":"LineString","coordinates":[[-122.272034,37.862684],[-122.272069,37.862641],[-122.272051,37.862458]]}},{"type":"Feature","properties":{"kind":"road","name":"Martin Luther King Junior Way","surface":"asphalt"},"geometry":{"type":"LineString","coordinates":[[-122.271984,37.862243],[-122.271974,37.862467]]}},{"type":"Feature","properties":{"kind":"road","name":"Martin Luther King Junior Way","surface":"asphalt"},"geometry":{"type":"LineString","coordinates":[[-122.272078,37.863065],[-122.272034,37.862684]]}},{"type":"Feature","properties":{"kind":"road","name":"Wildcat Canyon Road","surface":"asphalt"},"geometry":{"type":"LineString","coordinates":[[-122.243902,37.904976],[-122.24399,37.904964],[-122.244365,37.904889],[-122.244621,37.904778]]}},{"type":"Feature","properties":{"kind":"road","name":"University Avenue","surface":"asphalt"},"geometry":{"type":"LineString","coordinates":[[-122.275278,37.871213],[-122.273583,37.871432]]}},{"type":"Feature","properties":{"kind":"trail","name":"Trumpetvine Court"},"geometry":{"type":"LineString","coordinates":[[-122.267206,37.869573],[-122.267208,37.869585]]}},{"type":"Feature","properties":{"kind":"road","name":"Telegraph Avenue"},"geometry":{"type":"LineString","coordinates":[[-122.258714,37.863263],[-122.258587,37.864174]]}},{"type":"Feature","properties":{"kind":"road","name":"Chemistry Plaza"},"geometry":{"type":"LineString","coordinates":[[-122.256142,37.872466],[-122.25591,37.872519],[-122.255987,37.87276],[-122.255804,37.872804],[-122.255608,37.872849],[-122.255513,37.872592],[-122.255498,37.872552],[-122.255093,37.872653],[-122.255105,37.872686],[-122.255191,37.872845],[-122.255521,37.87316],[-122.255562,37.873152],[-122.255534,37.873043],[-122.255742,37.872987],[-122.255859,37.87296],[-122.256051,37.872917],[-122.256191,37.872895],[-122.256208,37.87294],[-122.256264,37.872928],[-122.256307,37.872918],[-122.256153,37.872495],[-122.256142,37.872466]]}},{"type":"Feature","properties":{"kind":"road","name":"Dwight Way","surface":"asphalt"},"geometry":{"type":"LineString","coordinates":[[-122.256515,37.865375],[-122.256385,37.865392]]}},{"type":"Feature","properties":{"kind":"road","name":"Dwight Way","surface":"asphalt"},"geometry":{"type":"LineString","coordinates":[[-122.258454,37.865127],[-122.25781,37.86521]]}},{"type":"Feature","properties":{"kind":"road","name":"Haste Street","surface":"asphalt"},"geometry":{"type":"LineString","coordinates":[[-122.257942,37.866119],[-122.258638,37.866029]]}},{"type":"Feature","properties":{"kind":"steps","surface":"stone"},"geometry":{"type":"LineString","coordinates":[[-122.268915,37.893508],[-122.268972,37.893482]]}},{"type":"Feature","properties":{"kind":"steps","surface":"railway_sleepers"},"geometry":{"type":"LineString","coordinates":[[-122.268809,37.893557],[-122.268915,37.893508]]}},{"type":"Feature","properties":{"kind":"trail","surface":"unpaved"},"geometry":{"type":"LineString","coordinates":[[-122.268567,37.89334],[-122.26861,37.893427],[-122.268809,37.893557]]}},{"type":"Feature","properties":{"kind":"steps","surface":"railway_sleepers"},"geometry":{"type":"LineString","coordinates":[[-122.268572,37.893258],[-122.268567,37.89334]]}},{"type":"Feature","properties":{"kind":"steps","surface":"stone"},"geometry":{"type":"LineString","coordinates":[[-122.268658,37.893258],[-122.268699,37.8933]]}},{"type":"Feature","properties":{"kind":"steps","surface":"stone"},"geometry":{"type":"LineString","coordinates":[[-122.268722,37.893256],[-122.268658,37.893258],[-122.268618,37.893216],[-122.268572,37.893258]]}},{"type":"Feature","properties":{"kind":"steps","surface":"railway_sleepers"},"geometry":{"type":"LineString","coordinates":[[-122.268739,37.893239],[-122.268722,37.893256]]}},{"type":"Feature","properties":{"kind":"steps","surface":"stone"},"geometry":{"type":"LineString","coordinates":[[-122.269062,37.893279],[-122.268962,37.893325]]}},{"type":"Feature","properties":{"kind":"trail","surface":"unpaved"},"geometry":{"type":"LineString","coordinates":[[-122.268972,37.893482],[-122.269,37.893426],[-122.268962,37.893325],[-122.268822,37.893185],[-122.268739,37.893239]]}},{"type":"Feature","properties":{"kind":"road","name":"Martin Luther King Junior Way","surface":"asphalt"},"geometry":{"type":"LineString","coordinates":[[-122.272051,37.862458],[-122.272031,37.862291],[-122.271984,37.862243]]}},{"type":"Feature","properties":{"kind":"road","name":"Martin Luther King Junior Way","surface":"asphalt"},"geometry":{"type":"LineString","coordinates":[[-122.271974,37.862467],[-122.271991,37.862644],[-122.272034,37.862684]]}},{"type":"Feature","properties":{"kind":"road","name":"California Street","surface":"concrete"},"geometry":{"type":"LineString","coordinates":[[-122.280005,37.872659],[-122.279955,37.872731],[-122.279974,37.872887],[-122.28004,37.872912]]}},{"type":"Feature","properties":{"kind":"trail"},"geometry":{"type":"LineString","coordinates":[[-122.226043,37.887952],[-122.226262,37.888308],[-122.226775,37.888474],[-122.227166,37.888758],[-122.228024,37.889051]]}},{"type":"Feature","properties":{"kind":"steps","name":"Vicente Canyon Hillside","surface":"unpaved"},"geometry":{"type":"LineString","coordinates":[[-122.234676,37.857116],[-122.234709,37.85736]]}},{"type":"Feature","properties":{"kind":"trail","surface":"concrete"},"geometry":{"type":"LineString","coordinates":[[-122.275263,37.885517],[-122.275344,37.885584]]}},{"type":"Feature","properties":{"kind":"trail","surface":"concrete"},"geometry":{"type":"LineString","coordinates":[[-122.275344,37.885584],[-122.275202,37.885672]]}},{"type":"Feature","properties":{"kind":"trail","surface":"concrete"},"geometry":{"type":"LineString","coordinates":[[-122.27525,37.885354],[-122.275146,37.885267]]}},{"type":"Feature","properties":{"kind":"steps","surface":"concrete"},"geometry":{"type":"LineString","coordinates":[[-122.275263,37.885364],[-122.27525,37.885354]]}},{"type":"Feature","properties":{"kind":"steps","surface":"concrete"},"geometry":{"type":"LineString","coordinates":[[-122.275242,37.885534],[-122.275252,37.885526]]}},{"type":"Feature","properties":{"kind":"trail","surface":"concrete"},"geometry":{"type":"LineString","coordinates":[[-122.275142,37.88561],[-122.275242,37.885534]]}},{"type":"Feature","properties":{"kind":"trail","surface":"concrete"},"geometry":{"type":"LineString","coordinates":[[-122.275252,37.885526],[-122.275263,37.885517],[-122.275263,37.885364]]}},{"type":"Feature","properties":{"kind":"steps","surface":"concrete"},"geometry":{"type":"LineString","coordinates":[[-122.275558,37.885559],[-122.275523,37.88553]]}},{"type":"Feature","properties":{"kind":"trail","surface":"concrete"},"geometry":{"type":"LineString","coordinates":[[-122.275252,37.885727],[-122.275487,37.885673],[-122.275597,37.885592],[-122.275558,37.885559]]}},{"type":"Feature","properties":{"kind":"trail"},"geometry":{"type":"LineString","coordinates":[[-122.246667,37.878336],[-122.246623,37.878339]]}},{"type":"Feature","properties":{"kind":"trail"},"geometry":{"type":"LineString","coordinates":[[-122.246697,37.878335],[-122.246667,37.878336]]}},{"type":"Feature","properties":{"kind":"trail"},"geometry":{"type":"LineString","coordinates":[[-122.246718,37.878333],[-122.246697,37.878335]]}},{"type":"Feature","properties":{"kind":"trail"},"geometry":{"type":"LineString","coordinates":[[-122.246487,37.878484],[-122.246421,37.878492]]}},{"type":"Feature","properties":{"kind":"road","name":"Fulton Street","surface":"asphalt"},"geometry":{"type":"LineString","coordinates":[[-122.266086,37.868516],[-122.266177,37.868719]]}},{"type":"Feature","properties":{"kind":"road","name":"Martin Luther King Junior Way","surface":"asphalt"},"geometry":{"type":"LineString","coordinates":[[-122.272864,37.870593],[-122.27288,37.870739],[-122.27294,37.870781]]}},{"type":"Feature","properties":{"kind":"road","name":"Martin Luther King Junior Way","surface":"asphalt"},"geometry":{"type":"LineString","coordinates":[[-122.272967,37.870579],[-122.272901,37.87041]]}},{"type":"Feature","properties":{"kind":"trail","surface":"concrete"},"geometry":{"type":"LineString","coordinates":[[-122.27834,37.875273],[-122.278244,37.875237]]}},{"type":"Feature","properties":{"kind":"trail","surface":"concrete"},"geometry":{"type":"LineString","coordinates":[[-122.27845,37.875284],[-122.27834,37.875273],[-122.278334,37.875158]]}},{"type":"Feature","properties":{"kind":"trail","surface":"concrete"},"geometry":{"type":"LineString","coordinates":[[-122.277997,37.87505],[-122.2781,37.875039],[-122.2782,37.875089],[-122.278334,37.875158],[-122.278438,37.875155]]}},{"type":"Feature","properties":{"kind":"trail","surface":"concrete"},"geometry":{"type":"LineString","coordinates":[[-122.278459,37.875385],[-122.27845,37.875284],[-122.278438,37.875155],[-122.278432,37.875064],[-122.278378,37.875033],[-122.2782,37.875089]]}},{"type":"Feature","properties":{"kind":"trail","surface":"concrete"},"geometry":{"type":"LineString","coordinates":[[-122.278062,37.875407],[-122.278244,37.875237],[-122.278334,37.875158]]}},{"type":"Feature","properties":{"kind":"steps"},"geometry":{"type":"LineString","coordinates":[[-122.273313,37.895475],[-122.273295,37.8955]]}},{"type":"Feature","properties":{"kind":"trail"},"geometry":{"type":"LineString","coordinates":[[-122.273314,37.895465],[-122.273313,37.895475]]}},{"type":"Feature","properties":{"kind":"steps","name":"Easter Way","surface":"concrete"},"geometry":{"type":"LineString","coordinates":[[-122.265255,37.892457],[-122.264969,37.892468]]}},{"type":"Feature","properties":{"kind":"trail","name":"Easter Way","surface":"concrete"},"geometry":{"type":"LineString","coordinates":[[-122.266539,37.89237],[-122.26638,37.892398]]}},{"type":"Feature","properties":{"kind":"steps","name":"Easter Way","surface":"concrete"},"geometry":{"type":"LineString","coordinates":[[-122.2667,37.892342],[-122.266539,37.89237]]}},{"type":"Feature","properties":{"kind":"road","name":"Spruce Street","surface":"asphalt"},"geometry":{"type":"LineString","coordinates":[[-122.267121,37.89035],[-122.266945,37.889751],[-122.266923,37.889674],[-122.266879,37.889526]]}},{"type":"Feature","properties":{"kind":"road","name":"Spruce Street","surface":"asphalt"},"geometry":{"type":"LineString","coordinates":[[-122.267706,37.893156],[-122.267461,37.892999],[-122.267306,37.89291],[-122.267094,37.89277],[-122.266957,37.89252],[-122.266962,37.892303],[-122.266981,37.89224],[-122.26705,37.892049],[-122.267066,37.892007]]}},{"type":"Feature","properties":{"kind":"steps","surface":"stone"},"geometry":{"type":"LineString","coordinates":[[-122.2726,37.893216],[-122.272574,37.893289]]}},{"type":"Feature","properties":{"kind":"trail","surface":"unpaved"},"geometry":{"type":"LineString","coordinates":[[-122.272574,37.893289],[-122.272535,37.893284]]}},{"type":"Feature","properties":{"kind":"trail","surface":"unpaved"},"geometry":{"type":"LineString","coordinates":[[-122.27252,37.893353],[-122.272185,37.893379]]}},{"type":"Feature","properties":{"kind":"steps","surface":"stone"},"geometry":{"type":"LineString","coordinates":[[-122.272344,37.893504],[-122.272365,37.893435]]}},{"type":"Feature","properties":{"kind":"trail","surface":"unpaved"},"geometry":{"type":"LineString","coordinates":[[-122.272178,37.893388],[-122.272185,37.893379]]}},{"type":"Feature","properties":{"kind":"steps","surface":"stone"},"geometry":{"type":"LineString","coordinates":[[-122.272137,37.893463],[-122.272178,37.893388]]}},{"type":"Feature","properties":{"kind":"trail","surface":"concrete"},"geometry":{"type":"LineString","coordinates":[[-122.272668,37.89322],[-122.2726,37.893216]]}},{"type":"Feature","properties":{"kind":"trail","surface":"unpaved"},"geometry":{"type":"LineString","coordinates":[[-122.272535,37.893284],[-122.27252,37.893353],[-122.272365,37.893435],[-122.272185,37.893379],[-122.272122,37.893272],[-122.272136,37.893178],[-122.272217,37.893122],[-122.272455,37.893118],[-122.272535,37.893284]]}},{"type":"Feature","properties":{"kind":"trail"},"geometry":{"type":"LineString","coordinates":[[-122.278007,37.882566],[-122.278033,37.882857]]}},{"type":"Feature","properties":{"kind":"trail","surface":"unpaved"},"geometry":{"type":"LineString","coordinates":[[-122.246354,37.898385],[-122.246634,37.898602],[-122.246468,37.898813],[-122.246058,37.898684],[-122.245056,37.898786],[-122.244396,37.898919],[-122.244156,37.899048],[-122.244005,37.899068],[-122.243964,37.899127]]}},{"type":"Feature","properties":{"kind":"track","name":"E S Anderson Equestrian Camp"},"geometry":{"type":"LineString","coordinates":[[-122.247016,37.898102],[-122.247004,37.898211],[-122.246412,37.898238],[-122.246329,37.898282],[-122.246354,37.898385]]}},{"type":"Feature","properties":{"kind":"trail","surface":"concrete:plates"},"geometry":{"type":"LineString","coordinates":[[-122.223343,37.880588],[-122.223456,37.880683],[-122.223499,37.880789],[-122.22326,37.880776],[-122.223253,37.880893]]}},{"type":"Feature","properties":{"kind":"steps","surface":"asphalt"},"geometry":{"type":"LineString","coordinates":[[-122.264697,37.870742],[-122.264601,37.8707]]}},{"type":"Feature","properties":{"kind":"trail","surface":"concrete"},"geometry":{"type":"LineString","coordinates":[[-122.264932,37.870208],[-122.264934,37.870215]]}},{"type":"Feature","properties":{"kind":"road","name":"Dwight Way","surface":"asphalt"},"geometry":{"type":"LineString","coordinates":[[-122.255213,37.865544],[-122.254138,37.865685]]}},{"type":"Feature","properties":{"kind":"steps","surface":"concrete"},"geometry":{"type":"LineString","coordinates":[[-122.256153,37.868341],[-122.256136,37.868273]]}},{"type":"Feature","properties":{"kind":"trail","surface":"paved"},"geometry":{"type":"LineString","coordinates":[[-122.256301,37.868341],[-122.256153,37.868341],[-122.255972,37.868342],[-122.255937,37.868207]]}},{"type":"Feature","properties":{"kind":"road","name":"Dana Street","surface":"asphalt"},"geometry":{"type":"LineString","coordinates":[[-122.260909,37.865735],[-122.260801,37.865215]]}},{"type":"Feature","properties":{"kind":"road","name":"Dana Street","surface":"asphalt"},"geometry":{"type":"LineString","coordinates":[[-122.260964,37.865993],[-122.260909,37.865735]]}},{"type":"Feature","properties":{"kind":"road","name":"Spieker Plaza","surface":"paved"},"geometry":{"type":"LineString","coordinates":[[-122.261479,37.86849],[-122.261464,37.868416]]}},{"type":"Feature","properties":{"kind":"trail","surface":"paved"},"geometry":{"type":"LineString","coordinates":[[-122.255476,37.869117],[-122.255489,37.869184]]}},{"type":"Feature","properties":{"kind":"trail","surface":"asphalt"},"geometry":{"type":"LineString","coordinates":[[-122.263834,37.868207],[-122.263816,37.86812]]}},{"type":"Feature","properties":{"kind":"trail"},"geometry":{"type":"LineString","coordinates":[[-122.261034,37.868792],[-122.26097,37.868825]]}},{"type":"Feature","properties":{"kind":"steps"},"geometry":{"type":"LineString","coordinates":[[-122.261039,37.868815],[-122.261094,37.868808]]}},{"type":"Feature","properties":{"kind":"steps","surface":"concrete"},"geometry":{"type":"LineString","coordinates":[[-122.267376,37.873664],[-122.267255,37.873698]]}},{"type":"Feature","properties":{"kind":"trail","surface":"dirt"},"geometry":{"type":"LineString","coordinates":[[-122.252612,37.900078],[-122.252813,37.900293],[-122.252866,37.900534],[-122.253006,37.900627],[-122.253086,37.90075],[-122.253161,37.900754],[-122.25307,37.900633],[-122.253093,37.900554],[-122.253236,37.900493],[-122.253406,37.900684]]}},{"type":"Feature","properties":{"kind":"trail","name":"Wildcat Gorge Trail","surface":"ground"},"geometry":{"type":"LineString","coordinates":[[-122.254918,37.903109],[-122.25446,37.902473],[-122.254197,37.902298],[-122.253935,37.901905],[-122.253861,37.901569],[-122.253563,37.901218],[-122.253406,37.900684],[-122.253321,37.900375],[-122.252972,37.899672],[-122.252694,37.899464],[-122.252662,37.89908],[-122.252653,37.898967]]}},{"type":"Feature","properties":{"kind":"trail","name":"Wildcat Gorge Trail","surface":"ground"},"geometry":{"type":"LineString","coordinates":[[-122.254971,37.903168],[-122.254918,37.903109]]}},{"type":"Feature","properties":{"kind":"trail","surface":"ground"},"geometry":{"type":"LineString","coordinates":[[-122.252144,37.901995],[-122.252354,37.901964],[-122.252476,37.901872],[-122.252442,37.901697],[-122.25251,37.901448]]}},{"type":"Feature","properties":{"kind":"trail","surface":"concrete"},"geometry":{"type":"LineString","coordinates":[[-122.254205,37.870176],[-122.254075,37.870184]]}},{"type":"Feature","properties":{"kind":"steps","surface":"brick"},"geometry":{"type":"LineString","coordinates":[[-122.254008,37.870189],[-122.253994,37.870189]]}},{"type":"Feature","properties":{"kind":"road","name":"Hugh and Hazel Darling Courtyard","surface":"paved"},"geometry":{"type":"LineString","coordinates":[[-122.253084,37.869623],[-122.25299,37.869636],[-122.25296,37.86964],[-122.253032,37.869847],[-122.25313,37.869833],[-122.253113,37.869755],[-122.253084,37.869623]]}},{"type":"Feature","properties":{"kind":"trail","surface":"concrete"},"geometry":{"type":"LineString","coordinates":[[-122.254009,37.870204],[-122.254016,37.870288]]}},{"type":"Feature","properties":{"kind":"trail","surface":"asphalt"},"geometry":{"type":"LineString","coordinates":[[-122.253865,37.870355],[-122.253866,37.870319]]}},{"type":"Feature","properties":{"kind":"trail"},"geometry":{"type":"LineString","coordinates":[[-122.253193,37.869551],[-122.253084,37.869623]]}},{"type":"Feature","properties":{"kind":"trail","surface":"concrete"},"geometry":{"type":"LineString","coordinates":[[-122.254005,37.870315],[-122.254003,37.870289]]}},{"type":"Feature","properties":{"kind":"trail","surface":"concrete"},"geometry":{"type":"LineString","coordinates":[[-122.254016,37.870288],[-122.254003,37.870289]]}},{"type":"Feature","properties":{"kind":"steps","surface":"bricks"},"geometry":{"type":"LineString","coordinates":[[-122.254018,37.870316],[-122.254016,37.870288]]}},{"type":"Feature","properties":{"kind":"steps","surface":"concrete"},"geometry":{"type":"LineString","coordinates":[[-122.254147,37.869473],[-122.254046,37.869487]]}},{"type":"Feature","properties":{"kind":"trail","surface":"paving_stones"},"geometry":{"type":"LineString","coordinates":[[-122.254215,37.869853],[-122.254133,37.869856]]}},{"type":"Feature","properties":{"kind":"trail"},"geometry":{"type":"LineString","coordinates":[[-122.253133,37.869765],[-122.252982,37.869786]]}},{"type":"Feature","properties":{"kind":"trail"},"geometry":{"type":"LineString","coordinates":[[-122.253926,37.870052],[-122.253748,37.870074],[-122.253687,37.870082]]}},{"type":"Feature","properties":{"kind":"trail","surface":"concrete"},"geometry":{"type":"LineString","coordinates":[[-122.254003,37.870289],[-122.253994,37.870189]]}},{"type":"Feature","properties":{"kind":"trail","surface":"concrete"},"geometry":{"type":"LineString","coordinates":[[-122.253999,37.870074],[-122.254007,37.870178]]}},{"type":"Feature","properties":{"kind":"steps","surface":"concrete"},"geometry":{"type":"LineString","coordinates":[[-122.253971,37.870047],[-122.253926,37.870052]]}},{"type":"Feature","properties":{"kind":"trail","surface":"paving_stones"},"geometry":{"type":"LineString","coordinates":[[-122.254046,37.869487],[-122.254133,37.869856],[-122.254165,37.869996]]}},{"type":"Feature","properties":{"kind":"steps","surface":"bricks"},"geometry":{"type":"LineString","coordinates":[[-122.254075,37.870184],[-122.254008,37.870189]]}},{"type":"Feature","properties":{"kind":"trail","surface":"concrete"},"geometry":{"type":"LineString","coordinates":[[-122.253866,37.870319],[-122.254005,37.870315]]}},{"type":"Feature","properties":{"kind":"steps","surface":"brick"},"geometry":{"type":"LineString","coordinates":[[-122.253996,37.870044],[-122.253999,37.870074]]}},{"type":"Feature","properties":{"kind":"trail","surface":"asphalt"},"geometry":{"type":"LineString","coordinates":[[-122.254018,37.870348],[-122.254018,37.870316]]}},{"type":"Feature","properties":{"kind":"trail","surface":"bricks"},"geometry":{"type":"LineString","coordinates":[[-122.254007,37.870178],[-122.254008,37.870189],[-122.254009,37.870204]]}},{"type":"Feature","properties":{"kind":"trail","surface":"bricks"},"geometry":{"type":"LineString","coordinates":[[-122.253994,37.870189],[-122.253984,37.870191]]}},{"type":"Feature","properties":{"kind":"steps","surface":"concrete"},"geometry":{"type":"LineString","coordinates":[[-122.254042,37.870038],[-122.254009,37.870042]]}},{"type":"Feature","properties":{"kind":"steps","surface":"concrete"},"geometry":{"type":"LineString","coordinates":[[-122.252992,37.869645],[-122.25299,37.869636],[-122.252975,37.86958]]}},{"type":"Feature","properties":{"kind":"road","name":"Fulton Street","surface":"asphalt"},"geometry":{"type":"LineString","coordinates":[[-122.265946,37.868071],[-122.265993,37.868288]]}},{"type":"Feature","properties":{"kind":"road","name":"Fulton Street","surface":"paved"},"geometry":{"type":"LineString","coordinates":[[-122.265921,37.867842],[-122.265838,37.868029],[-122.265993,37.868288]]}},{"type":"Feature","properties":{"kind":"trail"},"geometry":{"type":"LineString","coordinates":[[-122.252772,37.869744],[-122.252755,37.869742]]}},{"type":"Feature","properties":{"kind":"trail"},"geometry":{"type":"LineString","coordinates":[[-122.25291,37.869796],[-122.252982,37.869786]]}},{"type":"Feature","properties":{"kind":"steps"},"geometry":{"type":"LineString","coordinates":[[-122.2531,37.869878],[-122.253151,37.869896],[-122.253104,37.869902]]}},{"type":"Feature","properties":{"kind":"trail"},"geometry":{"type":"LineString","coordinates":[[-122.253032,37.869847],[-122.253036,37.869872]]}},{"type":"Feature","properties":{"kind":"trail"},"geometry":{"type":"LineString","coordinates":[[-122.252971,37.86988],[-122.252928,37.869878]]}},{"type":"Feature","properties":{"kind":"trail"},"geometry":{"type":"LineString","coordinates":[[-122.253364,37.869694],[-122.253247,37.869679],[-122.253262,37.869748],[-122.253133,37.869765]]}},{"type":"Feature","properties":{"kind":"trail"},"geometry":{"type":"LineString","coordinates":[[-122.253131,37.869752],[-122.253113,37.869755]]}},{"type":"Feature","properties":{"kind":"trail","surface":"asphalt"},"geometry":{"type":"LineString","coordinates":[[-122.259931,37.873732],[-122.259893,37.873736]]}},{"type":"Feature","properties":{"kind":"trail","surface":"paved"},"geometry":{"type":"LineString","coordinates":[[-122.259945,37.873436],[-122.25989,37.873444]]}},{"type":"Feature","properties":{"kind":"trail","surface":"paving_stones"},"geometry":{"type":"LineString","coordinates":[[-122.259945,37.873436],[-122.260291,37.873388],[-122.25998,37.873491]]}},{"type":"Feature","properties":{"kind":"steps","surface":"paved"},"geometry":{"type":"LineString","coordinates":[[-122.259907,37.873416],[-122.25989,37.873444]]}},{"type":"Feature","properties":{"kind":"trail","surface":"paved"},"geometry":{"type":"LineString","coordinates":[[-122.25989,37.873444],[-122.25989,37.873458]]}},{"type":"Feature","properties":{"kind":"steps","surface":"paved"},"geometry":{"type":"LineString","coordinates":[[-122.259934,37.873402],[-122.259945,37.873436]]}},{"type":"Feature","properties":{"kind":"steps","surface":"paved"},"geometry":{"type":"LineString","coordinates":[[-122.259905,37.87365],[-122.259931,37.873732]]}},{"type":"Feature","properties":{"kind":"trail","surface":"fine_gravel"},"geometry":{"type":"LineString","coordinates":[[-122.255474,37.871944],[-122.255225,37.872029]]}},{"type":"Feature","properties":{"kind":"trail","surface":"paving_stones"},"geometry":{"type":"LineString","coordinates":[[-122.254922,37.871945],[-122.254881,37.871946]]}},{"type":"Feature","properties":{"kind":"steps","surface":"paving_stones"},"geometry":{"type":"LineString","coordinates":[[-122.254881,37.871946],[-122.254775,37.871949]]}},{"type":"Feature","properties":{"kind":"trail","surface":"paving_stones"},"geometry":{"type":"LineString","coordinates":[[-122.254923,37.871959],[-122.254922,37.871945],[-122.254919,37.871903]]}},{"type":"Feature","properties":{"kind":"steps","surface":"paving_stones"},"geometry":{"type":"LineString","coordinates":[[-122.254919,37.871903],[-122.254917,37.871869]]}},{"type":"Feature","properties":{"kind":"steps","surface":"paving_stones"},"geometry":{"type":"LineString","coordinates":[[-122.254923,37.871959],[-122.254924,37.871977]]}},{"type":"Feature","properties":{"kind":"trail","surface":"paving_stones"},"geometry":{"type":"LineString","coordinates":[[-122.255011,37.871939],[-122.254922,37.871945]]}},{"type":"Feature","properties":{"kind":"steps","surface":"paving_stones"},"geometry":{"type":"LineString","coordinates":[[-122.255068,37.871933],[-122.255011,37.871939]]}},{"type":"Feature","properties":{"kind":"trail","surface":"concrete"},"geometry":{"type":"LineString","coordinates":[[-122.255095,37.871931],[-122.255124,37.871853],[-122.255145,37.871803]]}},{"type":"Feature","properties":{"kind":"trail","surface":"concrete"},"geometry":{"type":"LineString","coordinates":[[-122.255193,37.872074],[-122.255105,37.872022]]}},{"type":"Feature","properties":{"kind":"trail"},"geometry":{"type":"LineString","coordinates":[[-122.257756,37.871022],[-122.257803,37.871179],[-122.25777,37.871221],[-122.257817,37.871287]]}},{"type":"Feature","properties":{"kind":"trail"},"geometry":{"type":"LineString","coordinates":[[-122.257914,37.871158],[-122.257888,37.871163],[-122.257803,37.871179]]}},{"type":"Feature","properties":{"kind":"trail"},"geometry":{"type":"LineString","coordinates":[[-122.257903,37.871208],[-122.257888,37.871163]]}},{"type":"Feature","properties":{"kind":"trail","surface":"asphalt"},"geometry":{"type":"LineString","coordinates":[[-122.255606,37.871905],[-122.255474,37.871944]]}},{"type":"Feature","properties":{"kind":"trail","surface":"stepping_stones"},"geometry":{"type":"LineString","coordinates":[[-122.255095,37.871931],[-122.255068,37.871933]]}},{"type":"Feature","properties":{"kind":"trail","surface":"paving_stones"},"geometry":{"type":"LineString","coordinates":[[-122.256128,37.870912],[-122.25601,37.870925],[-122.255939,37.870933],[-122.255917,37.870935]]}},{"type":"Feature","properties":{"kind":"trail","surface":"paved"},"geometry":{"type":"LineString","coordinates":[[-122.265344,37.871724],[-122.265331,37.871725],[-122.265211,37.871751]]}},{"type":"Feature","properties":{"kind":"trail","surface":"paving_stones"},"geometry":{"type":"LineString","coordinates":[[-122.260497,37.869389],[-122.260449,37.869381],[-122.260319,37.869395],[-122.260188,37.86941],[-122.260166,37.869413],[-122.260092,37.869421],[-122.259796,37.869464],[-122.259783,37.869469]]}},{"type":"Feature","properties":{"kind":"trail","surface":"paving_stones"},"geometry":{"type":"LineString","coordinates":[[-122.259875,37.869583],[-122.259821,37.869575],[-122.259806,37.869578]]}},{"type":"Feature","properties":{"kind":"trail","surface":"paving_stones"},"geometry":{"type":"LineString","coordinates":[[-122.259792,37.869448],[-122.259796,37.869464],[-122.259809,37.869523],[-122.259821,37.869575]]}},{"type":"Feature","properties":{"kind":"trail","surface":"paving_stones"},"geometry":{"type":"LineString","coordinates":[[-122.259795,37.868814],[-122.259847,37.868869],[-122.259911,37.868865],[-122.259967,37.868861],[-122.260001,37.86892],[-122.260117,37.869191],[-122.260166,37.869413]]}},{"type":"Feature","properties":{"kind":"trail","surface":"paving_stones"},"geometry":{"type":"LineString","coordinates":[[-122.26044,37.869157],[-122.260117,37.869191]]}},{"type":"Feature","properties":{"kind":"trail","surface":"paving_stones"},"geometry":{"type":"LineString","coordinates":[[-122.260503,37.86942],[-122.260469,37.869423],[-122.260458,37.869424],[-122.260449,37.869381]]}},{"type":"Feature","properties":{"kind":"trail","surface":"paving_stones"},"geometry":{"type":"LineString","coordinates":[[-122.259581,37.869423],[-122.259569,37.869497],[-122.259595,37.869608],[-122.259622,37.869604]]}},{"type":"Feature","properties":{"kind":"steps","surface":"wood"},"geometry":{"type":"LineString","coordinates":[[-122.25551,37.871755],[-122.255292,37.871762]]}},{"type":"Feature","properties":{"kind":"steps"},"geometry":{"type":"LineString","coordinates":[[-122.255917,37.871572],[-122.255905,37.871551]]}},{"type":"Feature","properties":{"kind":"trail","surface":"asphalt"},"geometry":{"type":"LineString","coordinates":[[-122.255905,37.871551],[-122.255722,37.871469]]}},{"type":"Feature","properties":{"kind":"steps"},"geometry":{"type":"LineString","coordinates":[[-122.256515,37.871858],[-122.256552,37.871882]]}},{"type":"Feature","properties":{"kind":"trail","surface":"concrete"},"geometry":{"type":"LineString","coordinates":[[-122.25783,37.87249],[-122.257766,37.872505]]}},{"type":"Feature","properties":{"kind":"steps"},"geometry":{"type":"LineString","coordinates":[[-122.257803,37.871876],[-122.257837,37.871968]]}},{"type":"Feature","properties":{"kind":"trail","surface":"compacted"},"geometry":{"type":"LineString","coordinates":[[-122.26141,37.873222],[-122.261384,37.873312],[-122.2613,37.873496]]}},{"type":"Feature","properties":{"kind":"trail","surface":"concrete"},"geometry":{"type":"LineString","coordinates":[[-122.259619,37.870731],[-122.260051,37.870644],[-122.260137,37.870626]]}},{"type":"Feature","properties":{"kind":"steps"},"geometry":{"type":"LineString","coordinates":[[-122.260274,37.870598],[-122.260334,37.870586]]}},{"type":"Feature","properties":{"kind":"trail","surface":"concrete"},"geometry":{"type":"LineString","coordinates":[[-122.260156,37.870622],[-122.260274,37.870598]]}},{"type":"Feature","properties":{"kind":"steps"},"geometry":{"type":"LineString","coordinates":[[-122.260137,37.870626],[-122.260156,37.870622]]}},{"type":"Feature","properties":{"kind":"trail","surface":"concrete"},"geometry":{"type":"LineString","coordinates":[[-122.256191,37.869909],[-122.255921,37.869948],[-122.255914,37.869913]]}},{"type":"Feature","properties":{"kind":"trail","surface":"paving_stones"},"geometry":{"type":"LineString","coordinates":[[-122.255919,37.870497],[-122.255935,37.870534],[-122.256004,37.8707]]}},{"type":"Feature","properties":{"kind":"trail","surface":"asphalt"},"geometry":{"type":"LineString","coordinates":[[-122.256004,37.8707],[-122.256038,37.870784],[-122.255989,37.870887]]}},{"type":"Feature","properties":{"kind":"trail","surface":"concrete"},"geometry":{"type":"LineString","coordinates":[[-122.254197,37.872106],[-122.25417,37.872073],[-122.25409,37.871977]]}},{"type":"Feature","properties":{"kind":"steps"},"geometry":{"type":"LineString","coordinates":[[-122.25409,37.871977],[-122.254089,37.871962]]}},{"type":"Feature","properties":{"kind":"trail","surface":"concrete"},"geometry":{"type":"LineString","coordinates":[[-122.283722,37.869619],[-122.283702,37.869591]]}},{"type":"Feature","properties":{"kind":"trail","surface":"concrete"},"geometry":{"type":"LineString","coordinates":[[-122.283517,37.869681],[-122.283518,37.869687]]}},{"type":"Feature","properties":{"kind":"trail","surface":"asphalt"},"geometry":{"type":"LineString","coordinates":[[-122.283702,37.869591],[-122.28367,37.869575]]}},{"type":"Feature","properties":{"kind":"trail","surface":"asphalt"},"geometry":{"type":"LineString","coordinates":[[-122.283514,37.869645],[-122.283517,37.869681]]}},{"type":"Feature","properties":{"kind":"trail","surface":"concrete"},"geometry":{"type":"LineString","coordinates":[[-122.260952,37.872732],[-122.260961,37.872764]]}},{"type":"Feature","properties":{"kind":"trail","surface":"dirt"},"geometry":{"type":"LineString","coordinates":[[-122.260368,37.872971],[-122.260119,37.872785]]}},{"type":"Feature","properties":{"kind":"trail","surface":"asphalt"},"geometry":{"type":"LineString","coordinates":[[-122.260487,37.873184],[-122.260564,37.873082],[-122.260603,37.872853],[-122.260766,37.872812]]}},{"type":"Feature","properties":{"kind":"trail","surface":"concrete"},"geometry":{"type":"LineString","coordinates":[[-122.260766,37.872812],[-122.260961,37.872764],[-122.261119,37.872726]]}},{"type":"Feature","properties":{"kind":"steps"},"geometry":{"type":"LineString","coordinates":[[-122.260952,37.872732],[-122.260962,37.872729]]}},{"type":"Feature","properties":{"kind":"trail","surface":"asphalt"},"geometry":{"type":"LineString","coordinates":[[-122.260424,37.874043],[-122.260389,37.874072],[-122.2604,37.87429],[-122.260337,37.874442]]}},{"type":"Feature","properties":{"kind":"trail","surface":"asphalt"},"geometry":{"type":"LineString","coordinates":[[-122.255498,37.871165],[-122.255456,37.871168]]}},{"type":"Feature","properties":{"kind":"steps","surface":"concrete"},"geometry":{"type":"LineString","coordinates":[[-122.255519,37.871192],[-122.255498,37.871165]]}},{"type":"Feature","properties":{"kind":"trail","surface":"paving_stones"},"geometry":{"type":"LineString","coordinates":[[-122.254866,37.871846],[-122.254775,37.871949]]}},{"type":"Feature","properties":{"kind":"trail","surface":"wood"},"geometry":{"type":"LineString","coordinates":[[-122.255543,37.871818],[-122.255539,37.87182]]}},{"type":"Feature","properties":{"kind":"trail","surface":"asphalt"},"geometry":{"type":"LineString","coordinates":[[-122.255527,37.87178],[-122.255521,37.871783]]}},{"type":"Feature","properties":{"kind":"trail","surface":"paving_stones"},"geometry":{"type":"LineString","coordinates":[[-122.255124,37.871853],[-122.254915,37.871841],[-122.254866,37.871846],[-122.254736,37.871871]]}},{"type":"Feature","properties":{"kind":"steps","surface":"concrete"},"geometry":{"type":"LineString","coordinates":[[-122.255518,37.871748],[-122.25551,37.871755]]}},{"type":"Feature","properties":{"kind":"steps","surface":"wood"},"geometry":{"type":"LineString","coordinates":[[-122.255521,37.871783],[-122.255543,37.871818]]}},{"type":"Feature","properties":{"kind":"trail","surface":"paved"},"geometry":{"type":"LineString","coordinates":[[-122.254022,37.871655],[-122.253862,37.871583]]}},{"type":"Feature","properties":{"kind":"steps","surface":"concrete"},"geometry":{"type":"LineString","coordinates":[[-122.254428,37.870954],[-122.254383,37.870959]]}},{"type":"Feature","properties":{"kind":"trail","surface":"concrete"},"geometry":{"type":"LineString","coordinates":[[-122.254383,37.870959],[-122.254337,37.870963]]}},{"type":"Feature","properties":{"kind":"trail","surface":"concrete"},"geometry":{"type":"LineString","coordinates":[[-122.254473,37.870948],[-122.254428,37.870954],[-122.25443,37.870971]]}},{"type":"Feature","properties":{"kind":"trail","surface":"paving_stones"},"geometry":{"type":"LineString","coordinates":[[-122.253791,37.869521],[-122.253793,37.869527]]}},{"type":"Feature","properties":{"kind":"trail","surface":"paving_stones"},"geometry":{"type":"LineString","coordinates":[[-122.253761,37.869724],[-122.253794,37.869735]]}},{"type":"Feature","properties":{"kind":"trail","surface":"paving_stones"},"geometry":{"type":"LineString","coordinates":[[-122.253739,37.869613],[-122.253768,37.86961]]}},{"type":"Feature","properties":{"kind":"trail","surface":"concrete"},"geometry":{"type":"LineString","coordinates":[[-122.262084,37.871043],[-122.262121,37.871131],[-122.262078,37.871144]]}},{"type":"Feature","properties":{"kind":"steps","surface":"concrete"},"geometry":{"type":"LineString","coordinates":[[-122.250863,37.869593],[-122.250455,37.869642]]}},{"type":"Feature","properties":{"kind":"trail"},"geometry":{"type":"LineString","coordinates":[[-122.250324,37.869663],[-122.250455,37.869642]]}},{"type":"Feature","properties":{"kind":"steps","surface":"wood"},"geometry":{"type":"LineString","coordinates":[[-122.250912,37.869586],[-122.250863,37.869593]]}},{"type":"Feature","properties":{"kind":"steps","surface":"concrete"},"geometry":{"type":"LineString","coordinates":[[-122.254881,37.869193],[-122.254875,37.869166]]}},{"type":"Feature","properties":{"kind":"trail","surface":"concrete"},"geometry":{"type":"LineString","coordinates":[[-122.254865,37.869114],[-122.254874,37.869159],[-122.254875,37.869166]]}},{"type":"Feature","properties":{"kind":"trail","surface":"concrete"},"geometry":{"type":"LineString","coordinates":[[-122.254793,37.869116],[-122.254811,37.869114]]}},{"type":"Feature","properties":{"kind":"trail","surface":"concrete"},"geometry":{"type":"LineString","coordinates":[[-122.254804,37.869168],[-122.254822,37.869166]]}},{"type":"Feature","properties":{"kind":"trail","surface":"concrete"},"geometry":{"type":"LineString","coordinates":[[-122.254874,37.869159],[-122.254822,37.869166]]}},{"type":"Feature","properties":{"kind":"trail","surface":"paved"},"geometry":{"type":"LineString","coordinates":[[-122.255011,37.870601],[-122.254992,37.870604]]}},{"type":"Feature","properties":{"kind":"trail","surface":"asphalt"},"geometry":{"type":"LineString","coordinates":[[-122.254962,37.869665],[-122.254915,37.869658]]}},{"type":"Feature","properties":{"kind":"steps","surface":"concrete"},"geometry":{"type":"LineString","coordinates":[[-122.254835,37.870646],[-122.254843,37.870685]]}},{"type":"Feature","properties":{"kind":"trail","surface":"concrete"},"geometry":{"type":"LineString","coordinates":[[-122.254835,37.870646],[-122.254809,37.87065]]}},{"type":"Feature","properties":{"kind":"steps","surface":"concrete"},"geometry":{"type":"LineString","coordinates":[[-122.254863,37.870642],[-122.254835,37.870646]]}},{"type":"Feature","properties":{"kind":"trail","surface":"paved"},"geometry":{"type":"LineString","coordinates":[[-122.255144,37.870047],[-122.255108,37.870052],[-122.255002,37.870065]]}},{"type":"Feature","properties":{"kind":"trail","surface":"concrete"},"geometry":{"type":"LineString","coordinates":[[-122.282568,37.873627],[-122.282563,37.8736]]}},{"type":"Feature","properties":{"kind":"trail","surface":"asphalt"},"geometry":{"type":"LineString","coordinates":[[-122.282563,37.8736],[-122.282576,37.873599]]}},{"type":"Feature","properties":{"kind":"trail","surface":"asphalt"},"geometry":{"type":"LineString","coordinates":[[-122.281748,37.870743],[-122.28173,37.870646]]}},{"type":"Feature","properties":{"kind":"trail","surface":"concrete"},"geometry":{"type":"LineString","coordinates":[[-122.281476,37.870765],[-122.281748,37.870743],[-122.28192,37.870722]]}},{"type":"Feature","properties":{"kind":"steps","surface":"concrete"},"geometry":{"type":"LineString","coordinates":[[-122.254299,37.867069],[-122.254354,37.867064]]}},{"type":"Feature","properties":{"kind":"trail","surface":"concrete"},"geometry":{"type":"LineString","coordinates":[[-122.255425,37.866708],[-122.25546,37.866704]]}},{"type":"Feature","properties":{"kind":"trail","surface":"brick"},"geometry":{"type":"LineString","coordinates":[[-122.254367,37.867385],[-122.254414,37.867379],[-122.254445,37.867374]]}},{"type":"Feature","properties":{"kind":"trail","surface":"brick"},"geometry":{"type":"LineString","coordinates":[[-122.254282,37.866699],[-122.254249,37.866697]]}},{"type":"Feature","properties":{"kind":"trail","surface":"paved"},"geometry":{"type":"LineString","coordinates":[[-122.255144,37.866546],[-122.255152,37.86658]]}},{"type":"Feature","properties":{"kind":"trail","surface":"concrete"},"geometry":{"type":"LineString","coordinates":[[-122.254423,37.866644],[-122.254428,37.866667]]}},{"type":"Feature","properties":{"kind":"trail","surface":"concrete"},"geometry":{"type":"LineString","coordinates":[[-122.254249,37.866697],[-122.254218,37.866695]]}},{"type":"Feature","properties":{"kind":"trail","surface":"concrete"},"geometry":{"type":"LineString","coordinates":[[-122.255581,37.867261],[-122.25546,37.866704],[-122.255438,37.866603],[-122.255405,37.866446]]}},{"type":"Feature","properties":{"kind":"trail","surface":"paved"},"geometry":{"type":"LineString","coordinates":[[-122.255156,37.867316],[-122.255152,37.867293]]}},{"type":"Feature","properties":{"kind":"trail","surface":"brick"},"geometry":{"type":"LineString","coordinates":[[-122.254282,37.866699],[-122.254311,37.866843],[-122.254354,37.867064],[-122.254414,37.867379]]}},{"type":"Feature","properties":{"kind":"steps","surface":"concrete"},"geometry":{"type":"LineString","coordinates":[[-122.254253,37.866856],[-122.254311,37.866843]]}},{"type":"Feature","properties":{"kind":"trail","surface":"concrete"},"geometry":{"type":"LineString","coordinates":[[-122.255438,37.866603],[-122.255404,37.866607]]}},{"type":"Feature","properties":{"kind":"steps","surface":"concrete"},"geometry":{"type":"LineString","coordinates":[[-122.254795,37.868465],[-122.254798,37.868477]]}},{"type":"Feature","properties":{"kind":"trail","surface":"concrete"},"geometry":{"type":"LineString","coordinates":[[-122.254804,37.869168],[-122.254793,37.869116],[-122.254782,37.869068],[-122.254767,37.868987]]}},{"type":"Feature","properties":{"kind":"trail","surface":"concrete"},"geometry":{"type":"LineString","coordinates":[[-122.254672,37.868998],[-122.254767,37.868987],[-122.254784,37.868986]]}},{"type":"Feature","properties":{"kind":"steps"},"geometry":{"type":"LineString","coordinates":[[-122.254689,37.869078],[-122.25473,37.869074]]}},{"type":"Feature","properties":{"kind":"trail","surface":"concrete"},"geometry":{"type":"LineString","coordinates":[[-122.254784,37.868986],[-122.254895,37.868972]]}},{"type":"Feature","properties":{"kind":"steps","surface":"brick"},"geometry":{"type":"LineString","coordinates":[[-122.254682,37.868594],[-122.254692,37.868592]]}},{"type":"Feature","properties":{"kind":"trail","surface":"concrete"},"geometry":{"type":"LineString","coordinates":[[-122.25473,37.869074],[-122.254782,37.869068]]}},{"type":"Feature","properties":{"kind":"trail","surface":"concrete"},"geometry":{"type":"LineString","coordinates":[[-122.254791,37.868445],[-122.254795,37.868465]]}},{"type":"Feature","properties":{"kind":"trail","surface":"concrete"},"geometry":{"type":"LineString","coordinates":[[-122.254692,37.868592],[-122.254819,37.868574],[-122.254798,37.868477]]}},{"type":"Feature","properties":{"kind":"trail","surface":"concrete"},"geometry":{"type":"LineString","coordinates":[[-122.254592,37.868605],[-122.254682,37.868594]]}},{"type":"Feature","properties":{"kind":"trail","surface":"concrete"},"geometry":{"type":"LineString","coordinates":[[-122.253933,37.870771],[-122.253833,37.870822],[-122.253845,37.870848],[-122.253855,37.870864]]}},{"type":"Feature","properties":{"kind":"trail","surface":"concrete"},"geometry":{"type":"LineString","coordinates":[[-122.254607,37.870675],[-122.25442,37.8707],[-122.254412,37.870701],[-122.254402,37.870702],[-122.25432,37.870724],[-122.254322,37.870738]]}},{"type":"Feature","properties":{"kind":"trail","surface":"concrete"},"geometry":{"type":"LineString","coordinates":[[-122.254026,37.870691],[-122.253997,37.870716]]}},{"type":"Feature","properties":{"kind":"steps","surface":"concrete"},"geometry":{"type":"LineString","coordinates":[[-122.254654,37.870454],[-122.254558,37.870472],[-122.254564,37.870502]]}},{"type":"Feature","properties":{"kind":"trail","surface":"concrete"},"geometry":{"type":"LineString","coordinates":[[-122.25476,37.870393],[-122.254747,37.870395]]}},{"type":"Feature","properties":{"kind":"trail","surface":"concrete"},"geometry":{"type":"LineString","coordinates":[[-122.254747,37.870395],[-122.254655,37.870444],[-122.254654,37.870454]]}},{"type":"Feature","properties":{"kind":"trail","surface":"concrete"},"geometry":{"type":"LineString","coordinates":[[-122.254042,37.871181],[-122.254031,37.871161]]}},{"type":"Feature","properties":{"kind":"steps","surface":"concrete"},"geometry":{"type":"LineString","coordinates":[[-122.253997,37.870716],[-122.253933,37.870771]]}},{"type":"Feature","properties":{"kind":"trail","surface":"asphalt"},"geometry":{"type":"LineString","coordinates":[[-122.253722,37.870773],[-122.25355,37.870766]]}},{"type":"Feature","properties":{"kind":"road","surface":"concrete"},"geometry":{"type":"LineString","coordinates":[[-122.254582,37.870454],[-122.254549,37.870413],[-122.254747,37.870395],[-122.254755,37.870432],[-122.254655,37.870444],[-122.254582,37.870454]]}},{"type":"Feature","properties":{"kind":"trail","surface":"asphalt"},"geometry":{"type":"LineString","coordinates":[[-122.254167,37.870684],[-122.254078,37.870647],[-122.25396,37.870597]]}},{"type":"Feature","properties":{"kind":"steps","surface":"brick"},"geometry":{"type":"LineString","coordinates":[[-122.25462,37.870673],[-122.254607,37.870675]]}},{"type":"Feature","properties":{"kind":"steps","surface":"concrete"},"geometry":{"type":"LineString","coordinates":[[-122.254078,37.870647],[-122.254026,37.870691]]}},{"type":"Feature","properties":{"kind":"trail","surface":"concrete"},"geometry":{"type":"LineString","coordinates":[[-122.267447,37.866954],[-122.267435,37.866954]]}},{"type":"Feature","properties":{"kind":"trail","surface":"carpet"},"geometry":{"type":"LineString","coordinates":[[-122.267435,37.866954],[-122.267397,37.86696]]}},{"type":"Feature","properties":{"kind":"trail","surface":"concrete"},"geometry":{"type":"LineString","coordinates":[[-122.267435,37.866954],[-122.26744,37.867014],[-122.2674,37.866974]]}},{"type":"Feature","properties":{"kind":"trail","surface":"paving_stones"},"geometry":{"type":"LineString","coordinates":[[-122.262228,37.868414],[-122.262237,37.868454]]}},{"type":"Feature","properties":{"kind":"trail","surface":"paving_stones"},"geometry":{"type":"LineString","coordinates":[[-122.262293,37.868454],[-122.262354,37.868446]]}},{"type":"Feature","properties":{"kind":"steps","surface":"concrete"},"geometry":{"type":"LineString","coordinates":[[-122.262274,37.868535],[-122.262252,37.868537]]}},{"type":"Feature","properties":{"kind":"trail","surface":"paving_stones"},"geometry":{"type":"LineString","coordinates":[[-122.263121,37.868354],[-122.263165,37.868349]]}},{"type":"Feature","properties":{"kind":"steps"},"geometry":{"type":"LineString","coordinates":[[-122.263161,37.86833],[-122.263163,37.868341]]}},{"type":"Feature","properties":{"kind":"trail","surface":"concrete"},"geometry":{"type":"LineString","coordinates":[[-122.262354,37.868446],[-122.263121,37.868354]]}},{"type":"Feature","properties":{"kind":"trail","surface":"concrete"},"geometry":{"type":"LineString","coordinates":[[-122.262237,37.868454],[-122.262252,37.868537],[-122.262236,37.868539]]}},{"type":"Feature","properties":{"kind":"trail","surface":"paving_stones"},"geometry":{"type":"LineString","coordinates":[[-122.262307,37.868531],[-122.262274,37.868535]]}},{"type":"Feature","properties":{"kind":"steps"},"geometry":{"type":"LineString","coordinates":[[-122.261299,37.868578],[-122.261285,37.868581]]}},{"type":"Feature","properties":{"kind":"trail"},"geometry":{"type":"LineString","coordinates":[[-122.260871,37.874026],[-122.260615,37.873881]]}},{"type":"Feature","properties":{"kind":"steps"},"geometry":{"type":"LineString","coordinates":[[-122.256841,37.880829],[-122.25724,37.880633]]}},{"type":"Feature","properties":{"kind":"trail"},"geometry":{"type":"LineString","coordinates":[[-122.256267,37.877868],[-122.256358,37.878281]]}},{"type":"Feature","properties":{"kind":"steps"},"geometry":{"type":"LineString","coordinates":[[-122.255521,37.881078],[-122.255779,37.880976],[-122.256243,37.881033]]}},{"type":"Feature","properties":{"kind":"trail"},"geometry":{"type":"LineString","coordinates":[[-122.231875,37.861825],[-122.231757,37.861953],[-122.231242,37.862166],[-122.230964,37.862459],[-122.230977,37.862593],[-122.231108,37.862795],[-122.231118,37.862936]]}},{"type":"Feature","properties":{"kind":"steps","surface":"concrete"},"geometry":{"type":"LineString","coordinates":[[-122.26035,37.872673],[-122.260397,37.872662],[-122.260343,37.872655]]}},{"type":"Feature","properties":{"kind":"trail","surface":"concrete"},"geometry":{"type":"LineString","coordinates":[[-122.260234,37.872613],[-122.260281,37.872602]]}},{"type":"Feature","properties":{"kind":"steps","surface":"concrete"},"geometry":{"type":"LineString","coordinates":[[-122.260281,37.872602],[-122.260297,37.872599]]}},{"type":"Feature","properties":{"kind":"trail","surface":"concrete"},"geometry":{"type":"LineString","coordinates":[[-122.260297,37.872599],[-122.260495,37.872554]]}},{"type":"Feature","properties":{"kind":"trail","surface":"concrete"},"geometry":{"type":"LineString","coordinates":[[-122.260343,37.872655],[-122.260322,37.872665],[-122.260212,37.872688]]}},{"type":"Feature","properties":{"kind":"trail","surface":"asphalt"},"geometry":{"type":"LineString","coordinates":[[-122.260212,37.872688],[-122.260155,37.872699]]}},{"type":"Feature","properties":{"kind":"trail"},"geometry":{"type":"LineString","coordinates":[[-122.258469,37.860217],[-122.258738,37.860179],[-122.259143,37.860162]]}},{"type":"Feature","properties":{"kind":"trail"},"geometry":{"type":"LineString","coordinates":[[-122.258811,37.859746],[-122.258775,37.859593]]}},{"type":"Feature","properties":{"kind":"trail","surface":"concrete"},"geometry":{"type":"LineString","coordinates":[[-122.25802,37.859792],[-122.258003,37.859689]]}},{"type":"Feature","properties":{"kind":"steps"},"geometry":{"type":"LineString","coordinates":[[-122.258025,37.859823],[-122.25802,37.859792]]}},{"type":"Feature","properties":{"kind":"trail","surface":"brick"},"geometry":{"type":"LineString","coordinates":[[-122.254091,37.869186],[-122.254113,37.869297]]}},{"type":"Feature","properties":{"kind":"trail","surface":"paved"},"geometry":{"type":"LineString","coordinates":[[-122.253848,37.86933],[-122.253816,37.869182]]}},{"type":"Feature","properties":{"kind":"steps","surface":"concrete"},"geometry":{"type":"LineString","coordinates":[[-122.253757,37.869248],[-122.253746,37.869192]]}},{"type":"Feature","properties":{"kind":"trail","surface":"concrete"},"geometry":{"type":"LineString","coordinates":[[-122.253776,37.869339],[-122.253757,37.869248]]}},{"type":"Feature","properties":{"kind":"trail","surface":"paved"},"geometry":{"type":"LineString","coordinates":[[-122.253279,37.869336],[-122.253293,37.869399]]}},{"type":"Feature","properties":{"kind":"steps","surface":"paved"},"geometry":{"type":"LineString","coordinates":[[-122.253279,37.869336],[-122.253276,37.869319]]}},{"type":"Feature","properties":{"kind":"trail","surface":"asphalt"},"geometry":{"type":"LineString","coordinates":[[-122.260001,37.871579],[-122.259985,37.871539]]}},{"type":"Feature","properties":{"kind":"steps"},"geometry":{"type":"LineString","coordinates":[[-122.260577,37.871843],[-122.260494,37.871862]]}},{"type":"Feature","properties":{"kind":"trail","surface":"concrete"},"geometry":{"type":"LineString","coordinates":[[-122.25939,37.869693],[-122.259559,37.869671],[-122.259608,37.869665],[-122.25962,37.869663],[-122.259669,37.869657],[-122.259917,37.869625],[-122.26029,37.869578],[-122.260376,37.869566],[-122.260518,37.869548],[-122.260529,37.869605]]}},{"type":"Feature","properties":{"kind":"steps"},"geometry":{"type":"LineString","coordinates":[[-122.260442,37.869446],[-122.260458,37.869529]]}},{"type":"Feature","properties":{"kind":"trail"},"geometry":{"type":"LineString","coordinates":[[-122.259917,37.869625],[-122.260284,37.869551],[-122.260371,37.869541],[-122.260458,37.869529]]}},{"type":"Feature","properties":{"kind":"trail"},"geometry":{"type":"LineString","coordinates":[[-122.260438,37.869425],[-122.260458,37.869424]]}},{"type":"Feature","properties":{"kind":"trail","surface":"concrete"},"geometry":{"type":"LineString","coordinates":[[-122.260442,37.869446],[-122.260441,37.86944],[-122.260438,37.869425]]}},{"type":"Feature","properties":{"kind":"trail","surface":"concrete"},"geometry":{"type":"LineString","coordinates":[[-122.260469,37.869423],[-122.26049,37.869533],[-122.260594,37.869543],[-122.260656,37.869855],[-122.260456,37.869881]]}},{"type":"Feature","properties":{"kind":"trail"},"geometry":{"type":"LineString","coordinates":[[-122.258535,37.86924],[-122.258702,37.869219]]}},{"type":"Feature","properties":{"kind":"trail"},"geometry":{"type":"LineString","coordinates":[[-122.258856,37.8692],[-122.258842,37.869127]]}},{"type":"Feature","properties":{"kind":"trail"},"geometry":{"type":"LineString","coordinates":[[-122.258702,37.869219],[-122.258786,37.869209]]}},{"type":"Feature","properties":{"kind":"trail"},"geometry":{"type":"LineString","coordinates":[[-122.258535,37.86924],[-122.258493,37.869199]]}},{"type":"Feature","properties":{"kind":"steps"},"geometry":{"type":"LineString","coordinates":[[-122.258786,37.869209],[-122.258856,37.8692]]}},{"type":"Feature","properties":{"kind":"trail"},"geometry":{"type":"LineString","coordinates":[[-122.257906,37.869523],[-122.257876,37.869529]]}},{"type":"Feature","properties":{"kind":"trail"},"geometry":{"type":"LineString","coordinates":[[-122.257996,37.869163],[-122.25798,37.869109],[-122.257939,37.868989],[-122.257874,37.869005]]}},{"type":"Feature","properties":{"kind":"trail"},"geometry":{"type":"LineString","coordinates":[[-122.25798,37.869109],[-122.258211,37.869069],[-122.258339,37.869612]]}},{"type":"Feature","properties":{"kind":"steps"},"geometry":{"type":"LineString","coordinates":[[-122.258446,37.869627],[-122.258347,37.869642]]}},{"type":"Feature","properties":{"kind":"trail"},"geometry":{"type":"LineString","coordinates":[[-122.258347,37.869642],[-122.258339,37.869612]]}},{"type":"Feature","properties":{"kind":"trail"},"geometry":{"type":"LineString","coordinates":[[-122.258347,37.869642],[-122.258351,37.869665]]}},{"type":"Feature","properties":{"kind":"trail"},"geometry":{"type":"LineString","coordinates":[[-122.258351,37.869665],[-122.258374,37.869769],[-122.258326,37.86979]]}},{"type":"Feature","properties":{"kind":"trail"},"geometry":{"type":"LineString","coordinates":[[-122.257962,37.869623],[-122.257906,37.869523]]}},{"type":"Feature","properties":{"kind":"trail"},"geometry":{"type":"LineString","coordinates":[[-122.257467,37.869282],[-122.257547,37.869264],[-122.257791,37.86921]]}},{"type":"Feature","properties":{"kind":"trail"},"geometry":{"type":"LineString","coordinates":[[-122.258104,37.869599],[-122.25815,37.869772]]}},{"type":"Feature","properties":{"kind":"trail"},"geometry":{"type":"LineString","coordinates":[[-122.257434,37.869198],[-122.257492,37.869186]]}},{"type":"Feature","properties":{"kind":"trail"},"geometry":{"type":"LineString","coordinates":[[-122.257509,37.869183],[-122.257516,37.869181],[-122.257524,37.86918],[-122.257528,37.869179]]}},{"type":"Feature","properties":{"kind":"steps"},"geometry":{"type":"LineString","coordinates":[[-122.257492,37.869186],[-122.257509,37.869183]]}},{"type":"Feature","properties":{"kind":"trail"},"geometry":{"type":"LineString","coordinates":[[-122.257547,37.869264],[-122.257516,37.869181]]}},{"type":"Feature","properties":{"kind":"steps"},"geometry":{"type":"LineString","coordinates":[[-122.257524,37.86918],[-122.257521,37.869172]]}},{"type":"Feature","properties":{"kind":"trail"},"geometry":{"type":"LineString","coordinates":[[-122.258488,37.869828],[-122.258376,37.869843],[-122.258384,37.869883],[-122.258495,37.869869]]}},{"type":"Feature","properties":{"kind":"trail"},"geometry":{"type":"LineString","coordinates":[[-122.25749,37.869994],[-122.257638,37.869975],[-122.258207,37.869903]]}},{"type":"Feature","properties":{"kind":"trail","surface":"asphalt"},"geometry":{"type":"LineString","coordinates":[[-122.258207,37.869903],[-122.258326,37.86979]]}},{"type":"Feature","properties":{"kind":"trail"},"geometry":{"type":"LineString","coordinates":[[-122.258949,37.870206],[-122.258915,37.870028]]}},{"type":"Feature","properties":{"kind":"trail","surface":"dirt"},"geometry":{"type":"LineString","coordinates":[[-122.25936,37.870225],[-122.259291,37.870327]]}},{"type":"Feature","properties":{"kind":"trail","surface":"dirt"},"geometry":{"type":"LineString","coordinates":[[-122.2593,37.870346],[-122.259307,37.870361],[-122.259352,37.870428],[-122.259339,37.870592]]}},{"type":"Feature","properties":{"kind":"steps","surface":"wood"},"geometry":{"type":"LineString","coordinates":[[-122.259291,37.870327],[-122.2593,37.870346]]}},{"type":"Feature","properties":{"kind":"trail"},"geometry":{"type":"LineString","coordinates":[[-122.259339,37.870156],[-122.25936,37.870225]]}},{"type":"Feature","properties":{"kind":"trail"},"geometry":{"type":"LineString","coordinates":[[-122.258997,37.870018],[-122.258989,37.869976]]}},{"type":"Feature","properties":{"kind":"trail"},"geometry":{"type":"LineString","coordinates":[[-122.259307,37.870361],[-122.259248,37.870429],[-122.259106,37.870449]]}},{"type":"Feature","properties":{"kind":"trail","surface":"concrete"},"geometry":{"type":"LineString","coordinates":[[-122.260829,37.869538],[-122.260787,37.869498],[-122.260709,37.869427],[-122.260613,37.869339],[-122.260599,37.869341]]}},{"type":"Feature","properties":{"kind":"trail"},"geometry":{"type":"LineString","coordinates":[[-122.260613,37.869339],[-122.260735,37.869324]]}},{"type":"Feature","properties":{"kind":"trail","surface":"concrete"},"geometry":{"type":"LineString","coordinates":[[-122.260709,37.869427],[-122.260831,37.869345],[-122.261045,37.869319]]}},{"type":"Feature","properties":{"kind":"trail"},"geometry":{"type":"LineString","coordinates":[[-122.261176,37.869411],[-122.261068,37.869423]]}},{"type":"Feature","properties":{"kind":"steps","surface":"concrete"},"geometry":{"type":"LineString","coordinates":[[-122.261055,37.869365],[-122.261045,37.869319]]}},{"type":"Feature","properties":{"kind":"trail"},"geometry":{"type":"LineString","coordinates":[[-122.261068,37.869423],[-122.260963,37.869434]]}},{"type":"Feature","properties":{"kind":"trail"},"geometry":{"type":"LineString","coordinates":[[-122.260963,37.869434],[-122.260979,37.869524]]}},{"type":"Feature","properties":{"kind":"trail"},"geometry":{"type":"LineString","coordinates":[[-122.261068,37.869423],[-122.261055,37.869365]]}},{"type":"Feature","properties":{"kind":"trail"},"geometry":{"type":"LineString","coordinates":[[-122.261045,37.869319],[-122.261042,37.869302]]}},{"type":"Feature","properties":{"kind":"trail"},"geometry":{"type":"LineString","coordinates":[[-122.261366,37.869643],[-122.261364,37.869632],[-122.261354,37.869585],[-122.261411,37.869578],[-122.261397,37.869486]]}},{"type":"Feature","properties":{"kind":"trail"},"geometry":{"type":"LineString","coordinates":[[-122.261354,37.869585],[-122.261304,37.869589],[-122.26129,37.869496]]}},{"type":"Feature","properties":{"kind":"trail"},"geometry":{"type":"LineString","coordinates":[[-122.261304,37.869589],[-122.261313,37.869637],[-122.261364,37.869632]]}},{"type":"Feature","properties":{"kind":"trail"},"geometry":{"type":"LineString","coordinates":[[-122.261489,37.86936],[-122.261463,37.869229]]}},{"type":"Feature","properties":{"kind":"trail"},"geometry":{"type":"LineString","coordinates":[[-122.26119,37.86935],[-122.261172,37.869266]]}},{"type":"Feature","properties":{"kind":"steps"},"geometry":{"type":"LineString","coordinates":[[-122.261124,37.869272],[-122.261092,37.869276]]}},{"type":"Feature","properties":{"kind":"trail"},"geometry":{"type":"LineString","coordinates":[[-122.261092,37.869276],[-122.261073,37.869278]]}},{"type":"Feature","properties":{"kind":"trail"},"geometry":{"type":"LineString","coordinates":[[-122.261199,37.869394],[-122.26119,37.86935]]}},{"type":"Feature","properties":{"kind":"trail"},"geometry":{"type":"LineString","coordinates":[[-122.261172,37.869266],[-122.261124,37.869272]]}},{"type":"Feature","properties":{"kind":"trail"},"geometry":{"type":"LineString","coordinates":[[-122.261199,37.869394],[-122.261176,37.869411]]}},{"type":"Feature","properties":{"kind":"trail"},"geometry":{"type":"LineString","coordinates":[[-122.261953,37.870164],[-122.262226,37.870025],[-122.262175,37.869939],[-122.262154,37.86982]]}},{"type":"Feature","properties":{"kind":"trail"},"geometry":{"type":"LineString","coordinates":[[-122.262272,37.870148],[-122.262226,37.870025]]}},{"type":"Feature","properties":{"kind":"trail"},"geometry":{"type":"LineString","coordinates":[[-122.263425,37.871924],[-122.263274,37.871824],[-122.263283,37.871809],[-122.263289,37.871798]]}},{"type":"Feature","properties":{"kind":"trail"},"geometry":{"type":"LineString","coordinates":[[-122.263274,37.871824],[-122.2632,37.871912],[-122.26318,37.871991]]}},{"type":"Feature","properties":{"kind":"trail","surface":"asphalt"},"geometry":{"type":"LineString","coordinates":[[-122.2632,37.871912],[-122.263105,37.871637]]}},{"type":"Feature","properties":{"kind":"steps"},"geometry":{"type":"LineString","coordinates":[[-122.26277,37.871773],[-122.262733,37.871678]]}},{"type":"Feature","properties":{"kind":"trail"},"geometry":{"type":"LineString","coordinates":[[-122.263283,37.871809],[-122.263401,37.871815]]}},{"type":"Feature","properties":{"kind":"trail"},"geometry":{"type":"LineString","coordinates":[[-122.263283,37.871809],[-122.263177,37.87173]]}},{"type":"Feature","properties":{"kind":"trail","surface":"dirt"},"geometry":{"type":"LineString","coordinates":[[-122.263636,37.870873],[-122.263632,37.870981],[-122.263704,37.871173]]}},{"type":"Feature","properties":{"kind":"trail"},"geometry":{"type":"LineString","coordinates":[[-122.259595,37.869608],[-122.259608,37.869665]]}},{"type":"Feature","properties":{"kind":"trail","surface":"concrete"},"geometry":{"type":"LineString","coordinates":[[-122.259559,37.869671],[-122.259585,37.869791],[-122.259609,37.869903],[-122.259603,37.870001]]}},{"type":"Feature","properties":{"kind":"trail","surface":"concrete"},"geometry":{"type":"LineString","coordinates":[[-122.259597,37.870015],[-122.259625,37.870091]]}},{"type":"Feature","properties":{"kind":"steps","surface":"concrete"},"geometry":{"type":"LineString","coordinates":[[-122.259603,37.870001],[-122.259597,37.870015]]}},{"type":"Feature","properties":{"kind":"steps"},"geometry":{"type":"LineString","coordinates":[[-122.26029,37.869578],[-122.260284,37.869551]]}},{"type":"Feature","properties":{"kind":"trail","surface":"concrete"},"geometry":{"type":"LineString","coordinates":[[-122.259629,37.869707],[-122.259647,37.869784]]}},{"type":"Feature","properties":{"kind":"trail"},"geometry":{"type":"LineString","coordinates":[[-122.259852,37.869872],[-122.259674,37.869894],[-122.259647,37.869784],[-122.259655,37.869783]]}},{"type":"Feature","properties":{"kind":"trail"},"geometry":{"type":"LineString","coordinates":[[-122.259636,37.869899],[-122.259609,37.869903]]}},{"type":"Feature","properties":{"kind":"trail","surface":"concrete"},"geometry":{"type":"LineString","coordinates":[[-122.25962,37.869663],[-122.259629,37.869707]]}},{"type":"Feature","properties":{"kind":"trail"},"geometry":{"type":"LineString","coordinates":[[-122.259674,37.869894],[-122.259649,37.869897]]}},{"type":"Feature","properties":{"kind":"steps","surface":"concrete"},"geometry":{"type":"LineString","coordinates":[[-122.259649,37.869897],[-122.259636,37.869899]]}},{"type":"Feature","properties":{"kind":"trail","surface":"concrete"},"geometry":{"type":"LineString","coordinates":[[-122.25964,37.869785],[-122.259585,37.869791]]}},{"type":"Feature","properties":{"kind":"steps","surface":"concrete"},"geometry":{"type":"LineString","coordinates":[[-122.259647,37.869784],[-122.25964,37.869785]]}},{"type":"Feature","properties":{"kind":"steps"},"geometry":{"type":"LineString","coordinates":[[-122.26109,37.868616],[-122.261092,37.868628]]}},{"type":"Feature","properties":{"kind":"trail"},"geometry":{"type":"LineString","coordinates":[[-122.26109,37.868616],[-122.260992,37.868627]]}},{"type":"Feature","properties":{"kind":"steps"},"geometry":{"type":"LineString","coordinates":[[-122.261333,37.86852],[-122.261336,37.868537]]}},{"type":"Feature","properties":{"kind":"steps"},"geometry":{"type":"LineString","coordinates":[[-122.261328,37.868551],[-122.261309,37.868554]]}},{"type":"Feature","properties":{"kind":"trail","surface":"dirt"},"geometry":{"type":"LineString","coordinates":[[-122.261309,37.868554],[-122.261293,37.86856]]}},{"type":"Feature","properties":{"kind":"trail","surface":"dirt"},"geometry":{"type":"LineString","coordinates":[[-122.261336,37.868537],[-122.261328,37.868551]]}},{"type":"Feature","properties":{"kind":"trail","surface":"dirt"},"geometry":{"type":"LineString","coordinates":[[-122.261331,37.86851],[-122.261333,37.86852]]}},{"type":"Feature","properties":{"kind":"trail"},"geometry":{"type":"LineString","coordinates":[[-122.262983,37.870793],[-122.262891,37.870633],[-122.262678,37.870531],[-122.262262,37.87049],[-122.261926,37.870535]]}},{"type":"Feature","properties":{"kind":"trail"},"geometry":{"type":"LineString","coordinates":[[-122.261857,37.870468],[-122.262001,37.870444],[-122.262262,37.87049]]}},{"type":"Feature","properties":{"kind":"trail"},"geometry":{"type":"LineString","coordinates":[[-122.26565,37.870719],[-122.265752,37.870795]]}},{"type":"Feature","properties":{"kind":"trail"},"geometry":{"type":"LineString","coordinates":[[-122.265619,37.870573],[-122.265529,37.8705],[-122.265368,37.870526],[-122.265285,37.870616],[-122.26531,37.870691]]}},{"type":"Feature","properties":{"kind":"trail"},"geometry":{"type":"LineString","coordinates":[[-122.264967,37.870695],[-122.265139,37.870854]]}},{"type":"Feature","properties":{"kind":"trail","surface":"decomposed_granite"},"geometry":{"type":"LineString","coordinates":[[-122.264717,37.871686],[-122.264629,37.871779]]}},{"type":"Feature","properties":{"kind":"trail","surface":"dirt"},"geometry":{"type":"LineString","coordinates":[[-122.264629,37.871779],[-122.264508,37.871537],[-122.264394,37.871483]]}},{"type":"Feature","properties":{"kind":"trail"},"geometry":{"type":"LineString","coordinates":[[-122.264687,37.871984],[-122.264824,37.872021],[-122.264891,37.872017],[-122.264983,37.872065],[-122.265091,37.872076]]}},{"type":"Feature","properties":{"kind":"trail"},"geometry":{"type":"LineString","coordinates":[[-122.264983,37.872065],[-122.264892,37.872257]]}},{"type":"Feature","properties":{"kind":"trail","surface":"dirt"},"geometry":{"type":"LineString","coordinates":[[-122.26363,37.871295],[-122.263485,37.871218]]}},{"type":"Feature","properties":{"kind":"trail","surface":"compacted"},"geometry":{"type":"LineString","coordinates":[[-122.264896,37.871972],[-122.264891,37.872017]]}},{"type":"Feature","properties":{"kind":"trail","surface":"asphalt"},"geometry":{"type":"LineString","coordinates":[[-122.264824,37.872021],[-122.264798,37.872188]]}},{"type":"Feature","properties":{"kind":"trail"},"geometry":{"type":"LineString","coordinates":[[-122.257554,37.86951],[-122.257528,37.869516]]}},{"type":"Feature","properties":{"kind":"steps"},"geometry":{"type":"LineString","coordinates":[[-122.257528,37.869516],[-122.257514,37.86952]]}},{"type":"Feature","properties":{"kind":"steps"},"geometry":{"type":"LineString","coordinates":[[-122.25743,37.869516],[-122.25741,37.869467]]}},{"type":"Feature","properties":{"kind":"trail"},"geometry":{"type":"LineString","coordinates":[[-122.257468,37.869615],[-122.257509,37.869619],[-122.257437,37.86943],[-122.257337,37.869163]]}},{"type":"Feature","properties":{"kind":"trail"},"geometry":{"type":"LineString","coordinates":[[-122.257398,37.869438],[-122.257437,37.86943]]}},{"type":"Feature","properties":{"kind":"trail"},"geometry":{"type":"LineString","coordinates":[[-122.25741,37.869467],[-122.257398,37.869438]]}},{"type":"Feature","properties":{"kind":"trail"},"geometry":{"type":"LineString","coordinates":[[-122.25744,37.86954],[-122.25743,37.869516]]}},{"type":"Feature","properties":{"kind":"trail"},"geometry":{"type":"LineString","coordinates":[[-122.25744,37.86954],[-122.257447,37.86956]]}},{"type":"Feature","properties":{"kind":"steps"},"geometry":{"type":"LineString","coordinates":[[-122.257447,37.86956],[-122.257468,37.869615]]}},{"type":"Feature","properties":{"kind":"trail"},"geometry":{"type":"LineString","coordinates":[[-122.257514,37.86952],[-122.257505,37.869523],[-122.257491,37.869526]]}},{"type":"Feature","properties":{"kind":"trail"},"geometry":{"type":"LineString","coordinates":[[-122.25745,37.869537],[-122.25744,37.86954],[-122.257416,37.869547]]}},{"type":"Feature","properties":{"kind":"trail"},"geometry":{"type":"LineString","coordinates":[[-122.257567,37.869607],[-122.257541,37.869537]]}},{"type":"Feature","properties":{"kind":"trail"},"geometry":{"type":"LineString","coordinates":[[-122.25759,37.869602],[-122.257567,37.869607]]}},{"type":"Feature","properties":{"kind":"trail"},"geometry":{"type":"LineString","coordinates":[[-122.257541,37.869537],[-122.257505,37.869523]]}},{"type":"Feature","properties":{"kind":"trail"},"geometry":{"type":"LineString","coordinates":[[-122.258327,37.871327],[-122.258377,37.871313],[-122.258415,37.871304],[-122.258423,37.871301]]}},{"type":"Feature","properties":{"kind":"steps"},"geometry":{"type":"LineString","coordinates":[[-122.258377,37.871313],[-122.258397,37.871366]]}},{"type":"Feature","properties":{"kind":"trail"},"geometry":{"type":"LineString","coordinates":[[-122.258422,37.871361],[-122.258438,37.871358]]}},{"type":"Feature","properties":{"kind":"steps"},"geometry":{"type":"LineString","coordinates":[[-122.258414,37.871363],[-122.258422,37.871361]]}},{"type":"Feature","properties":{"kind":"steps"},"geometry":{"type":"LineString","coordinates":[[-122.258438,37.871358],[-122.258442,37.871357]]}},{"type":"Feature","properties":{"kind":"trail"},"geometry":{"type":"LineString","coordinates":[[-122.258397,37.871366],[-122.258414,37.871363]]}},{"type":"Feature","properties":{"kind":"steps"},"geometry":{"type":"LineString","coordinates":[[-122.258421,37.871433],[-122.258397,37.871366]]}},{"type":"Feature","properties":{"kind":"trail"},"geometry":{"type":"LineString","coordinates":[[-122.258373,37.871443],[-122.258421,37.871433],[-122.258466,37.871423]]}},{"type":"Feature","properties":{"kind":"trail"},"geometry":{"type":"LineString","coordinates":[[-122.258415,37.871304],[-122.258433,37.871349]]}},{"type":"Feature","properties":{"kind":"trail"},"geometry":{"type":"LineString","coordinates":[[-122.258097,37.871179],[-122.258074,37.871119]]}},{"type":"Feature","properties":{"kind":"steps"},"geometry":{"type":"LineString","coordinates":[[-122.258074,37.871119],[-122.258059,37.871082]]}},{"type":"Feature","properties":{"kind":"trail"},"geometry":{"type":"LineString","coordinates":[[-122.257732,37.870939],[-122.257547,37.87098]]}},{"type":"Feature","properties":{"kind":"steps"},"geometry":{"type":"LineString","coordinates":[[-122.257547,37.87098],[-122.257495,37.870992]]}},{"type":"Feature","properties":{"kind":"trail"},"geometry":{"type":"LineString","coordinates":[[-122.257712,37.870869],[-122.257847,37.870838]]}},{"type":"Feature","properties":{"kind":"steps"},"geometry":{"type":"LineString","coordinates":[[-122.257847,37.870838],[-122.257876,37.870797]]}},{"type":"Feature","properties":{"kind":"trail"},"geometry":{"type":"LineString","coordinates":[[-122.258439,37.87161],[-122.258738,37.871541]]}},{"type":"Feature","properties":{"kind":"trail"},"geometry":{"type":"LineString","coordinates":[[-122.258611,37.871861],[-122.258634,37.871923],[-122.258908,37.871851]]}},{"type":"Feature","properties":{"kind":"steps"},"geometry":{"type":"LineString","coordinates":[[-122.258929,37.871953],[-122.258815,37.871977]]}},{"type":"Feature","properties":{"kind":"trail","surface":"brick"},"geometry":{"type":"LineString","coordinates":[[-122.258904,37.871989],[-122.258988,37.871994]]}},{"type":"Feature","properties":{"kind":"steps"},"geometry":{"type":"LineString","coordinates":[[-122.258824,37.872005],[-122.258904,37.871989]]}},{"type":"Feature","properties":{"kind":"trail","surface":"brick"},"geometry":{"type":"LineString","coordinates":[[-122.258815,37.871977],[-122.258824,37.872005]]}},{"type":"Feature","properties":{"kind":"trail","surface":"brick"},"geometry":{"type":"LineString","coordinates":[[-122.258972,37.871942],[-122.258929,37.871953]]}},{"type":"Feature","properties":{"kind":"trail"},"geometry":{"type":"LineString","coordinates":[[-122.258824,37.872005],[-122.258675,37.872039],[-122.258542,37.872071]]}},{"type":"Feature","properties":{"kind":"trail","surface":"asphalt"},"geometry":{"type":"LineString","coordinates":[[-122.258621,37.871202],[-122.2587,37.871034],[-122.258787,37.871002]]}},{"type":"Feature","properties":{"kind":"trail"},"geometry":{"type":"LineString","coordinates":[[-122.258492,37.87109],[-122.258569,37.871071],[-122.2587,37.871034]]}},{"type":"Feature","properties":{"kind":"trail"},"geometry":{"type":"LineString","coordinates":[[-122.258634,37.871923],[-122.258675,37.872039]]}},{"type":"Feature","properties":{"kind":"trail"},"geometry":{"type":"LineString","coordinates":[[-122.258642,37.871293],[-122.258632,37.871312]]}},{"type":"Feature","properties":{"kind":"steps","surface":"paved"},"geometry":{"type":"LineString","coordinates":[[-122.258642,37.871293],[-122.258653,37.871285]]}},{"type":"Feature","properties":{"kind":"trail","surface":"asphalt"},"geometry":{"type":"LineString","coordinates":[[-122.25919,37.870818],[-122.25923,37.870927]]}},{"type":"Feature","properties":{"kind":"trail","surface":"brick"},"geometry":{"type":"LineString","coordinates":[[-122.259247,37.870978],[-122.259264,37.871022]]}},{"type":"Feature","properties":{"kind":"steps","surface":"paved"},"geometry":{"type":"LineString","coordinates":[[-122.25923,37.870927],[-122.259247,37.870978]]}},{"type":"Feature","properties":{"kind":"trail","surface":"paving_stones"},"geometry":{"type":"LineString","coordinates":[[-122.257651,37.871689],[-122.25767,37.871743],[-122.257714,37.871867],[-122.257722,37.871889]]}},{"type":"Feature","properties":{"kind":"steps"},"geometry":{"type":"LineString","coordinates":[[-122.257722,37.871889],[-122.257759,37.871986]]}},{"type":"Feature","properties":{"kind":"trail","surface":"paving_stones"},"geometry":{"type":"LineString","coordinates":[[-122.257793,37.871849],[-122.257714,37.871867]]}},{"type":"Feature","properties":{"kind":"trail","surface":"paving_stones"},"geometry":{"type":"LineString","coordinates":[[-122.257748,37.871721],[-122.25767,37.871743]]}},{"type":"Feature","properties":{"kind":"trail"},"geometry":{"type":"LineString","coordinates":[[-122.25694,37.872134],[-122.257136,37.872091],[-122.257233,37.87207],[-122.257332,37.872048],[-122.257412,37.872031],[-122.257436,37.872094]]}},{"type":"Feature","properties":{"kind":"trail"},"geometry":{"type":"LineString","coordinates":[[-122.257412,37.872031],[-122.257513,37.871984]]}},{"type":"Feature","properties":{"kind":"trail"},"geometry":{"type":"LineString","coordinates":[[-122.257473,37.872096],[-122.257549,37.872078]]}},{"type":"Feature","properties":{"kind":"trail"},"geometry":{"type":"LineString","coordinates":[[-122.257436,37.872094],[-122.257473,37.872096]]}},{"type":"Feature","properties":{"kind":"trail"},"geometry":{"type":"LineString","coordinates":[[-122.257332,37.872048],[-122.257361,37.871862]]}},{"type":"Feature","properties":{"kind":"trail"},"geometry":{"type":"LineString","coordinates":[[-122.257233,37.87207],[-122.257233,37.872073]]}},{"type":"Feature","properties":{"kind":"trail"},"geometry":{"type":"LineString","coordinates":[[-122.257136,37.872091],[-122.257016,37.872024]]}},{"type":"Feature","properties":{"kind":"trail"},"geometry":{"type":"LineString","coordinates":[[-122.257904,37.872264],[-122.257775,37.872293],[-122.257641,37.87232],[-122.257509,37.872347],[-122.257272,37.872402],[-122.257261,37.872375]]}},{"type":"Feature","properties":{"kind":"steps"},"geometry":{"type":"LineString","coordinates":[[-122.257261,37.872375],[-122.25723,37.872382]]}},{"type":"Feature","properties":{"kind":"trail"},"geometry":{"type":"LineString","coordinates":[[-122.25723,37.872382],[-122.257074,37.87242],[-122.257052,37.872357]]}},{"type":"Feature","properties":{"kind":"steps"},"geometry":{"type":"LineString","coordinates":[[-122.257052,37.872357],[-122.257045,37.872338]]}},{"type":"Feature","properties":{"kind":"trail"},"geometry":{"type":"LineString","coordinates":[[-122.257081,37.872436],[-122.257097,37.872477]]}},{"type":"Feature","properties":{"kind":"steps"},"geometry":{"type":"LineString","coordinates":[[-122.257074,37.87242],[-122.257081,37.872436]]}},{"type":"Feature","properties":{"kind":"trail"},"geometry":{"type":"LineString","coordinates":[[-122.256004,37.872068],[-122.256072,37.872165]]}},{"type":"Feature","properties":{"kind":"trail"},"geometry":{"type":"LineString","coordinates":[[-122.256701,37.871635],[-122.256759,37.871741]]}},{"type":"Feature","properties":{"kind":"trail"},"geometry":{"type":"LineString","coordinates":[[-122.256966,37.871325],[-122.25699,37.871424],[-122.256937,37.871476]]}},{"type":"Feature","properties":{"kind":"trail"},"geometry":{"type":"LineString","coordinates":[[-122.259586,37.873766],[-122.259479,37.873795],[-122.259386,37.87382]]}},{"type":"Feature","properties":{"kind":"trail"},"geometry":{"type":"LineString","coordinates":[[-122.259586,37.873766],[-122.259283,37.873661]]}},{"type":"Feature","properties":{"kind":"steps","surface":"paving_stones"},"geometry":{"type":"LineString","coordinates":[[-122.257903,37.871208],[-122.25787,37.871268]]}},{"type":"Feature","properties":{"kind":"trail"},"geometry":{"type":"LineString","coordinates":[[-122.260233,37.871478],[-122.260207,37.871407],[-122.260191,37.871365]]}},{"type":"Feature","properties":{"kind":"trail"},"geometry":{"type":"LineString","coordinates":[[-122.260207,37.871407],[-122.260059,37.871435]]}},{"type":"Feature","properties":{"kind":"trail"},"geometry":{"type":"LineString","coordinates":[[-122.259952,37.8687],[-122.259963,37.868757],[-122.259967,37.868861]]}},{"type":"Feature","properties":{"kind":"trail"},"geometry":{"type":"LineString","coordinates":[[-122.259836,37.868715],[-122.259873,37.868789],[-122.259891,37.868825]]}},{"type":"Feature","properties":{"kind":"trail"},"geometry":{"type":"LineString","coordinates":[[-122.259847,37.868869],[-122.259858,37.868919]]}},{"type":"Feature","properties":{"kind":"trail"},"geometry":{"type":"LineString","coordinates":[[-122.2599,37.868842],[-122.259911,37.868865]]}},{"type":"Feature","properties":{"kind":"steps"},"geometry":{"type":"LineString","coordinates":[[-122.259891,37.868825],[-122.2599,37.868842]]}},{"type":"Feature","properties":{"kind":"trail"},"geometry":{"type":"LineString","coordinates":[[-122.256198,37.869945],[-122.256164,37.869949],[-122.25593,37.869978]]}},{"type":"Feature","properties":{"kind":"trail","surface":"asphalt"},"geometry":{"type":"LineString","coordinates":[[-122.255986,37.870173],[-122.255972,37.870126],[-122.25593,37.869978],[-122.255862,37.869978]]}},{"type":"Feature","properties":{"kind":"trail"},"geometry":{"type":"LineString","coordinates":[[-122.256191,37.869909],[-122.256198,37.869945],[-122.256328,37.869923]]}},{"type":"Feature","properties":{"kind":"trail","surface":"asphalt"},"geometry":{"type":"LineString","coordinates":[[-122.255972,37.870126],[-122.255904,37.870138]]}},{"type":"Feature","properties":{"kind":"trail"},"geometry":{"type":"LineString","coordinates":[[-122.256207,37.870112],[-122.256256,37.870278],[-122.256079,37.870311]]}},{"type":"Feature","properties":{"kind":"trail"},"geometry":{"type":"LineString","coordinates":[[-122.256256,37.870278],[-122.256349,37.870571]]}},{"type":"Feature","properties":{"kind":"trail"},"geometry":{"type":"LineString","coordinates":[[-122.256164,37.869949],[-122.256059,37.870154]]}},{"type":"Feature","properties":{"kind":"trail","surface":"concrete"},"geometry":{"type":"LineString","coordinates":[[-122.255935,37.870534],[-122.255996,37.870525]]}},{"type":"Feature","properties":{"kind":"trail"},"geometry":{"type":"LineString","coordinates":[[-122.255939,37.870933],[-122.25596,37.871035],[-122.255975,37.871109],[-122.256105,37.871094]]}},{"type":"Feature","properties":{"kind":"trail"},"geometry":{"type":"LineString","coordinates":[[-122.255975,37.871109],[-122.25595,37.871112]]}},{"type":"Feature","properties":{"kind":"trail"},"geometry":{"type":"LineString","coordinates":[[-122.256064,37.871021],[-122.25596,37.871035]]}},{"type":"Feature","properties":{"kind":"trail","surface":"paving_stones"},"geometry":{"type":"LineString","coordinates":[[-122.255928,37.870812],[-122.255374,37.87088]]}},{"type":"Feature","properties":{"kind":"trail"},"geometry":{"type":"LineString","coordinates":[[-122.255397,37.869658],[-122.25549,37.869664]]}},{"type":"Feature","properties":{"kind":"trail"},"geometry":{"type":"LineString","coordinates":[[-122.255353,37.869616],[-122.25537,37.869649]]}},{"type":"Feature","properties":{"kind":"trail"},"geometry":{"type":"LineString","coordinates":[[-122.255108,37.870052],[-122.255144,37.870233]]}},{"type":"Feature","properties":{"kind":"trail","surface":"wood"},"geometry":{"type":"LineString","coordinates":[[-122.25516,37.870231],[-122.255158,37.870223]]}},{"type":"Feature","properties":{"kind":"steps"},"geometry":{"type":"LineString","coordinates":[[-122.255144,37.870233],[-122.25516,37.870231]]}},{"type":"Feature","properties":{"kind":"trail"},"geometry":{"type":"LineString","coordinates":[[-122.255204,37.870366],[-122.255167,37.870404]]}},{"type":"Feature","properties":{"kind":"trail"},"geometry":{"type":"LineString","coordinates":[[-122.25517,37.870421],[-122.255175,37.870449]]}},{"type":"Feature","properties":{"kind":"steps"},"geometry":{"type":"LineString","coordinates":[[-122.255167,37.870404],[-122.25517,37.870421]]}},{"type":"Feature","properties":{"kind":"trail"},"geometry":{"type":"LineString","coordinates":[[-122.255386,37.86967],[-122.255397,37.869658],[-122.25537,37.869649],[-122.255386,37.86967]]}},{"type":"Feature","properties":{"kind":"trail"},"geometry":{"type":"LineString","coordinates":[[-122.254867,37.871642],[-122.254871,37.871674],[-122.254907,37.871762],[-122.254987,37.871771]]}},{"type":"Feature","properties":{"kind":"trail","surface":"paving_stones"},"geometry":{"type":"LineString","coordinates":[[-122.254908,37.871772],[-122.254907,37.871762],[-122.254906,37.871749]]}},{"type":"Feature","properties":{"kind":"steps","surface":"concrete"},"geometry":{"type":"LineString","coordinates":[[-122.254911,37.871791],[-122.254908,37.871772]]}},{"type":"Feature","properties":{"kind":"trail"},"geometry":{"type":"LineString","coordinates":[[-122.254871,37.871674],[-122.254896,37.871673]]}},{"type":"Feature","properties":{"kind":"trail"},"geometry":{"type":"LineString","coordinates":[[-122.254906,37.871749],[-122.254901,37.87171]]}},{"type":"Feature","properties":{"kind":"steps"},"geometry":{"type":"LineString","coordinates":[[-122.254901,37.87171],[-122.2549,37.871705]]}},{"type":"Feature","properties":{"kind":"trail"},"geometry":{"type":"LineString","coordinates":[[-122.2549,37.871705],[-122.254896,37.871673],[-122.254895,37.871663]]}},{"type":"Feature","properties":{"kind":"trail"},"geometry":{"type":"LineString","coordinates":[[-122.254908,37.872922],[-122.254936,37.872916]]}},{"type":"Feature","properties":{"kind":"steps"},"geometry":{"type":"LineString","coordinates":[[-122.255827,37.873744],[-122.255765,37.873765]]}},{"type":"Feature","properties":{"kind":"trail"},"geometry":{"type":"LineString","coordinates":[[-122.255765,37.873765],[-122.255761,37.873777]]}},{"type":"Feature","properties":{"kind":"trail"},"geometry":{"type":"LineString","coordinates":[[-122.255855,37.87374],[-122.255827,37.873744]]}},{"type":"Feature","properties":{"kind":"steps"},"geometry":{"type":"LineString","coordinates":[[-122.254891,37.872925],[-122.254908,37.872922]]}},{"type":"Feature","properties":{"kind":"trail"},"geometry":{"type":"LineString","coordinates":[[-122.256356,37.873365],[-122.256345,37.873332],[-122.256306,37.873216],[-122.256246,37.873041]]}},{"type":"Feature","properties":{"kind":"trail"},"geometry":{"type":"LineString","coordinates":[[-122.256055,37.873274],[-122.256306,37.873216]]}},{"type":"Feature","properties":{"kind":"trail"},"geometry":{"type":"LineString","coordinates":[[-122.256166,37.873296],[-122.256151,37.87332]]}},{"type":"Feature","properties":{"kind":"trail"},"geometry":{"type":"LineString","coordinates":[[-122.256827,37.874769],[-122.256823,37.874737]]}},{"type":"Feature","properties":{"kind":"trail"},"geometry":{"type":"LineString","coordinates":[[-122.256832,37.874804],[-122.256676,37.874789]]}},{"type":"Feature","properties":{"kind":"trail"},"geometry":{"type":"LineString","coordinates":[[-122.256833,37.874828],[-122.256832,37.874804],[-122.256831,37.874794]]}},{"type":"Feature","properties":{"kind":"steps"},"geometry":{"type":"LineString","coordinates":[[-122.256831,37.874794],[-122.256827,37.874769]]}},{"type":"Feature","properties":{"kind":"steps"},"geometry":{"type":"LineString","coordinates":[[-122.256836,37.874861],[-122.256833,37.874828]]}},{"type":"Feature","properties":{"kind":"trail"},"geometry":{"type":"LineString","coordinates":[[-122.256845,37.8749],[-122.256836,37.874861]]}},{"type":"Feature","properties":{"kind":"trail"},"geometry":{"type":"LineString","coordinates":[[-122.256646,37.875021],[-122.256599,37.875079]]}},{"type":"Feature","properties":{"kind":"trail"},"geometry":{"type":"LineString","coordinates":[[-122.256822,37.875064],[-122.25688,37.875278],[-122.257004,37.875299],[-122.257073,37.875287]]}},{"type":"Feature","properties":{"kind":"trail"},"geometry":{"type":"LineString","coordinates":[[-122.25688,37.875278],[-122.256948,37.875347],[-122.257072,37.875383]]}},{"type":"Feature","properties":{"kind":"trail"},"geometry":{"type":"LineString","coordinates":[[-122.256948,37.875347],[-122.257004,37.875299]]}},{"type":"Feature","properties":{"kind":"trail","surface":"asphalt"},"geometry":{"type":"LineString","coordinates":[[-122.260479,37.874919],[-122.260405,37.874798]]}},{"type":"Feature","properties":{"kind":"steps"},"geometry":{"type":"LineString","coordinates":[[-122.259571,37.874942],[-122.259577,37.874969]]}},{"type":"Feature","properties":{"kind":"steps"},"geometry":{"type":"LineString","coordinates":[[-122.259621,37.874923],[-122.259583,37.874928]]}},{"type":"Feature","properties":{"kind":"trail"},"geometry":{"type":"LineString","coordinates":[[-122.259583,37.874928],[-122.259568,37.874931]]}},{"type":"Feature","properties":{"kind":"trail"},"geometry":{"type":"LineString","coordinates":[[-122.259539,37.874795],[-122.259607,37.874808],[-122.259631,37.874922],[-122.259621,37.874923]]}},{"type":"Feature","properties":{"kind":"trail"},"geometry":{"type":"LineString","coordinates":[[-122.259631,37.874922],[-122.259694,37.874913],[-122.259702,37.874954]]}},{"type":"Feature","properties":{"kind":"trail"},"geometry":{"type":"LineString","coordinates":[[-122.259694,37.874913],[-122.259671,37.8748],[-122.259666,37.874771]]}},{"type":"Feature","properties":{"kind":"trail"},"geometry":{"type":"LineString","coordinates":[[-122.259607,37.874808],[-122.259671,37.8748],[-122.259761,37.874789]]}},{"type":"Feature","properties":{"kind":"trail"},"geometry":{"type":"LineString","coordinates":[[-122.259571,37.874942],[-122.259568,37.874931],[-122.259547,37.874834]]}},{"type":"Feature","properties":{"kind":"steps"},"geometry":{"type":"LineString","coordinates":[[-122.259547,37.874834],[-122.259544,37.874816]]}},{"type":"Feature","properties":{"kind":"trail"},"geometry":{"type":"LineString","coordinates":[[-122.259272,37.875001],[-122.259275,37.875015],[-122.259292,37.875013]]}},{"type":"Feature","properties":{"kind":"steps","surface":"wood"},"geometry":{"type":"LineString","coordinates":[[-122.259272,37.875001],[-122.259264,37.874967]]}},{"type":"Feature","properties":{"kind":"trail"},"geometry":{"type":"LineString","coordinates":[[-122.259264,37.874967],[-122.25926,37.874946],[-122.259238,37.874949]]}},{"type":"Feature","properties":{"kind":"trail"},"geometry":{"type":"LineString","coordinates":[[-122.25926,37.874946],[-122.259272,37.874945]]}},{"type":"Feature","properties":{"kind":"trail"},"geometry":{"type":"LineString","coordinates":[[-122.259272,37.874945],[-122.259286,37.875011]]}},{"type":"Feature","properties":{"kind":"trail"},"geometry":{"type":"LineString","coordinates":[[-122.259286,37.875011],[-122.259291,37.87501]]}},{"type":"Feature","properties":{"kind":"trail"},"geometry":{"type":"LineString","coordinates":[[-122.259278,37.87503],[-122.259275,37.875015]]}},{"type":"Feature","properties":{"kind":"trail","surface":"asphalt"},"geometry":{"type":"LineString","coordinates":[[-122.258026,37.873379],[-122.258009,37.87332],[-122.25796,37.87315]]}},{"type":"Feature","properties":{"kind":"trail","surface":"asphalt"},"geometry":{"type":"LineString","coordinates":[[-122.258009,37.87332],[-122.257895,37.873322]]}},{"type":"Feature","properties":{"kind":"trail"},"geometry":{"type":"LineString","coordinates":[[-122.25817,37.873097],[-122.258253,37.873121]]}},{"type":"Feature","properties":{"kind":"trail"},"geometry":{"type":"LineString","coordinates":[[-122.25732,37.873105],[-122.257204,37.872819]]}},{"type":"Feature","properties":{"kind":"trail"},"geometry":{"type":"LineString","coordinates":[[-122.257194,37.872793],[-122.25716,37.87271]]}},{"type":"Feature","properties":{"kind":"steps"},"geometry":{"type":"LineString","coordinates":[[-122.257204,37.872819],[-122.257194,37.872793]]}},{"type":"Feature","properties":{"kind":"trail"},"geometry":{"type":"LineString","coordinates":[[-122.257551,37.873805],[-122.257697,37.873773]]}},{"type":"Feature","properties":{"kind":"trail"},"geometry":{"type":"LineString","coordinates":[[-122.257574,37.873449],[-122.257615,37.873557],[-122.257697,37.873773],[-122.257739,37.873884],[-122.257792,37.873872],[-122.258062,37.873808],[-122.258112,37.873796],[-122.257948,37.873361],[-122.257574,37.873449]]}},{"type":"Feature","properties":{"kind":"trail"},"geometry":{"type":"LineString","coordinates":[[-122.257161,37.874146],[-122.257164,37.874153]]}},{"type":"Feature","properties":{"kind":"trail"},"geometry":{"type":"LineString","coordinates":[[-122.257222,37.874101],[-122.257506,37.874103],[-122.257579,37.874325],[-122.257599,37.874378],[-122.257635,37.874473],[-122.257695,37.87446]]}},{"type":"Feature","properties":{"kind":"trail"},"geometry":{"type":"LineString","coordinates":[[-122.257763,37.874282],[-122.257726,37.87429]]}},{"type":"Feature","properties":{"kind":"steps"},"geometry":{"type":"LineString","coordinates":[[-122.257726,37.87429],[-122.257654,37.874308]]}},{"type":"Feature","properties":{"kind":"trail"},"geometry":{"type":"LineString","coordinates":[[-122.257654,37.874308],[-122.257637,37.874312],[-122.257579,37.874325]]}},{"type":"Feature","properties":{"kind":"trail"},"geometry":{"type":"LineString","coordinates":[[-122.257079,37.874134],[-122.257091,37.874162],[-122.256846,37.874258],[-122.25691,37.87443],[-122.256951,37.87454]]}},{"type":"Feature","properties":{"kind":"trail"},"geometry":{"type":"LineString","coordinates":[[-122.256826,37.874186],[-122.256846,37.874258]]}},{"type":"Feature","properties":{"kind":"steps"},"geometry":{"type":"LineString","coordinates":[[-122.25691,37.87443],[-122.256929,37.87448]]}},{"type":"Feature","properties":{"kind":"trail"},"geometry":{"type":"LineString","coordinates":[[-122.256929,37.87448],[-122.256966,37.874492]]}},{"type":"Feature","properties":{"kind":"trail"},"geometry":{"type":"LineString","coordinates":[[-122.256951,37.87454],[-122.257049,37.874753]]}},{"type":"Feature","properties":{"kind":"trail"},"geometry":{"type":"LineString","coordinates":[[-122.257049,37.874753],[-122.257127,37.874738],[-122.257161,37.87483],[-122.257693,37.874739]]}},{"type":"Feature","properties":{"kind":"trail"},"geometry":{"type":"LineString","coordinates":[[-122.257789,37.874715],[-122.257776,37.874684]]}},{"type":"Feature","properties":{"kind":"steps"},"geometry":{"type":"LineString","coordinates":[[-122.257776,37.874684],[-122.257768,37.874665]]}},{"type":"Feature","properties":{"kind":"trail"},"geometry":{"type":"LineString","coordinates":[[-122.257768,37.874665],[-122.257695,37.87446]]}},{"type":"Feature","properties":{"kind":"trail"},"geometry":{"type":"LineString","coordinates":[[-122.257772,37.874305],[-122.257667,37.874332]]}},{"type":"Feature","properties":{"kind":"trail"},"geometry":{"type":"LineString","coordinates":[[-122.257667,37.874332],[-122.257566,37.874358]]}},{"type":"Feature","properties":{"kind":"trail"},"geometry":{"type":"LineString","coordinates":[[-122.257343,37.871309],[-122.257348,37.871322]]}},{"type":"Feature","properties":{"kind":"steps"},"geometry":{"type":"LineString","coordinates":[[-122.257348,37.871322],[-122.257362,37.871359]]}},{"type":"Feature","properties":{"kind":"trail"},"geometry":{"type":"LineString","coordinates":[[-122.257362,37.871359],[-122.257397,37.871359]]}},{"type":"Feature","properties":{"kind":"steps"},"geometry":{"type":"LineString","coordinates":[[-122.257397,37.871359],[-122.257424,37.871353]]}},{"type":"Feature","properties":{"kind":"trail"},"geometry":{"type":"LineString","coordinates":[[-122.264844,37.872469],[-122.264841,37.872435],[-122.264606,37.87245],[-122.264009,37.872488],[-122.264,37.872522]]}},{"type":"Feature","properties":{"kind":"trail"},"geometry":{"type":"LineString","coordinates":[[-122.264609,37.872484],[-122.264606,37.87245]]}},{"type":"Feature","properties":{"kind":"trail"},"geometry":{"type":"LineString","coordinates":[[-122.26382,37.872657],[-122.263832,37.872777],[-122.26404,37.872795]]}},{"type":"Feature","properties":{"kind":"trail","surface":"paved"},"geometry":{"type":"LineString","coordinates":[[-122.252111,37.896506],[-122.252081,37.896698],[-122.251881,37.896728],[-122.251805,37.896636],[-122.251844,37.896401],[-122.251756,37.896327],[-122.251605,37.896305],[-122.251534,37.896207]]}},{"type":"Feature","properties":{"kind":"trail","surface":"dirt"},"geometry":{"type":"LineString","coordinates":[[-122.250498,37.897582],[-122.250261,37.897628],[-122.250043,37.89749],[-122.249819,37.897192],[-122.249634,37.897045],[-122.249626,37.896793]]}},{"type":"Feature","properties":{"kind":"trail"},"geometry":{"type":"LineString","coordinates":[[-122.26144,37.886749],[-122.261551,37.886873]]}},{"type":"Feature","properties":{"kind":"trail"},"geometry":{"type":"LineString","coordinates":[[-122.261551,37.886873],[-122.261615,37.886851]]}},{"type":"Feature","properties":{"kind":"trail"},"geometry":{"type":"LineString","coordinates":[[-122.265876,37.873142],[-122.265777,37.87315],[-122.26549,37.873185],[-122.265512,37.873347],[-122.265597,37.873353]]}},{"type":"Feature","properties":{"kind":"trail"},"geometry":{"type":"LineString","coordinates":[[-122.265777,37.87315],[-122.265798,37.873347]]}},{"type":"Feature","properties":{"kind":"trail"},"geometry":{"type":"LineString","coordinates":[[-122.26571,37.873355],[-122.265597,37.873353],[-122.265462,37.873363],[-122.265454,37.873364]]}},{"type":"Feature","properties":{"kind":"steps"},"geometry":{"type":"LineString","coordinates":[[-122.265464,37.873377],[-122.265462,37.873363]]}},{"type":"Feature","properties":{"kind":"trail"},"geometry":{"type":"LineString","coordinates":[[-122.265957,37.873545],[-122.265955,37.873521]]}},{"type":"Feature","properties":{"kind":"steps"},"geometry":{"type":"LineString","coordinates":[[-122.265955,37.873521],[-122.265954,37.873505]]}},{"type":"Feature","properties":{"kind":"trail"},"geometry":{"type":"LineString","coordinates":[[-122.265954,37.873505],[-122.26595,37.873455]]}},{"type":"Feature","properties":{"kind":"trail"},"geometry":{"type":"LineString","coordinates":[[-122.265957,37.873545],[-122.265959,37.87357]]}},{"type":"Feature","properties":{"kind":"steps"},"geometry":{"type":"LineString","coordinates":[[-122.265959,37.87357],[-122.265961,37.873586]]}},{"type":"Feature","properties":{"kind":"trail"},"geometry":{"type":"LineString","coordinates":[[-122.265961,37.873586],[-122.265965,37.873626]]}},{"type":"Feature","properties":{"kind":"trail"},"geometry":{"type":"LineString","coordinates":[[-122.266066,37.873617],[-122.265965,37.873626],[-122.265922,37.873629]]}},{"type":"Feature","properties":{"kind":"steps"},"geometry":{"type":"LineString","coordinates":[[-122.265922,37.873629],[-122.265898,37.87363]]}},{"type":"Feature","properties":{"kind":"trail"},"geometry":{"type":"LineString","coordinates":[[-122.265898,37.87363],[-122.265878,37.873647]]}},{"type":"Feature","properties":{"kind":"trail"},"geometry":{"type":"LineString","coordinates":[[-122.263811,37.873001],[-122.263746,37.872918]]}},{"type":"Feature","properties":{"kind":"trail"},"geometry":{"type":"LineString","coordinates":[[-122.26044,37.871286],[-122.26033,37.871312],[-122.260298,37.871225],[-122.260279,37.871174]]}},{"type":"Feature","properties":{"kind":"steps"},"geometry":{"type":"LineString","coordinates":[[-122.260279,37.871174],[-122.26027,37.87115]]}},{"type":"Feature","properties":{"kind":"trail"},"geometry":{"type":"LineString","coordinates":[[-122.26027,37.87115],[-122.260316,37.871086]]}},{"type":"Feature","properties":{"kind":"trail"},"geometry":{"type":"LineString","coordinates":[[-122.260414,37.8712],[-122.260355,37.871212]]}},{"type":"Feature","properties":{"kind":"steps"},"geometry":{"type":"LineString","coordinates":[[-122.260355,37.871212],[-122.260341,37.871215]]}},{"type":"Feature","properties":{"kind":"trail"},"geometry":{"type":"LineString","coordinates":[[-122.260341,37.871215],[-122.260298,37.871225],[-122.26025,37.871235]]}},{"type":"Feature","properties":{"kind":"trail"},"geometry":{"type":"LineString","coordinates":[[-122.260193,37.871037],[-122.260177,37.870989]]}},{"type":"Feature","properties":{"kind":"steps"},"geometry":{"type":"LineString","coordinates":[[-122.260177,37.870989],[-122.260164,37.870946]]}},{"type":"Feature","properties":{"kind":"trail"},"geometry":{"type":"LineString","coordinates":[[-122.260164,37.870946],[-122.260159,37.870932],[-122.260154,37.870916]]}},{"type":"Feature","properties":{"kind":"trail"},"geometry":{"type":"LineString","coordinates":[[-122.260159,37.870932],[-122.260188,37.870926]]}},{"type":"Feature","properties":{"kind":"steps"},"geometry":{"type":"LineString","coordinates":[[-122.260154,37.870916],[-122.260115,37.870804]]}},{"type":"Feature","properties":{"kind":"trail"},"geometry":{"type":"LineString","coordinates":[[-122.260115,37.870804],[-122.260107,37.870776]]}},{"type":"Feature","properties":{"kind":"trail"},"geometry":{"type":"LineString","coordinates":[[-122.260163,37.870765],[-122.260175,37.870804]]}},{"type":"Feature","properties":{"kind":"steps"},"geometry":{"type":"LineString","coordinates":[[-122.260175,37.870804],[-122.26019,37.870853]]}},{"type":"Feature","properties":{"kind":"trail"},"geometry":{"type":"LineString","coordinates":[[-122.259951,37.87113],[-122.259914,37.871147]]}},{"type":"Feature","properties":{"kind":"steps","surface":"concrete"},"geometry":{"type":"LineString","coordinates":[[-122.259914,37.871147],[-122.259846,37.871164]]}},{"type":"Feature","properties":{"kind":"trail","surface":"concrete"},"geometry":{"type":"LineString","coordinates":[[-122.259846,37.871164],[-122.259772,37.87118]]}},{"type":"Feature","properties":{"kind":"trail"},"geometry":{"type":"LineString","coordinates":[[-122.257114,37.871251],[-122.257154,37.871352]]}},{"type":"Feature","properties":{"kind":"trail"},"geometry":{"type":"LineString","coordinates":[[-122.257083,37.871144],[-122.256955,37.871301]]}},{"type":"Feature","properties":{"kind":"trail"},"geometry":{"type":"LineString","coordinates":[[-122.257457,37.871245],[-122.257404,37.871272],[-122.257355,37.871202],[-122.257337,37.871207],[-122.257277,37.871225]]}},{"type":"Feature","properties":{"kind":"trail"},"geometry":{"type":"LineString","coordinates":[[-122.257322,37.871314],[-122.257343,37.871309],[-122.25735,37.871307],[-122.257469,37.871278],[-122.257457,37.871245],[-122.257414,37.871121],[-122.25747,37.871081],[-122.257479,37.871079]]}},{"type":"Feature","properties":{"kind":"trail"},"geometry":{"type":"LineString","coordinates":[[-122.25735,37.871307],[-122.257337,37.871207]]}},{"type":"Feature","properties":{"kind":"trail"},"geometry":{"type":"LineString","coordinates":[[-122.25747,37.871081],[-122.257455,37.87104]]}},{"type":"Feature","properties":{"kind":"trail"},"geometry":{"type":"LineString","coordinates":[[-122.257355,37.871202],[-122.257322,37.871147],[-122.257311,37.87113],[-122.25726,37.871117],[-122.257203,37.871129]]}},{"type":"Feature","properties":{"kind":"trail"},"geometry":{"type":"LineString","coordinates":[[-122.257414,37.871121],[-122.257322,37.871147]]}},{"type":"Feature","properties":{"kind":"trail"},"geometry":{"type":"LineString","coordinates":[[-122.257311,37.87113],[-122.257312,37.871099],[-122.257318,37.871056]]}},{"type":"Feature","properties":{"kind":"trail"},"geometry":{"type":"LineString","coordinates":[[-122.257312,37.871099],[-122.25726,37.871117]]}},{"type":"Feature","properties":{"kind":"steps"},"geometry":{"type":"LineString","coordinates":[[-122.257472,37.871373],[-122.257483,37.871397]]}},{"type":"Feature","properties":{"kind":"trail"},"geometry":{"type":"LineString","coordinates":[[-122.25614,37.871261],[-122.255919,37.871288]]}},{"type":"Feature","properties":{"kind":"trail"},"geometry":{"type":"LineString","coordinates":[[-122.25621,37.871396],[-122.256174,37.871405]]}},{"type":"Feature","properties":{"kind":"steps","surface":"paved"},"geometry":{"type":"LineString","coordinates":[[-122.255946,37.871623],[-122.255953,37.871633]]}},{"type":"Feature","properties":{"kind":"trail"},"geometry":{"type":"LineString","coordinates":[[-122.25603,37.871586],[-122.25596,37.871645]]}},{"type":"Feature","properties":{"kind":"trail"},"geometry":{"type":"LineString","coordinates":[[-122.255936,37.871607],[-122.255917,37.871572]]}},{"type":"Feature","properties":{"kind":"trail"},"geometry":{"type":"LineString","coordinates":[[-122.255917,37.871572],[-122.255785,37.871616]]}},{"type":"Feature","properties":{"kind":"trail"},"geometry":{"type":"LineString","coordinates":[[-122.255537,37.871502],[-122.255588,37.871512]]}},{"type":"Feature","properties":{"kind":"trail","surface":"stepping_stones"},"geometry":{"type":"LineString","coordinates":[[-122.255107,37.871948],[-122.255116,37.872013]]}},{"type":"Feature","properties":{"kind":"trail","surface":"concrete"},"geometry":{"type":"LineString","coordinates":[[-122.255225,37.872029],[-122.255107,37.871948],[-122.255095,37.871931]]}},{"type":"Feature","properties":{"kind":"trail","surface":"concrete"},"geometry":{"type":"LineString","coordinates":[[-122.255193,37.872074],[-122.255225,37.872029]]}},{"type":"Feature","properties":{"kind":"trail"},"geometry":{"type":"LineString","coordinates":[[-122.255893,37.87227],[-122.255776,37.872168]]}},{"type":"Feature","properties":{"kind":"trail","surface":"concrete"},"geometry":{"type":"LineString","coordinates":[[-122.256417,37.872288],[-122.256335,37.872375],[-122.256223,37.872397],[-122.256226,37.872409]]}},{"type":"Feature","properties":{"kind":"trail","surface":"asphalt"},"geometry":{"type":"LineString","coordinates":[[-122.256188,37.872282],[-122.256217,37.872379]]}},{"type":"Feature","properties":{"kind":"steps","surface":"concrete"},"geometry":{"type":"LineString","coordinates":[[-122.256223,37.872397],[-122.256217,37.872379]]}},{"type":"Feature","properties":{"kind":"steps"},"geometry":{"type":"LineString","coordinates":[[-122.25585,37.872935],[-122.255859,37.87296]]}},{"type":"Feature","properties":{"kind":"trail"},"geometry":{"type":"LineString","coordinates":[[-122.255859,37.87296],[-122.255862,37.872969]]}},{"type":"Feature","properties":{"kind":"trail"},"geometry":{"type":"LineString","coordinates":[[-122.255859,37.872922],[-122.255847,37.872925],[-122.25585,37.872935]]}},{"type":"Feature","properties":{"kind":"trail"},"geometry":{"type":"LineString","coordinates":[[-122.255833,37.87289],[-122.255812,37.872899]]}},{"type":"Feature","properties":{"kind":"trail"},"geometry":{"type":"LineString","coordinates":[[-122.255851,37.872887],[-122.255833,37.87289]]}},{"type":"Feature","properties":{"kind":"trail"},"geometry":{"type":"LineString","coordinates":[[-122.256247,37.872882],[-122.256117,37.872503],[-122.25592,37.872545]]}},{"type":"Feature","properties":{"kind":"trail"},"geometry":{"type":"LineString","coordinates":[[-122.256117,37.872503],[-122.256153,37.872495],[-122.256163,37.872493]]}},{"type":"Feature","properties":{"kind":"trail"},"geometry":{"type":"LineString","coordinates":[[-122.255755,37.872993],[-122.255742,37.872987],[-122.255289,37.872808]]}},{"type":"Feature","properties":{"kind":"trail"},"geometry":{"type":"LineString","coordinates":[[-122.255908,37.872512],[-122.255891,37.872516]]}},{"type":"Feature","properties":{"kind":"trail"},"geometry":{"type":"LineString","coordinates":[[-122.255891,37.872516],[-122.255813,37.872356],[-122.255472,37.872435],[-122.255532,37.872588],[-122.255626,37.872826],[-122.255989,37.872741]]}},{"type":"Feature","properties":{"kind":"trail"},"geometry":{"type":"LineString","coordinates":[[-122.255234,37.872656],[-122.255513,37.872592],[-122.255532,37.872588]]}},{"type":"Feature","properties":{"kind":"trail"},"geometry":{"type":"LineString","coordinates":[[-122.255523,37.873046],[-122.255562,37.873152],[-122.255583,37.873213]]}},{"type":"Feature","properties":{"kind":"trail"},"geometry":{"type":"LineString","coordinates":[[-122.255829,37.872929],[-122.255847,37.872925]]}},{"type":"Feature","properties":{"kind":"trail","surface":"dirt"},"geometry":{"type":"LineString","coordinates":[[-122.253979,37.872233],[-122.254034,37.872229]]}},{"type":"Feature","properties":{"kind":"trail"},"geometry":{"type":"LineString","coordinates":[[-122.253979,37.872233],[-122.2537,37.872295]]}},{"type":"Feature","properties":{"kind":"trail"},"geometry":{"type":"LineString","coordinates":[[-122.254043,37.872318],[-122.253896,37.872376],[-122.253815,37.872435]]}},{"type":"Feature","properties":{"kind":"trail"},"geometry":{"type":"LineString","coordinates":[[-122.253896,37.872376],[-122.253858,37.872493]]}},{"type":"Feature","properties":{"kind":"trail"},"geometry":{"type":"LineString","coordinates":[[-122.253691,37.872247],[-122.253529,37.872311]]}},{"type":"Feature","properties":{"kind":"trail"},"geometry":{"type":"LineString","coordinates":[[-122.25417,37.872073],[-122.254284,37.872069]]}},{"type":"Feature","properties":{"kind":"steps"},"geometry":{"type":"LineString","coordinates":[[-122.254284,37.872069],[-122.254322,37.872032],[-122.254287,37.871972]]}},{"type":"Feature","properties":{"kind":"trail"},"geometry":{"type":"LineString","coordinates":[[-122.254287,37.871972],[-122.254281,37.871972]]}},{"type":"Feature","properties":{"kind":"trail"},"geometry":{"type":"LineString","coordinates":[[-122.253974,37.871811],[-122.254074,37.871792]]}},{"type":"Feature","properties":{"kind":"trail"},"geometry":{"type":"LineString","coordinates":[[-122.253376,37.871609],[-122.25337,37.87155]]}},{"type":"Feature","properties":{"kind":"trail"},"geometry":{"type":"LineString","coordinates":[[-122.253376,37.871609],[-122.253381,37.871684],[-122.253458,37.871681],[-122.253464,37.871786],[-122.25351,37.871821],[-122.253564,37.871817]]}},{"type":"Feature","properties":{"kind":"trail"},"geometry":{"type":"LineString","coordinates":[[-122.25351,37.871821],[-122.253464,37.871786]]}},{"type":"Feature","properties":{"kind":"trail"},"geometry":{"type":"LineString","coordinates":[[-122.25303,37.871609],[-122.253057,37.871818],[-122.253129,37.871831],[-122.253275,37.871827]]}},{"type":"Feature","properties":{"kind":"trail"},"geometry":{"type":"LineString","coordinates":[[-122.253129,37.871831],[-122.25324,37.871957],[-122.253172,37.872049]]}},{"type":"Feature","properties":{"kind":"trail","surface":"asphalt"},"geometry":{"type":"LineString","coordinates":[[-122.265455,37.868116],[-122.265422,37.868002]]}},{"type":"Feature","properties":{"kind":"road","name":"David Epstein Southwest Plaza","surface":"concrete:plates"},"geometry":{"type":"LineString","coordinates":[[-122.265481,37.868113],[-122.265455,37.868116],[-122.26548,37.868251],[-122.265481,37.868113]]}},{"type":"Feature","properties":{"kind":"trail","surface":"concrete"},"geometry":{"type":"LineString","coordinates":[[-122.265481,37.868258],[-122.26548,37.868251],[-122.265455,37.868116]]}},{"type":"Feature","properties":{"kind":"trail","surface":"concrete"},"geometry":{"type":"LineString","coordinates":[[-122.260709,37.869551],[-122.260586,37.869394],[-122.260569,37.869505],[-122.260503,37.86942]]}},{"type":"Feature","properties":{"kind":"trail","surface":"concrete"},"geometry":{"type":"LineString","coordinates":[[-122.257603,37.873239],[-122.257467,37.873577]]}},{"type":"Feature","properties":{"kind":"trail"},"geometry":{"type":"LineString","coordinates":[[-122.254728,37.87247],[-122.254617,37.87253]]}},{"type":"Feature","properties":{"kind":"trail"},"geometry":{"type":"LineString","coordinates":[[-122.259375,37.868913],[-122.259409,37.869096],[-122.259471,37.869424],[-122.259473,37.869432]]}},{"type":"Feature","properties":{"kind":"trail","surface":"concrete"},"geometry":{"type":"LineString","coordinates":[[-122.259475,37.869446],[-122.259487,37.869505]]}},{"type":"Feature","properties":{"kind":"steps"},"geometry":{"type":"LineString","coordinates":[[-122.259473,37.869432],[-122.259475,37.869446]]}},{"type":"Feature","properties":{"kind":"trail"},"geometry":{"type":"LineString","coordinates":[[-122.259351,37.868789],[-122.259364,37.868857]]}},{"type":"Feature","properties":{"kind":"steps"},"geometry":{"type":"LineString","coordinates":[[-122.259364,37.868857],[-122.259375,37.868913]]}},{"type":"Feature","properties":{"kind":"trail"},"geometry":{"type":"LineString","coordinates":[[-122.259362,37.869102],[-122.259387,37.869173],[-122.259373,37.8691],[-122.259409,37.869096]]}},{"type":"Feature","properties":{"kind":"trail","surface":"concrete"},"geometry":{"type":"LineString","coordinates":[[-122.259269,37.869111],[-122.259362,37.869102]]}},{"type":"Feature","properties":{"kind":"trail"},"geometry":{"type":"LineString","coordinates":[[-122.259471,37.869424],[-122.259597,37.869408],[-122.260003,37.869339]]}},{"type":"Feature","properties":{"kind":"trail"},"geometry":{"type":"LineString","coordinates":[[-122.259597,37.869408],[-122.2596,37.869422]]}},{"type":"Feature","properties":{"kind":"trail"},"geometry":{"type":"LineString","coordinates":[[-122.25993,37.869858],[-122.259847,37.869868],[-122.259784,37.869875]]}},{"type":"Feature","properties":{"kind":"trail"},"geometry":{"type":"LineString","coordinates":[[-122.259773,37.869877],[-122.259765,37.869878],[-122.259757,37.869879]]}},{"type":"Feature","properties":{"kind":"steps"},"geometry":{"type":"LineString","coordinates":[[-122.259784,37.869875],[-122.259773,37.869877]]}},{"type":"Feature","properties":{"kind":"trail"},"geometry":{"type":"LineString","coordinates":[[-122.259847,37.869868],[-122.259804,37.869923],[-122.259765,37.869878]]}},{"type":"Feature","properties":{"kind":"trail"},"geometry":{"type":"LineString","coordinates":[[-122.25993,37.869858],[-122.260016,37.869846]]}},{"type":"Feature","properties":{"kind":"trail"},"geometry":{"type":"LineString","coordinates":[[-122.259879,37.869978],[-122.259879,37.870083]]}},{"type":"Feature","properties":{"kind":"trail"},"geometry":{"type":"LineString","coordinates":[[-122.260001,37.86892],[-122.260378,37.86888],[-122.260428,37.868874],[-122.260463,37.86887]]}},{"type":"Feature","properties":{"kind":"trail"},"geometry":{"type":"LineString","coordinates":[[-122.260374,37.868863],[-122.260336,37.868708]]}},{"type":"Feature","properties":{"kind":"trail"},"geometry":{"type":"LineString","coordinates":[[-122.260378,37.86888],[-122.260374,37.868863]]}},{"type":"Feature","properties":{"kind":"trail"},"geometry":{"type":"LineString","coordinates":[[-122.260298,37.86869],[-122.26025,37.868662]]}},{"type":"Feature","properties":{"kind":"trail"},"geometry":{"type":"LineString","coordinates":[[-122.260336,37.868708],[-122.26035,37.86869]]}},{"type":"Feature","properties":{"kind":"trail"},"geometry":{"type":"LineString","coordinates":[[-122.260318,37.868679],[-122.26031,37.868654]]}},{"type":"Feature","properties":{"kind":"trail"},"geometry":{"type":"LineString","coordinates":[[-122.260336,37.868708],[-122.260298,37.86869]]}},{"type":"Feature","properties":{"kind":"trail"},"geometry":{"type":"LineString","coordinates":[[-122.260336,37.868708],[-122.260328,37.868685]]}},{"type":"Feature","properties":{"kind":"steps"},"geometry":{"type":"LineString","coordinates":[[-122.260328,37.868685],[-122.260318,37.868679]]}},{"type":"Feature","properties":{"kind":"trail"},"geometry":{"type":"LineString","coordinates":[[-122.260357,37.86868],[-122.260352,37.868649]]}},{"type":"Feature","properties":{"kind":"steps"},"geometry":{"type":"LineString","coordinates":[[-122.26035,37.86869],[-122.260357,37.86868]]}},{"type":"Feature","properties":{"kind":"trail"},"geometry":{"type":"LineString","coordinates":[[-122.260429,37.868934],[-122.260431,37.868941],[-122.260472,37.869154],[-122.260506,37.869329],[-122.260507,37.869335]]}},{"type":"Feature","properties":{"kind":"trail"},"geometry":{"type":"LineString","coordinates":[[-122.260463,37.86887],[-122.26044,37.868915]]}},{"type":"Feature","properties":{"kind":"steps"},"geometry":{"type":"LineString","coordinates":[[-122.26044,37.868915],[-122.260429,37.868934]]}},{"type":"Feature","properties":{"kind":"trail"},"geometry":{"type":"LineString","coordinates":[[-122.260428,37.868874],[-122.260429,37.868934]]}},{"type":"Feature","properties":{"kind":"trail"},"geometry":{"type":"LineString","coordinates":[[-122.260509,37.869349],[-122.260514,37.869385]]}},{"type":"Feature","properties":{"kind":"steps"},"geometry":{"type":"LineString","coordinates":[[-122.260507,37.869335],[-122.260509,37.869349]]}},{"type":"Feature","properties":{"kind":"trail","surface":"paving_stones"},"geometry":{"type":"LineString","coordinates":[[-122.260481,37.869153],[-122.260472,37.869154],[-122.260452,37.869156]]}},{"type":"Feature","properties":{"kind":"steps","surface":"paving_stones"},"geometry":{"type":"LineString","coordinates":[[-122.260452,37.869156],[-122.26044,37.869157]]}},{"type":"Feature","properties":{"kind":"trail"},"geometry":{"type":"LineString","coordinates":[[-122.260466,37.869258],[-122.260487,37.869331],[-122.260506,37.869329]]}},{"type":"Feature","properties":{"kind":"trail"},"geometry":{"type":"LineString","coordinates":[[-122.26044,37.869157],[-122.260466,37.869258]]}},{"type":"Feature","properties":{"kind":"trail"},"geometry":{"type":"LineString","coordinates":[[-122.260441,37.86944],[-122.26033,37.869455],[-122.260201,37.869472],[-122.260128,37.869481],[-122.259809,37.869523]]}},{"type":"Feature","properties":{"kind":"trail"},"geometry":{"type":"LineString","coordinates":[[-122.260092,37.869421],[-122.260128,37.869481]]}},{"type":"Feature","properties":{"kind":"trail"},"geometry":{"type":"LineString","coordinates":[[-122.260188,37.86941],[-122.260201,37.869472]]}},{"type":"Feature","properties":{"kind":"trail"},"geometry":{"type":"LineString","coordinates":[[-122.260319,37.869395],[-122.26033,37.869455]]}},{"type":"Feature","properties":{"kind":"trail"},"geometry":{"type":"LineString","coordinates":[[-122.261576,37.868966],[-122.261702,37.868953],[-122.261705,37.868971]]}},{"type":"Feature","properties":{"kind":"trail"},"geometry":{"type":"LineString","coordinates":[[-122.261702,37.868953],[-122.261745,37.868919]]}},{"type":"Feature","properties":{"kind":"trail"},"geometry":{"type":"LineString","coordinates":[[-122.261745,37.868919],[-122.261715,37.868856]]}},{"type":"Feature","properties":{"kind":"trail"},"geometry":{"type":"LineString","coordinates":[[-122.261705,37.868971],[-122.261725,37.869076],[-122.261729,37.869098]]}},{"type":"Feature","properties":{"kind":"trail"},"geometry":{"type":"LineString","coordinates":[[-122.261725,37.869076],[-122.261704,37.869078]]}},{"type":"Feature","properties":{"kind":"steps"},"geometry":{"type":"LineString","coordinates":[[-122.261704,37.869078],[-122.261675,37.869081]]}},{"type":"Feature","properties":{"kind":"trail"},"geometry":{"type":"LineString","coordinates":[[-122.261675,37.869081],[-122.2616,37.869087]]}},{"type":"Feature","properties":{"kind":"trail"},"geometry":{"type":"LineString","coordinates":[[-122.261729,37.869098],[-122.261825,37.869444],[-122.261858,37.869745]]}},{"type":"Feature","properties":{"kind":"steps"},"geometry":{"type":"LineString","coordinates":[[-122.261858,37.869745],[-122.261871,37.869808]]}},{"type":"Feature","properties":{"kind":"trail"},"geometry":{"type":"LineString","coordinates":[[-122.261871,37.869808],[-122.261898,37.869965]]}},{"type":"Feature","properties":{"kind":"trail"},"geometry":{"type":"LineString","coordinates":[[-122.261671,37.869461],[-122.261763,37.869451]]}},{"type":"Feature","properties":{"kind":"steps"},"geometry":{"type":"LineString","coordinates":[[-122.261763,37.869451],[-122.261825,37.869444]]}},{"type":"Feature","properties":{"kind":"trail"},"geometry":{"type":"LineString","coordinates":[[-122.262846,37.870782],[-122.262852,37.870827]]}},{"type":"Feature","properties":{"kind":"trail","surface":"stepping_stones"},"geometry":{"type":"LineString","coordinates":[[-122.263659,37.870872],[-122.263653,37.870967],[-122.263655,37.870981]]}},{"type":"Feature","properties":{"kind":"trail"},"geometry":{"type":"LineString","coordinates":[[-122.263653,37.870967],[-122.263632,37.870981]]}},{"type":"Feature","properties":{"kind":"trail"},"geometry":{"type":"LineString","coordinates":[[-122.263735,37.871142],[-122.26381,37.871214]]}},{"type":"Feature","properties":{"kind":"trail"},"geometry":{"type":"LineString","coordinates":[[-122.263857,37.871536],[-122.264195,37.871735],[-122.264282,37.871876]]}},{"type":"Feature","properties":{"kind":"trail"},"geometry":{"type":"LineString","coordinates":[[-122.26363,37.871295],[-122.263798,37.871416],[-122.263857,37.871536]]}},{"type":"Feature","properties":{"kind":"trail"},"geometry":{"type":"LineString","coordinates":[[-122.263857,37.871536],[-122.264156,37.871557],[-122.264394,37.871483]]}},{"type":"Feature","properties":{"kind":"trail"},"geometry":{"type":"LineString","coordinates":[[-122.263638,37.871269],[-122.263778,37.871269]]}},{"type":"Feature","properties":{"kind":"trail"},"geometry":{"type":"LineString","coordinates":[[-122.262775,37.871062],[-122.262643,37.871089],[-122.262591,37.871003],[-122.262466,37.870996]]}},{"type":"Feature","properties":{"kind":"trail"},"geometry":{"type":"LineString","coordinates":[[-122.262479,37.871027],[-122.262475,37.871018],[-122.262466,37.870996],[-122.262439,37.870938]]}},{"type":"Feature","properties":{"kind":"trail"},"geometry":{"type":"LineString","coordinates":[[-122.262475,37.871018],[-122.262453,37.871022]]}},{"type":"Feature","properties":{"kind":"trail","surface":"stepping_stones"},"geometry":{"type":"LineString","coordinates":[[-122.262453,37.871022],[-122.262348,37.871044],[-122.262345,37.871011]]}},{"type":"Feature","properties":{"kind":"trail","surface":"stepping_stones"},"geometry":{"type":"LineString","coordinates":[[-122.262348,37.871044],[-122.262332,37.871049],[-122.262295,37.871026]]}},{"type":"Feature","properties":{"kind":"trail","surface":"stepping_stones"},"geometry":{"type":"LineString","coordinates":[[-122.262332,37.871049],[-122.262301,37.871083],[-122.262271,37.871091]]}},{"type":"Feature","properties":{"kind":"trail","surface":"stepping_stones"},"geometry":{"type":"LineString","coordinates":[[-122.262301,37.871083],[-122.26227,37.87107],[-122.262271,37.871089],[-122.262271,37.871091]]}},{"type":"Feature","properties":{"kind":"trail","surface":"stepping_stones"},"geometry":{"type":"LineString","coordinates":[[-122.26227,37.87107],[-122.262242,37.871041]]}},{"type":"Feature","properties":{"kind":"trail"},"geometry":{"type":"LineString","coordinates":[[-122.262271,37.871089],[-122.262206,37.871106]]}},{"type":"Feature","properties":{"kind":"trail","surface":"stepping_stones"},"geometry":{"type":"LineString","coordinates":[[-122.262196,37.871055],[-122.262206,37.871106]]}},{"type":"Feature","properties":{"kind":"trail"},"geometry":{"type":"LineString","coordinates":[[-122.261383,37.871249],[-122.261422,37.871287],[-122.261567,37.871253]]}},{"type":"Feature","properties":{"kind":"trail"},"geometry":{"type":"LineString","coordinates":[[-122.261569,37.87126],[-122.261567,37.871253]]}},{"type":"Feature","properties":{"kind":"trail"},"geometry":{"type":"LineString","coordinates":[[-122.2619,37.871091],[-122.261927,37.871161]]}},{"type":"Feature","properties":{"kind":"trail","surface":"asphalt"},"geometry":{"type":"LineString","coordinates":[[-122.260393,37.871126],[-122.260469,37.871044],[-122.260447,37.870981],[-122.260211,37.871032]]}},{"type":"Feature","properties":{"kind":"trail"},"geometry":{"type":"LineString","coordinates":[[-122.260447,37.870981],[-122.260526,37.870933]]}},{"type":"Feature","properties":{"kind":"trail"},"geometry":{"type":"LineString","coordinates":[[-122.259912,37.870326],[-122.259969,37.870315]]}},{"type":"Feature","properties":{"kind":"trail"},"geometry":{"type":"LineString","coordinates":[[-122.261059,37.870337],[-122.261122,37.870335],[-122.261133,37.870458]]}},{"type":"Feature","properties":{"kind":"trail"},"geometry":{"type":"LineString","coordinates":[[-122.26112,37.8706],[-122.260992,37.870637]]}},{"type":"Feature","properties":{"kind":"trail"},"geometry":{"type":"LineString","coordinates":[[-122.260814,37.870483],[-122.260762,37.870491]]}},{"type":"Feature","properties":{"kind":"trail"},"geometry":{"type":"LineString","coordinates":[[-122.260748,37.870493],[-122.260738,37.870495],[-122.260733,37.870496]]}},{"type":"Feature","properties":{"kind":"steps"},"geometry":{"type":"LineString","coordinates":[[-122.260762,37.870491],[-122.260748,37.870493]]}},{"type":"Feature","properties":{"kind":"trail"},"geometry":{"type":"LineString","coordinates":[[-122.260785,37.870418],[-122.260719,37.870429],[-122.260738,37.870495]]}},{"type":"Feature","properties":{"kind":"trail"},"geometry":{"type":"LineString","coordinates":[[-122.261436,37.869952],[-122.261573,37.869909]]}},{"type":"Feature","properties":{"kind":"trail"},"geometry":{"type":"LineString","coordinates":[[-122.261394,37.869787],[-122.261158,37.869817],[-122.260979,37.869837]]}},{"type":"Feature","properties":{"kind":"trail"},"geometry":{"type":"LineString","coordinates":[[-122.260953,37.869868],[-122.260761,37.869871]]}},{"type":"Feature","properties":{"kind":"steps"},"geometry":{"type":"LineString","coordinates":[[-122.262479,37.871027],[-122.262487,37.871046]]}},{"type":"Feature","properties":{"kind":"trail"},"geometry":{"type":"LineString","coordinates":[[-122.261932,37.871174],[-122.261954,37.871173]]}},{"type":"Feature","properties":{"kind":"steps"},"geometry":{"type":"LineString","coordinates":[[-122.261927,37.871161],[-122.261932,37.871174]]}},{"type":"Feature","properties":{"kind":"trail","surface":"concrete"},"geometry":{"type":"LineString","coordinates":[[-122.262029,37.871149],[-122.262031,37.871155]]}},{"type":"Feature","properties":{"kind":"steps","surface":"concrete"},"geometry":{"type":"LineString","coordinates":[[-122.262015,37.871111],[-122.262029,37.871149]]}},{"type":"Feature","properties":{"kind":"trail"},"geometry":{"type":"LineString","coordinates":[[-122.260777,37.871357],[-122.26077,37.871249],[-122.260915,37.871204]]}},{"type":"Feature","properties":{"kind":"trail"},"geometry":{"type":"LineString","coordinates":[[-122.260921,37.871219],[-122.260915,37.871204],[-122.26091,37.871191]]}},{"type":"Feature","properties":{"kind":"steps"},"geometry":{"type":"LineString","coordinates":[[-122.260921,37.871219],[-122.260933,37.871249]]}},{"type":"Feature","properties":{"kind":"trail"},"geometry":{"type":"LineString","coordinates":[[-122.260933,37.871249],[-122.260959,37.871318]]}},{"type":"Feature","properties":{"kind":"steps"},"geometry":{"type":"LineString","coordinates":[[-122.259972,37.870328],[-122.259991,37.870429]]}},{"type":"Feature","properties":{"kind":"trail"},"geometry":{"type":"LineString","coordinates":[[-122.259966,37.8703],[-122.259969,37.870315],[-122.259972,37.870328]]}},{"type":"Feature","properties":{"kind":"trail"},"geometry":{"type":"LineString","coordinates":[[-122.259954,37.870238],[-122.259961,37.870276]]}},{"type":"Feature","properties":{"kind":"steps"},"geometry":{"type":"LineString","coordinates":[[-122.259961,37.870276],[-122.259966,37.8703]]}},{"type":"Feature","properties":{"kind":"trail"},"geometry":{"type":"LineString","coordinates":[[-122.261512,37.870439],[-122.261478,37.870372]]}},{"type":"Feature","properties":{"kind":"trail"},"geometry":{"type":"LineString","coordinates":[[-122.261676,37.869985],[-122.26165,37.869861]]}},{"type":"Feature","properties":{"kind":"trail"},"geometry":{"type":"LineString","coordinates":[[-122.260787,37.869498],[-122.260843,37.869483],[-122.260872,37.869534]]}},{"type":"Feature","properties":{"kind":"trail"},"geometry":{"type":"LineString","coordinates":[[-122.261184,37.869932],[-122.261158,37.869817]]}},{"type":"Feature","properties":{"kind":"trail"},"geometry":{"type":"LineString","coordinates":[[-122.261197,37.870007],[-122.261184,37.869932]]}},{"type":"Feature","properties":{"kind":"trail"},"geometry":{"type":"LineString","coordinates":[[-122.260979,37.869837],[-122.260953,37.869868]]}},{"type":"Feature","properties":{"kind":"steps","surface":"brick"},"geometry":{"type":"LineString","coordinates":[[-122.25689,37.87081],[-122.256871,37.870812]]}},{"type":"Feature","properties":{"kind":"trail","surface":"asphalt"},"geometry":{"type":"LineString","coordinates":[[-122.256944,37.870786],[-122.25689,37.87081]]}},{"type":"Feature","properties":{"kind":"trail","surface":"brick"},"geometry":{"type":"LineString","coordinates":[[-122.256871,37.870812],[-122.256818,37.870818]]}},{"type":"Feature","properties":{"kind":"steps"},"geometry":{"type":"LineString","coordinates":[[-122.256818,37.870818],[-122.256745,37.870834]]}},{"type":"Feature","properties":{"kind":"steps","surface":"brick"},"geometry":{"type":"LineString","coordinates":[[-122.256741,37.872685],[-122.256754,37.872681]]}},{"type":"Feature","properties":{"kind":"trail","surface":"concrete"},"geometry":{"type":"LineString","coordinates":[[-122.256758,37.873196],[-122.256692,37.87311],[-122.256674,37.87326]]}},{"type":"Feature","properties":{"kind":"trail"},"geometry":{"type":"LineString","coordinates":[[-122.264496,37.870586],[-122.264373,37.870487]]}},{"type":"Feature","properties":{"kind":"trail","surface":"concrete"},"geometry":{"type":"LineString","coordinates":[[-122.26057,37.867528],[-122.260565,37.867491]]}},{"type":"Feature","properties":{"kind":"trail","surface":"concrete"},"geometry":{"type":"LineString","coordinates":[[-122.264701,37.867373],[-122.264466,37.867406],[-122.264477,37.867461],[-122.264417,37.867469],[-122.264389,37.867473]]}},{"type":"Feature","properties":{"kind":"trail","name":"Telegraph Channing Shops","surface":"paved"},"geometry":{"type":"LineString","coordinates":[[-122.25951,37.867253],[-122.25944,37.867261],[-122.25937,37.866923]]}},{"type":"Feature","properties":{"kind":"steps","name":"Telegraph Channing Shops","surface":"paved"},"geometry":{"type":"LineString","coordinates":[[-122.25951,37.867253],[-122.259515,37.867277]]}},{"type":"Feature","properties":{"kind":"steps","surface":"paved"},"geometry":{"type":"LineString","coordinates":[[-122.260313,37.867378],[-122.260326,37.867445]]}},{"type":"Feature","properties":{"kind":"trail","surface":"concrete"},"geometry":{"type":"LineString","coordinates":[[-122.264704,37.86754],[-122.264437,37.867572]]}},{"type":"Feature","properties":{"kind":"steps","surface":"paved"},"geometry":{"type":"LineString","coordinates":[[-122.260326,37.867445],[-122.26034,37.867524]]}},{"type":"Feature","properties":{"kind":"trail","surface":"concrete"},"geometry":{"type":"LineString","coordinates":[[-122.26034,37.867524],[-122.260347,37.867557]]}},{"type":"Feature","properties":{"kind":"trail"},"geometry":{"type":"LineString","coordinates":[[-122.260537,37.867358],[-122.260326,37.867445],[-122.260565,37.867491]]}},{"type":"Feature","properties":{"kind":"trail","surface":"concrete"},"geometry":{"type":"LineString","coordinates":[[-122.26466,37.867172],[-122.264366,37.867212],[-122.264417,37.867469],[-122.264437,37.867572],[-122.264439,37.867582]]}},{"type":"Feature","properties":{"kind":"steps","surface":"concrete"},"geometry":{"type":"LineString","coordinates":[[-122.264734,37.867535],[-122.264704,37.86754]]}},{"type":"Feature","properties":{"kind":"trail","surface":"concrete"},"geometry":{"type":"LineString","coordinates":[[-122.255596,37.868933],[-122.25554,37.868928],[-122.255522,37.86898],[-122.255476,37.869117]]}},{"type":"Feature","properties":{"kind":"trail","surface":"concrete"},"geometry":{"type":"LineString","coordinates":[[-122.255999,37.869049],[-122.255522,37.86898]]}},{"type":"Feature","properties":{"kind":"trail"},"geometry":{"type":"LineString","coordinates":[[-122.255951,37.874482],[-122.256071,37.874456],[-122.256083,37.874488],[-122.256087,37.874487]]}},{"type":"Feature","properties":{"kind":"trail"},"geometry":{"type":"LineString","coordinates":[[-122.256083,37.874488],[-122.25611,37.874558],[-122.256203,37.874591]]}},{"type":"Feature","properties":{"kind":"steps"},"geometry":{"type":"LineString","coordinates":[[-122.256203,37.874591],[-122.25624,37.87456]]}},{"type":"Feature","properties":{"kind":"trail"},"geometry":{"type":"LineString","coordinates":[[-122.25624,37.87456],[-122.256252,37.87455]]}},{"type":"Feature","properties":{"kind":"trail"},"geometry":{"type":"LineString","coordinates":[[-122.256252,37.87455],[-122.256331,37.874604],[-122.256405,37.874579],[-122.25642,37.874543]]}},{"type":"Feature","properties":{"kind":"trail"},"geometry":{"type":"LineString","coordinates":[[-122.256405,37.874579],[-122.25642,37.87459]]}},{"type":"Feature","properties":{"kind":"trail"},"geometry":{"type":"LineString","coordinates":[[-122.253017,37.871609],[-122.25301,37.871522],[-122.25315,37.871515],[-122.253156,37.871612]]}},{"type":"Feature","properties":{"kind":"trail"},"geometry":{"type":"LineString","coordinates":[[-122.257228,37.871803],[-122.257268,37.871846]]}},{"type":"Feature","properties":{"kind":"trail"},"geometry":{"type":"LineString","coordinates":[[-122.255845,37.874299],[-122.255906,37.874267]]}},{"type":"Feature","properties":{"kind":"trail"},"geometry":{"type":"LineString","coordinates":[[-122.252504,37.870082],[-122.252607,37.870049]]}},{"type":"Feature","properties":{"kind":"trail"},"geometry":{"type":"LineString","coordinates":[[-122.252606,37.870333],[-122.252782,37.870324]]}},{"type":"Feature","properties":{"kind":"trail"},"geometry":{"type":"LineString","coordinates":[[-122.252992,37.869645],[-122.253016,37.869767],[-122.253032,37.869847]]}},{"type":"Feature","properties":{"kind":"trail"},"geometry":{"type":"LineString","coordinates":[[-122.253016,37.869767],[-122.253113,37.869755]]}},{"type":"Feature","properties":{"kind":"trail"},"geometry":{"type":"LineString","coordinates":[[-122.253084,37.869623],[-122.253113,37.869755]]}},{"type":"Feature","properties":{"kind":"trail"},"geometry":{"type":"LineString","coordinates":[[-122.256764,37.872151],[-122.256795,37.87224]]}},{"type":"Feature","properties":{"kind":"trail"},"geometry":{"type":"LineString","coordinates":[[-122.260763,37.869607],[-122.260647,37.869605],[-122.260713,37.869921]]}},{"type":"Feature","properties":{"kind":"trail","surface":"concrete"},"geometry":{"type":"LineString","coordinates":[[-122.254009,37.870042],[-122.253996,37.870044],[-122.253971,37.870047]]}},{"type":"Feature","properties":{"kind":"trail"},"geometry":{"type":"LineString","coordinates":[[-122.254412,37.870701],[-122.254379,37.870522]]}},{"type":"Feature","properties":{"kind":"trail"},"geometry":{"type":"LineString","coordinates":[[-122.254368,37.870523],[-122.254399,37.870687]]}},{"type":"Feature","properties":{"kind":"steps"},"geometry":{"type":"LineString","coordinates":[[-122.254399,37.870687],[-122.254402,37.870702]]}},{"type":"Feature","properties":{"kind":"trail"},"geometry":{"type":"LineString","coordinates":[[-122.253685,37.870102],[-122.25369,37.870136]]}},{"type":"Feature","properties":{"kind":"steps"},"geometry":{"type":"LineString","coordinates":[[-122.25369,37.870136],[-122.253692,37.870157]]}},{"type":"Feature","properties":{"kind":"trail"},"geometry":{"type":"LineString","coordinates":[[-122.253692,37.870157],[-122.253698,37.870209],[-122.253711,37.870244]]}},{"type":"Feature","properties":{"kind":"trail"},"geometry":{"type":"LineString","coordinates":[[-122.253698,37.870209],[-122.253668,37.870211]]}},{"type":"Feature","properties":{"kind":"trail"},"geometry":{"type":"LineString","coordinates":[[-122.2538,37.87008],[-122.253748,37.870074]]}},{"type":"Feature","properties":{"kind":"steps"},"geometry":{"type":"LineString","coordinates":[[-122.25383,37.870087],[-122.253828,37.870077]]}},{"type":"Feature","properties":{"kind":"trail"},"geometry":{"type":"LineString","coordinates":[[-122.253828,37.870077],[-122.253816,37.870079]]}},{"type":"Feature","properties":{"kind":"steps"},"geometry":{"type":"LineString","coordinates":[[-122.253816,37.870079],[-122.2538,37.87008]]}},{"type":"Feature","properties":{"kind":"trail"},"geometry":{"type":"LineString","coordinates":[[-122.253774,37.870361],[-122.25377,37.870312],[-122.253714,37.870315]]}},{"type":"Feature","properties":{"kind":"steps"},"geometry":{"type":"LineString","coordinates":[[-122.253714,37.870315],[-122.253687,37.870317]]}},{"type":"Feature","properties":{"kind":"trail"},"geometry":{"type":"LineString","coordinates":[[-122.252833,37.870746],[-122.252903,37.87074]]}},{"type":"Feature","properties":{"kind":"trail"},"geometry":{"type":"LineString","coordinates":[[-122.252913,37.87074],[-122.252915,37.870851]]}},{"type":"Feature","properties":{"kind":"trail"},"geometry":{"type":"LineString","coordinates":[[-122.252937,37.870849],[-122.253101,37.870837]]}},{"type":"Feature","properties":{"kind":"trail"},"geometry":{"type":"LineString","coordinates":[[-122.252812,37.870858],[-122.252915,37.870851],[-122.252926,37.87085]]}},{"type":"Feature","properties":{"kind":"steps"},"geometry":{"type":"LineString","coordinates":[[-122.252926,37.87085],[-122.252937,37.870849]]}},{"type":"Feature","properties":{"kind":"trail"},"geometry":{"type":"LineString","coordinates":[[-122.252913,37.87074],[-122.253022,37.870737]]}},{"type":"Feature","properties":{"kind":"steps"},"geometry":{"type":"LineString","coordinates":[[-122.252903,37.87074],[-122.252913,37.87074]]}},{"type":"Feature","properties":{"kind":"trail"},"geometry":{"type":"LineString","coordinates":[[-122.252785,37.870749],[-122.252822,37.870746]]}},{"type":"Feature","properties":{"kind":"steps"},"geometry":{"type":"LineString","coordinates":[[-122.252822,37.870746],[-122.252833,37.870746]]}},{"type":"Feature","properties":{"kind":"trail"},"geometry":{"type":"LineString","coordinates":[[-122.253101,37.870837],[-122.253105,37.870872]]}},{"type":"Feature","properties":{"kind":"trail"},"geometry":{"type":"LineString","coordinates":[[-122.252819,37.870889],[-122.253105,37.870872]]}},{"type":"Feature","properties":{"kind":"trail"},"geometry":{"type":"LineString","coordinates":[[-122.253159,37.870835],[-122.253155,37.870784]]}},{"type":"Feature","properties":{"kind":"trail"},"geometry":{"type":"LineString","coordinates":[[-122.253192,37.870782],[-122.25329,37.870714]]}},{"type":"Feature","properties":{"kind":"trail"},"geometry":{"type":"LineString","coordinates":[[-122.253155,37.870784],[-122.253192,37.870782]]}},{"type":"Feature","properties":{"kind":"trail"},"geometry":{"type":"LineString","coordinates":[[-122.253117,37.870836],[-122.253146,37.870835]]}},{"type":"Feature","properties":{"kind":"steps"},"geometry":{"type":"LineString","coordinates":[[-122.253146,37.870835],[-122.253159,37.870835]]}},{"type":"Feature","properties":{"kind":"steps"},"geometry":{"type":"LineString","coordinates":[[-122.253101,37.870837],[-122.253117,37.870836]]}},{"type":"Feature","properties":{"kind":"trail"},"geometry":{"type":"LineString","coordinates":[[-122.253105,37.870872],[-122.253105,37.870877],[-122.253107,37.870895],[-122.253054,37.870901]]}},{"type":"Feature","properties":{"kind":"trail"},"geometry":{"type":"LineString","coordinates":[[-122.253107,37.870895],[-122.25314,37.870958],[-122.253186,37.870971],[-122.253194,37.871077],[-122.253147,37.87108]]}},{"type":"Feature","properties":{"kind":"trail"},"geometry":{"type":"LineString","coordinates":[[-122.253186,37.870971],[-122.253283,37.870961]]}},{"type":"Feature","properties":{"kind":"trail"},"geometry":{"type":"LineString","coordinates":[[-122.25314,37.870958],[-122.253167,37.870944]]}},{"type":"Feature","properties":{"kind":"trail"},"geometry":{"type":"LineString","coordinates":[[-122.253105,37.870877],[-122.253298,37.870858]]}},{"type":"Feature","properties":{"kind":"trail"},"geometry":{"type":"LineString","coordinates":[[-122.253291,37.870798],[-122.25329,37.870714]]}},{"type":"Feature","properties":{"kind":"steps","surface":"dirt"},"geometry":{"type":"LineString","coordinates":[[-122.253298,37.870858],[-122.253291,37.870798]]}},{"type":"Feature","properties":{"kind":"trail"},"geometry":{"type":"LineString","coordinates":[[-122.253298,37.870858],[-122.253404,37.870857]]}},{"type":"Feature","properties":{"kind":"trail"},"geometry":{"type":"LineString","coordinates":[[-122.253121,37.87108],[-122.252995,37.871115]]}},{"type":"Feature","properties":{"kind":"steps"},"geometry":{"type":"LineString","coordinates":[[-122.253147,37.87108],[-122.253121,37.87108]]}},{"type":"Feature","properties":{"kind":"trail"},"geometry":{"type":"LineString","coordinates":[[-122.252851,37.871123],[-122.252984,37.871116],[-122.252995,37.871115],[-122.253022,37.871113],[-122.253304,37.871096],[-122.253319,37.871219]]}},{"type":"Feature","properties":{"kind":"steps"},"geometry":{"type":"LineString","coordinates":[[-122.252984,37.871116],[-122.252983,37.871098]]}},{"type":"Feature","properties":{"kind":"trail"},"geometry":{"type":"LineString","coordinates":[[-122.252854,37.871153],[-122.253026,37.871145],[-122.253033,37.871145]]}},{"type":"Feature","properties":{"kind":"steps"},"geometry":{"type":"LineString","coordinates":[[-122.253026,37.871145],[-122.253022,37.871113]]}},{"type":"Feature","properties":{"kind":"trail"},"geometry":{"type":"LineString","coordinates":[[-122.253058,37.871144],[-122.253073,37.871143],[-122.253074,37.871149]]}},{"type":"Feature","properties":{"kind":"steps"},"geometry":{"type":"LineString","coordinates":[[-122.253033,37.871145],[-122.253058,37.871144]]}},{"type":"Feature","properties":{"kind":"trail"},"geometry":{"type":"LineString","coordinates":[[-122.252839,37.870999],[-122.252972,37.870989]]}},{"type":"Feature","properties":{"kind":"trail"},"geometry":{"type":"LineString","coordinates":[[-122.253073,37.871143],[-122.253124,37.87114]]}},{"type":"Feature","properties":{"kind":"steps"},"geometry":{"type":"LineString","coordinates":[[-122.252972,37.870989],[-122.252984,37.870988]]}},{"type":"Feature","properties":{"kind":"trail"},"geometry":{"type":"LineString","coordinates":[[-122.252984,37.870988],[-122.252988,37.870988]]}},{"type":"Feature","properties":{"kind":"trail"},"geometry":{"type":"LineString","coordinates":[[-122.252625,37.869628],[-122.252632,37.86967],[-122.252528,37.869684],[-122.252596,37.87]]}},{"type":"Feature","properties":{"kind":"steps"},"geometry":{"type":"LineString","coordinates":[[-122.2527,37.869628],[-122.252703,37.869647]]}},{"type":"Feature","properties":{"kind":"trail"},"geometry":{"type":"LineString","coordinates":[[-122.252703,37.869647],[-122.252706,37.869659],[-122.252707,37.869664]]}},{"type":"Feature","properties":{"kind":"trail"},"geometry":{"type":"LineString","coordinates":[[-122.252696,37.869617],[-122.2527,37.869628]]}},{"type":"Feature","properties":{"kind":"trail"},"geometry":{"type":"LineString","coordinates":[[-122.252706,37.869659],[-122.252632,37.86967]]}},{"type":"Feature","properties":{"kind":"trail"},"geometry":{"type":"LineString","coordinates":[[-122.254721,37.872028],[-122.254697,37.872095],[-122.254597,37.87218]]}},{"type":"Feature","properties":{"kind":"trail"},"geometry":{"type":"LineString","coordinates":[[-122.254697,37.872095],[-122.254778,37.872081]]}},{"type":"Feature","properties":{"kind":"trail"},"geometry":{"type":"LineString","coordinates":[[-122.258814,37.874261],[-122.258765,37.874091]]}},{"type":"Feature","properties":{"kind":"trail"},"geometry":{"type":"LineString","coordinates":[[-122.258778,37.874268],[-122.258814,37.874261]]}},{"type":"Feature","properties":{"kind":"trail"},"geometry":{"type":"LineString","coordinates":[[-122.258751,37.874274],[-122.258778,37.874268]]}},{"type":"Feature","properties":{"kind":"road","name":"Canyon Road","surface":"asphalt"},"geometry":{"type":"LineString","coordinates":[[-122.249763,37.869394],[-122.24976,37.869489]]}},{"type":"Feature","properties":{"kind":"trail","surface":"asphalt"},"geometry":{"type":"LineString","coordinates":[[-122.249751,37.870119],[-122.249869,37.870123]]}},{"type":"Feature","properties":{"kind":"trail","surface":"asphalt"},"geometry":{"type":"LineString","coordinates":[[-122.263592,37.872794],[-122.263364,37.872889],[-122.262948,37.872973],[-122.262742,37.872935],[-122.262471,37.873069],[-122.262078,37.872855]]}},{"type":"Feature","properties":{"kind":"trail","surface":"asphalt"},"geometry":{"type":"LineString","coordinates":[[-122.265235,37.872245],[-122.265278,37.872169]]}},{"type":"Feature","properties":{"kind":"trail","surface":"concrete"},"geometry":{"type":"LineString","coordinates":[[-122.265374,37.872579],[-122.265336,37.872518],[-122.265235,37.872245]]}},{"type":"Feature","properties":{"kind":"trail"},"geometry":{"type":"LineString","coordinates":[[-122.264891,37.873458],[-122.264749,37.873467],[-122.264579,37.873478]]}},{"type":"Feature","properties":{"kind":"trail"},"geometry":{"type":"LineString","coordinates":[[-122.265077,37.873446],[-122.265022,37.87345]]}},{"type":"Feature","properties":{"kind":"steps"},"geometry":{"type":"LineString","coordinates":[[-122.265022,37.87345],[-122.26498,37.873452]]}},{"type":"Feature","properties":{"kind":"trail"},"geometry":{"type":"LineString","coordinates":[[-122.264973,37.873613],[-122.264968,37.873568],[-122.264955,37.873454]]}},{"type":"Feature","properties":{"kind":"trail"},"geometry":{"type":"LineString","coordinates":[[-122.264969,37.873667],[-122.265166,37.873653]]}},{"type":"Feature","properties":{"kind":"trail"},"geometry":{"type":"LineString","coordinates":[[-122.264964,37.873614],[-122.264969,37.873667]]}},{"type":"Feature","properties":{"kind":"trail"},"geometry":{"type":"LineString","coordinates":[[-122.26498,37.873452],[-122.264955,37.873454],[-122.264932,37.873455]]}},{"type":"Feature","properties":{"kind":"trail"},"geometry":{"type":"LineString","coordinates":[[-122.264579,37.873478],[-122.264411,37.873489]]}},{"type":"Feature","properties":{"kind":"trail"},"geometry":{"type":"LineString","coordinates":[[-122.264932,37.873455],[-122.264905,37.873457]]}},{"type":"Feature","properties":{"kind":"steps"},"geometry":{"type":"LineString","coordinates":[[-122.264905,37.873457],[-122.264891,37.873458]]}},{"type":"Feature","properties":{"kind":"trail"},"geometry":{"type":"LineString","coordinates":[[-122.264968,37.873568],[-122.264859,37.873577]]}},{"type":"Feature","properties":{"kind":"trail"},"geometry":{"type":"LineString","coordinates":[[-122.264859,37.873577],[-122.264864,37.873621]]}},{"type":"Feature","properties":{"kind":"trail"},"geometry":{"type":"LineString","coordinates":[[-122.265179,37.873785],[-122.265329,37.873776]]}},{"type":"Feature","properties":{"kind":"trail"},"geometry":{"type":"LineString","coordinates":[[-122.265329,37.873776],[-122.265332,37.873803]]}},{"type":"Feature","properties":{"kind":"trail"},"geometry":{"type":"LineString","coordinates":[[-122.265078,37.873459],[-122.265396,37.873439]]}},{"type":"Feature","properties":{"kind":"trail"},"geometry":{"type":"LineString","coordinates":[[-122.264019,37.873061],[-122.263982,37.873048],[-122.263996,37.872952]]}},{"type":"Feature","properties":{"kind":"trail"},"geometry":{"type":"LineString","coordinates":[[-122.264051,37.87306],[-122.264029,37.873061]]}},{"type":"Feature","properties":{"kind":"steps"},"geometry":{"type":"LineString","coordinates":[[-122.264029,37.873061],[-122.264019,37.873061]]}},{"type":"Feature","properties":{"kind":"trail"},"geometry":{"type":"LineString","coordinates":[[-122.262361,37.873111],[-122.262403,37.873224]]}},{"type":"Feature","properties":{"kind":"trail"},"geometry":{"type":"LineString","coordinates":[[-122.262464,37.87321],[-122.262426,37.873219]]}},{"type":"Feature","properties":{"kind":"steps"},"geometry":{"type":"LineString","coordinates":[[-122.262426,37.873219],[-122.262403,37.873224]]}},{"type":"Feature","properties":{"kind":"trail"},"geometry":{"type":"LineString","coordinates":[[-122.262403,37.873224],[-122.262391,37.873227]]}},{"type":"Feature","properties":{"kind":"trail"},"geometry":{"type":"LineString","coordinates":[[-122.262501,37.873304],[-122.262359,37.873369],[-122.262557,37.873663],[-122.262628,37.87367]]}},{"type":"Feature","properties":{"kind":"trail"},"geometry":{"type":"LineString","coordinates":[[-122.262574,37.873471],[-122.262511,37.873495]]}},{"type":"Feature","properties":{"kind":"steps"},"geometry":{"type":"LineString","coordinates":[[-122.262511,37.873495],[-122.262466,37.873512]]}},{"type":"Feature","properties":{"kind":"steps","surface":"concrete"},"geometry":{"type":"LineString","coordinates":[[-122.259591,37.873784],[-122.259594,37.873792]]}},{"type":"Feature","properties":{"kind":"trail"},"geometry":{"type":"LineString","coordinates":[[-122.261044,37.874282],[-122.26085,37.874223]]}},{"type":"Feature","properties":{"kind":"trail"},"geometry":{"type":"LineString","coordinates":[[-122.260704,37.874397],[-122.260892,37.874419]]}},{"type":"Feature","properties":{"kind":"trail"},"geometry":{"type":"LineString","coordinates":[[-122.260892,37.874419],[-122.260813,37.874285]]}},{"type":"Feature","properties":{"kind":"trail"},"geometry":{"type":"LineString","coordinates":[[-122.260542,37.874703],[-122.260641,37.874898]]}},{"type":"Feature","properties":{"kind":"trail"},"geometry":{"type":"LineString","coordinates":[[-122.262195,37.874103],[-122.262141,37.873922],[-122.262277,37.873824]]}},{"type":"Feature","properties":{"kind":"trail"},"geometry":{"type":"LineString","coordinates":[[-122.261883,37.873284],[-122.261662,37.873242],[-122.261623,37.873172]]}},{"type":"Feature","properties":{"kind":"trail"},"geometry":{"type":"LineString","coordinates":[[-122.261582,37.873166],[-122.261424,37.873171]]}},{"type":"Feature","properties":{"kind":"trail"},"geometry":{"type":"LineString","coordinates":[[-122.261623,37.873172],[-122.261582,37.873166]]}},{"type":"Feature","properties":{"kind":"trail"},"geometry":{"type":"LineString","coordinates":[[-122.262466,37.873512],[-122.262451,37.873518],[-122.262447,37.87352]]}},{"type":"Feature","properties":{"kind":"trail"},"geometry":{"type":"LineString","coordinates":[[-122.262644,37.873636],[-122.262669,37.873569]]}},{"type":"Feature","properties":{"kind":"steps"},"geometry":{"type":"LineString","coordinates":[[-122.262653,37.87366],[-122.262644,37.873636]]}},{"type":"Feature","properties":{"kind":"trail"},"geometry":{"type":"LineString","coordinates":[[-122.262645,37.873667],[-122.262653,37.87366]]}},{"type":"Feature","properties":{"kind":"steps"},"geometry":{"type":"LineString","coordinates":[[-122.262628,37.87367],[-122.262645,37.873667]]}},{"type":"Feature","properties":{"kind":"trail"},"geometry":{"type":"LineString","coordinates":[[-122.262574,37.873471],[-122.262693,37.873421]]}},{"type":"Feature","properties":{"kind":"trail"},"geometry":{"type":"LineString","coordinates":[[-122.262725,37.873609],[-122.262791,37.873506]]}},{"type":"Feature","properties":{"kind":"trail"},"geometry":{"type":"LineString","coordinates":[[-122.263155,37.87349],[-122.263005,37.873461]]}},{"type":"Feature","properties":{"kind":"trail"},"geometry":{"type":"LineString","coordinates":[[-122.262451,37.873518],[-122.262546,37.873659]]}},{"type":"Feature","properties":{"kind":"trail"},"geometry":{"type":"LineString","coordinates":[[-122.262451,37.873518],[-122.262358,37.873379]]}},{"type":"Feature","properties":{"kind":"trail"},"geometry":{"type":"LineString","coordinates":[[-122.262503,37.87331],[-122.262797,37.873244]]}},{"type":"Feature","properties":{"kind":"trail"},"geometry":{"type":"LineString","coordinates":[[-122.262826,37.873261],[-122.262818,37.873239]]}},{"type":"Feature","properties":{"kind":"trail"},"geometry":{"type":"LineString","coordinates":[[-122.262797,37.873244],[-122.262792,37.873231]]}},{"type":"Feature","properties":{"kind":"steps"},"geometry":{"type":"LineString","coordinates":[[-122.262818,37.873239],[-122.262797,37.873244]]}},{"type":"Feature","properties":{"kind":"trail"},"geometry":{"type":"LineString","coordinates":[[-122.263173,37.873322],[-122.263034,37.873339]]}},{"type":"Feature","properties":{"kind":"trail"},"geometry":{"type":"LineString","coordinates":[[-122.262779,37.873742],[-122.262817,37.873849]]}},{"type":"Feature","properties":{"kind":"trail"},"geometry":{"type":"LineString","coordinates":[[-122.263188,37.873638],[-122.263223,37.873754]]}},{"type":"Feature","properties":{"kind":"trail"},"geometry":{"type":"LineString","coordinates":[[-122.263173,37.873322],[-122.263265,37.873316]]}},{"type":"Feature","properties":{"kind":"steps"},"geometry":{"type":"LineString","coordinates":[[-122.263265,37.873316],[-122.2633,37.873314]]}},{"type":"Feature","properties":{"kind":"trail"},"geometry":{"type":"LineString","coordinates":[[-122.263143,37.873194],[-122.263291,37.873214],[-122.263333,37.873477]]}},{"type":"Feature","properties":{"kind":"steps"},"geometry":{"type":"LineString","coordinates":[[-122.2633,37.873314],[-122.263322,37.873313]]}},{"type":"Feature","properties":{"kind":"trail"},"geometry":{"type":"LineString","coordinates":[[-122.263901,37.873237],[-122.264011,37.873232],[-122.26412,37.873226]]}},{"type":"Feature","properties":{"kind":"trail"},"geometry":{"type":"LineString","coordinates":[[-122.264011,37.873232],[-122.264032,37.873452],[-122.264125,37.87346]]}},{"type":"Feature","properties":{"kind":"trail"},"geometry":{"type":"LineString","coordinates":[[-122.262239,37.872359],[-122.262219,37.872352]]}},{"type":"Feature","properties":{"kind":"trail"},"geometry":{"type":"LineString","coordinates":[[-122.262219,37.872352],[-122.262009,37.872166]]}},{"type":"Feature","properties":{"kind":"trail"},"geometry":{"type":"LineString","coordinates":[[-122.262239,37.872359],[-122.262317,37.872295],[-122.262371,37.872278],[-122.262375,37.872284],[-122.262383,37.87229]]}},{"type":"Feature","properties":{"kind":"trail"},"geometry":{"type":"LineString","coordinates":[[-122.262317,37.872295],[-122.262345,37.872315]]}},{"type":"Feature","properties":{"kind":"trail"},"geometry":{"type":"LineString","coordinates":[[-122.262375,37.872284],[-122.262352,37.87231]]}},{"type":"Feature","properties":{"kind":"trail"},"geometry":{"type":"LineString","coordinates":[[-122.262371,37.872278],[-122.262385,37.87227]]}},{"type":"Feature","properties":{"kind":"trail"},"geometry":{"type":"LineString","coordinates":[[-122.262675,37.872206],[-122.262644,37.872153],[-122.262534,37.872155]]}},{"type":"Feature","properties":{"kind":"trail"},"geometry":{"type":"LineString","coordinates":[[-122.262759,37.8722],[-122.262753,37.87216]]}},{"type":"Feature","properties":{"kind":"trail"},"geometry":{"type":"LineString","coordinates":[[-122.265246,37.871932],[-122.26532,37.871916],[-122.26536,37.871814]]}},{"type":"Feature","properties":{"kind":"trail"},"geometry":{"type":"LineString","coordinates":[[-122.2652,37.871872],[-122.26536,37.871814]]}},{"type":"Feature","properties":{"kind":"trail"},"geometry":{"type":"LineString","coordinates":[[-122.265356,37.871799],[-122.265331,37.871725]]}},{"type":"Feature","properties":{"kind":"steps"},"geometry":{"type":"LineString","coordinates":[[-122.265356,37.871799],[-122.26536,37.871814]]}},{"type":"Feature","properties":{"kind":"trail"},"geometry":{"type":"LineString","coordinates":[[-122.265331,37.871725],[-122.265313,37.871659]]}},{"type":"Feature","properties":{"kind":"trail"},"geometry":{"type":"LineString","coordinates":[[-122.265309,37.871644],[-122.265299,37.871615]]}},{"type":"Feature","properties":{"kind":"steps"},"geometry":{"type":"LineString","coordinates":[[-122.265313,37.871659],[-122.265309,37.871644]]}},{"type":"Feature","properties":{"kind":"trail"},"geometry":{"type":"LineString","coordinates":[[-122.265309,37.871644],[-122.265123,37.871662]]}},{"type":"Feature","properties":{"kind":"trail"},"geometry":{"type":"LineString","coordinates":[[-122.265299,37.871615],[-122.265103,37.871602]]}},{"type":"Feature","properties":{"kind":"trail","surface":"paved"},"geometry":{"type":"LineString","coordinates":[[-122.265199,37.871753],[-122.26516,37.871761]]}},{"type":"Feature","properties":{"kind":"steps","surface":"paved"},"geometry":{"type":"LineString","coordinates":[[-122.265211,37.871751],[-122.265199,37.871753]]}},{"type":"Feature","properties":{"kind":"road"},"geometry":{"type":"LineString","coordinates":[[-122.263886,37.868463],[-122.263884,37.868455],[-122.26386,37.868309],[-122.263712,37.868324],[-122.263655,37.868283],[-122.263209,37.86835],[-122.263248,37.868537],[-122.263886,37.868463]]}},{"type":"Feature","properties":{"kind":"trail"},"geometry":{"type":"LineString","coordinates":[[-122.263204,37.868543],[-122.263248,37.868537],[-122.263884,37.868455]]}},{"type":"Feature","properties":{"kind":"trail","surface":"concrete"},"geometry":{"type":"LineString","coordinates":[[-122.26105,37.873997],[-122.261168,37.873969]]}},{"type":"Feature","properties":{"kind":"trail","surface":"concrete"},"geometry":{"type":"LineString","coordinates":[[-122.261168,37.873969],[-122.261167,37.873965]]}},{"type":"Feature","properties":{"kind":"trail"},"geometry":{"type":"LineString","coordinates":[[-122.261057,37.874016],[-122.26105,37.873997]]}},{"type":"Feature","properties":{"kind":"trail"},"geometry":{"type":"LineString","coordinates":[[-122.261242,37.873976],[-122.261272,37.874055],[-122.26121,37.874067]]}},{"type":"Feature","properties":{"kind":"trail"},"geometry":{"type":"LineString","coordinates":[[-122.262399,37.87186],[-122.262347,37.871779]]}},{"type":"Feature","properties":{"kind":"trail"},"geometry":{"type":"LineString","coordinates":[[-122.26218,37.871829],[-122.262203,37.871813]]}},{"type":"Feature","properties":{"kind":"trail"},"geometry":{"type":"LineString","coordinates":[[-122.262208,37.871905],[-122.262191,37.871858]]}},{"type":"Feature","properties":{"kind":"steps"},"geometry":{"type":"LineString","coordinates":[[-122.262191,37.871858],[-122.26218,37.871829]]}},{"type":"Feature","properties":{"kind":"steps","surface":"concrete"},"geometry":{"type":"LineString","coordinates":[[-122.258069,37.875011],[-122.258027,37.874881]]}},{"type":"Feature","properties":{"kind":"trail","surface":"concrete"},"geometry":{"type":"LineString","coordinates":[[-122.25808,37.875044],[-122.258074,37.875026],[-122.258069,37.875011]]}},{"type":"Feature","properties":{"kind":"trail"},"geometry":{"type":"LineString","coordinates":[[-122.258074,37.875026],[-122.258103,37.875019]]}},{"type":"Feature","properties":{"kind":"trail"},"geometry":{"type":"LineString","coordinates":[[-122.258122,37.875016],[-122.258138,37.875013]]}},{"type":"Feature","properties":{"kind":"steps"},"geometry":{"type":"LineString","coordinates":[[-122.258103,37.875019],[-122.258122,37.875016]]}},{"type":"Feature","properties":{"kind":"trail"},"geometry":{"type":"LineString","coordinates":[[-122.257944,37.87487],[-122.257924,37.874806],[-122.257931,37.874792],[-122.257896,37.874779],[-122.257924,37.874806]]}},{"type":"Feature","properties":{"kind":"trail"},"geometry":{"type":"LineString","coordinates":[[-122.257931,37.874792],[-122.258005,37.874777]]}},{"type":"Feature","properties":{"kind":"trail"},"geometry":{"type":"LineString","coordinates":[[-122.258022,37.874612],[-122.257999,37.874546]]}},{"type":"Feature","properties":{"kind":"trail"},"geometry":{"type":"LineString","coordinates":[[-122.257958,37.874626],[-122.258022,37.874612]]}},{"type":"Feature","properties":{"kind":"trail"},"geometry":{"type":"LineString","coordinates":[[-122.257999,37.874546],[-122.257934,37.874561]]}},{"type":"Feature","properties":{"kind":"trail"},"geometry":{"type":"LineString","coordinates":[[-122.258603,37.874475],[-122.258579,37.874413]]}},{"type":"Feature","properties":{"kind":"trail"},"geometry":{"type":"LineString","coordinates":[[-122.258649,37.874466],[-122.258603,37.874475]]}},{"type":"Feature","properties":{"kind":"trail"},"geometry":{"type":"LineString","coordinates":[[-122.258579,37.874413],[-122.258605,37.874407]]}},{"type":"Feature","properties":{"kind":"trail"},"geometry":{"type":"LineString","coordinates":[[-122.259074,37.875003],[-122.259067,37.874971]]}},{"type":"Feature","properties":{"kind":"trail"},"geometry":{"type":"LineString","coordinates":[[-122.259055,37.874622],[-122.259138,37.874601],[-122.259136,37.874594]]}},{"type":"Feature","properties":{"kind":"trail"},"geometry":{"type":"LineString","coordinates":[[-122.259188,37.874663],[-122.259138,37.874601]]}},{"type":"Feature","properties":{"kind":"trail"},"geometry":{"type":"LineString","coordinates":[[-122.259761,37.874659],[-122.259719,37.874682]]}},{"type":"Feature","properties":{"kind":"trail"},"geometry":{"type":"LineString","coordinates":[[-122.259477,37.874691],[-122.259268,37.874698],[-122.259152,37.87471],[-122.259144,37.874667]]}},{"type":"Feature","properties":{"kind":"trail"},"geometry":{"type":"LineString","coordinates":[[-122.258852,37.871651],[-122.258968,37.871646],[-122.259118,37.871738]]}},{"type":"Feature","properties":{"kind":"road","name":"Durant Avenue","surface":"asphalt"},"geometry":{"type":"LineString","coordinates":[[-122.257011,37.868068],[-122.256733,37.868103]]}},{"type":"Feature","properties":{"kind":"road","name":"Durant Avenue","surface":"asphalt"},"geometry":{"type":"LineString","coordinates":[[-122.256733,37.868103],[-122.255937,37.868207],[-122.255021,37.868326]]}},{"type":"Feature","properties":{"kind":"road","name":"Durant Avenue","surface":"asphalt"},"geometry":{"type":"LineString","coordinates":[[-122.257349,37.868025],[-122.257011,37.868068]]}},{"type":"Feature","properties":{"kind":"road","name":"Durant Avenue","surface":"asphalt"},"geometry":{"type":"LineString","coordinates":[[-122.261646,37.867473],[-122.261275,37.867521]]}},{"type":"Feature","properties":{"kind":"trail"},"geometry":{"type":"LineString","coordinates":[[-122.254609,37.87129],[-122.254607,37.871272],[-122.25461,37.871271]]}},{"type":"Feature","properties":{"kind":"trail"},"geometry":{"type":"LineString","coordinates":[[-122.254583,37.871291],[-122.254609,37.87129]]}},{"type":"Feature","properties":{"kind":"trail"},"geometry":{"type":"LineString","coordinates":[[-122.254594,37.871272],[-122.254607,37.871272]]}},{"type":"Feature","properties":{"kind":"trail"},"geometry":{"type":"LineString","coordinates":[[-122.254582,37.871273],[-122.25459,37.871272]]}},{"type":"Feature","properties":{"kind":"steps"},"geometry":{"type":"LineString","coordinates":[[-122.25459,37.871272],[-122.254594,37.871272]]}},{"type":"Feature","properties":{"kind":"trail","surface":"concrete"},"geometry":{"type":"LineString","coordinates":[[-122.272499,37.868963],[-122.272584,37.86888]]}},{"type":"Feature","properties":{"kind":"road","name":"Wildcat Canyon Road","surface":"asphalt"},"geometry":{"type":"LineString","coordinates":[[-122.210495,37.899518],[-122.21058,37.899404],[-122.210749,37.89931],[-122.211169,37.899328],[-122.212562,37.899629],[-122.213388,37.899758],[-122.213771,37.900043],[-122.214,37.900124],[-122.214257,37.900097],[-122.214868,37.899782],[-122.215313,37.899714],[-122.215497,37.89982],[-122.215528,37.900039],[-122.215611,37.900199],[-122.215803,37.900271],[-122.216171,37.900288],[-122.217091,37.900118],[-122.217291,37.899861],[-122.217386,37.899281],[-122.217552,37.899143],[-122.217915,37.899007],[-122.218182,37.898747],[-122.218609,37.898502],[-122.218867,37.89822],[-122.219134,37.897788],[-122.219258,37.897688],[-122.219355,37.897675],[-122.219477,37.897765],[-122.219573,37.898242],[-122.219893,37.898771],[-122.219997,37.899223],[-122.220111,37.899321],[-122.221515,37.899152],[-122.221874,37.899175],[-122.222361,37.899308],[-122.222666,37.899277],[-122.222815,37.899185],[-122.222901,37.899008],[-122.222879,37.898827],[-122.222757,37.898583],[-122.222749,37.898418]]}},{"type":"Feature","properties":{"kind":"trail"},"geometry":{"type":"LineString","coordinates":[[-122.259594,37.873792],[-122.259596,37.873796]]}},{"type":"Feature","properties":{"kind":"trail"},"geometry":{"type":"LineString","coordinates":[[-122.259487,37.873818],[-122.259394,37.873841]]}},{"type":"Feature","properties":{"kind":"trail"},"geometry":{"type":"LineString","coordinates":[[-122.259394,37.873841],[-122.259392,37.873838]]}},{"type":"Feature","properties":{"kind":"trail"},"geometry":{"type":"LineString","coordinates":[[-122.259594,37.873792],[-122.259572,37.873797]]}},{"type":"Feature","properties":{"kind":"trail"},"geometry":{"type":"LineString","coordinates":[[-122.259032,37.873526],[-122.259128,37.87366]]}},{"type":"Feature","properties":{"kind":"trail"},"geometry":{"type":"LineString","coordinates":[[-122.259392,37.873838],[-122.259363,37.873846]]}},{"type":"Feature","properties":{"kind":"steps"},"geometry":{"type":"LineString","coordinates":[[-122.259386,37.87382],[-122.259392,37.873838]]}},{"type":"Feature","properties":{"kind":"trail"},"geometry":{"type":"LineString","coordinates":[[-122.259479,37.873795],[-122.259485,37.873813],[-122.259487,37.873818]]}},{"type":"Feature","properties":{"kind":"trail"},"geometry":{"type":"LineString","coordinates":[[-122.259572,37.873797],[-122.259487,37.873818]]}},{"type":"Feature","properties":{"kind":"steps"},"geometry":{"type":"LineString","coordinates":[[-122.257792,37.873872],[-122.257817,37.873937]]}},{"type":"Feature","properties":{"kind":"steps"},"geometry":{"type":"LineString","coordinates":[[-122.258062,37.873808],[-122.258089,37.87388]]}},{"type":"Feature","properties":{"kind":"trail"},"geometry":{"type":"LineString","coordinates":[[-122.257836,37.874291],[-122.257847,37.874289],[-122.257861,37.874315]]}},{"type":"Feature","properties":{"kind":"trail"},"geometry":{"type":"LineString","coordinates":[[-122.257772,37.874305],[-122.257814,37.874296],[-122.257836,37.874291]]}},{"type":"Feature","properties":{"kind":"trail"},"geometry":{"type":"LineString","coordinates":[[-122.257847,37.874289],[-122.257828,37.874239]]}},{"type":"Feature","properties":{"kind":"trail"},"geometry":{"type":"LineString","coordinates":[[-122.257814,37.874296],[-122.257793,37.874242],[-122.257826,37.874234]]}},{"type":"Feature","properties":{"kind":"trail"},"geometry":{"type":"LineString","coordinates":[[-122.258211,37.873892],[-122.257753,37.873984]]}},{"type":"Feature","properties":{"kind":"trail"},"geometry":{"type":"LineString","coordinates":[[-122.257697,37.871501],[-122.257597,37.871527]]}},{"type":"Feature","properties":{"kind":"trail"},"geometry":{"type":"LineString","coordinates":[[-122.257573,37.871533],[-122.257549,37.871539]]}},{"type":"Feature","properties":{"kind":"steps"},"geometry":{"type":"LineString","coordinates":[[-122.257597,37.871527],[-122.257573,37.871533]]}},{"type":"Feature","properties":{"kind":"road","surface":"paved"},"geometry":{"type":"LineString","coordinates":[[-122.265313,37.871659],[-122.265356,37.871799],[-122.265231,37.871805],[-122.265198,37.871702],[-122.265313,37.871659]]}},{"type":"Feature","properties":{"kind":"trail","surface":"concrete"},"geometry":{"type":"LineString","coordinates":[[-122.263105,37.871637],[-122.263041,37.871459]]}},{"type":"Feature","properties":{"kind":"trail","surface":"concrete"},"geometry":{"type":"LineString","coordinates":[[-122.263041,37.871459],[-122.262949,37.871232]]}},{"type":"Feature","properties":{"kind":"trail","surface":"asphalt"},"geometry":{"type":"LineString","coordinates":[[-122.261257,37.871685],[-122.261231,37.871692],[-122.26115,37.871716]]}},{"type":"Feature","properties":{"kind":"road","surface":"concrete"},"geometry":{"type":"LineString","coordinates":[[-122.26224,37.871897],[-122.262336,37.871952],[-122.262371,37.871867],[-122.26224,37.871897]]}},{"type":"Feature","properties":{"kind":"road","name":"Bancroft Way","surface":"asphalt"},"geometry":{"type":"LineString","coordinates":[[-122.265463,37.867903],[-122.265547,37.867892]]}},{"type":"Feature","properties":{"kind":"road","name":"Bancroft Way","surface":"asphalt"},"geometry":{"type":"LineString","coordinates":[[-122.265382,37.867913],[-122.265463,37.867903]]}},{"type":"Feature","properties":{"kind":"steps","surface":"tiles"},"geometry":{"type":"LineString","coordinates":[[-122.269163,37.869304],[-122.269169,37.869309]]}},{"type":"Feature","properties":{"kind":"trail","surface":"tiles"},"geometry":{"type":"LineString","coordinates":[[-122.269315,37.86929],[-122.269318,37.869304]]}},{"type":"Feature","properties":{"kind":"steps","surface":"tiles"},"geometry":{"type":"LineString","coordinates":[[-122.269314,37.869284],[-122.269315,37.86929]]}},{"type":"Feature","properties":{"kind":"trail","surface":"concrete"},"geometry":{"type":"LineString","coordinates":[[-122.269312,37.869275],[-122.269314,37.869284]]}},{"type":"Feature","properties":{"kind":"trail","surface":"concrete"},"geometry":{"type":"LineString","coordinates":[[-122.269497,37.86926],[-122.269501,37.869251]]}},{"type":"Feature","properties":{"kind":"trail","surface":"concrete"},"geometry":{"type":"LineString","coordinates":[[-122.269151,37.869295],[-122.269163,37.869304]]}},{"type":"Feature","properties":{"kind":"trail","surface":"tiles"},"geometry":{"type":"LineString","coordinates":[[-122.269169,37.869309],[-122.269318,37.869304],[-122.269497,37.86926]]}},{"type":"Feature","properties":{"kind":"road","name":"Kittredge Street","surface":"asphalt"},"geometry":{"type":"LineString","coordinates":[[-122.270449,37.868161],[-122.270365,37.868168]]}},{"type":"Feature","properties":{"kind":"road","name":"Milvia Street","surface":"asphalt"},"geometry":{"type":"LineString","coordinates":[[-122.270463,37.869062],[-122.270538,37.868958],[-122.270449,37.868161],[-122.270354,37.867313],[-122.270264,37.867277]]}},{"type":"Feature","properties":{"kind":"trail","surface":"paved"},"geometry":{"type":"LineString","coordinates":[[-122.270325,37.866857],[-122.270216,37.866864]]}},{"type":"Feature","properties":{"kind":"trail","surface":"concrete"},"geometry":{"type":"LineString","coordinates":[[-122.271591,37.868851],[-122.271607,37.868923]]}},{"type":"Feature","properties":{"kind":"trail","surface":"concrete"},"geometry":{"type":"LineString","coordinates":[[-122.27293,37.869608],[-122.273126,37.869603]]}},{"type":"Feature","properties":{"kind":"trail"},"geometry":{"type":"LineString","coordinates":[[-122.272847,37.868929],[-122.272726,37.86894]]}},{"type":"Feature","properties":{"kind":"trail","name":"McGee Avenue","surface":"concrete"},"geometry":{"type":"LineString","coordinates":[[-122.277772,37.873095],[-122.277683,37.873015],[-122.277689,37.872798],[-122.277674,37.872731]]}},{"type":"Feature","properties":{"kind":"trail","surface":"concrete"},"geometry":{"type":"LineString","coordinates":[[-122.278757,37.872662],[-122.278742,37.872595]]}},{"type":"Feature","properties":{"kind":"trail","surface":"dirt"},"geometry":{"type":"LineString","coordinates":[[-122.251786,37.890906],[-122.251746,37.891],[-122.251204,37.891205],[-122.249322,37.891038]]}},{"type":"Feature","properties":{"kind":"trail","surface":"asphalt"},"geometry":{"type":"LineString","coordinates":[[-122.244287,37.893329],[-122.24434,37.893317]]}},{"type":"Feature","properties":{"kind":"trail","surface":"dirt"},"geometry":{"type":"LineString","coordinates":[[-122.244187,37.894532],[-122.244239,37.894576]]}},{"type":"Feature","properties":{"kind":"trail","surface":"dirt"},"geometry":{"type":"LineString","coordinates":[[-122.238832,37.871858],[-122.238861,37.871973],[-122.238829,37.872106],[-122.238886,37.872214],[-122.238829,37.872377],[-122.238929,37.872414],[-122.239049,37.87266],[-122.239068,37.872659],[-122.239218,37.872686],[-122.239564,37.872447],[-122.240001,37.872423],[-122.240594,37.872205],[-122.240621,37.872133],[-122.240583,37.872119],[-122.240629,37.872092],[-122.240957,37.872293],[-122.241161,37.872343],[-122.241308,37.872321],[-122.241704,37.87253]]}},{"type":"Feature","properties":{"kind":"road","name":"San Pablo Dam Road"},"geometry":{"type":"LineString","coordinates":[[-122.219744,37.904448],[-122.21739,37.903767],[-122.216399,37.903356]]}},{"type":"Feature","properties":{"kind":"road","name":"San Pablo Dam Road"},"geometry":{"type":"LineString","coordinates":[[-122.216399,37.903356],[-122.215893,37.903002]]}},{"type":"Feature","properties":{"kind":"road","name":"San Pablo Dam Road"},"geometry":{"type":"LineString","coordinates":[[-122.215893,37.903002],[-122.215633,37.90282]]}},{"type":"Feature","properties":{"kind":"trail","surface":"concrete"},"geometry":{"type":"LineString","coordinates":[[-122.254812,37.869202],[-122.254804,37.869168]]}},{"type":"Feature","properties":{"kind":"steps","surface":"brick"},"geometry":{"type":"LineString","coordinates":[[-122.266844,37.869466],[-122.266869,37.869437]]}},{"type":"Feature","properties":{"kind":"trail","surface":"brick"},"geometry":{"type":"LineString","coordinates":[[-122.266869,37.869437],[-122.266841,37.869433]]}},{"type":"Feature","properties":{"kind":"trail","surface":"brick"},"geometry":{"type":"LineString","coordinates":[[-122.26685,37.869491],[-122.266844,37.869466],[-122.266838,37.869433]]}},{"type":"Feature","properties":{"kind":"trail","surface":"paved"},"geometry":{"type":"LineString","coordinates":[[-122.261719,37.868616],[-122.261511,37.868649]]}},{"type":"Feature","properties":{"kind":"trail"},"geometry":{"type":"LineString","coordinates":[[-122.269945,37.869003],[-122.269945,37.869011]]}},{"type":"Feature","properties":{"kind":"trail","surface":"concrete"},"geometry":{"type":"LineString","coordinates":[[-122.269834,37.869072],[-122.269945,37.869011]]}},{"type":"Feature","properties":{"kind":"trail"},"geometry":{"type":"LineString","coordinates":[[-122.270295,37.868958],[-122.269945,37.869003],[-122.269927,37.869006]]}},{"type":"Feature","properties":{"kind":"road","surface":"brick"},"geometry":{"type":"LineString","coordinates":[[-122.262088,37.873327],[-122.262074,37.873349],[-122.262012,37.873321],[-122.261979,37.873274],[-122.26206,37.873152],[-122.262138,37.873155],[-122.262189,37.873179],[-122.262081,37.873243],[-122.262088,37.873327]]}},{"type":"Feature","properties":{"kind":"steps","surface":"brick"},"geometry":{"type":"LineString","coordinates":[[-122.261228,37.873697],[-122.261201,37.873703]]}},{"type":"Feature","properties":{"kind":"road","name":"La Loma Avenue","surface":"concrete"},"geometry":{"type":"LineString","coordinates":[[-122.256252,37.884197],[-122.256451,37.884127]]}},{"type":"Feature","properties":{"kind":"steps","name":"La Loma Path","surface":"wood"},"geometry":{"type":"LineString","coordinates":[[-122.253865,37.885035],[-122.254015,37.884928]]}},{"type":"Feature","properties":{"kind":"trail","surface":"concrete"},"geometry":{"type":"LineString","coordinates":[[-122.245124,37.858148],[-122.245157,37.858146]]}},{"type":"Feature","properties":{"kind":"trail","name":"Sather Lane","surface":"paved"},"geometry":{"type":"LineString","coordinates":[[-122.259961,37.868545],[-122.259956,37.868517]]}},{"type":"Feature","properties":{"kind":"trail","surface":"woodchips"},"geometry":{"type":"LineString","coordinates":[[-122.273006,37.894899],[-122.272838,37.89482]]}},{"type":"Feature","properties":{"kind":"trail","surface":"paved"},"geometry":{"type":"LineString","coordinates":[[-122.27302,37.894905],[-122.273006,37.894899]]}},{"type":"Feature","properties":{"kind":"steps"},"geometry":{"type":"LineString","coordinates":[[-122.272799,37.894774],[-122.272838,37.89482]]}},{"type":"Feature","properties":{"kind":"trail","surface":"asphalt"},"geometry":{"type":"LineString","coordinates":[[-122.272921,37.894593],[-122.272825,37.894704],[-122.273052,37.894838]]}},{"type":"Feature","properties":{"kind":"road","name":"Gayley Road","surface":"asphalt"},"geometry":{"type":"LineString","coordinates":[[-122.255342,37.873847],[-122.255437,37.873965]]}},{"type":"Feature","properties":{"kind":"road","name":"Ashby Avenue","surface":"asphalt"},"geometry":{"type":"LineString","coordinates":[[-122.253339,37.857008],[-122.253061,37.857043]]}},{"type":"Feature","properties":{"kind":"road","name":"Ashby Avenue","surface":"asphalt"},"geometry":{"type":"LineString","coordinates":[[-122.252691,37.857084],[-122.252566,37.857098]]}},{"type":"Feature","properties":{"kind":"road","name":"Piedmont Avenue","surface":"asphalt"},"geometry":{"type":"LineString","coordinates":[[-122.251594,37.866484],[-122.251691,37.866803]]}},{"type":"Feature","properties":{"kind":"trail"},"geometry":{"type":"LineString","coordinates":[[-122.256665,37.875709],[-122.256623,37.875759],[-122.256553,37.875834]]}},{"type":"Feature","properties":{"kind":"trail"},"geometry":{"type":"LineString","coordinates":[[-122.256484,37.875911],[-122.256434,37.875968]]}},{"type":"Feature","properties":{"kind":"steps"},"geometry":{"type":"LineString","coordinates":[[-122.256553,37.875834],[-122.256544,37.875844]]}},{"type":"Feature","properties":{"kind":"trail"},"geometry":{"type":"LineString","coordinates":[[-122.256544,37.875844],[-122.256531,37.875858]]}},{"type":"Feature","properties":{"kind":"steps"},"geometry":{"type":"LineString","coordinates":[[-122.256531,37.875858],[-122.256525,37.875865]]}},{"type":"Feature","properties":{"kind":"trail"},"geometry":{"type":"LineString","coordinates":[[-122.256525,37.875865],[-122.256511,37.875882]]}},{"type":"Feature","properties":{"kind":"steps"},"geometry":{"type":"LineString","coordinates":[[-122.256511,37.875882],[-122.256504,37.875889]]}},{"type":"Feature","properties":{"kind":"trail"},"geometry":{"type":"LineString","coordinates":[[-122.256504,37.875889],[-122.256491,37.875904]]}},{"type":"Feature","properties":{"kind":"steps"},"geometry":{"type":"LineString","coordinates":[[-122.256491,37.875904],[-122.256484,37.875911]]}},{"type":"Feature","properties":{"kind":"trail"},"geometry":{"type":"LineString","coordinates":[[-122.256422,37.875981],[-122.256415,37.875988],[-122.256408,37.875997]]}},{"type":"Feature","properties":{"kind":"steps"},"geometry":{"type":"LineString","coordinates":[[-122.256434,37.875968],[-122.256422,37.875981]]}},{"type":"Feature","properties":{"kind":"trail"},"geometry":{"type":"LineString","coordinates":[[-122.256725,37.875648],[-122.256759,37.875691],[-122.25674,37.875715]]}},{"type":"Feature","properties":{"kind":"trail"},"geometry":{"type":"LineString","coordinates":[[-122.256739,37.875681],[-122.256704,37.875664],[-122.25665,37.875636]]}},{"type":"Feature","properties":{"kind":"steps"},"geometry":{"type":"LineString","coordinates":[[-122.256704,37.875664],[-122.256695,37.875675]]}},{"type":"Feature","properties":{"kind":"trail"},"geometry":{"type":"LineString","coordinates":[[-122.256751,37.875614],[-122.256725,37.875648],[-122.25665,37.875636],[-122.256626,37.875652]]}},{"type":"Feature","properties":{"kind":"steps"},"geometry":{"type":"LineString","coordinates":[[-122.256626,37.875652],[-122.256677,37.875672]]}},{"type":"Feature","properties":{"kind":"steps"},"geometry":{"type":"LineString","coordinates":[[-122.25674,37.875715],[-122.256704,37.875686]]}},{"type":"Feature","properties":{"kind":"steps"},"geometry":{"type":"LineString","coordinates":[[-122.256687,37.875684],[-122.256665,37.875709]]}},{"type":"Feature","properties":{"kind":"trail"},"geometry":{"type":"LineString","coordinates":[[-122.256692,37.875678],[-122.256687,37.875684]]}},{"type":"Feature","properties":{"kind":"trail"},"geometry":{"type":"LineString","coordinates":[[-122.256291,37.876068],[-122.256349,37.87606],[-122.256307,37.876107],[-122.256291,37.876068]]}},{"type":"Feature","properties":{"kind":"steps"},"geometry":{"type":"LineString","coordinates":[[-122.256408,37.875997],[-122.256367,37.876043]]}},{"type":"Feature","properties":{"kind":"trail"},"geometry":{"type":"LineString","coordinates":[[-122.256367,37.876043],[-122.256349,37.87606]]}},{"type":"Feature","properties":{"kind":"trail"},"geometry":{"type":"LineString","coordinates":[[-122.256367,37.876043],[-122.25639,37.876057],[-122.256424,37.876071]]}},{"type":"Feature","properties":{"kind":"trail"},"geometry":{"type":"LineString","coordinates":[[-122.25639,37.876057],[-122.256399,37.876168],[-122.25637,37.876205],[-122.256378,37.876236],[-122.256392,37.876406]]}},{"type":"Feature","properties":{"kind":"trail"},"geometry":{"type":"LineString","coordinates":[[-122.256392,37.876406],[-122.256611,37.876451]]}},{"type":"Feature","properties":{"kind":"trail"},"geometry":{"type":"LineString","coordinates":[[-122.25637,37.876205],[-122.256201,37.876234]]}},{"type":"Feature","properties":{"kind":"trail"},"geometry":{"type":"LineString","coordinates":[[-122.256201,37.876234],[-122.256307,37.876107]]}},{"type":"Feature","properties":{"kind":"trail"},"geometry":{"type":"LineString","coordinates":[[-122.256399,37.876168],[-122.256424,37.876184]]}},{"type":"Feature","properties":{"kind":"trail"},"geometry":{"type":"LineString","coordinates":[[-122.256378,37.876236],[-122.256411,37.876232]]}},{"type":"Feature","properties":{"kind":"steps"},"geometry":{"type":"LineString","coordinates":[[-122.256411,37.876232],[-122.256439,37.876227]]}},{"type":"Feature","properties":{"kind":"steps"},"geometry":{"type":"LineString","coordinates":[[-122.256424,37.876184],[-122.25645,37.876208]]}},{"type":"Feature","properties":{"kind":"trail"},"geometry":{"type":"LineString","coordinates":[[-122.256472,37.876233],[-122.256477,37.876224],[-122.256476,37.876218],[-122.256473,37.876214],[-122.25645,37.876208],[-122.256439,37.876227],[-122.256472,37.876233]]}},{"type":"Feature","properties":{"kind":"steps"},"geometry":{"type":"LineString","coordinates":[[-122.256754,37.876191],[-122.256765,37.87619]]}},{"type":"Feature","properties":{"kind":"steps"},"geometry":{"type":"LineString","coordinates":[[-122.256476,37.876218],[-122.256494,37.876216]]}},{"type":"Feature","properties":{"kind":"trail"},"geometry":{"type":"LineString","coordinates":[[-122.256494,37.876216],[-122.256507,37.876215]]}},{"type":"Feature","properties":{"kind":"steps"},"geometry":{"type":"LineString","coordinates":[[-122.256507,37.876215],[-122.256521,37.876214]]}},{"type":"Feature","properties":{"kind":"trail"},"geometry":{"type":"LineString","coordinates":[[-122.256521,37.876214],[-122.256557,37.87621]]}},{"type":"Feature","properties":{"kind":"steps"},"geometry":{"type":"LineString","coordinates":[[-122.256557,37.87621],[-122.256572,37.876208]]}},{"type":"Feature","properties":{"kind":"trail"},"geometry":{"type":"LineString","coordinates":[[-122.256572,37.876208],[-122.256594,37.876206]]}},{"type":"Feature","properties":{"kind":"steps"},"geometry":{"type":"LineString","coordinates":[[-122.256594,37.876206],[-122.256608,37.876205]]}},{"type":"Feature","properties":{"kind":"trail"},"geometry":{"type":"LineString","coordinates":[[-122.256608,37.876205],[-122.25663,37.876203]]}},{"type":"Feature","properties":{"kind":"steps"},"geometry":{"type":"LineString","coordinates":[[-122.25663,37.876203],[-122.256648,37.876201]]}},{"type":"Feature","properties":{"kind":"trail"},"geometry":{"type":"LineString","coordinates":[[-122.256648,37.876201],[-122.256678,37.876199]]}},{"type":"Feature","properties":{"kind":"steps"},"geometry":{"type":"LineString","coordinates":[[-122.256678,37.876199],[-122.256696,37.876197]]}},{"type":"Feature","properties":{"kind":"trail"},"geometry":{"type":"LineString","coordinates":[[-122.256696,37.876197],[-122.256724,37.876194]]}},{"type":"Feature","properties":{"kind":"steps"},"geometry":{"type":"LineString","coordinates":[[-122.256724,37.876194],[-122.25674,37.876193]]}},{"type":"Feature","properties":{"kind":"trail"},"geometry":{"type":"LineString","coordinates":[[-122.25674,37.876193],[-122.256754,37.876191]]}},{"type":"Feature","properties":{"kind":"trail"},"geometry":{"type":"LineString","coordinates":[[-122.256765,37.87619],[-122.256782,37.876188],[-122.256764,37.876085]]}},{"type":"Feature","properties":{"kind":"trail"},"geometry":{"type":"LineString","coordinates":[[-122.256782,37.876188],[-122.256793,37.876264]]}},{"type":"Feature","properties":{"kind":"steps"},"geometry":{"type":"LineString","coordinates":[[-122.256477,37.876224],[-122.256494,37.876216]]}},{"type":"Feature","properties":{"kind":"steps"},"geometry":{"type":"LineString","coordinates":[[-122.256473,37.876214],[-122.256494,37.876216]]}},{"type":"Feature","properties":{"kind":"trail"},"geometry":{"type":"LineString","coordinates":[[-122.256623,37.875759],[-122.256672,37.875988]]}},{"type":"Feature","properties":{"kind":"trail"},"geometry":{"type":"LineString","coordinates":[[-122.256704,37.875686],[-122.256692,37.875678]]}},{"type":"Feature","properties":{"kind":"trail"},"geometry":{"type":"LineString","coordinates":[[-122.256677,37.875672],[-122.256692,37.875678]]}},{"type":"Feature","properties":{"kind":"trail"},"geometry":{"type":"LineString","coordinates":[[-122.256695,37.875675],[-122.256692,37.875678]]}},{"type":"Feature","properties":{"kind":"steps"},"geometry":{"type":"LineString","coordinates":[[-122.256759,37.875691],[-122.256739,37.875681]]}},{"type":"Feature","properties":{"kind":"trail"},"geometry":{"type":"LineString","coordinates":[[-122.256415,37.875988],[-122.256446,37.876041]]}},{"type":"Feature","properties":{"kind":"trail"},"geometry":{"type":"LineString","coordinates":[[-122.256623,37.875759],[-122.256555,37.875768]]}},{"type":"Feature","properties":{"kind":"steps"},"geometry":{"type":"LineString","coordinates":[[-122.256391,37.875974],[-122.256353,37.875935]]}},{"type":"Feature","properties":{"kind":"trail"},"geometry":{"type":"LineString","coordinates":[[-122.256341,37.875865],[-122.25633,37.875797]]}},{"type":"Feature","properties":{"kind":"trail"},"geometry":{"type":"LineString","coordinates":[[-122.256415,37.875988],[-122.256391,37.875974]]}},{"type":"Feature","properties":{"kind":"trail"},"geometry":{"type":"LineString","coordinates":[[-122.256353,37.875935],[-122.256343,37.875883]]}},{"type":"Feature","properties":{"kind":"steps"},"geometry":{"type":"LineString","coordinates":[[-122.256343,37.875883],[-122.256341,37.875865]]}},{"type":"Feature","properties":{"kind":"trail"},"geometry":{"type":"LineString","coordinates":[[-122.256367,37.876043],[-122.256351,37.875995],[-122.256342,37.875944]]}},{"type":"Feature","properties":{"kind":"steps"},"geometry":{"type":"LineString","coordinates":[[-122.256351,37.875995],[-122.256337,37.875946]]}},{"type":"Feature","properties":{"kind":"trail"},"geometry":{"type":"LineString","coordinates":[[-122.256706,37.875462],[-122.25668,37.875467],[-122.256657,37.87546]]}},{"type":"Feature","properties":{"kind":"trail"},"geometry":{"type":"LineString","coordinates":[[-122.256683,37.875489],[-122.25668,37.875467]]}},{"type":"Feature","properties":{"kind":"trail"},"geometry":{"type":"LineString","coordinates":[[-122.256201,37.876234],[-122.256118,37.876338]]}},{"type":"Feature","properties":{"kind":"trail"},"geometry":{"type":"LineString","coordinates":[[-122.256109,37.876348],[-122.2561,37.87636]]}},{"type":"Feature","properties":{"kind":"steps"},"geometry":{"type":"LineString","coordinates":[[-122.256118,37.876338],[-122.256109,37.876348]]}},{"type":"Feature","properties":{"kind":"trail","surface":"asphalt"},"geometry":{"type":"LineString","coordinates":[[-122.26874,37.855026],[-122.268721,37.855066]]}},{"type":"Feature","properties":{"kind":"trail"},"geometry":{"type":"LineString","coordinates":[[-122.26878,37.855008],[-122.26874,37.855026]]}},{"type":"Feature","properties":{"kind":"trail"},"geometry":{"type":"LineString","coordinates":[[-122.252222,37.868618],[-122.252159,37.868626]]}},{"type":"Feature","properties":{"kind":"trail","surface":"concrete"},"geometry":{"type":"LineString","coordinates":[[-122.263488,37.87268],[-122.263637,37.872667]]}},{"type":"Feature","properties":{"kind":"trail","surface":"concrete"},"geometry":{"type":"LineString","coordinates":[[-122.267242,37.859478],[-122.267263,37.859533]]}},{"type":"Feature","properties":{"kind":"trail"},"geometry":{"type":"LineString","coordinates":[[-122.266997,37.872321],[-122.267002,37.872345]]}},{"type":"Feature","properties":{"kind":"road","name":"Oxford Street","surface":"asphalt"},"geometry":{"type":"LineString","coordinates":[[-122.26576,37.869639],[-122.265774,37.870162],[-122.265774,37.870232]]}},{"type":"Feature","properties":{"kind":"road","name":"Oxford Street","surface":"concrete"},"geometry":{"type":"LineString","coordinates":[[-122.26667,37.876889],[-122.266394,37.874601]]}},{"type":"Feature","properties":{"kind":"trail","surface":"concrete"},"geometry":{"type":"LineString","coordinates":[[-122.276165,37.888809],[-122.276145,37.88876]]}},{"type":"Feature","properties":{"kind":"trail","name":"Orchard Lane","surface":"concrete"},"geometry":{"type":"LineString","coordinates":[[-122.24958,37.869024],[-122.249424,37.869053]]}},{"type":"Feature","properties":{"kind":"steps","name":"Orchard Lane","surface":"concrete"},"geometry":{"type":"LineString","coordinates":[[-122.249416,37.869054],[-122.249341,37.869068]]}},{"type":"Feature","properties":{"kind":"steps","name":"Orchard Lane","surface":"concrete"},"geometry":{"type":"LineString","coordinates":[[-122.249424,37.869053],[-122.249416,37.869054]]}},{"type":"Feature","properties":{"kind":"steps","name":"Orchard Lane","surface":"concrete"},"geometry":{"type":"LineString","coordinates":[[-122.248962,37.869114],[-122.248984,37.869227],[-122.248941,37.869239]]}},{"type":"Feature","properties":{"kind":"steps","name":"Orchard Lane","surface":"concrete"},"geometry":{"type":"LineString","coordinates":[[-122.249166,37.869077],[-122.249096,37.869089]]}},{"type":"Feature","properties":{"kind":"steps","name":"Orchard Lane","surface":"concrete"},"geometry":{"type":"LineString","coordinates":[[-122.249096,37.869089],[-122.248962,37.869114]]}},{"type":"Feature","properties":{"kind":"road","name":"Piedmont Avenue"},"geometry":{"type":"LineString","coordinates":[[-122.251288,37.862351],[-122.251249,37.862254],[-122.251223,37.862158]]}},{"type":"Feature","properties":{"kind":"trail"},"geometry":{"type":"LineString","coordinates":[[-122.261971,37.870956],[-122.261933,37.87081]]}},{"type":"Feature","properties":{"kind":"trail"},"geometry":{"type":"LineString","coordinates":[[-122.254351,37.870238],[-122.254316,37.870243],[-122.254302,37.870245]]}},{"type":"Feature","properties":{"kind":"steps"},"geometry":{"type":"LineString","coordinates":[[-122.254302,37.870245],[-122.254305,37.870312]]}},{"type":"Feature","properties":{"kind":"trail"},"geometry":{"type":"LineString","coordinates":[[-122.254305,37.870312],[-122.254276,37.870342]]}},{"type":"Feature","properties":{"kind":"trail"},"geometry":{"type":"LineString","coordinates":[[-122.25436,37.870145],[-122.254299,37.870155],[-122.254316,37.870243]]}},{"type":"Feature","properties":{"kind":"road","name":"Henry Street","surface":"asphalt"},"geometry":{"type":"LineString","coordinates":[[-122.27107,37.883674],[-122.27093,37.882448],[-122.270753,37.882143]]}},{"type":"Feature","properties":{"kind":"trail"},"geometry":{"type":"LineString","coordinates":[[-122.250281,37.863953],[-122.250181,37.863958],[-122.250143,37.86396],[-122.249951,37.86397],[-122.249744,37.863981],[-122.24931,37.864005],[-122.249337,37.864373],[-122.250224,37.86432],[-122.250181,37.863958]]}},{"type":"Feature","properties":{"kind":"trail"},"geometry":{"type":"LineString","coordinates":[[-122.250181,37.863958],[-122.250114,37.863209]]}},{"type":"Feature","properties":{"kind":"trail"},"geometry":{"type":"LineString","coordinates":[[-122.250143,37.86396],[-122.250074,37.863842],[-122.250031,37.863346],[-122.249855,37.863224],[-122.249767,37.863249]]}},{"type":"Feature","properties":{"kind":"trail"},"geometry":{"type":"LineString","coordinates":[[-122.250074,37.863842],[-122.249946,37.863916],[-122.249741,37.863926],[-122.249744,37.863981]]}},{"type":"Feature","properties":{"kind":"trail"},"geometry":{"type":"LineString","coordinates":[[-122.249741,37.863926],[-122.249738,37.863871]]}},{"type":"Feature","properties":{"kind":"trail"},"geometry":{"type":"LineString","coordinates":[[-122.249946,37.863916],[-122.249951,37.86397]]}},{"type":"Feature","properties":{"kind":"trail"},"geometry":{"type":"LineString","coordinates":[[-122.249951,37.86397],[-122.24996,37.864054]]}},{"type":"Feature","properties":{"kind":"trail"},"geometry":{"type":"LineString","coordinates":[[-122.249738,37.863871],[-122.249718,37.863645],[-122.249647,37.863648],[-122.249164,37.863632]]}},{"type":"Feature","properties":{"kind":"trail"},"geometry":{"type":"LineString","coordinates":[[-122.24931,37.864005],[-122.249058,37.864009]]}},{"type":"Feature","properties":{"kind":"trail"},"geometry":{"type":"LineString","coordinates":[[-122.249647,37.863648],[-122.249628,37.863476],[-122.249311,37.863494],[-122.249315,37.863543],[-122.249156,37.863556]]}},{"type":"Feature","properties":{"kind":"trail"},"geometry":{"type":"LineString","coordinates":[[-122.249156,37.863556],[-122.248935,37.863534],[-122.248842,37.863238]]}},{"type":"Feature","properties":{"kind":"trail","surface":"asphalt"},"geometry":{"type":"LineString","coordinates":[[-122.278639,37.862529],[-122.278631,37.862494]]}},{"type":"Feature","properties":{"kind":"trail","surface":"asphalt"},"geometry":{"type":"LineString","coordinates":[[-122.278824,37.862478],[-122.27883,37.86251]]}},{"type":"Feature","properties":{"kind":"road","name":"Dwight Way","surface":"asphalt"},"geometry":{"type":"LineString","coordinates":[[-122.278395,37.862547],[-122.276597,37.862778]]}},{"type":"Feature","properties":{"kind":"road","name":"Dwight Way","surface":"asphalt"},"geometry":{"type":"LineString","coordinates":[[-122.281044,37.862206],[-122.279119,37.862453]]}},{"type":"Feature","properties":{"kind":"trail"},"geometry":{"type":"LineString","coordinates":[[-122.278733,37.889332],[-122.278764,37.889348],[-122.278773,37.889353]]}},{"type":"Feature","properties":{"kind":"trail"},"geometry":{"type":"LineString","coordinates":[[-122.278764,37.889348],[-122.278759,37.889367]]}},{"type":"Feature","properties":{"kind":"trail"},"geometry":{"type":"LineString","coordinates":[[-122.279037,37.889708],[-122.279044,37.889734]]}},{"type":"Feature","properties":{"kind":"trail"},"geometry":{"type":"LineString","coordinates":[[-122.279044,37.889734],[-122.279017,37.889725]]}},{"type":"Feature","properties":{"kind":"trail","surface":"brick"},"geometry":{"type":"LineString","coordinates":[[-122.278522,37.887251],[-122.278582,37.887226],[-122.278651,37.887259],[-122.278644,37.887311]]}},{"type":"Feature","properties":{"kind":"trail"},"geometry":{"type":"LineString","coordinates":[[-122.27784,37.889155],[-122.277806,37.889133]]}},{"type":"Feature","properties":{"kind":"road","name":"Marin Avenue","surface":"paved"},"geometry":{"type":"LineString","coordinates":[[-122.281959,37.889356],[-122.281363,37.889676],[-122.280932,37.889802]]}},{"type":"Feature","properties":{"kind":"trail"},"geometry":{"type":"LineString","coordinates":[[-122.277608,37.888873],[-122.277592,37.888871],[-122.277578,37.888869]]}},{"type":"Feature","properties":{"kind":"trail"},"geometry":{"type":"LineString","coordinates":[[-122.277592,37.888871],[-122.277592,37.888885]]}},{"type":"Feature","properties":{"kind":"road","name":"Monterey Avenue","surface":"asphalt"},"geometry":{"type":"LineString","coordinates":[[-122.277397,37.887552],[-122.276719,37.887896]]}},{"type":"Feature","properties":{"kind":"trail"},"geometry":{"type":"LineString","coordinates":[[-122.275772,37.886158],[-122.27574,37.886121]]}},{"type":"Feature","properties":{"kind":"road","name":"The Alameda","surface":"asphalt"},"geometry":{"type":"LineString","coordinates":[[-122.276295,37.887721],[-122.276109,37.887054]]}},{"type":"Feature","properties":{"kind":"trail"},"geometry":{"type":"LineString","coordinates":[[-122.245463,37.893582],[-122.245289,37.893646],[-122.245231,37.893837],[-122.245077,37.893921]]}},{"type":"Feature","properties":{"kind":"trail","surface":"concrete"},"geometry":{"type":"LineString","coordinates":[[-122.267741,37.869721],[-122.267775,37.869722],[-122.267813,37.869724]]}},{"type":"Feature","properties":{"kind":"trail","surface":"dirt"},"geometry":{"type":"LineString","coordinates":[[-122.238066,37.872299],[-122.237953,37.8724],[-122.2382,37.872468],[-122.238501,37.872476],[-122.238949,37.872669],[-122.239049,37.87266],[-122.239068,37.872659]]}},{"type":"Feature","properties":{"kind":"trail"},"geometry":{"type":"LineString","coordinates":[[-122.222407,37.876917],[-122.222734,37.877144],[-122.22305,37.877279],[-122.223466,37.877343]]}},{"type":"Feature","properties":{"kind":"track"},"geometry":{"type":"LineString","coordinates":[[-122.223715,37.876144],[-122.223709,37.876245],[-122.223763,37.876611],[-122.22365,37.87692],[-122.223466,37.877343]]}},{"type":"Feature","properties":{"kind":"steps","name":"Easter Way","surface":"concrete"},"geometry":{"type":"LineString","coordinates":[[-122.264882,37.892722],[-122.264864,37.892722]]}},{"type":"Feature","properties":{"kind":"trail","name":"Easter Way","surface":"concrete"},"geometry":{"type":"LineString","coordinates":[[-122.264988,37.892717],[-122.264882,37.892722]]}},{"type":"Feature","properties":{"kind":"road","surface":"paved"},"geometry":{"type":"LineString","coordinates":[[-122.257641,37.87232],[-122.257757,37.872625],[-122.257852,37.872877]]}},{"type":"Feature","properties":{"kind":"trail","surface":"asphalt"},"geometry":{"type":"LineString","coordinates":[[-122.258206,37.872781],[-122.258232,37.872858]]}},{"type":"Feature","properties":{"kind":"trail","surface":"asphalt"},"geometry":{"type":"LineString","coordinates":[[-122.258028,37.872822],[-122.258071,37.872945]]}},{"type":"Feature","properties":{"kind":"trail","surface":"asphalt"},"geometry":{"type":"LineString","coordinates":[[-122.257976,37.872834],[-122.258028,37.87298]]}},{"type":"Feature","properties":{"kind":"trail","name":"Bancroft Way","surface":"asphalt"},"geometry":{"type":"LineString","coordinates":[[-122.265344,37.867847],[-122.26535,37.867877],[-122.265828,37.867815]]}},{"type":"Feature","properties":{"kind":"road","name":"Oxford Street","surface":"asphalt"},"geometry":{"type":"LineString","coordinates":[[-122.265836,37.869484],[-122.26576,37.869639]]}},{"type":"Feature","properties":{"kind":"trail","name":"Tanglewood Path","surface":"concrete"},"geometry":{"type":"LineString","coordinates":[[-122.245398,37.86258],[-122.245392,37.862586]]}},{"type":"Feature","properties":{"kind":"trail","surface":"asphalt"},"geometry":{"type":"LineString","coordinates":[[-122.244167,37.860756],[-122.244099,37.860696]]}},{"type":"Feature","properties":{"kind":"trail","surface":"asphalt"},"geometry":{"type":"LineString","coordinates":[[-122.244059,37.860827],[-122.243994,37.860769]]}},{"type":"Feature","properties":{"kind":"trail","surface":"asphalt"},"geometry":{"type":"LineString","coordinates":[[-122.244466,37.859924],[-122.24437,37.859919]]}},{"type":"Feature","properties":{"kind":"trail","surface":"asphalt"},"geometry":{"type":"LineString","coordinates":[[-122.244483,37.859716],[-122.244399,37.859712]]}},{"type":"Feature","properties":{"kind":"trail","name":"Pine Path","surface":"concrete"},"geometry":{"type":"LineString","coordinates":[[-122.248706,37.859705],[-122.248704,37.859669]]}},{"type":"Feature","properties":{"kind":"trail","surface":"stepping_stones"},"geometry":{"type":"LineString","coordinates":[[-122.247337,37.860015],[-122.247236,37.86002]]}},{"type":"Feature","properties":{"kind":"trail","surface":"concrete"},"geometry":{"type":"LineString","coordinates":[[-122.247361,37.860264],[-122.247258,37.86027]]}},{"type":"Feature","properties":{"kind":"trail","surface":"concrete"},"geometry":{"type":"LineString","coordinates":[[-122.247269,37.860399],[-122.247179,37.860403]]}},{"type":"Feature","properties":{"kind":"trail","surface":"concrete"},"geometry":{"type":"LineString","coordinates":[[-122.246943,37.860698],[-122.246929,37.860708],[-122.246911,37.860723]]}},{"type":"Feature","properties":{"kind":"trail","surface":"concrete"},"geometry":{"type":"LineString","coordinates":[[-122.246831,37.860655],[-122.246929,37.860708]]}},{"type":"Feature","properties":{"kind":"trail","surface":"brick"},"geometry":{"type":"LineString","coordinates":[[-122.247285,37.860587],[-122.247164,37.860525]]}},{"type":"Feature","properties":{"kind":"trail","surface":"concrete"},"geometry":{"type":"LineString","coordinates":[[-122.247446,37.860839],[-122.247322,37.860876]]}},{"type":"Feature","properties":{"kind":"trail","surface":"concrete"},"geometry":{"type":"LineString","coordinates":[[-122.24827,37.860987],[-122.248265,37.860939]]}},{"type":"Feature","properties":{"kind":"trail","surface":"concrete"},"geometry":{"type":"LineString","coordinates":[[-122.247548,37.861036],[-122.247543,37.86097]]}},{"type":"Feature","properties":{"kind":"trail","surface":"concrete"},"geometry":{"type":"LineString","coordinates":[[-122.247512,37.861039],[-122.247505,37.86097]]}},{"type":"Feature","properties":{"kind":"trail","surface":"concrete"},"geometry":{"type":"LineString","coordinates":[[-122.247252,37.861057],[-122.247246,37.86101]]}},{"type":"Feature","properties":{"kind":"trail","surface":"rock"},"geometry":{"type":"LineString","coordinates":[[-122.247089,37.861449],[-122.246974,37.861455]]}},{"type":"Feature","properties":{"kind":"trail","surface":"rock"},"geometry":{"type":"LineString","coordinates":[[-122.247091,37.861481],[-122.246977,37.861488]]}},{"type":"Feature","properties":{"kind":"trail","surface":"stepping_stones"},"geometry":{"type":"LineString","coordinates":[[-122.247066,37.861192],[-122.246949,37.861194]]}},{"type":"Feature","properties":{"kind":"trail","surface":"stepping_stones"},"geometry":{"type":"LineString","coordinates":[[-122.24707,37.861149],[-122.24695,37.86111]]}},{"type":"Feature","properties":{"kind":"trail","surface":"stepping_stones"},"geometry":{"type":"LineString","coordinates":[[-122.247086,37.861119],[-122.246959,37.861071]]}},{"type":"Feature","properties":{"kind":"trail","surface":"stepping_stones"},"geometry":{"type":"LineString","coordinates":[[-122.24685,37.861203],[-122.246949,37.861199]]}},{"type":"Feature","properties":{"kind":"trail","surface":"stepping_stones"},"geometry":{"type":"LineString","coordinates":[[-122.246854,37.861244],[-122.246953,37.861239]]}},{"type":"Feature","properties":{"kind":"trail","surface":"concrete"},"geometry":{"type":"LineString","coordinates":[[-122.247158,37.86217],[-122.247049,37.862176]]}},{"type":"Feature","properties":{"kind":"trail","surface":"concrete"},"geometry":{"type":"LineString","coordinates":[[-122.246941,37.862146],[-122.247045,37.862141]]}},{"type":"Feature","properties":{"kind":"trail","surface":"concrete"},"geometry":{"type":"LineString","coordinates":[[-122.246919,37.861911],[-122.247021,37.861905]]}},{"type":"Feature","properties":{"kind":"road","name":"Derby Street","surface":"asphalt"},"geometry":{"type":"LineString","coordinates":[[-122.247957,37.862448],[-122.247082,37.862501]]}},{"type":"Feature","properties":{"kind":"road","name":"Ashby Avenue","surface":"asphalt"},"geometry":{"type":"LineString","coordinates":[[-122.248433,37.857874],[-122.246795,37.857976]]}},{"type":"Feature","properties":{"kind":"trail","surface":"concrete"},"geometry":{"type":"LineString","coordinates":[[-122.245891,37.857189],[-122.24583,37.857294],[-122.245917,37.857338]]}},{"type":"Feature","properties":{"kind":"road","name":"Claremont Avenue","surface":"asphalt"},"geometry":{"type":"LineString","coordinates":[[-122.245569,37.857761],[-122.245917,37.857338],[-122.246031,37.857199]]}},{"type":"Feature","properties":{"kind":"trail","surface":"asphalt"},"geometry":{"type":"LineString","coordinates":[[-122.245037,37.858611],[-122.245091,37.858534]]}},{"type":"Feature","properties":{"kind":"steps","surface":"concrete"},"geometry":{"type":"LineString","coordinates":[[-122.271857,37.859921],[-122.271873,37.85992],[-122.271878,37.85992]]}},{"type":"Feature","properties":{"kind":"trail"},"geometry":{"type":"LineString","coordinates":[[-122.271886,37.859999],[-122.271873,37.85992]]}},{"type":"Feature","properties":{"kind":"trail","surface":"concrete"},"geometry":{"type":"LineString","coordinates":[[-122.270719,37.870386],[-122.270848,37.870362]]}},{"type":"Feature","properties":{"kind":"trail"},"geometry":{"type":"LineString","coordinates":[[-122.259112,37.872475],[-122.259153,37.872591],[-122.258997,37.872625],[-122.259036,37.872736]]}},{"type":"Feature","properties":{"kind":"trail"},"geometry":{"type":"LineString","coordinates":[[-122.258612,37.872588],[-122.258751,37.872557]]}},{"type":"Feature","properties":{"kind":"trail"},"geometry":{"type":"LineString","coordinates":[[-122.269633,37.906151],[-122.269775,37.906071],[-122.269811,37.905928],[-122.269731,37.904943],[-122.269551,37.904663]]}},{"type":"Feature","properties":{"kind":"trail"},"geometry":{"type":"LineString","coordinates":[[-122.257019,37.878217],[-122.257024,37.878249]]}},{"type":"Feature","properties":{"kind":"steps","surface":"concrete"},"geometry":{"type":"LineString","coordinates":[[-122.256995,37.878354],[-122.256987,37.878361]]}},{"type":"Feature","properties":{"kind":"road","name":"Euclid Avenue","surface":"asphalt"},"geometry":{"type":"LineString","coordinates":[[-122.261073,37.879466],[-122.260542,37.876952]]}},{"type":"Feature","properties":{"kind":"steps","name":"Hilgard Avenue","surface":"concrete"},"geometry":{"type":"LineString","coordinates":[[-122.258292,37.879093],[-122.258277,37.879111]]}},{"type":"Feature","properties":{"kind":"trail","surface":"asphalt"},"geometry":{"type":"LineString","coordinates":[[-122.257973,37.879047],[-122.257965,37.879005]]}},{"type":"Feature","properties":{"kind":"steps","surface":"concrete"},"geometry":{"type":"LineString","coordinates":[[-122.25706,37.878192],[-122.257019,37.878217]]}},{"type":"Feature","properties":{"kind":"trail","surface":"concrete"},"geometry":{"type":"LineString","coordinates":[[-122.269784,37.881376],[-122.269701,37.881437]]}},{"type":"Feature","properties":{"kind":"trail","surface":"concrete"},"geometry":{"type":"LineString","coordinates":[[-122.270739,37.881959],[-122.270683,37.881965],[-122.270665,37.881967]]}},{"type":"Feature","properties":{"kind":"trail","surface":"concrete"},"geometry":{"type":"LineString","coordinates":[[-122.270683,37.881965],[-122.270673,37.881954]]}},{"type":"Feature","properties":{"kind":"road","name":"Cedar Street","surface":"asphalt"},"geometry":{"type":"LineString","coordinates":[[-122.27142,37.878132],[-122.269553,37.878371]]}},{"type":"Feature","properties":{"kind":"trail","surface":"concrete"},"geometry":{"type":"LineString","coordinates":[[-122.26921,37.879391],[-122.269245,37.879388]]}},{"type":"Feature","properties":{"kind":"trail","name":"Shattuck Avenue","surface":"concrete"},"geometry":{"type":"LineString","coordinates":[[-122.269069,37.88033],[-122.269078,37.880419]]}},{"type":"Feature","properties":{"kind":"trail","name":"Walnut Square"},"geometry":{"type":"LineString","coordinates":[[-122.268758,37.880231],[-122.268755,37.880213]]}},{"type":"Feature","properties":{"kind":"trail"},"geometry":{"type":"LineString","coordinates":[[-122.266525,37.874655],[-122.266986,37.874623]]}},{"type":"Feature","properties":{"kind":"road","name":"Oxford Street","surface":"concrete"},"geometry":{"type":"LineString","coordinates":[[-122.26729,37.882334],[-122.267083,37.880516]]}},{"type":"Feature","properties":{"kind":"trail","surface":"concrete"},"geometry":{"type":"LineString","coordinates":[[-122.261163,37.87939],[-122.261143,37.879379]]}},{"type":"Feature","properties":{"kind":"steps","surface":"concrete"},"geometry":{"type":"LineString","coordinates":[[-122.264958,37.875777],[-122.264968,37.875779]]}},{"type":"Feature","properties":{"kind":"road","surface":"concrete"},"geometry":{"type":"LineString","coordinates":[[-122.266107,37.87405],[-122.266097,37.874067],[-122.266044,37.873993],[-122.266107,37.87405]]}},{"type":"Feature","properties":{"kind":"trail","surface":"concrete"},"geometry":{"type":"LineString","coordinates":[[-122.265322,37.874203],[-122.265325,37.874221]]}},{"type":"Feature","properties":{"kind":"road","name":"Hearst Avenue","surface":"asphalt"},"geometry":{"type":"LineString","coordinates":[[-122.265507,37.874237],[-122.265381,37.87423],[-122.265078,37.87429]]}},{"type":"Feature","properties":{"kind":"trail","surface":"concrete"},"geometry":{"type":"LineString","coordinates":[[-122.265332,37.874255],[-122.265335,37.874271]]}},{"type":"Feature","properties":{"kind":"steps"},"geometry":{"type":"LineString","coordinates":[[-122.272068,37.868737],[-122.27193,37.868745]]}},{"type":"Feature","properties":{"kind":"trail","surface":"concrete"},"geometry":{"type":"LineString","coordinates":[[-122.271876,37.868077],[-122.271916,37.868159],[-122.271996,37.868152],[-122.271986,37.868066],[-122.272047,37.868102]]}},{"type":"Feature","properties":{"kind":"road","name":"Upper Courtyard"},"geometry":{"type":"LineString","coordinates":[[-122.27189,37.868211],[-122.271876,37.868077],[-122.271873,37.86804],[-122.271856,37.867849],[-122.27185,37.867782],[-122.271698,37.867793],[-122.271702,37.867827],[-122.271492,37.867843],[-122.271506,37.867882],[-122.271443,37.867887],[-122.271379,37.867892],[-122.271381,37.867851],[-122.271174,37.867867],[-122.27117,37.867832],[-122.270878,37.867853],[-122.270878,37.868094],[-122.270786,37.868099],[-122.270785,37.868137],[-122.270917,37.868285],[-122.270811,37.86839],[-122.270838,37.86858],[-122.270884,37.868575],[-122.270892,37.86866],[-122.270987,37.868653],[-122.271021,37.868649],[-122.271005,37.86857],[-122.271102,37.868532],[-122.271083,37.868418],[-122.271159,37.86825],[-122.271197,37.868159],[-122.271365,37.868087],[-122.271553,37.868074],[-122.271851,37.868199],[-122.27189,37.868211]]}},{"type":"Feature","properties":{"kind":"road","name":"Lower Courtyard"},"geometry":{"type":"LineString","coordinates":[[-122.272092,37.867808],[-122.272026,37.867814],[-122.27196,37.867821],[-122.271997,37.867934],[-122.272047,37.868102],[-122.272092,37.868139],[-122.272123,37.868135],[-122.272111,37.868009],[-122.272225,37.868001],[-122.272203,37.867826],[-122.272092,37.867808]]}},{"type":"Feature","properties":{"kind":"steps"},"geometry":{"type":"LineString","coordinates":[[-122.271997,37.867934],[-122.271935,37.867939]]}},{"type":"Feature","properties":{"kind":"trail"},"geometry":{"type":"LineString","coordinates":[[-122.271935,37.867939],[-122.271945,37.868035]]}},{"type":"Feature","properties":{"kind":"trail"},"geometry":{"type":"LineString","coordinates":[[-122.271935,37.867939],[-122.271924,37.867845]]}},{"type":"Feature","properties":{"kind":"steps"},"geometry":{"type":"LineString","coordinates":[[-122.271945,37.868035],[-122.271873,37.86804]]}},{"type":"Feature","properties":{"kind":"steps"},"geometry":{"type":"LineString","coordinates":[[-122.271924,37.867845],[-122.271856,37.867849]]}},{"type":"Feature","properties":{"kind":"trail"},"geometry":{"type":"LineString","coordinates":[[-122.272092,37.868139],[-122.272106,37.868287],[-122.272123,37.868471],[-122.272068,37.868505],[-122.272092,37.868644],[-122.272105,37.868722]]}},{"type":"Feature","properties":{"kind":"trail"},"geometry":{"type":"LineString","coordinates":[[-122.272248,37.868276],[-122.272106,37.868287]]}},{"type":"Feature","properties":{"kind":"trail"},"geometry":{"type":"LineString","coordinates":[[-122.272105,37.868722],[-122.272126,37.868782]]}},{"type":"Feature","properties":{"kind":"trail"},"geometry":{"type":"LineString","coordinates":[[-122.272397,37.867901],[-122.272501,37.867893]]}},{"type":"Feature","properties":{"kind":"steps"},"geometry":{"type":"LineString","coordinates":[[-122.271437,37.867847],[-122.271443,37.867887]]}},{"type":"Feature","properties":{"kind":"steps"},"geometry":{"type":"LineString","coordinates":[[-122.27139,37.868133],[-122.271365,37.868087]]}},{"type":"Feature","properties":{"kind":"steps"},"geometry":{"type":"LineString","coordinates":[[-122.271541,37.868125],[-122.271553,37.868074]]}},{"type":"Feature","properties":{"kind":"road"},"geometry":{"type":"LineString","coordinates":[[-122.272017,37.86754],[-122.27199,37.867545],[-122.271659,37.867558],[-122.271458,37.867606],[-122.271144,37.867596],[-122.270875,37.867602],[-122.270811,37.867163],[-122.270869,37.867133],[-122.271196,37.867111],[-122.271382,37.867075],[-122.271379,37.86704],[-122.271605,37.867079],[-122.272373,37.866953],[-122.272364,37.86712],[-122.271811,37.867165],[-122.271854,37.867459],[-122.272008,37.867436],[-122.272017,37.86754]]}},{"type":"Feature","properties":{"kind":"trail"},"geometry":{"type":"LineString","coordinates":[[-122.272026,37.867814],[-122.27199,37.867545]]}},{"type":"Feature","properties":{"kind":"trail"},"geometry":{"type":"LineString","coordinates":[[-122.271662,37.867602],[-122.271659,37.867558],[-122.271652,37.86753]]}},{"type":"Feature","properties":{"kind":"trail"},"geometry":{"type":"LineString","coordinates":[[-122.271151,37.86764],[-122.271144,37.867596],[-122.271142,37.867576]]}},{"type":"Feature","properties":{"kind":"trail"},"geometry":{"type":"LineString","coordinates":[[-122.270878,37.867853],[-122.270871,37.867778],[-122.270866,37.86773],[-122.270875,37.867602]]}},{"type":"Feature","properties":{"kind":"trail"},"geometry":{"type":"LineString","coordinates":[[-122.270871,37.867778],[-122.270899,37.867775]]}},{"type":"Feature","properties":{"kind":"steps"},"geometry":{"type":"LineString","coordinates":[[-122.270799,37.86774],[-122.270866,37.86773]]}},{"type":"Feature","properties":{"kind":"trail"},"geometry":{"type":"LineString","coordinates":[[-122.27213,37.868637],[-122.272092,37.868644]]}},{"type":"Feature","properties":{"kind":"trail"},"geometry":{"type":"LineString","coordinates":[[-122.272018,37.868505],[-122.272068,37.868505]]}},{"type":"Feature","properties":{"kind":"trail"},"geometry":{"type":"LineString","coordinates":[[-122.271955,37.868476],[-122.271942,37.868419],[-122.271851,37.868199]]}},{"type":"Feature","properties":{"kind":"steps"},"geometry":{"type":"LineString","coordinates":[[-122.271899,37.868425],[-122.271942,37.868419]]}},{"type":"Feature","properties":{"kind":"steps"},"geometry":{"type":"LineString","coordinates":[[-122.271175,37.86826],[-122.271159,37.86825]]}},{"type":"Feature","properties":{"kind":"steps"},"geometry":{"type":"LineString","coordinates":[[-122.271118,37.868528],[-122.271102,37.868532]]}},{"type":"Feature","properties":{"kind":"trail"},"geometry":{"type":"LineString","coordinates":[[-122.270987,37.868653],[-122.271013,37.868774],[-122.271037,37.868922]]}},{"type":"Feature","properties":{"kind":"trail"},"geometry":{"type":"LineString","coordinates":[[-122.271046,37.868769],[-122.271013,37.868774]]}},{"type":"Feature","properties":{"kind":"trail"},"geometry":{"type":"LineString","coordinates":[[-122.270734,37.8672],[-122.2707,37.866713]]}},{"type":"Feature","properties":{"kind":"trail"},"geometry":{"type":"LineString","coordinates":[[-122.270575,37.86815],[-122.270477,37.868157]]}},{"type":"Feature","properties":{"kind":"trail"},"geometry":{"type":"LineString","coordinates":[[-122.27039,37.867201],[-122.270367,37.867203]]}},{"type":"Feature","properties":{"kind":"trail"},"geometry":{"type":"LineString","coordinates":[[-122.272582,37.868646],[-122.272524,37.868648]]}},{"type":"Feature","properties":{"kind":"trail"},"geometry":{"type":"LineString","coordinates":[[-122.270768,37.868902],[-122.270776,37.868956]]}},{"type":"Feature","properties":{"kind":"trail"},"geometry":{"type":"LineString","coordinates":[[-122.272068,37.868737],[-122.272079,37.868788]]}},{"type":"Feature","properties":{"kind":"trail"},"geometry":{"type":"LineString","coordinates":[[-122.270299,37.866312],[-122.270261,37.866315]]}},{"type":"Feature","properties":{"kind":"trail"},"geometry":{"type":"LineString","coordinates":[[-122.270875,37.867602],[-122.271142,37.867576],[-122.271652,37.86753],[-122.271963,37.867518],[-122.27199,37.867545]]}},{"type":"Feature","properties":{"kind":"trail"},"geometry":{"type":"LineString","coordinates":[[-122.271963,37.867518],[-122.271982,37.867437]]}},{"type":"Feature","properties":{"kind":"road","name":"Hearst Avenue","surface":"asphalt"},"geometry":{"type":"LineString","coordinates":[[-122.264115,37.874545],[-122.264018,37.874572]]}},{"type":"Feature","properties":{"kind":"road","name":"Hearst Avenue","surface":"asphalt"},"geometry":{"type":"LineString","coordinates":[[-122.264231,37.874511],[-122.264135,37.87454]]}},{"type":"Feature","properties":{"kind":"trail","name":"Sideo No Tension Extension","surface":"dirt"},"geometry":{"type":"LineString","coordinates":[[-122.231899,37.86978],[-122.231968,37.869796],[-122.232,37.86987],[-122.232604,37.869874],[-122.233137,37.870116],[-122.233452,37.870123],[-122.233928,37.869902],[-122.234118,37.869699],[-122.234492,37.869536],[-122.234655,37.869362],[-122.234649,37.869329]]}},{"type":"Feature","properties":{"kind":"trail","surface":"dirt"},"geometry":{"type":"LineString","coordinates":[[-122.244028,37.871034],[-122.244384,37.870941],[-122.244469,37.871034],[-122.244694,37.871138]]}},{"type":"Feature","properties":{"kind":"trail","name":"Le Roy Steps","surface":"paving_stones"},"geometry":{"type":"LineString","coordinates":[[-122.259038,37.878766],[-122.259022,37.878691]]}},{"type":"Feature","properties":{"kind":"steps","name":"Le Roy Steps","surface":"concrete"},"geometry":{"type":"LineString","coordinates":[[-122.259022,37.878691],[-122.259015,37.878656]]}},{"type":"Feature","properties":{"kind":"trail","name":"Le Roy Steps","surface":"paving_stones"},"geometry":{"type":"LineString","coordinates":[[-122.259015,37.878656],[-122.259012,37.878642],[-122.258999,37.878582]]}},{"type":"Feature","properties":{"kind":"steps","name":"Le Roy Steps","surface":"concrete"},"geometry":{"type":"LineString","coordinates":[[-122.258999,37.878582],[-122.258993,37.878551]]}},{"type":"Feature","properties":{"kind":"trail","name":"Le Roy Steps","surface":"paving_stones"},"geometry":{"type":"LineString","coordinates":[[-122.258993,37.878551],[-122.258991,37.878542]]}},{"type":"Feature","properties":{"kind":"trail","name":"Le Roy Steps","surface":"paving_stones"},"geometry":{"type":"LineString","coordinates":[[-122.259047,37.878806],[-122.259044,37.878794]]}},{"type":"Feature","properties":{"kind":"trail"},"geometry":{"type":"LineString","coordinates":[[-122.259012,37.878642],[-122.258639,37.878697]]}},{"type":"Feature","properties":{"kind":"steps","surface":"concrete"},"geometry":{"type":"LineString","coordinates":[[-122.257973,37.879047],[-122.257945,37.87905]]}},{"type":"Feature","properties":{"kind":"steps","surface":"concrete"},"geometry":{"type":"LineString","coordinates":[[-122.25768,37.879142],[-122.257662,37.87915]]}},{"type":"Feature","properties":{"kind":"steps","name":"Le Roy Avenue","surface":"concrete"},"geometry":{"type":"LineString","coordinates":[[-122.258462,37.879018],[-122.258477,37.879039]]}},{"type":"Feature","properties":{"kind":"road","name":"Cedar Street","surface":"asphalt"},"geometry":{"type":"LineString","coordinates":[[-122.259466,37.879677],[-122.257936,37.879864]]}}]}