{"type":"FeatureCollection","features":[{"type":"Feature","properties":{"kind":"road","name":"Park Boulevard","surface":"asphalt"},"geometry":{"type":"LineString","coordinates":[[-116.1637,33.992695],[-116.163711,33.99323],[-116.163539,33.994372],[-116.163391,33.995116],[-116.163117,33.99658],[-116.163114,33.996701],[-116.163112,33.996893],[-116.163113,33.996973],[-116.163174,33.99751],[-116.163432,33.998691],[-116.163503,33.999038],[-116.163626,33.999908],[-116.163855,34.002426],[-116.163887,34.002806],[-116.16391,34.0036],[-116.163804,34.005176],[-116.163731,34.005721],[-116.16358,34.006191],[-116.163417,34.006616],[-116.163073,34.008325],[-116.162847,34.008878],[-116.162492,34.009432],[-116.162273,34.009747],[-116.161925,34.010325],[-116.161535,34.011581]]}},{"type":"Feature","properties":{"kind":"trail","name":"Queen Valley Trail","surface":"unpaved"},"geometry":{"type":"LineString","coordinates":[[-116.107778,34.033332],[-116.108225,34.032902],[-116.108748,34.032154],[-116.109393,34.03171],[-116.109906,34.031184],[-116.110706,34.030798],[-116.111186,34.030327],[-116.111527,34.030149],[-116.11176,34.029874],[-116.112866,34.029099],[-116.113424,34.028872],[-116.114288,34.028126],[-116.114572,34.028013],[-116.114846,34.02797],[-116.115075,34.027784],[-116.115457,34.027596],[-116.116415,34.027199],[-116.117891,34.027016],[-116.119168,34.027011],[-116.120283,34.027322],[-116.120514,34.027323],[-116.122056,34.027134],[-116.122558,34.027011],[-116.124222,34.026749],[-116.125491,34.026716],[-116.126291,34.026594],[-116.128608,34.026012]]}},{"type":"Feature","properties":{"kind":"track","name":"Old Lost Horse Road Trail","surface":"sand"},"geometry":{"type":"LineString","coordinates":[[-116.163113,33.996973],[-116.163527,33.997249],[-116.163788,33.997539],[-116.16458,33.998169],[-116.165607,33.999323],[-116.166125,33.999683],[-116.168694,34.002191],[-116.170009,34.002963],[-116.172216,34.004657],[-116.173827,34.005798],[-116.175188,34.006538],[-116.175228,34.00658],[-116.175393,34.00678],[-116.175843,34.007101],[-116.176586,34.007803],[-116.177286,34.008208],[-116.17776,34.008608],[-116.178101,34.008768],[-116.178793,34.009309],[-116.178994,34.009555],[-116.179528,34.009996],[-116.180198,34.010694],[-116.180491,34.01085],[-116.180791,34.01101],[-116.182344,34.011418],[-116.182824,34.011769],[-116.183177,34.012267],[-116.18359,34.012639],[-116.183997,34.013226],[-116.184855,34.013959],[-116.185166,34.014334],[-116.185621,34.01543],[-116.185624,34.015668],[-116.185525,34.015929],[-116.18554,34.016104],[-116.18603,34.017252],[-116.186212,34.017493],[-116.186913,34.019191],[-116.18745,34.020251],[-116.187797,34.020656],[-116.187895,34.02098],[-116.188311,34.021687],[-116.18853,34.021974],[-116.188668,34.022385],[-116.189259,34.023235],[-116.190255,34.024498],[-116.191393,34.026176],[-116.191852,34.026769],[-116.193155,34.027963],[-116.193771,34.028746],[-116.193968,34.02929],[-116.194176,34.029643],[-116.194508,34.029946],[-116.195004,34.030566],[-116.195478,34.031321],[-116.197076,34.032676],[-116.19759,34.033301],[-116.198174,34.033561],[-116.200216,34.034906],[-116.200561,34.035044],[-116.201934,34.035913],[-116.202602,34.036487],[-116.202937,34.036856],[-116.203284,34.037028],[-116.203503,34.037388],[-116.203703,34.037569]]}},{"type":"Feature","properties":{"kind":"track"},"geometry":{"type":"LineString","coordinates":[[-116.189817,34.018617],[-116.189684,34.019068],[-116.189351,34.019213],[-116.188853,34.019148],[-116.188335,34.019183],[-116.187727,34.019068],[-116.186913,34.019191],[-116.186237,34.019174],[-116.185772,34.01901],[-116.185556,34.018988],[-116.184275,34.018933],[-116.183908,34.018968],[-116.183319,34.019294],[-116.182591,34.020165],[-116.182528,34.020286],[-116.18255,34.020604],[-116.182504,34.020825],[-116.182112,34.021088],[-116.181728,34.021401],[-116.181019,34.021645],[-116.180937,34.021777],[-116.180925,34.02219],[-116.180901,34.022595],[-116.180783,34.023131],[-116.180773,34.023626],[-116.180657,34.024014],[-116.180487,34.024714],[-116.180075,34.02573],[-116.180017,34.02598],[-116.179954,34.026492],[-116.179699,34.027663],[-116.179488,34.028126],[-116.179477,34.028154]]}},{"type":"Feature","properties":{"kind":"road","name":"Lost Horse Mine Road","surface":"unpaved"},"geometry":{"type":"LineString","coordinates":[[-116.172591,33.959364],[-116.172428,33.959325],[-116.172146,33.959115],[-116.171889,33.958885],[-116.171699,33.958597],[-116.17104,33.958212],[-116.169856,33.957272],[-116.168964,33.956633],[-116.167679,33.95579],[-116.167022,33.955456],[-116.166927,33.955363],[-116.16677,33.954837],[-116.166405,33.954147],[-116.165978,33.953896],[-116.165222,33.95398],[-116.164801,33.953757],[-116.164237,33.953554],[-116.163903,33.953201],[-116.16361,33.953063],[-116.163341,33.952862],[-116.162905,33.951981],[-116.162127,33.951379],[-116.161459,33.951054],[-116.161345,33.951059],[-116.160981,33.951225],[-116.160368,33.951364],[-116.160222,33.951288],[-116.160032,33.950946],[-116.159778,33.950638]]}},{"type":"Feature","properties":{"kind":"track"},"geometry":{"type":"LineString","coordinates":[[-116.304872,34.032606],[-116.304985,34.032873],[-116.305314,34.033243],[-116.305653,34.033946],[-116.305969,34.034233],[-116.306308,34.034723],[-116.306849,34.035264],[-116.307371,34.035972],[-116.307821,34.037106],[-116.308324,34.03816],[-116.308612,34.038613],[-116.308878,34.038811],[-116.311395,34.040068],[-116.311828,34.040333],[-116.312565,34.040982],[-116.312685,34.041439],[-116.313049,34.042141],[-116.313033,34.042601],[-116.31322,34.042898],[-116.31478,34.044386],[-116.315117,34.044785],[-116.315472,34.045021],[-116.315571,34.045171],[-116.315652,34.045874],[-116.315752,34.046273],[-116.316277,34.047374],[-116.31655,34.047732],[-116.316651,34.048941],[-116.316795,34.049444],[-116.316967,34.04968],[-116.317027,34.049976],[-116.317308,34.050331],[-116.317429,34.050699],[-116.317622,34.050993],[-116.317636,34.051584],[-116.317717,34.051696],[-116.318048,34.051803],[-116.318627,34.05211],[-116.319507,34.05288],[-116.319819,34.053325],[-116.319985,34.053712],[-116.320653,34.054516],[-116.321215,34.054974],[-116.321528,34.055366],[-116.321747,34.05564],[-116.32249,34.056149],[-116.323958,34.056723],[-116.324291,34.056897],[-116.324636,34.057],[-116.325591,34.057515],[-116.326564,34.057856],[-116.327089,34.058241],[-116.328034,34.058506],[-116.329187,34.058927],[-116.329348,34.059077],[-116.329468,34.059313],[-116.330472,34.059765],[-116.330655,34.060187],[-116.331046,34.060726],[-116.331439,34.060875],[-116.331833,34.06085],[-116.33293,34.061081],[-116.33382,34.061156],[-116.335707,34.061478],[-116.335806,34.061608],[-116.335723,34.061952],[-116.335795,34.062562],[-116.335722,34.062982],[-116.335671,34.063938],[-116.335804,34.064284]]}},{"type":"Feature","properties":{"kind":"track"},"geometry":{"type":"LineString","coordinates":[[-116.302671,34.028422],[-116.302494,34.027779],[-116.30229,34.027474],[-116.302122,34.027383],[-116.301987,34.027409]]}},{"type":"Feature","properties":{"kind":"track"},"geometry":{"type":"LineString","coordinates":[[-116.164438,33.990856],[-116.165864,33.990902],[-116.167493,33.990644],[-116.17181,33.991584],[-116.172965,33.991744],[-116.173102,33.991836],[-116.174257,33.992065],[-116.17478,33.992042],[-116.175797,33.992226],[-116.17709,33.992134],[-116.180059,33.992524],[-116.180912,33.992478],[-116.181902,33.992272],[-116.182837,33.992272],[-116.185367,33.992479]]}},{"type":"Feature","properties":{"kind":"track"},"geometry":{"type":"LineString","coordinates":[[-116.17478,33.992042],[-116.174945,33.991264],[-116.174945,33.990347],[-116.174615,33.989729],[-116.174258,33.989454],[-116.17401,33.989362],[-116.173598,33.989362],[-116.173295,33.989774],[-116.172965,33.991744]]}},{"type":"Feature","properties":{"kind":"trail"},"geometry":{"type":"LineString","coordinates":[[-116.158013,34.024608],[-116.15815,34.024715],[-116.158036,34.024738],[-116.157905,34.024664],[-116.158013,34.024608]]}},{"type":"Feature","properties":{"kind":"road","name":"Ryan Mountain Campground Road","surface":"unpaved"},"geometry":{"type":"LineString","coordinates":[[-116.154776,33.984261],[-116.154777,33.984042],[-116.154778,33.983832],[-116.154784,33.983787],[-116.154804,33.983743],[-116.154946,33.983505],[-116.154973,33.983466],[-116.154999,33.983265],[-116.154987,33.983168],[-116.155002,33.983058],[-116.155008,33.983005],[-116.15504,33.982849],[-116.155072,33.982768],[-116.155063,33.982728],[-116.154891,33.982519],[-116.154785,33.982297],[-116.15473,33.982053],[-116.154579,33.981882],[-116.154418,33.981831],[-116.15421,33.981855],[-116.154165,33.981863],[-116.153982,33.981919],[-116.153827,33.98201],[-116.153782,33.982224],[-116.153806,33.982308],[-116.153857,33.98244],[-116.153864,33.982459],[-116.153933,33.982632],[-116.15396,33.982694],[-116.15399,33.982781],[-116.153997,33.982801],[-116.154006,33.982847],[-116.154019,33.9831],[-116.154013,33.98325],[-116.153994,33.983391],[-116.15392,33.983626],[-116.153932,33.983765],[-116.153942,33.983808],[-116.153949,33.983835],[-116.154032,33.984049],[-116.154179,33.984249],[-116.154312,33.984301],[-116.154512,33.984302],[-116.154776,33.984261]]}},{"type":"Feature","properties":{"kind":"trail"},"geometry":{"type":"LineString","coordinates":[[-116.15689,33.988582],[-116.15677,33.98843],[-116.156165,33.988169],[-116.155839,33.988084],[-116.155151,33.988095],[-116.154516,33.988035],[-116.153041,33.987379],[-116.152469,33.986972],[-116.152028,33.986539],[-116.151719,33.986376]]}},{"type":"Feature","properties":{"kind":"trail","surface":"dirt"},"geometry":{"type":"LineString","coordinates":[[-116.15815,34.024715],[-116.15848,34.024813],[-116.15859,34.024858],[-116.158681,34.024896],[-116.158979,34.025012],[-116.159249,34.025117]]}},{"type":"Feature","properties":{"kind":"trail"},"geometry":{"type":"LineString","coordinates":[[-116.149481,33.983528],[-116.149129,33.98349],[-116.148188,33.983548],[-116.147901,33.983505],[-116.147509,33.983859],[-116.147518,33.983985],[-116.147536,33.984256],[-116.147499,33.984362],[-116.147054,33.984822],[-116.146831,33.984933],[-116.146581,33.9851],[-116.146602,33.985336],[-116.14653,33.98555],[-116.146563,33.985708],[-116.147119,33.986532],[-116.148396,33.98714],[-116.149513,33.988418],[-116.150329,33.988923],[-116.150312,33.990788],[-116.150817,33.991144],[-116.151191,33.99128]]}},{"type":"Feature","properties":{"kind":"track","name":"Keys Ranch Road","surface":"dirt"},"geometry":{"type":"LineString","coordinates":[[-116.159287,34.025213],[-116.159249,34.025117],[-116.159127,34.024816],[-116.158502,34.024052],[-116.158222,34.02369],[-116.158139,34.02308],[-116.158054,34.022865],[-116.157894,34.022705],[-116.157604,34.022586]]}},{"type":"Feature","properties":{"kind":"road","name":"Barker Dam Road","surface":"asphalt"},"geometry":{"type":"LineString","coordinates":[[-116.16263,34.013827],[-116.162184,34.014217],[-116.161569,34.014557],[-116.161179,34.014918],[-116.160723,34.015718],[-116.160433,34.016182],[-116.159854,34.016804],[-116.15928,34.017497],[-116.158869,34.018448],[-116.158597,34.018896],[-116.157071,34.020964],[-116.156724,34.0213],[-116.156028,34.021645],[-116.155492,34.021747],[-116.154984,34.02174],[-116.151986,34.021132],[-116.150077,34.021189],[-116.149025,34.021053],[-116.148618,34.021098],[-116.147888,34.021366],[-116.14699,34.02178],[-116.14307,34.023867],[-116.142781,34.024059],[-116.142753,34.024094]]}},{"type":"Feature","properties":{"kind":"trail","name":"Big Trees Loop Trail"},"geometry":{"type":"LineString","coordinates":[[-116.159249,33.961264],[-116.159124,33.962054],[-116.158909,33.962711],[-116.158686,33.962953],[-116.15847,33.963357],[-116.158089,33.963854],[-116.157941,33.96395],[-116.157902,33.963964],[-116.157851,33.964168],[-116.157863,33.964344],[-116.15779,33.964674],[-116.157652,33.964949],[-116.157691,33.96535],[-116.157648,33.965412],[-116.157713,33.965593],[-116.157624,33.966784],[-116.157572,33.966953],[-116.157195,33.9674],[-116.157076,33.967891],[-116.156799,33.968369],[-116.156788,33.968525],[-116.156702,33.968661],[-116.156483,33.968811],[-116.156216,33.968951],[-116.155554,33.969174],[-116.15521,33.969526],[-116.15503,33.969811],[-116.154792,33.97031],[-116.15468,33.970771],[-116.15459,33.970818],[-116.154477,33.971023],[-116.154361,33.971681],[-116.154274,33.971857],[-116.154222,33.972138],[-116.153717,33.972991],[-116.153143,33.973633],[-116.152953,33.97395],[-116.152725,33.974427],[-116.152609,33.974796],[-116.152113,33.975596],[-116.151838,33.976204],[-116.151579,33.976626],[-116.15091,33.978266],[-116.150541,33.97877],[-116.150374,33.979411],[-116.150296,33.980218],[-116.150217,33.980846],[-116.149909,33.981635],[-116.149684,33.98239],[-116.149459,33.982751],[-116.149479,33.983209],[-116.149414,33.983441],[-116.149481,33.983528]]}},{"type":"Feature","properties":{"kind":"track"},"geometry":{"type":"LineString","coordinates":[[-116.175611,34.030281],[-116.175613,34.030408],[-116.175632,34.031601],[-116.175675,34.03177],[-116.175726,34.031997],[-116.175681,34.032094],[-116.175548,34.032131],[-116.175592,34.031996],[-116.175567,34.031897],[-116.175675,34.03177]]}},{"type":"Feature","properties":{"kind":"track"},"geometry":{"type":"LineString","coordinates":[[-116.191009,34.019205],[-116.190866,34.019352],[-116.190651,34.019723],[-116.190507,34.019785],[-116.190023,34.019426],[-116.189846,34.019192],[-116.189684,34.019068]]}},{"type":"Feature","properties":{"kind":"track"},"geometry":{"type":"LineString","coordinates":[[-116.177657,34.004863],[-116.177348,34.003256]]}},{"type":"Feature","properties":{"kind":"track"},"geometry":{"type":"LineString","coordinates":[[-116.189355,34.018294],[-116.189103,34.018292],[-116.188444,34.018219],[-116.187858,34.017874],[-116.187679,34.017814],[-116.187025,34.017644],[-116.186359,34.017569],[-116.186212,34.017493]]}},{"type":"Feature","properties":{"kind":"road","name":"Hidden Valley Campground Road","surface":"asphalt"},"geometry":{"type":"LineString","coordinates":[[-116.163139,34.017372],[-116.163152,34.01748],[-116.163139,34.017598],[-116.163036,34.017756],[-116.162823,34.01795],[-116.162443,34.018047],[-116.162451,34.018177],[-116.162611,34.018501],[-116.162702,34.01867],[-116.162874,34.018714],[-116.162902,34.018708],[-116.162926,34.018699],[-116.162992,34.018645],[-116.163211,34.018402],[-116.163274,34.018357],[-116.163332,34.018314],[-116.163566,34.017836],[-116.163458,34.017586],[-116.163406,34.017323],[-116.163402,34.017119],[-116.163385,34.017047],[-116.163348,34.016968],[-116.163152,34.016668],[-116.163086,34.01659],[-116.163051,34.016562],[-116.163041,34.017003],[-116.163067,34.017165],[-116.163139,34.017372]]}},{"type":"Feature","properties":{"kind":"track"},"geometry":{"type":"LineString","coordinates":[[-116.190616,34.016818],[-116.190557,34.016751],[-116.190718,34.016691],[-116.19096,34.016718],[-116.191338,34.016892],[-116.192136,34.017007],[-116.192383,34.017144],[-116.192374,34.017405],[-116.191811,34.017457],[-116.19163,34.017567],[-116.191374,34.017641],[-116.191061,34.017164],[-116.190675,34.016977],[-116.190616,34.016818]]}},{"type":"Feature","properties":{"kind":"road","name":"Hidden Valley Campground Road","surface":"asphalt"},"geometry":{"type":"LineString","coordinates":[[-116.162766,34.016304],[-116.161917,34.016426],[-116.161842,34.016405],[-116.161629,34.016326],[-116.161256,34.016182]]}},{"type":"Feature","properties":{"kind":"road","surface":"asphalt"},"geometry":{"type":"LineString","coordinates":[[-116.163403,34.015669],[-116.162671,34.015468],[-116.162524,34.015536],[-116.162552,34.015658],[-116.162941,34.015832],[-116.163129,34.015857],[-116.163372,34.015707],[-116.163403,34.015669]]}},{"type":"Feature","properties":{"kind":"track"},"geometry":{"type":"LineString","coordinates":[[-116.182387,34.004631],[-116.182284,34.004717],[-116.181902,34.005351],[-116.181767,34.006981],[-116.181539,34.008013],[-116.18151,34.008803],[-116.181436,34.009036],[-116.181483,34.009996],[-116.181539,34.010156],[-116.181903,34.01069],[-116.182066,34.011059],[-116.182344,34.011418]]}},{"type":"Feature","properties":{"kind":"track","name":"Bighorn Pass Road","surface":"sand"},"geometry":{"type":"LineString","coordinates":[[-116.128608,34.026012],[-116.127917,34.02583],[-116.127514,34.025792],[-116.126936,34.02538],[-116.126783,34.0252],[-116.12655,34.024733],[-116.125983,34.023349],[-116.125862,34.023239],[-116.125633,34.023213],[-116.125257,34.023291],[-116.124894,34.02327],[-116.12138,34.021841],[-116.120385,34.021562],[-116.11937,34.021126],[-116.118378,34.020981],[-116.117539,34.021034],[-116.116462,34.020961],[-116.116015,34.021038],[-116.115167,34.02108],[-116.11488,34.021021],[-116.111319,34.019287],[-116.111052,34.019197],[-116.107798,34.018568],[-116.106628,34.018172],[-116.105367,34.017606],[-116.103178,34.01626],[-116.10255,34.015739],[-116.101482,34.015036],[-116.100595,34.014846],[-116.100404,34.014723],[-116.10016,34.014204],[-116.099591,34.013545],[-116.099111,34.012867],[-116.098495,34.011754],[-116.097876,34.011041],[-116.097478,34.010594],[-116.097294,34.010452],[-116.097053,34.010339],[-116.096392,34.010238],[-116.096338,34.010135],[-116.096352,34.009962]]}},{"type":"Feature","properties":{"kind":"track","name":"Queen Valley Road","surface":"unpaved"},"geometry":{"type":"LineString","coordinates":[[-116.128608,34.026012],[-116.127546,34.026046],[-116.125487,34.025615],[-116.124824,34.02557],[-116.1223,34.024959],[-116.103539,34.022422],[-116.091409,34.02079],[-116.08856,34.020361],[-116.086505,34.020736],[-116.08142,34.021842],[-116.078191,34.02327],[-116.07782,34.023466],[-116.077665,34.023564]]}},{"type":"Feature","properties":{"kind":"trail"},"geometry":{"type":"LineString","coordinates":[[-116.073631,34.024388],[-116.073702,34.024229],[-116.073849,34.024137],[-116.074229,34.024156]]}},{"type":"Feature","properties":{"kind":"track","surface":"unpaved"},"geometry":{"type":"LineString","coordinates":[[-116.117328,34.005599],[-116.117543,34.005852],[-116.117838,34.006456],[-116.118167,34.006742],[-116.118394,34.007232],[-116.118843,34.008176]]}},{"type":"Feature","properties":{"kind":"track"},"geometry":{"type":"LineString","coordinates":[[-116.277474,34.11367],[-116.277361,34.113867],[-116.27698,34.113925],[-116.276748,34.113761],[-116.276438,34.113507],[-116.276336,34.113129],[-116.276087,34.112746],[-116.275964,34.112231],[-116.275837,34.112046],[-116.275518,34.111969],[-116.275089,34.112113],[-116.274737,34.112004],[-116.273938,34.112251],[-116.273723,34.112275],[-116.27355,34.112424],[-116.273048,34.112424],[-116.272658,34.112277],[-116.272238,34.111525],[-116.272334,34.111383],[-116.272529,34.111245],[-116.272806,34.110832],[-116.273173,34.110521],[-116.273289,34.110379],[-116.27331,34.110255],[-116.273489,34.110148],[-116.273573,34.109935],[-116.273702,34.109788],[-116.274214,34.10957],[-116.274747,34.109637],[-116.274886,34.109729],[-116.275227,34.109838],[-116.275839,34.110075],[-116.276543,34.110132],[-116.276681,34.110199],[-116.277102,34.110325],[-116.277733,34.110412],[-116.278033,34.110522],[-116.278337,34.110514],[-116.278889,34.110608],[-116.279096,34.110761],[-116.279497,34.110912],[-116.279894,34.110905],[-116.280603,34.111039],[-116.281317,34.111249],[-116.281871,34.111545],[-116.282791,34.111864],[-116.283259,34.112122],[-116.283676,34.112222]]}},{"type":"Feature","properties":{"kind":"road","surface":"unpaved"},"geometry":{"type":"LineString","coordinates":[[-116.156351,34.092131],[-116.156118,34.092364],[-116.156066,34.092504],[-116.156047,34.092556],[-116.156021,34.092661],[-116.155879,34.093073]]}},{"type":"Feature","properties":{"kind":"track","name":"Keys Ranch Road"},"geometry":{"type":"LineString","coordinates":[[-116.167046,34.033623],[-116.167639,34.034193],[-116.167722,34.034371],[-116.167782,34.03473],[-116.167601,34.036279],[-116.167648,34.036515],[-116.167963,34.037032],[-116.168379,34.03754],[-116.168502,34.037802],[-116.168721,34.038945],[-116.168739,34.039547],[-116.168604,34.039756],[-116.168228,34.040087],[-116.167875,34.040714],[-116.167658,34.041431],[-116.16785,34.042858]]}},{"type":"Feature","properties":{"kind":"track","surface":"dirt"},"geometry":{"type":"LineString","coordinates":[[-116.098559,34.132666],[-116.098282,34.132492],[-116.098258,34.131874],[-116.098397,34.131687],[-116.09829,34.131407],[-116.098304,34.12545],[-116.09805,34.125346],[-116.097845,34.125483],[-116.097836,34.125612],[-116.097742,34.12552],[-116.096772,34.124184],[-116.096705,34.123507],[-116.096293,34.122991],[-116.095939,34.122137],[-116.095969,34.121967],[-116.095931,34.121699],[-116.096295,34.120881],[-116.096459,34.120766],[-116.096702,34.120484]]}},{"type":"Feature","properties":{"kind":"track"},"geometry":{"type":"LineString","coordinates":[[-116.168721,34.038945],[-116.169599,34.039175],[-116.170259,34.039537],[-116.171219,34.03975],[-116.172985,34.040003],[-116.17473,34.040546],[-116.175478,34.040625],[-116.176276,34.040845],[-116.177105,34.04088],[-116.179035,34.041165],[-116.179346,34.041157],[-116.180803,34.040951],[-116.182216,34.040826],[-116.183001,34.040806],[-116.183827,34.040672],[-116.184486,34.04062],[-116.185096,34.040634],[-116.186194,34.040662]]}},{"type":"Feature","properties":{"kind":"track"},"geometry":{"type":"LineString","coordinates":[[-116.143745,34.091073],[-116.143545,34.091172],[-116.143529,34.091321],[-116.143711,34.09175],[-116.143684,34.091938],[-116.143468,34.092191],[-116.143136,34.093393],[-116.143127,34.093619],[-116.143215,34.094089],[-116.143332,34.095042],[-116.143311,34.095528],[-116.143486,34.096688],[-116.143485,34.097284],[-116.143311,34.099007]]}},{"type":"Feature","properties":{"kind":"track"},"geometry":{"type":"LineString","coordinates":[[-116.142344,34.097271],[-116.142309,34.096754],[-116.142184,34.096412],[-116.142069,34.09601],[-116.142355,34.095532],[-116.142404,34.095232],[-116.142369,34.094844],[-116.142704,34.094468],[-116.143075,34.094303],[-116.143215,34.094089]]}},{"type":"Feature","properties":{"kind":"road","name":"Juniper Flats Road","surface":"dirt"},"geometry":{"type":"LineString","coordinates":[[-116.165513,33.976391],[-116.166053,33.975985],[-116.167246,33.975253],[-116.168534,33.974575],[-116.169332,33.973742],[-116.173332,33.971008],[-116.174025,33.970143],[-116.17426,33.97],[-116.174632,33.969939],[-116.177911,33.970056],[-116.179255,33.969744],[-116.18079,33.969621],[-116.181734,33.969272],[-116.183271,33.969165],[-116.184378,33.96893],[-116.184824,33.968774],[-116.187384,33.968877],[-116.189468,33.968788],[-116.190727,33.968659],[-116.194111,33.968311],[-116.195433,33.967991],[-116.196788,33.967585],[-116.197149,33.967592],[-116.198222,33.967962],[-116.19939,33.968014],[-116.199966,33.968293],[-116.201982,33.968852],[-116.203652,33.969572],[-116.205681,33.970048],[-116.20799,33.970376],[-116.209673,33.970537],[-116.210392,33.970654],[-116.210925,33.97086],[-116.212166,33.971189],[-116.21328,33.971865],[-116.21446,33.972439],[-116.216255,33.973147],[-116.217775,33.973885],[-116.219251,33.97533],[-116.219809,33.975728],[-116.221594,33.97639],[-116.222854,33.976483],[-116.225302,33.977052],[-116.226658,33.977565],[-116.228128,33.977801],[-116.2284,33.977911],[-116.2286,33.978178],[-116.228771,33.978697],[-116.228815,33.979178],[-116.228782,33.979363],[-116.228915,33.980138],[-116.229223,33.98068],[-116.229658,33.981093],[-116.229963,33.98153],[-116.230695,33.982226],[-116.230801,33.982613],[-116.231835,33.983279],[-116.232054,33.983763],[-116.232228,33.984948],[-116.232334,33.985989],[-116.232599,33.986613],[-116.232694,33.986967],[-116.232624,33.987755],[-116.232797,33.988129],[-116.232793,33.988785],[-116.233279,33.990246],[-116.233263,33.990549]]}},{"type":"Feature","properties":{"kind":"road","surface":"unpaved"},"geometry":{"type":"LineString","coordinates":[[-116.156118,34.092364],[-116.155974,34.092168]]}},{"type":"Feature","properties":{"kind":"road","surface":"unpaved"},"geometry":{"type":"LineString","coordinates":[[-116.156021,34.092661],[-116.156067,34.092721],[-116.156178,34.092877],[-116.15625,34.093004],[-116.156415,34.093232],[-116.156461,34.093282]]}},{"type":"Feature","properties":{"kind":"road","surface":"pebblestone"},"geometry":{"type":"LineString","coordinates":[[-116.164866,34.096674],[-116.164453,34.096655],[-116.164779,34.096905],[-116.164998,34.096989],[-116.165104,34.096961],[-116.165148,34.096886],[-116.165115,34.096794],[-116.164943,34.096691],[-116.164866,34.096674]]}},{"type":"Feature","properties":{"kind":"road","name":"Doggie Trail","surface":"unpaved"},"geometry":{"type":"LineString","coordinates":[[-116.272717,34.104516],[-116.272772,34.104883],[-116.273158,34.104912],[-116.273478,34.104894],[-116.273697,34.104894],[-116.274017,34.104894],[-116.274431,34.104894],[-116.274452,34.104893],[-116.27558,34.104892],[-116.27563,34.104892],[-116.27622,34.104895],[-116.276386,34.104895],[-116.27668,34.104896],[-116.277009,34.104896],[-116.277671,34.104896],[-116.277708,34.104896],[-116.277795,34.104896],[-116.27938,34.104895],[-116.280051,34.104912],[-116.280082,34.104912],[-116.280404,34.10492],[-116.281501,34.104907],[-116.281719,34.104907],[-116.282052,34.104908],[-116.283192,34.10491],[-116.283342,34.104852]]}},{"type":"Feature","properties":{"kind":"road","name":"Indian Cove Mountain Road","surface":"asphalt"},"geometry":{"type":"LineString","coordinates":[[-116.156405,34.09389],[-116.155872,34.09437],[-116.155713,34.094573],[-116.155135,34.096423],[-116.155101,34.096795],[-116.155146,34.097267]]}},{"type":"Feature","properties":{"kind":"track","name":"Jericho Road"},"geometry":{"type":"LineString","coordinates":[[-116.283676,34.112222],[-116.283416,34.112532],[-116.283202,34.112869],[-116.283246,34.113244],[-116.283192,34.11365],[-116.283054,34.11378],[-116.282803,34.113905],[-116.282154,34.114031],[-116.281628,34.114389],[-116.281216,34.114519],[-116.281086,34.114483],[-116.28095,34.114525],[-116.280642,34.114519],[-116.280206,34.114397],[-116.27997,34.114418],[-116.279713,34.113955],[-116.279621,34.1139],[-116.279573,34.113777],[-116.279324,34.113526],[-116.279345,34.113256],[-116.279576,34.11297]]}},{"type":"Feature","properties":{"kind":"road","name":"Datura Avenue","surface":"asphalt"},"geometry":{"type":"LineString","coordinates":[[-116.076532,34.124525],[-116.076548,34.128065],[-116.076296,34.128071],[-116.076244,34.128126],[-116.07629,34.135454]]}},{"type":"Feature","properties":{"kind":"track","name":"Jackass Trail"},"geometry":{"type":"LineString","coordinates":[[-116.180332,34.124266],[-116.180286,34.12785]]}},{"type":"Feature","properties":{"kind":"trail","name":"Stubbe Springs Loop Trail","sac":"hiking","surface":"ground"},"geometry":{"type":"LineString","coordinates":[[-116.229427,33.959852],[-116.22999,33.959706],[-116.2301,33.959728],[-116.230585,33.96004],[-116.230735,33.960205],[-116.231263,33.960172],[-116.231861,33.960385],[-116.232221,33.960411],[-116.232539,33.960567],[-116.232956,33.960876],[-116.233265,33.961039],[-116.233796,33.96166],[-116.234113,33.9618],[-116.234743,33.961951],[-116.234971,33.962114],[-116.235517,33.96233],[-116.235722,33.962588],[-116.236097,33.962726],[-116.236622,33.962576],[-116.236757,33.962598],[-116.236833,33.962687],[-116.236841,33.962793],[-116.236688,33.962947],[-116.236521,33.963381],[-116.236523,33.963484],[-116.236787,33.963595],[-116.236927,33.963726],[-116.237074,33.963997],[-116.237139,33.964229],[-116.237103,33.9645],[-116.237015,33.964598],[-116.237017,33.964755],[-116.237099,33.964944],[-116.236835,33.965215],[-116.23676,33.965485],[-116.236468,33.965782],[-116.236512,33.966456],[-116.236435,33.966583],[-116.236425,33.966721],[-116.236473,33.966787],[-116.236423,33.966853],[-116.23645,33.967042],[-116.236282,33.96714],[-116.235866,33.967727],[-116.235747,33.968665],[-116.235007,33.970664],[-116.234866,33.970889],[-116.234557,33.97173],[-116.234704,33.972127],[-116.234933,33.972382],[-116.234839,33.972588],[-116.234892,33.972774],[-116.234945,33.972903],[-116.235191,33.973175],[-116.235291,33.973583],[-116.234804,33.973867],[-116.23473,33.97412],[-116.234522,33.97439],[-116.234483,33.974625],[-116.234377,33.974822],[-116.234203,33.975],[-116.234278,33.975146],[-116.234154,33.97538],[-116.233792,33.975645],[-116.232841,33.976826],[-116.23254,33.977324],[-116.232104,33.977687],[-116.231796,33.978016],[-116.231368,33.97834],[-116.229013,33.979265]]}},{"type":"Feature","properties":{"kind":"road","name":"Weaver Way","surface":"unpaved"},"geometry":{"type":"LineString","coordinates":[[-116.305021,34.096225],[-116.304948,34.096383],[-116.304959,34.096514],[-116.304971,34.097036],[-116.304973,34.097576],[-116.305056,34.097897],[-116.305039,34.098069],[-116.304924,34.098209],[-116.304603,34.098413],[-116.304464,34.098569],[-116.304356,34.098902],[-116.304244,34.09906],[-116.303832,34.099216],[-116.303677,34.099331],[-116.303557,34.099584],[-116.303381,34.099813]]}},{"type":"Feature","properties":{"kind":"track","name":"Sungold Avenue"},"geometry":{"type":"LineString","coordinates":[[-116.262511,34.124183],[-116.262485,34.123301],[-116.262411,34.122891],[-116.262457,34.120669],[-116.262585,34.120545],[-116.263452,34.120545]]}},{"type":"Feature","properties":{"kind":"road","name":"Sierra Avenue","surface":"asphalt"},"geometry":{"type":"LineString","coordinates":[[-116.223006,34.135188],[-116.223008,34.131929],[-116.223074,34.130812],[-116.22308,34.124223]]}},{"type":"Feature","properties":{"kind":"road","name":"Tortuga Trail","surface":"dirt"},"geometry":{"type":"LineString","coordinates":[[-116.291628,34.087702],[-116.291906,34.088192],[-116.292131,34.088451],[-116.292136,34.088526],[-116.292088,34.088639],[-116.292027,34.089099],[-116.291996,34.090012],[-116.291986,34.090281],[-116.292012,34.090467],[-116.292017,34.090573],[-116.292027,34.090825],[-116.29203,34.090891],[-116.291983,34.09231],[-116.291979,34.092407],[-116.291978,34.09259],[-116.291992,34.093052]]}},{"type":"Feature","properties":{"kind":"road","name":"Tortuga Trail","surface":"unpaved"},"geometry":{"type":"LineString","coordinates":[[-116.291992,34.093052],[-116.292026,34.09338],[-116.291848,34.093794],[-116.291814,34.093995],[-116.291928,34.095957],[-116.291936,34.09776],[-116.291948,34.098016],[-116.291938,34.098359],[-116.291928,34.098554],[-116.291949,34.099458]]}},{"type":"Feature","properties":{"kind":"track","name":"Hi View Drive"},"geometry":{"type":"LineString","coordinates":[[-116.305021,34.096225],[-116.304859,34.096088]]}},{"type":"Feature","properties":{"kind":"track","name":"Split Rock Avenue"},"geometry":{"type":"LineString","coordinates":[[-116.060161,34.12468],[-116.060168,34.126457]]}},{"type":"Feature","properties":{"kind":"road","name":"Sherman Road","surface":"asphalt"},"geometry":{"type":"LineString","coordinates":[[-116.128928,34.123908],[-116.128908,34.123767],[-116.128972,34.123705],[-116.129009,34.123807],[-116.128928,34.123908],[-116.128951,34.133297],[-116.128918,34.135089]]}},{"type":"Feature","properties":{"kind":"track","name":"Desert Sands","surface":"unpaved"},"geometry":{"type":"LineString","coordinates":[[-116.294152,34.101248],[-116.29379,34.101429],[-116.293726,34.101515],[-116.293668,34.101839],[-116.293788,34.102169],[-116.293924,34.102323],[-116.294002,34.102939],[-116.294107,34.103167]]}},{"type":"Feature","properties":{"kind":"road","name":"Desert Sands","surface":"unpaved"},"geometry":{"type":"LineString","coordinates":[[-116.294106,34.099479],[-116.29411,34.101205],[-116.294152,34.101248]]}},{"type":"Feature","properties":{"kind":"road","name":"Copper Mesa Road","surface":"unpaved"},"geometry":{"type":"LineString","coordinates":[[-116.212111,34.134964],[-116.212098,34.126087],[-116.212005,34.125551],[-116.212112,34.124586],[-116.212163,34.123854]]}},{"type":"Feature","properties":{"kind":"track","name":"Coyote Trail"},"geometry":{"type":"LineString","coordinates":[[-116.275671,34.094089],[-116.275629,34.094208],[-116.275636,34.094901],[-116.275638,34.095092],[-116.275642,34.095418],[-116.275646,34.095841],[-116.275647,34.095911]]}},{"type":"Feature","properties":{"kind":"track","name":"Larkspur Avenue","surface":"unpaved"},"geometry":{"type":"LineString","coordinates":[[-116.298701,34.095948],[-116.298494,34.095942],[-116.297356,34.095909],[-116.296407,34.095882],[-116.296323,34.09624],[-116.296324,34.09679],[-116.296338,34.098192]]}},{"type":"Feature","properties":{"kind":"road","name":"Larkspur Avenue","surface":"unpaved"},"geometry":{"type":"LineString","coordinates":[[-116.296268,34.099431],[-116.296261,34.101111],[-116.296261,34.101272],[-116.29627,34.102652],[-116.296273,34.103094]]}},{"type":"Feature","properties":{"kind":"track","name":"Larkspur Avenue"},"geometry":{"type":"LineString","coordinates":[[-116.296747,34.109735],[-116.296759,34.11132],[-116.29675,34.112499]]}},{"type":"Feature","properties":{"kind":"road","name":"Willow Lane","surface":"dirt"},"geometry":{"type":"LineString","coordinates":[[-116.303253,34.089388],[-116.303268,34.089614],[-116.303168,34.09003],[-116.303078,34.09014],[-116.302953,34.090295],[-116.302826,34.09064],[-116.302859,34.091595],[-116.302897,34.093455],[-116.302896,34.094731],[-116.302895,34.095203],[-116.302895,34.095275],[-116.302895,34.095303],[-116.302894,34.096196],[-116.302873,34.098966],[-116.302859,34.099813]]}},{"type":"Feature","properties":{"kind":"track","name":"Rapallo Road"},"geometry":{"type":"LineString","coordinates":[[-116.277793,34.093413],[-116.277809,34.093651],[-116.277825,34.093893],[-116.277776,34.094015],[-116.277585,34.094066],[-116.276804,34.094042],[-116.276775,34.094042],[-116.276673,34.094041],[-116.276288,34.09404],[-116.275823,34.094037],[-116.275671,34.094089],[-116.275161,34.094082],[-116.2746,34.094104],[-116.274548,34.094191],[-116.274545,34.094654]]}},{"type":"Feature","properties":{"kind":"road","name":"Stoney Crest View","surface":"unpaved"},"geometry":{"type":"LineString","coordinates":[[-116.274601,34.124408],[-116.274764,34.124103],[-116.274978,34.123963],[-116.275179,34.123937],[-116.275545,34.124237]]}},{"type":"Feature","properties":{"kind":"road","name":"Indian Cove Circle East","surface":"unpaved"},"geometry":{"type":"LineString","coordinates":[[-116.152437,34.09175],[-116.152767,34.091754],[-116.153679,34.092023],[-116.154242,34.092075],[-116.154807,34.092293],[-116.155274,34.092251],[-116.155405,34.092226],[-116.155974,34.092168],[-116.156351,34.092131],[-116.156506,34.092107],[-116.156566,34.092096],[-116.156829,34.092042],[-116.157234,34.092047],[-116.15762,34.092067]]}},{"type":"Feature","properties":{"kind":"road","name":"Base Line Road","surface":"dirt"},"geometry":{"type":"LineString","coordinates":[[-116.229521,34.120592],[-116.231819,34.120605],[-116.232484,34.120581],[-116.23322,34.120688],[-116.23379,34.120714],[-116.235278,34.120584],[-116.235889,34.120621],[-116.238426,34.1206],[-116.242749,34.120596],[-116.247145,34.120606],[-116.247913,34.120583],[-116.248749,34.120622],[-116.249296,34.120545],[-116.24981,34.12064],[-116.25004,34.120576],[-116.253493,34.120575],[-116.253755,34.120615],[-116.25454,34.120553],[-116.254988,34.120589],[-116.255835,34.120562],[-116.256303,34.120564],[-116.256546,34.120564],[-116.258073,34.12057],[-116.260114,34.120556]]}},{"type":"Feature","properties":{"kind":"road","name":"Base Line Road","surface":"dirt"},"geometry":{"type":"LineString","coordinates":[[-116.219919,34.120578],[-116.218713,34.120577],[-116.21668,34.120575],[-116.216542,34.12061]]}},{"type":"Feature","properties":{"kind":"road","name":"Base Line Road","surface":"asphalt"},"geometry":{"type":"LineString","coordinates":[[-116.22741,34.12062],[-116.229521,34.120592]]}},{"type":"Feature","properties":{"kind":"track","name":"Elm Drive"},"geometry":{"type":"LineString","coordinates":[[-116.06964,34.124551],[-116.069684,34.128141]]}},{"type":"Feature","properties":{"kind":"road","name":"Indian Cove Circle","surface":"unpaved"},"geometry":{"type":"LineString","coordinates":[[-116.15762,34.092067],[-116.157802,34.092216],[-116.158184,34.092366],[-116.158434,34.092528],[-116.158606,34.09272],[-116.158702,34.092873],[-116.158611,34.093059],[-116.158339,34.093137],[-116.158123,34.093139],[-116.15775,34.093128],[-116.157543,34.093186],[-116.157141,34.093399],[-116.156942,34.093401],[-116.1566,34.093318],[-116.156461,34.093282]]}},{"type":"Feature","properties":{"kind":"road","name":"Indian Cove Circle","surface":"unpaved"},"geometry":{"type":"LineString","coordinates":[[-116.156729,34.093834],[-116.156958,34.093944],[-116.157624,34.094411],[-116.157858,34.094423],[-116.15849,34.094321],[-116.158869,34.094346],[-116.15929,34.094422],[-116.15976,34.094454],[-116.159798,34.09445],[-116.160233,34.094264],[-116.160333,34.09412],[-116.160314,34.093823],[-116.160083,34.093322],[-116.159903,34.093035],[-116.159663,34.092784],[-116.159437,34.092645],[-116.158222,34.092151],[-116.15762,34.092067]]}},{"type":"Feature","properties":{"kind":"track","name":"Road Runner Lane"},"geometry":{"type":"LineString","coordinates":[[-116.266083,34.097403],[-116.266105,34.097573],[-116.266148,34.097605],[-116.266991,34.097651],[-116.267927,34.097624]]}},{"type":"Feature","properties":{"kind":"road","name":"Quail Springs Road","surface":"asphalt"},"geometry":{"type":"LineString","coordinates":[[-116.265799,34.093763],[-116.265955,34.093768],[-116.266465,34.093722],[-116.267561,34.093484],[-116.268972,34.093418],[-116.269645,34.093316],[-116.270595,34.092997],[-116.271339,34.093046],[-116.271973,34.09312],[-116.272245,34.093131],[-116.273267,34.093109],[-116.273586,34.093098],[-116.273813,34.093084],[-116.274588,34.092957],[-116.275212,34.092763],[-116.275694,34.092737],[-116.276229,34.092853],[-116.277793,34.093413],[-116.278595,34.093706],[-116.279059,34.093776],[-116.279505,34.093739],[-116.279934,34.093682],[-116.280173,34.09365],[-116.280558,34.093603],[-116.280637,34.093594],[-116.280672,34.09359],[-116.280928,34.093567],[-116.281015,34.093561],[-116.281334,34.093558],[-116.281752,34.09358],[-116.28252,34.093627],[-116.28331,34.093632],[-116.284496,34.093534],[-116.285514,34.093585],[-116.286536,34.093829],[-116.287552,34.093824],[-116.287892,34.093749],[-116.288219,34.093603],[-116.288899,34.09322],[-116.289535,34.092903],[-116.289803,34.092847],[-116.290132,34.092872],[-116.290637,34.093041],[-116.290922,34.093071],[-116.291674,34.093012],[-116.291992,34.093052],[-116.292652,34.093276],[-116.293119,34.093622],[-116.293498,34.094001],[-116.293982,34.094298],[-116.29421,34.094384],[-116.29467,34.09446],[-116.295261,34.094483],[-116.295753,34.094485],[-116.296233,34.094561],[-116.297206,34.094991],[-116.297706,34.095254],[-116.298149,34.095519],[-116.298701,34.095948],[-116.299603,34.096707],[-116.300723,34.097446],[-116.30121,34.097915],[-116.301366,34.098084],[-116.302126,34.09899],[-116.302579,34.099818],[-116.302905,34.100322],[-116.303234,34.100727],[-116.303383,34.100915],[-116.303564,34.101312],[-116.303608,34.101548],[-116.303548,34.102382],[-116.303555,34.102858],[-116.303697,34.103322],[-116.304003,34.103884],[-116.304326,34.104331],[-116.304361,34.10439],[-116.304515,34.104707],[-116.304668,34.105301],[-116.304682,34.105348],[-116.305802,34.109044],[-116.306097,34.109609],[-116.306155,34.109698],[-116.30658,34.110232],[-116.307194,34.110772],[-116.307516,34.111193],[-116.30804,34.112534],[-116.308473,34.113048],[-116.309188,34.113449],[-116.310029,34.113678],[-116.311877,34.113936],[-116.31227,34.114041],[-116.313395,34.11471],[-116.313624,34.114885],[-116.314207,34.11549],[-116.314515,34.115927],[-116.31492,34.11672],[-116.315,34.116965],[-116.315054,34.117809],[-116.315091,34.120409]]}},{"type":"Feature","properties":{"kind":"road","name":"Cholla Trail"},"geometry":{"type":"LineString","coordinates":[[-116.267946,34.099473],[-116.268743,34.099466],[-116.268893,34.099526],[-116.268957,34.099633],[-116.26895,34.100335],[-116.268905,34.100487],[-116.269031,34.100693],[-116.269736,34.101303],[-116.269968,34.101517],[-116.270095,34.101655],[-116.270201,34.101814]]}},{"type":"Feature","properties":{"kind":"track","name":"Foothill Drive"},"geometry":{"type":"LineString","coordinates":[[-116.124532,34.124124],[-116.122614,34.124113]]}},{"type":"Feature","properties":{"kind":"road","name":"Foothill Drive","surface":"unpaved"},"geometry":{"type":"LineString","coordinates":[[-116.26035,34.124175],[-116.260636,34.124176],[-116.261276,34.124178],[-116.261645,34.12418],[-116.262226,34.124182],[-116.262511,34.124183],[-116.264679,34.124139],[-116.264695,34.124139],[-116.265127,34.124091],[-116.265793,34.124103],[-116.266271,34.124208],[-116.266805,34.124111],[-116.26701,34.12389]]}},{"type":"Feature","properties":{"kind":"track","name":"Foothill Drive"},"geometry":{"type":"LineString","coordinates":[[-116.061733,34.124657],[-116.060161,34.12468],[-116.057301,34.124731],[-116.054399,34.124765]]}},{"type":"Feature","properties":{"kind":"road","name":"Foothill Drive","surface":"asphalt"},"geometry":{"type":"LineString","coordinates":[[-116.079444,34.124546],[-116.079272,34.124503],[-116.07821,34.124508],[-116.077333,34.124531],[-116.076532,34.124525]]}},{"type":"Feature","properties":{"kind":"road","name":"Foothill Drive"},"geometry":{"type":"LineString","coordinates":[[-116.083585,34.124456],[-116.084133,34.124438],[-116.084268,34.124438],[-116.084848,34.124441],[-116.084985,34.124442],[-116.085141,34.124439],[-116.085418,34.124435],[-116.086303,34.124421],[-116.087278,34.124421],[-116.087316,34.12442],[-116.087802,34.124426]]}},{"type":"Feature","properties":{"kind":"road","name":"Foothill Drive","surface":"unpaved"},"geometry":{"type":"LineString","coordinates":[[-116.212112,34.124586],[-116.213152,34.124321],[-116.213187,34.124242],[-116.213835,34.12425],[-116.214358,34.124255],[-116.214882,34.124252],[-116.215866,34.124247],[-116.216452,34.124244],[-116.219338,34.124244],[-116.220843,34.124233],[-116.22308,34.124223],[-116.225212,34.124237],[-116.227403,34.124245],[-116.229527,34.124286]]}},{"type":"Feature","properties":{"kind":"track","name":"Foothill Drive","surface":"unpaved"},"geometry":{"type":"LineString","coordinates":[[-116.238427,34.124209],[-116.242755,34.124201],[-116.247123,34.124177],[-116.249876,34.124112],[-116.253126,34.124122]]}},{"type":"Feature","properties":{"kind":"track","name":"Foothill Drive","surface":"dirt"},"geometry":{"type":"LineString","coordinates":[[-116.168459,34.124235],[-116.168851,34.124227],[-116.169861,34.124207],[-116.170197,34.124162],[-116.170883,34.124182],[-116.171243,34.124091],[-116.171408,34.124122],[-116.171837,34.124035],[-116.172058,34.123874]]}},{"type":"Feature","properties":{"kind":"track","name":"Foothill Drive"},"geometry":{"type":"LineString","coordinates":[[-116.177139,34.124298],[-116.180332,34.124266]]}},{"type":"Feature","properties":{"kind":"track","name":"Foothill Drive","surface":"unpaved"},"geometry":{"type":"LineString","coordinates":[[-116.140142,34.122285],[-116.142088,34.122303],[-116.155176,34.122363]]}},{"type":"Feature","properties":{"kind":"road","name":"Mantonya Road","surface":"unpaved"},"geometry":{"type":"LineString","coordinates":[[-116.168459,34.124235],[-116.168342,34.124327],[-116.168358,34.127265],[-116.168277,34.129261],[-116.168257,34.135104]]}},{"type":"Feature","properties":{"kind":"road","name":"Bullion Avenue","surface":"unpaved"},"geometry":{"type":"LineString","coordinates":[[-116.063086,34.124634],[-116.063087,34.12469],[-116.063155,34.12961],[-116.063119,34.131904]]}},{"type":"Feature","properties":{"kind":"road","name":"Bullion Avenue"},"geometry":{"type":"LineString","coordinates":[[-116.061733,34.124657],[-116.063086,34.124634]]}},{"type":"Feature","properties":{"kind":"road","name":"Park Boulevard","surface":"asphalt"},"geometry":{"type":"LineString","coordinates":[[-116.162827,33.991202],[-116.16228,33.990794],[-116.161976,33.99063],[-116.161472,33.990441],[-116.160353,33.990186],[-116.159615,33.98996],[-116.15881,33.989587],[-116.157697,33.988894],[-116.157145,33.988648],[-116.15689,33.988582],[-116.156112,33.988534],[-116.155185,33.988648],[-116.154828,33.988704],[-116.15396,33.98891],[-116.153898,33.988931],[-116.153683,33.989033],[-116.15335,33.989242],[-116.152075,33.990257],[-116.151718,33.990616],[-116.151191,33.99128],[-116.150623,33.992083],[-116.150034,33.992786],[-116.149198,33.993586],[-116.147415,33.995574],[-116.146082,33.997211],[-116.145003,33.998168],[-116.144863,33.998289],[-116.144304,33.998813],[-116.142388,34.000633],[-116.141724,34.001492],[-116.141383,34.001791],[-116.140787,34.002063],[-116.139489,34.002291],[-116.138265,34.002906],[-116.137698,34.003081],[-116.137144,34.003183],[-116.136191,34.003295],[-116.135328,34.003231],[-116.134244,34.003101],[-116.13277,34.002787],[-116.131022,34.002609],[-116.130329,34.002586],[-116.128539,34.002756],[-116.128123,34.002714],[-116.127304,34.002533],[-116.12672,34.002468],[-116.125621,34.002387],[-116.124539,34.002069],[-116.123755,34.002],[-116.123034,34.002114],[-116.121989,34.002463],[-116.121668,34.002611],[-116.121067,34.003014],[-116.120619,34.003377],[-116.120485,34.003493],[-116.120401,34.003563],[-116.120154,34.003761],[-116.119761,34.004067],[-116.119043,34.004514],[-116.117769,34.005182],[-116.117198,34.005431],[-116.115275,34.006075]]}},{"type":"Feature","properties":{"kind":"road","name":"Indian Cove Road East","surface":"unpaved"},"geometry":{"type":"LineString","coordinates":[[-116.143745,34.091073],[-116.144209,34.091269],[-116.144974,34.091374],[-116.147625,34.091522],[-116.148419,34.091501],[-116.149878,34.091696],[-116.151888,34.091704],[-116.152108,34.091718],[-116.152437,34.09175],[-116.152547,34.091827],[-116.152746,34.091937],[-116.153159,34.092166],[-116.153869,34.092463],[-116.154414,34.092747],[-116.154479,34.092773],[-116.154801,34.092827],[-116.155281,34.092879],[-116.155309,34.092889],[-116.155666,34.093005],[-116.155814,34.093052],[-116.155879,34.093073],[-116.156006,34.093116],[-116.156194,34.093175],[-116.156461,34.093282]]}},{"type":"Feature","properties":{"kind":"road","name":"Indian Cove Road East","surface":"unpaved"},"geometry":{"type":"LineString","coordinates":[[-116.141647,34.086762],[-116.141772,34.086393],[-116.141729,34.086132],[-116.141389,34.085786],[-116.140913,34.08571],[-116.140653,34.085795],[-116.140501,34.086002],[-116.140512,34.086164],[-116.140764,34.086586],[-116.141396,34.08721],[-116.141647,34.086762]]}},{"type":"Feature","properties":{"kind":"road","name":"Indian Cove Road East","surface":"unpaved"},"geometry":{"type":"LineString","coordinates":[[-116.141396,34.08721],[-116.141675,34.088184],[-116.141831,34.088511],[-116.142473,34.089459],[-116.142978,34.08997],[-116.143283,34.090703],[-116.143745,34.091073]]}},{"type":"Feature","properties":{"kind":"road","name":"Indian Cove Road North","surface":"pebblestone"},"geometry":{"type":"LineString","coordinates":[[-116.164453,34.096655],[-116.1642,34.096663],[-116.163741,34.096709],[-116.162497,34.096817],[-116.162314,34.096839],[-116.161182,34.09703],[-116.160916,34.097101],[-116.160226,34.097237],[-116.159296,34.097329],[-116.158673,34.097413],[-116.15777,34.097534],[-116.157501,34.097462],[-116.157258,34.09736],[-116.156815,34.097151],[-116.156554,34.097126],[-116.155146,34.097267]]}},{"type":"Feature","properties":{"kind":"road","name":"Indian Cove Road West","surface":"unpaved"},"geometry":{"type":"LineString","coordinates":[[-116.160083,34.093322],[-116.160455,34.093143],[-116.160595,34.093067],[-116.160971,34.092901],[-116.161868,34.092756],[-116.16308,34.092919],[-116.163262,34.093017],[-116.163597,34.093415],[-116.163792,34.093564],[-116.16451,34.093886],[-116.164835,34.094048],[-116.16493,34.094081],[-116.165049,34.094122],[-116.165556,34.094267],[-116.165736,34.094375],[-116.166062,34.094564],[-116.166769,34.094742],[-116.167287,34.095121],[-116.167545,34.095203],[-116.168003,34.095082]]}},{"type":"Feature","properties":{"kind":"road","name":"Davenport Lane","surface":"unpaved"},"geometry":{"type":"LineString","coordinates":[[-116.27014,34.122273],[-116.270127,34.121248]]}},{"type":"Feature","properties":{"kind":"road","name":"Sunfair Road","surface":"unpaved"},"geometry":{"type":"LineString","coordinates":[[-116.247145,34.120606],[-116.247123,34.124177],[-116.24713,34.127812]]}},{"type":"Feature","properties":{"kind":"road","name":"Anacona Drive","surface":"dirt"},"geometry":{"type":"LineString","coordinates":[[-116.303234,34.100727],[-116.30415,34.100722],[-116.304256,34.100722],[-116.304471,34.100721]]}},{"type":"Feature","properties":{"kind":"road","name":"Cope Lane","surface":"dirt"},"geometry":{"type":"LineString","coordinates":[[-116.30523,34.091014],[-116.305401,34.09114],[-116.30573,34.091133],[-116.306185,34.091428],[-116.306176,34.091526],[-116.305057,34.091665],[-116.30459,34.091612],[-116.303678,34.091603],[-116.302859,34.091595],[-116.301789,34.091615],[-116.300959,34.091623],[-116.30086,34.091763],[-116.300794,34.09199],[-116.300682,34.092198],[-116.300654,34.09223],[-116.300495,34.09243],[-116.298762,34.093469],[-116.298392,34.09381],[-116.298002,34.094934],[-116.298149,34.095519]]}},{"type":"Feature","properties":{"kind":"road","name":"Rocky Ridge Road","surface":"unpaved"},"geometry":{"type":"LineString","coordinates":[[-116.297383,34.101259],[-116.296261,34.101272],[-116.295819,34.101273],[-116.294335,34.101289],[-116.294152,34.101248]]}},{"type":"Feature","properties":{"kind":"road","name":"Rocky Ridge Road","surface":"unpaved"},"geometry":{"type":"LineString","coordinates":[[-116.300248,34.102374],[-116.3,34.102314],[-116.299844,34.102182],[-116.299579,34.102121],[-116.299515,34.102032],[-116.299469,34.101814],[-116.299261,34.101524],[-116.299159,34.101288],[-116.299022,34.101248],[-116.297629,34.101267],[-116.297383,34.101259]]}},{"type":"Feature","properties":{"kind":"track","name":"Desert Queen Mine Road","surface":"sand"},"geometry":{"type":"LineString","coordinates":[[-116.078191,34.02327],[-116.079001,34.022437],[-116.079404,34.021875],[-116.079955,34.020893],[-116.080829,34.019977],[-116.081248,34.019334],[-116.081915,34.018609],[-116.082224,34.018348],[-116.08248,34.017992],[-116.083001,34.01737],[-116.083249,34.016891],[-116.083743,34.01625],[-116.083866,34.015967],[-116.084176,34.015571],[-116.084367,34.01517],[-116.084738,34.014603],[-116.084822,34.014279],[-116.084958,34.014057],[-116.084827,34.013144],[-116.084823,34.012809],[-116.084468,34.011305],[-116.084472,34.010922],[-116.084363,34.010388],[-116.084488,34.009267],[-116.084742,34.008321],[-116.084849,34.007285],[-116.084801,34.006469],[-116.084876,34.006218]]}},{"type":"Feature","properties":{"kind":"track","name":"Chicopee Road"},"geometry":{"type":"LineString","coordinates":[[-116.283564,34.124617],[-116.283158,34.124605],[-116.28305,34.124952],[-116.28293,34.125081],[-116.282541,34.125332],[-116.28118,34.125876]]}},{"type":"Feature","properties":{"kind":"road","name":"Stoney Creek View","surface":"unpaved"},"geometry":{"type":"LineString","coordinates":[[-116.274547,34.125936],[-116.274556,34.12486],[-116.274545,34.124626]]}},{"type":"Feature","properties":{"kind":"road","name":"Stoney Creek View","surface":"unpaved"},"geometry":{"type":"LineString","coordinates":[[-116.275545,34.124237],[-116.275621,34.124311],[-116.275701,34.124388],[-116.275707,34.124798],[-116.275658,34.124996],[-116.275642,34.125926]]}},{"type":"Feature","properties":{"kind":"road","name":"California Avenue","surface":"unpaved"},"geometry":{"type":"LineString","coordinates":[[-116.269178,34.122356],[-116.269099,34.122564],[-116.269101,34.12292],[-116.269106,34.123735],[-116.269108,34.123964],[-116.269109,34.124122],[-116.269109,34.124176],[-116.269106,34.124519],[-116.269105,34.124647],[-116.269082,34.129534]]}},{"type":"Feature","properties":{"kind":"track","name":"California Avenue"},"geometry":{"type":"LineString","coordinates":[[-116.271339,34.093046],[-116.271209,34.093348],[-116.271218,34.094166],[-116.271226,34.09427]]}},{"type":"Feature","properties":{"kind":"track","name":"Clare Avenue"},"geometry":{"type":"LineString","coordinates":[[-116.073524,34.128099],[-116.07349,34.122917]]}},{"type":"Feature","properties":{"kind":"track","name":"Rocky Ridge Ranch Road","surface":"dirt"},"geometry":{"type":"LineString","coordinates":[[-116.173708,34.120656],[-116.174801,34.120696],[-116.174984,34.12074],[-116.175008,34.120839],[-116.174944,34.120883],[-116.174301,34.12085],[-116.173708,34.120656],[-116.173483,34.120643],[-116.173291,34.120689],[-116.173031,34.120645],[-116.172682,34.120689],[-116.172563,34.120799],[-116.172472,34.121015],[-116.172409,34.121724],[-116.172348,34.121922],[-116.172334,34.122357],[-116.172193,34.122652],[-116.172185,34.123114],[-116.172047,34.123328],[-116.172058,34.123874]]}},{"type":"Feature","properties":{"kind":"road","name":"Copper Mountain Road","surface":"dirt"},"geometry":{"type":"LineString","coordinates":[[-116.159557,34.123215],[-116.159519,34.125692]]}},{"type":"Feature","properties":{"kind":"road","name":"La Collina","surface":"unpaved"},"geometry":{"type":"LineString","coordinates":[[-116.292136,34.088526],[-116.2924,34.088601],[-116.29284,34.088625],[-116.293025,34.088624],[-116.293921,34.088676],[-116.294043,34.088668]]}},{"type":"Feature","properties":{"kind":"road","name":"Mission Avenue","surface":"asphalt"},"geometry":{"type":"LineString","coordinates":[[-116.079444,34.124546],[-116.079481,34.124591],[-116.079513,34.127894],[-116.079467,34.128025]]}},{"type":"Feature","properties":{"kind":"road","name":"Skyline Drive","surface":"dirt"},"geometry":{"type":"LineString","coordinates":[[-116.304668,34.105301],[-116.306761,34.10529],[-116.307121,34.105216],[-116.308979,34.105208],[-116.315153,34.10522],[-116.31584,34.10528],[-116.320004,34.105256]]}},{"type":"Feature","properties":{"kind":"road","name":"Rock Haven Road"},"geometry":{"type":"LineString","coordinates":[[-116.268014,34.095928],[-116.26794,34.095999],[-116.267927,34.097624],[-116.26794,34.098441],[-116.268146,34.098952],[-116.268023,34.099209],[-116.267946,34.099473],[-116.267875,34.100617],[-116.267936,34.100973],[-116.267939,34.101204],[-116.267942,34.101277],[-116.267947,34.101399],[-116.268045,34.10198],[-116.268238,34.102248]]}},{"type":"Feature","properties":{"kind":"track","name":"Rock Haven Road"},"geometry":{"type":"LineString","coordinates":[[-116.268972,34.093418],[-116.268973,34.093642],[-116.268973,34.093746],[-116.268974,34.093996],[-116.268974,34.094171],[-116.268975,34.094487],[-116.268975,34.094718],[-116.268976,34.094796],[-116.26898,34.095825],[-116.268978,34.095871]]}},{"type":"Feature","properties":{"kind":"road","name":"Sunkist Road","surface":"unpaved"},"geometry":{"type":"LineString","coordinates":[[-116.255835,34.120562],[-116.255837,34.121343],[-116.25585,34.124614],[-116.255851,34.124857],[-116.255853,34.125051],[-116.255861,34.127268],[-116.255923,34.127785],[-116.255907,34.135135]]}},{"type":"Feature","properties":{"kind":"road","name":"Indian Cove West Road","surface":"unpaved"},"geometry":{"type":"LineString","coordinates":[[-116.16814,34.094889],[-116.168003,34.095082],[-116.168261,34.095011],[-116.16849,34.094875],[-116.168549,34.0947],[-116.168401,34.094578],[-116.168234,34.094651],[-116.16814,34.094889]]}},{"type":"Feature","properties":{"kind":"road","name":"Overhill Road","surface":"unpaved"},"geometry":{"type":"LineString","coordinates":[[-116.296315,34.090467],[-116.29583,34.090471],[-116.295471,34.090468],[-116.294918,34.090467],[-116.293652,34.090467],[-116.293569,34.090467],[-116.293366,34.090467],[-116.293168,34.090467],[-116.292538,34.090467],[-116.292195,34.090467],[-116.292012,34.090467],[-116.291607,34.090464],[-116.291011,34.09046],[-116.29092,34.090459],[-116.287536,34.090483],[-116.287258,34.090476],[-116.283859,34.090476],[-116.283562,34.090482],[-116.283451,34.09054],[-116.283322,34.090741]]}},{"type":"Feature","properties":{"kind":"road","name":"Old Copper Mountain Road","surface":"unpaved"},"geometry":{"type":"LineString","coordinates":[[-116.216542,34.12061],[-116.216447,34.121646],[-116.21644,34.122411],[-116.216452,34.124244],[-116.216441,34.124989],[-116.216428,34.127114],[-116.21649,34.127919]]}},{"type":"Feature","properties":{"kind":"road","name":"Wagon Wheel Road","surface":"unpaved"},"geometry":{"type":"LineString","coordinates":[[-116.273137,34.103434],[-116.273438,34.103164],[-116.274005,34.103161],[-116.274245,34.103162],[-116.274279,34.103162],[-116.274507,34.103124],[-116.274835,34.1031],[-116.275384,34.103091],[-116.275398,34.103091],[-116.275609,34.103087],[-116.275853,34.103089],[-116.276433,34.103091],[-116.277196,34.103095],[-116.277797,34.103098],[-116.277947,34.103099],[-116.278586,34.103102],[-116.278712,34.103102],[-116.278896,34.103103],[-116.279438,34.103106],[-116.280087,34.103109],[-116.280889,34.103113],[-116.282126,34.103118],[-116.282382,34.103122],[-116.282874,34.103131],[-116.283334,34.10314]]}},{"type":"Feature","properties":{"kind":"track","name":"Wagon Wheel Road","surface":"unpaved"},"geometry":{"type":"LineString","coordinates":[[-116.296273,34.103094],[-116.298953,34.103079],[-116.29947,34.103031],[-116.29991,34.103324]]}},{"type":"Feature","properties":{"kind":"road","name":"Quail Spring Avenue","surface":"asphalt"},"geometry":{"type":"LineString","coordinates":[[-116.156691,34.123129],[-116.156676,34.127803]]}},{"type":"Feature","properties":{"kind":"road","name":"Desert Quail Drive","surface":"dirt"},"geometry":{"type":"LineString","coordinates":[[-116.13331,34.124139],[-116.133254,34.135053]]}},{"type":"Feature","properties":{"kind":"track","name":"Desert Quail Drive","surface":"dirt"},"geometry":{"type":"LineString","coordinates":[[-116.140142,34.122285],[-116.135582,34.122253],[-116.135459,34.12235],[-116.135437,34.122428],[-116.135464,34.122708],[-116.135462,34.124025],[-116.135411,34.124088],[-116.13331,34.124139]]}},{"type":"Feature","properties":{"kind":"road","name":"Old Vine Road","surface":"unpaved"},"geometry":{"type":"LineString","coordinates":[[-116.274546,34.099497],[-116.274546,34.099965],[-116.274539,34.101271],[-116.274507,34.103124],[-116.274452,34.104893]]}},{"type":"Feature","properties":{"kind":"road","name":"Old Vine Road","surface":"unpaved"},"geometry":{"type":"LineString","coordinates":[[-116.274558,34.095924],[-116.274538,34.097172],[-116.274537,34.097241],[-116.274529,34.097709],[-116.274528,34.098356],[-116.274528,34.098549],[-116.274528,34.098573],[-116.274528,34.098765],[-116.274527,34.09886],[-116.274527,34.099155],[-116.274546,34.099497]]}},{"type":"Feature","properties":{"kind":"track","name":"Onaga Trail"},"geometry":{"type":"LineString","coordinates":[[-116.30117,34.112582],[-116.300637,34.113139],[-116.300665,34.113395],[-116.300613,34.113759],[-116.300679,34.11396],[-116.300821,34.114388],[-116.300928,34.11455],[-116.301364,34.11482],[-116.301507,34.115184],[-116.301766,34.115372],[-116.301937,34.115409]]}},{"type":"Feature","properties":{"kind":"track","name":"Lynn Lane"},"geometry":{"type":"LineString","coordinates":[[-116.266878,34.122281],[-116.266772,34.122312],[-116.266251,34.122317],[-116.265856,34.122321],[-116.265828,34.122322],[-116.265801,34.122321],[-116.264888,34.122312]]}},{"type":"Feature","properties":{"kind":"road","name":"Baseline Road","surface":"asphalt"},"geometry":{"type":"LineString","coordinates":[[-116.12453,34.122254],[-116.126767,34.122282],[-116.126797,34.121855]]}},{"type":"Feature","properties":{"kind":"track","name":"Uphill Road"},"geometry":{"type":"LineString","coordinates":[[-116.283322,34.090741],[-116.283318,34.092213],[-116.283334,34.092571],[-116.28331,34.093632]]}},{"type":"Feature","properties":{"kind":"road","name":"Alpine Avenue","surface":"asphalt"},"geometry":{"type":"LineString","coordinates":[[-116.084985,34.124442],[-116.085004,34.135469]]}},{"type":"Feature","properties":{"kind":"road","name":"Rincon Road","surface":"unpaved"},"geometry":{"type":"LineString","coordinates":[[-116.302579,34.099818],[-116.301026,34.099835],[-116.300618,34.099643]]}},{"type":"Feature","properties":{"kind":"road","name":"Turtle Road","surface":"unpaved"},"geometry":{"type":"LineString","coordinates":[[-116.297456,34.09946],[-116.297339,34.099457],[-116.296846,34.099442],[-116.296268,34.099431],[-116.295532,34.099447],[-116.29518,34.099455],[-116.294106,34.099479],[-116.293424,34.099473],[-116.293011,34.099469],[-116.292868,34.099467],[-116.29239,34.099463],[-116.292047,34.099459],[-116.291988,34.099459],[-116.291949,34.099458],[-116.291383,34.099469],[-116.290209,34.099491],[-116.289741,34.0995],[-116.28909,34.09949],[-116.288376,34.099479],[-116.287634,34.099492],[-116.287585,34.099491],[-116.286615,34.099502]]}},{"type":"Feature","properties":{"kind":"road","name":"Mile Square Road","surface":"dirt"},"geometry":{"type":"LineString","coordinates":[[-116.220843,34.124233],[-116.220848,34.129773],[-116.220805,34.131492]]}},{"type":"Feature","properties":{"kind":"track","name":"Lobo Pass Road","surface":"unpaved"},"geometry":{"type":"LineString","coordinates":[[-116.287536,34.090483],[-116.287764,34.090787],[-116.288774,34.091381],[-116.289195,34.091906],[-116.289277,34.09232],[-116.289429,34.092615],[-116.289803,34.092847]]}},{"type":"Feature","properties":{"kind":"road","name":"Lobo Pass Road","surface":"unpaved"},"geometry":{"type":"LineString","coordinates":[[-116.289803,34.092847],[-116.289776,34.094116],[-116.289772,34.094369],[-116.289763,34.094904],[-116.289673,34.095295],[-116.289748,34.095537],[-116.289774,34.095903],[-116.28973,34.098444],[-116.289731,34.099174],[-116.289741,34.0995]]}},{"type":"Feature","properties":{"kind":"road","name":"Hollinger Road","surface":"unpaved"},"geometry":{"type":"LineString","coordinates":[[-116.265793,34.124103],[-116.265834,34.123929],[-116.265855,34.122961],[-116.265828,34.122322]]}},{"type":"Feature","properties":{"kind":"road","name":"Hollinger Road","surface":"unpaved"},"geometry":{"type":"LineString","coordinates":[[-116.264695,34.124139],[-116.264709,34.129501],[-116.264653,34.135109]]}},{"type":"Feature","properties":{"kind":"track","name":"Kimberly Road","surface":"unpaved"},"geometry":{"type":"LineString","coordinates":[[-116.269109,34.124122],[-116.271063,34.124103],[-116.271263,34.124067],[-116.27228,34.124094],[-116.27351,34.124102],[-116.274525,34.124107],[-116.274764,34.124103]]}},{"type":"Feature","properties":{"kind":"road","name":"Lawrence Avenue","surface":"dirt"},"geometry":{"type":"LineString","coordinates":[[-116.238426,34.1206],[-116.238422,34.122446],[-116.238428,34.123491],[-116.238427,34.124209],[-116.238402,34.12785]]}},{"type":"Feature","properties":{"kind":"road","name":"Eucalyptus Avenue","surface":"asphalt"},"geometry":{"type":"LineString","coordinates":[[-116.087278,34.124421],[-116.087305,34.134098]]}},{"type":"Feature","properties":{"kind":"track","name":"Desert Shadows Road","surface":"unpaved"},"geometry":{"type":"LineString","coordinates":[[-116.285496,34.092468],[-116.285513,34.093228],[-116.285514,34.093404],[-116.285514,34.093585]]}},{"type":"Feature","properties":{"kind":"road","name":"Desert Shadows Road","surface":"unpaved"},"geometry":{"type":"LineString","coordinates":[[-116.287585,34.099491],[-116.287607,34.099116],[-116.287632,34.098814]]}},{"type":"Feature","properties":{"kind":"road","name":"Fortynine Palms Canyon Road","surface":"asphalt"},"geometry":{"type":"LineString","coordinates":[[-116.12453,34.122254],[-116.124018,34.121758],[-116.12371,34.121619],[-116.121073,34.121214],[-116.120064,34.120909],[-116.119706,34.120759],[-116.118395,34.119791],[-116.118194,34.119688],[-116.117731,34.119581],[-116.116883,34.119477],[-116.116568,34.119325],[-116.115886,34.118858],[-116.115591,34.118726],[-116.115284,34.118663],[-116.114962,34.118673],[-116.114673,34.118782],[-116.114485,34.118933],[-116.114313,34.119213],[-116.114117,34.119411],[-116.113848,34.119571],[-116.113556,34.11967],[-116.113068,34.119742],[-116.112574,34.119728]]}},{"type":"Feature","properties":{"kind":"track","name":"Yucca Avenue"},"geometry":{"type":"LineString","coordinates":[[-116.057301,34.124731],[-116.057281,34.128311]]}},{"type":"Feature","properties":{"kind":"road","name":"Anaconda Drive","surface":"unpaved"},"geometry":{"type":"LineString","coordinates":[[-116.302107,34.100741],[-116.303234,34.100727]]}},{"type":"Feature","properties":{"kind":"track","name":"Sun View Road","surface":"unpaved"},"geometry":{"type":"LineString","coordinates":[[-116.242749,34.120596],[-116.242748,34.12074],[-116.242755,34.124201],[-116.242807,34.129635]]}},{"type":"Feature","properties":{"kind":"road","name":"Serrano Drive","surface":"unpaved"},"geometry":{"type":"LineString","coordinates":[[-116.155196,34.121421],[-116.159259,34.121463]]}},{"type":"Feature","properties":{"kind":"road","name":"Sunny Road","surface":"dirt"},"geometry":{"type":"LineString","coordinates":[[-116.296315,34.090467],[-116.296301,34.091649],[-116.296301,34.091722],[-116.296305,34.092209]]}},{"type":"Feature","properties":{"kind":"road","name":"Elliott Lane","surface":"unpaved"},"geometry":{"type":"LineString","coordinates":[[-116.271863,34.122439],[-116.27148,34.122285],[-116.271191,34.122288],[-116.270629,34.122294],[-116.27014,34.122273],[-116.269371,34.122275],[-116.269178,34.122356]]}},{"type":"Feature","properties":{"kind":"road","name":"Manzanita Avenue"},"geometry":{"type":"LineString","coordinates":[[-116.087802,34.124426],[-116.087837,34.12447],[-116.087914,34.125109],[-116.08819,34.125456],[-116.088234,34.125749],[-116.088265,34.134562]]}},{"type":"Feature","properties":{"kind":"road","name":"Mount Shasta Avenue","surface":"asphalt"},"geometry":{"type":"LineString","coordinates":[[-116.225202,34.135196],[-116.225212,34.124237],[-116.225236,34.122761],[-116.225518,34.121891],[-116.225412,34.1209]]}},{"type":"Feature","properties":{"kind":"track","name":"Sun Beam Avenue"},"geometry":{"type":"LineString","coordinates":[[-116.258073,34.12057],[-116.258088,34.120611],[-116.258078,34.121099],[-116.258128,34.125982]]}},{"type":"Feature","properties":{"kind":"track","name":"Juniper Avenue","surface":"unpaved"},"geometry":{"type":"LineString","coordinates":[[-116.077298,34.122526],[-116.077333,34.124531]]}},{"type":"Feature","properties":{"kind":"road","name":"Roadrunner Lane","surface":"unpaved"},"geometry":{"type":"LineString","coordinates":[[-116.274529,34.097709],[-116.274178,34.097707],[-116.273348,34.097704],[-116.272938,34.097703],[-116.27246,34.097701],[-116.272056,34.097705],[-116.27146,34.097712],[-116.271302,34.097714]]}},{"type":"Feature","properties":{"kind":"track","name":"Roadrunner Lane","surface":"unpaved"},"geometry":{"type":"LineString","coordinates":[[-116.291936,34.09776],[-116.291985,34.097691],[-116.292349,34.097574]]}},{"type":"Feature","properties":{"kind":"road","name":"Fortynine Palms Avenue","surface":"asphalt"},"geometry":{"type":"LineString","coordinates":[[-116.07821,34.124508],[-116.078336,34.12495],[-116.078354,34.125355],[-116.078359,34.128057]]}},{"type":"Feature","properties":{"kind":"road","name":"Kent Road","surface":"dirt"},"geometry":{"type":"LineString","coordinates":[[-116.291983,34.09231],[-116.291997,34.092292],[-116.29209,34.092211],[-116.293129,34.092142],[-116.293713,34.092061],[-116.294249,34.09222],[-116.295418,34.092177],[-116.296305,34.092209],[-116.296915,34.092212],[-116.297209,34.092214],[-116.300654,34.09223]]}},{"type":"Feature","properties":{"kind":"road","name":"Bonita Avenue","surface":"unpaved"},"geometry":{"type":"LineString","coordinates":[[-116.260114,34.120556],[-116.260225,34.120599],[-116.260242,34.120817],[-116.260245,34.121392],[-116.260257,34.121965],[-116.260265,34.122301],[-116.26027,34.123687],[-116.260313,34.124001],[-116.26035,34.124175],[-116.260326,34.124713],[-116.260332,34.127763]]}},{"type":"Feature","properties":{"kind":"road","name":"Cascade Road","surface":"asphalt"},"geometry":{"type":"LineString","coordinates":[[-116.229521,34.120592],[-116.229527,34.124286],[-116.229528,34.13521]]}},{"type":"Feature","properties":{"kind":"road","name":"Single Tree Road","surface":"unpaved"},"geometry":{"type":"LineString","coordinates":[[-116.289446,34.095907],[-116.289325,34.095909],[-116.287742,34.095892],[-116.286006,34.095911],[-116.285501,34.09591],[-116.285209,34.095914],[-116.285099,34.095915],[-116.284734,34.09592],[-116.284528,34.095922],[-116.283333,34.095883],[-116.28288,34.095883],[-116.281635,34.09589],[-116.281353,34.095892]]}},{"type":"Feature","properties":{"kind":"track","name":"Starlight Road","surface":"unpaved"},"geometry":{"type":"LineString","coordinates":[[-116.297456,34.09946],[-116.297383,34.101259]]}},{"type":"Feature","properties":{"kind":"road","name":"Alta Loma Drive","surface":"asphalt"},"geometry":{"type":"LineString","coordinates":[[-116.155175,34.123121],[-116.156691,34.123129],[-116.158068,34.123168]]}},{"type":"Feature","properties":{"kind":"road","name":"Rocking Chair Road"},"geometry":{"type":"LineString","coordinates":[[-116.265955,34.099957],[-116.266037,34.099847],[-116.266312,34.09983]]}},{"type":"Feature","properties":{"kind":"road","name":"Rocking Chair Road","surface":"unpaved"},"geometry":{"type":"LineString","coordinates":[[-116.274546,34.099497],[-116.274904,34.099504],[-116.275611,34.099518],[-116.275791,34.099519],[-116.275983,34.099519],[-116.276336,34.099517],[-116.276689,34.099515],[-116.277079,34.099513],[-116.277211,34.099513],[-116.277338,34.099512],[-116.277687,34.099511],[-116.278057,34.099511],[-116.278861,34.099516],[-116.279444,34.099519],[-116.279705,34.099521],[-116.279977,34.099523],[-116.280578,34.099527],[-116.280593,34.099527],[-116.281325,34.099531],[-116.282172,34.099538],[-116.283322,34.09955]]}},{"type":"Feature","properties":{"kind":"road","name":"Canyon Road","surface":"asphalt"},"geometry":{"type":"LineString","coordinates":[[-116.124585,34.135121],[-116.124532,34.124124],[-116.12453,34.122254]]}},{"type":"Feature","properties":{"kind":"track","name":"Rainbow Ridge Road"},"geometry":{"type":"LineString","coordinates":[[-116.265799,34.093763],[-116.265779,34.093906],[-116.265772,34.094161],[-116.26577,34.09583],[-116.265776,34.095956],[-116.26588,34.096497]]}},{"type":"Feature","properties":{"kind":"road","name":"Kern Boulevard","surface":"dirt"},"geometry":{"type":"LineString","coordinates":[[-116.177148,34.122241],[-116.177139,34.124298],[-116.177122,34.13103],[-116.177017,34.135154]]}},{"type":"Feature","properties":{"kind":"road","name":"Indian Cove Road","surface":"asphalt"},"geometry":{"type":"LineString","coordinates":[[-116.155146,34.097267],[-116.155168,34.098073],[-116.155108,34.09849],[-116.154578,34.100619],[-116.154207,34.101648],[-116.153444,34.103253],[-116.153121,34.104046],[-116.152649,34.105273],[-116.15204,34.107172],[-116.152104,34.107661],[-116.152344,34.108081],[-116.152859,34.108777],[-116.153381,34.109908],[-116.153772,34.110631],[-116.154322,34.111504],[-116.155149,34.112631],[-116.155439,34.113149],[-116.1556,34.115126],[-116.15561,34.116356],[-116.155554,34.117852],[-116.15529,34.119788],[-116.15521,34.120306],[-116.155196,34.120506]]}},{"type":"Feature","properties":{"kind":"road","name":"Ivanpah Avenue","surface":"asphalt"},"geometry":{"type":"LineString","coordinates":[[-116.158068,34.123168],[-116.158112,34.125688],[-116.158092,34.127806]]}},{"type":"Feature","properties":{"kind":"road","name":"Shoshone Valley Road","surface":"unpaved"},"geometry":{"type":"LineString","coordinates":[[-116.142138,34.135014],[-116.142027,34.133699],[-116.142062,34.129451],[-116.142115,34.129018],[-116.142055,34.1277],[-116.142088,34.122303]]}},{"type":"Feature","properties":{"kind":"road","name":"Redondo Avenue","surface":"dirt"},"geometry":{"type":"LineString","coordinates":[[-116.231755,34.12434],[-116.231825,34.127804],[-116.231733,34.127904]]}},{"type":"Feature","properties":{"kind":"road","name":"Vista Way","surface":"unpaved"},"geometry":{"type":"LineString","coordinates":[[-116.275609,34.103087],[-116.275601,34.103574],[-116.2756,34.103648],[-116.275591,34.104184],[-116.275591,34.104201],[-116.275586,34.104487],[-116.27558,34.104892]]}},{"type":"Feature","properties":{"kind":"road","name":"Rincon Road","surface":"dirt"},"geometry":{"type":"LineString","coordinates":[[-116.302579,34.099818],[-116.302859,34.099813],[-116.303381,34.099813],[-116.303791,34.099809],[-116.304177,34.099807],[-116.304987,34.099884],[-116.305496,34.099823],[-116.309132,34.099838],[-116.309324,34.099936],[-116.309379,34.100113],[-116.309365,34.100568],[-116.309493,34.100687],[-116.315819,34.100682]]}},{"type":"Feature","properties":{"kind":"road","name":"Rincon Road","surface":"unpaved"},"geometry":{"type":"LineString","coordinates":[[-116.297456,34.09946],[-116.297876,34.099483],[-116.298422,34.099508],[-116.30039,34.099443],[-116.300535,34.099523],[-116.300618,34.099643]]}},{"type":"Feature","properties":{"kind":"road","name":"Rincon Road"},"geometry":{"type":"LineString","coordinates":[[-116.267939,34.101204],[-116.267602,34.101221],[-116.26689,34.101257],[-116.266734,34.101266]]}},{"type":"Feature","properties":{"kind":"road","name":"Tortuga Road","surface":"unpaved"},"geometry":{"type":"LineString","coordinates":[[-116.291988,34.099459],[-116.291988,34.100118],[-116.291982,34.100582],[-116.291942,34.100651]]}},{"type":"Feature","properties":{"kind":"trail","name":"Big Trees Loop Trail"},"geometry":{"type":"LineString","coordinates":[[-116.159249,33.961264],[-116.159191,33.9605],[-116.159037,33.960451],[-116.158871,33.960326],[-116.158701,33.959978],[-116.158912,33.959509],[-116.158924,33.959376],[-116.159106,33.959234],[-116.159271,33.959224],[-116.159388,33.959149],[-116.159368,33.959044],[-116.159166,33.958868],[-116.159247,33.95868],[-116.159238,33.957896],[-116.159171,33.957802],[-116.159141,33.957743],[-116.159177,33.957352],[-116.159195,33.956636],[-116.159013,33.956488],[-116.158972,33.956238],[-116.159016,33.956018],[-116.15899,33.955886],[-116.158607,33.955513],[-116.158077,33.954473],[-116.157462,33.953868],[-116.156513,33.953175],[-116.155923,33.953044],[-116.155741,33.952935],[-116.155675,33.952744],[-116.155736,33.952472],[-116.15571,33.952238],[-116.155341,33.951432],[-116.155118,33.950813],[-116.15491,33.950662]]}},{"type":"Feature","properties":{"kind":"road","name":"Equistrian/Cycle Camping Only"},"geometry":{"type":"LineString","coordinates":[[-116.154973,33.983466],[-116.155333,33.983278],[-116.155483,33.983195],[-116.155588,33.983124],[-116.155692,33.983002],[-116.155707,33.982831],[-116.155566,33.982677],[-116.155369,33.982642],[-116.155063,33.982728]]}},{"type":"Feature","properties":{"kind":"road","surface":"asphalt"},"geometry":{"type":"LineString","coordinates":[[-116.167748,34.011469],[-116.167792,34.011347],[-116.168216,34.011029],[-116.168607,34.010839],[-116.168628,34.01075],[-116.168551,34.010693],[-116.16837,34.010756],[-116.168261,34.010891],[-116.167936,34.010858],[-116.167891,34.010907],[-116.167854,34.011159],[-116.167746,34.011313],[-116.167614,34.011412]]}},{"type":"Feature","properties":{"kind":"road","surface":"asphalt"},"geometry":{"type":"LineString","coordinates":[[-116.142496,34.024611],[-116.142753,34.024094]]}},{"type":"Feature","properties":{"kind":"road","surface":"asphalt"},"geometry":{"type":"LineString","coordinates":[[-116.141653,34.02509],[-116.14199,34.025048],[-116.142326,34.024962],[-116.142496,34.024611],[-116.142191,34.024767],[-116.141484,34.024882],[-116.141434,34.024956],[-116.141462,34.025049],[-116.141653,34.02509]]}},{"type":"Feature","properties":{"kind":"trail","name":"Barker Dam Nature","sac":"hiking","surface":"ground"},"geometry":{"type":"LineString","coordinates":[[-116.142021,34.025149],[-116.142335,34.025587],[-116.14253,34.026111],[-116.142539,34.026137],[-116.14274,34.026259],[-116.143058,34.026967],[-116.143133,34.027062],[-116.143276,34.027123],[-116.143421,34.027265],[-116.14334,34.027377],[-116.143534,34.027908],[-116.143668,34.028098],[-116.143709,34.028322],[-116.143887,34.028606],[-116.143981,34.028864],[-116.143969,34.028999],[-116.144093,34.029188],[-116.144107,34.029318],[-116.14442,34.029867],[-116.144481,34.030087],[-116.14467,34.030234],[-116.144931,34.030275],[-116.145098,34.030201],[-116.145307,34.030255],[-116.145655,34.030206],[-116.146016,34.030607],[-116.146211,34.030691],[-116.146377,34.03069],[-116.146578,34.030683],[-116.146921,34.030195],[-116.147132,34.030005],[-116.147391,34.029435],[-116.147525,34.02928],[-116.147757,34.029167],[-116.147809,34.028872]]}},{"type":"Feature","properties":{"kind":"track","surface":"unpaved"},"geometry":{"type":"LineString","coordinates":[[-116.179008,34.029215],[-116.178505,34.029782],[-116.178179,34.030079],[-116.177909,34.030182],[-116.176394,34.03013],[-116.175726,34.030216],[-116.175611,34.030281],[-116.175368,34.030303],[-116.175185,34.030387],[-116.174802,34.030328],[-116.174607,34.03021],[-116.174323,34.030139],[-116.174187,34.030032],[-116.174157,34.029925],[-116.1742,34.029808],[-116.173762,34.029105],[-116.174099,34.028782],[-116.174133,34.028573],[-116.174312,34.028602],[-116.174702,34.028681],[-116.175021,34.028844],[-116.175611,34.028934],[-116.175829,34.029051],[-116.176411,34.02914],[-116.176679,34.02923],[-116.177463,34.029709],[-116.178198,34.029832],[-116.178505,34.029782]]}},{"type":"Feature","properties":{"kind":"road","surface":"asphalt"},"geometry":{"type":"LineString","coordinates":[[-116.197938,34.040447],[-116.198008,34.040473],[-116.198135,34.040419],[-116.198099,34.040246],[-116.198043,34.040169],[-116.197941,34.040038],[-116.197766,34.039995],[-116.197469,34.039978]]}},{"type":"Feature","properties":{"kind":"road","surface":"asphalt"},"geometry":{"type":"LineString","coordinates":[[-116.137144,34.003183],[-116.137085,34.002952],[-116.137006,34.002855],[-116.136293,34.002634],[-116.136021,34.002654],[-116.135464,34.002887],[-116.135373,34.002986],[-116.135328,34.003231]]}},{"type":"Feature","properties":{"kind":"road","name":"Jumbo Rock Campground Road","surface":"asphalt"},"geometry":{"type":"LineString","coordinates":[[-116.068306,33.99213],[-116.068014,33.991834],[-116.067831,33.991772],[-116.067512,33.991784],[-116.06723,33.991686],[-116.067099,33.991661],[-116.066899,33.991652],[-116.066868,33.991655],[-116.066746,33.991664],[-116.066584,33.991687],[-116.066541,33.991703],[-116.066504,33.991718],[-116.066463,33.991742],[-116.066457,33.991747],[-116.066423,33.991774],[-116.066386,33.991804],[-116.066244,33.991941],[-116.066,33.992035],[-116.065963,33.992044],[-116.065898,33.992057],[-116.065638,33.992084],[-116.065172,33.992029],[-116.065131,33.992024],[-116.065091,33.992019],[-116.065024,33.992011],[-116.064955,33.992005],[-116.064901,33.992001],[-116.064585,33.991979],[-116.064323,33.991953],[-116.063838,33.99202],[-116.063599,33.992097],[-116.063279,33.9923],[-116.063243,33.992333],[-116.063218,33.992355],[-116.063205,33.992367],[-116.063029,33.992554],[-116.0628,33.992673],[-116.062609,33.992695],[-116.062331,33.992667],[-116.062129,33.992649],[-116.062066,33.992635],[-116.061865,33.992554],[-116.061603,33.9923],[-116.061424,33.992109],[-116.061303,33.992024],[-116.061177,33.991978],[-116.061047,33.991908],[-116.060779,33.991785],[-116.060681,33.991727],[-116.060604,33.991643],[-116.060511,33.991481],[-116.060462,33.991405],[-116.060326,33.991241],[-116.060084,33.991099],[-116.059973,33.991068],[-116.059799,33.991044],[-116.059759,33.991048],[-116.059711,33.99106],[-116.059348,33.991254],[-116.059254,33.991301],[-116.059202,33.991324],[-116.05914,33.991359],[-116.05907,33.991397],[-116.058737,33.99157],[-116.058726,33.991576]]}},{"type":"Feature","properties":{"kind":"road","name":"Jumbo Rock Campground Road","surface":"asphalt"},"geometry":{"type":"LineString","coordinates":[[-116.058127,33.991355],[-116.058147,33.991384],[-116.058224,33.991403],[-116.058281,33.991338],[-116.058247,33.991289],[-116.058167,33.991284],[-116.058133,33.991314],[-116.058127,33.991355]]}},{"type":"Feature","properties":{"kind":"road","name":"Jumbo Rock Campground Road","surface":"asphalt"},"geometry":{"type":"LineString","coordinates":[[-116.060511,33.991481],[-116.060695,33.991351],[-116.06088,33.991178],[-116.06112,33.991144],[-116.061195,33.991132],[-116.061329,33.991068],[-116.061353,33.991043],[-116.061371,33.99101],[-116.061352,33.990922],[-116.061328,33.990893],[-116.061284,33.99087],[-116.061246,33.990861],[-116.061198,33.99086],[-116.060917,33.990913],[-116.060745,33.990875],[-116.060584,33.990757],[-116.060488,33.990521],[-116.060455,33.990494],[-116.060406,33.990477],[-116.060339,33.990472],[-116.060281,33.990481],[-116.060239,33.990498],[-116.060125,33.990667],[-116.060109,33.990699],[-116.060091,33.99074],[-116.060075,33.99078],[-116.059973,33.991068]]}},{"type":"Feature","properties":{"kind":"road","name":"Jumbo Rock Campground Road","surface":"asphalt"},"geometry":{"type":"LineString","coordinates":[[-116.063599,33.992097],[-116.06336,33.99177],[-116.063304,33.991697],[-116.062897,33.99132],[-116.062854,33.991292],[-116.062812,33.991267],[-116.062764,33.991242],[-116.062725,33.991227],[-116.062666,33.991205],[-116.062331,33.991254],[-116.062306,33.991265],[-116.062221,33.99131],[-116.062148,33.991345],[-116.061873,33.991491],[-116.061824,33.991524],[-116.061763,33.991564],[-116.061724,33.991585],[-116.061572,33.991709],[-116.061303,33.992024]]}},{"type":"Feature","properties":{"kind":"road","name":"Jumbo Rock Campground Road","surface":"asphalt"},"geometry":{"type":"LineString","coordinates":[[-116.062609,33.992695],[-116.062621,33.992878],[-116.062671,33.99297],[-116.062808,33.993019],[-116.063035,33.992896],[-116.063122,33.992833],[-116.063149,33.992804],[-116.063177,33.992762],[-116.063197,33.992713],[-116.063216,33.992613],[-116.063234,33.992544],[-116.063242,33.992506],[-116.063247,33.992469],[-116.063253,33.992429],[-116.063218,33.992355]]}},{"type":"Feature","properties":{"kind":"road","name":"Jumbo Rock Campground Road","surface":"asphalt"},"geometry":{"type":"LineString","coordinates":[[-116.064323,33.991953],[-116.064274,33.991734],[-116.064244,33.99171],[-116.06419,33.99169],[-116.064155,33.991689],[-116.064106,33.991694],[-116.064048,33.991711],[-116.063895,33.991792],[-116.063863,33.99182],[-116.063838,33.99202]]}},{"type":"Feature","properties":{"kind":"road","name":"Jumbo Rock Campground Road","surface":"asphalt"},"geometry":{"type":"LineString","coordinates":[[-116.065638,33.992084],[-116.065661,33.992118],[-116.065851,33.99238],[-116.065889,33.992432],[-116.066012,33.992508],[-116.066137,33.992466],[-116.066068,33.992247],[-116.065963,33.992044]]}},{"type":"Feature","properties":{"kind":"road","name":"Jumbo Rock Campground Road","surface":"asphalt"},"geometry":{"type":"LineString","coordinates":[[-116.067512,33.991784],[-116.067484,33.991938],[-116.067604,33.992005],[-116.067856,33.991983],[-116.068014,33.991834]]}},{"type":"Feature","properties":{"kind":"road","name":"Sheep Pass Campground Road","surface":"dirt"},"geometry":{"type":"LineString","coordinates":[[-116.119415,33.999509],[-116.119059,33.999784],[-116.119112,34.000025],[-116.11919,34.00009],[-116.119438,34.000148],[-116.119669,34.000132],[-116.119952,33.999958],[-116.120111,33.999877],[-116.120643,33.999803],[-116.120586,33.999745],[-116.12001,33.999512],[-116.119598,33.99942],[-116.119451,33.999477],[-116.119415,33.999509]]}},{"type":"Feature","properties":{"kind":"road","name":"Hidden Valley Campground Road","surface":"unpaved"},"geometry":{"type":"LineString","coordinates":[[-116.161256,34.016182],[-116.160887,34.016398],[-116.160705,34.016542],[-116.160506,34.016731],[-116.160095,34.017047],[-116.160055,34.017086],[-116.159723,34.017387],[-116.159756,34.017592],[-116.160082,34.017756],[-116.160116,34.017776],[-116.160217,34.017889],[-116.160198,34.018212],[-116.160293,34.018388],[-116.160333,34.018432],[-116.160589,34.018588],[-116.160763,34.018751],[-116.160821,34.018814],[-116.161037,34.018971],[-116.161309,34.018955],[-116.161391,34.0189],[-116.161503,34.018925],[-116.161506,34.018979],[-116.161384,34.018998],[-116.161309,34.018955]]}},{"type":"Feature","properties":{"kind":"trail","name":"Ryan Mountain Trail","sac":"mountain_hiking","surface":"dirt"},"geometry":{"type":"LineString","coordinates":[[-116.134692,33.986134],[-116.134463,33.986705],[-116.134607,33.987328],[-116.134685,33.987449],[-116.13464,33.987928],[-116.134366,33.988196],[-116.133936,33.988981],[-116.133488,33.989277],[-116.133334,33.989318],[-116.133241,33.98931],[-116.133091,33.989179],[-116.133038,33.989188],[-116.132878,33.989484],[-116.133025,33.989693],[-116.133203,33.989761],[-116.133659,33.989787],[-116.133894,33.989917],[-116.134083,33.990088],[-116.134217,33.990314],[-116.134225,33.990474],[-116.134039,33.990707],[-116.133919,33.991027],[-116.133951,33.99152],[-116.134026,33.991849],[-116.134165,33.992169],[-116.134598,33.992351],[-116.135121,33.993127],[-116.135129,33.993752],[-116.134822,33.99397],[-116.134873,33.994331],[-116.135081,33.99458],[-116.135119,33.994877],[-116.135061,33.995089],[-116.134638,33.995441],[-116.134629,33.995499],[-116.135097,33.996096],[-116.135548,33.996444],[-116.135783,33.996814],[-116.136395,33.997192],[-116.137051,33.997422],[-116.137122,33.997562],[-116.137145,33.997676],[-116.136995,33.997918],[-116.136897,33.997985],[-116.136813,33.998208],[-116.136469,33.998277],[-116.136324,33.998384],[-116.136165,33.998693],[-116.136153,33.998827],[-116.135872,33.999234],[-116.135819,33.999417],[-116.135685,33.999483],[-116.135567,33.999755],[-116.135495,33.999775],[-116.1354,33.999894],[-116.135277,34.000107],[-116.135303,34.000274],[-116.135485,34.000559],[-116.135773,34.001242],[-116.135929,34.00255]]}},{"type":"Feature","properties":{"kind":"trail","name":"Barker Dam Nature","sac":"hiking","surface":"ground"},"geometry":{"type":"LineString","coordinates":[[-116.146942,34.026427],[-116.146518,34.026813],[-116.146056,34.026971],[-116.145814,34.026989],[-116.145053,34.026683],[-116.144563,34.0265],[-116.144474,34.02658],[-116.144176,34.026647],[-116.143837,34.026822],[-116.143743,34.026964],[-116.143276,34.027123]]}},{"type":"Feature","properties":{"kind":"track"},"geometry":{"type":"LineString","coordinates":[[-116.189355,34.018294],[-116.189439,34.018447],[-116.189817,34.018617],[-116.190086,34.018608],[-116.190187,34.018549],[-116.19018,34.018377],[-116.190018,34.018271],[-116.189891,34.018255],[-116.189355,34.018294]]}},{"type":"Feature","properties":{"kind":"road","surface":"paved"},"geometry":{"type":"LineString","coordinates":[[-116.185863,34.040837],[-116.185607,34.040821],[-116.185327,34.04082],[-116.185234,34.040869],[-116.185239,34.041009],[-116.185434,34.041049],[-116.185451,34.04105],[-116.185792,34.041021],[-116.185863,34.040837]]}},{"type":"Feature","properties":{"kind":"track"},"geometry":{"type":"LineString","coordinates":[[-116.189355,34.018294],[-116.188908,34.017986],[-116.188852,34.017865],[-116.188833,34.017542],[-116.188995,34.01687],[-116.189254,34.016676],[-116.18983,34.016541],[-116.190557,34.016751]]}},{"type":"Feature","properties":{"kind":"road","surface":"paved"},"geometry":{"type":"LineString","coordinates":[[-116.185863,34.040837],[-116.186068,34.040812],[-116.186194,34.040662],[-116.186272,34.040408]]}},{"type":"Feature","properties":{"kind":"road","surface":"asphalt"},"geometry":{"type":"LineString","coordinates":[[-116.166357,34.012364],[-116.166349,34.012547],[-116.166402,34.012651],[-116.16663,34.012774]]}},{"type":"Feature","properties":{"kind":"trail","name":"Quail Springs Historic Trail","surface":"ground"},"geometry":{"type":"LineString","coordinates":[[-116.180017,34.02598],[-116.179503,34.025855],[-116.179234,34.025641],[-116.179095,34.025588],[-116.178549,34.025492],[-116.177942,34.02541],[-116.177727,34.025441],[-116.177475,34.025312],[-116.177158,34.025188],[-116.176949,34.025187],[-116.176288,34.025278],[-116.175995,34.02539],[-116.175583,34.02574],[-116.175263,34.025863]]}},{"type":"Feature","properties":{"kind":"road","surface":"asphalt"},"geometry":{"type":"LineString","coordinates":[[-116.197469,34.039978],[-116.19733,34.039879],[-116.197114,34.039813],[-116.196927,34.039775],[-116.19654,34.039706],[-116.196248,34.039797]]}},{"type":"Feature","properties":{"kind":"road","surface":"asphalt"},"geometry":{"type":"LineString","coordinates":[[-116.197708,34.040161],[-116.197938,34.040447]]}},{"type":"Feature","properties":{"kind":"trail","surface":"dirt"},"geometry":{"type":"LineString","coordinates":[[-116.144852,33.998643],[-116.144945,33.998714],[-116.144995,33.998671],[-116.145044,33.998781],[-116.145111,33.999041],[-116.145483,33.999459],[-116.145364,33.999918],[-116.14553,34.000216],[-116.145535,34.000372],[-116.14553,34.000531],[-116.145583,34.000598],[-116.145902,34.000917],[-116.146479,34.001373],[-116.146714,34.001495],[-116.147111,34.001527],[-116.147948,34.001049],[-116.148264,34.000923],[-116.148315,34.00083],[-116.147771,34.000192],[-116.147695,34.00004],[-116.147555,34.000057],[-116.14746,34.000053],[-116.147342,34.000118],[-116.147111,34.000172],[-116.146995,34.000289],[-116.146624,34.000435]]}},{"type":"Feature","properties":{"kind":"road","surface":"asphalt"},"geometry":{"type":"LineString","coordinates":[[-116.163391,33.995116],[-116.163629,33.995123],[-116.163705,33.995033],[-116.163736,33.99487],[-116.163803,33.994474],[-116.163733,33.994405],[-116.163539,33.994372]]}},{"type":"Feature","properties":{"kind":"road","surface":"asphalt"},"geometry":{"type":"LineString","coordinates":[[-116.175003,34.026198],[-116.17519,34.026119],[-116.175211,34.026005],[-116.174855,34.025349],[-116.174719,34.025328],[-116.174575,34.025378]]}},{"type":"Feature","properties":{"kind":"road","surface":"asphalt"},"geometry":{"type":"LineString","coordinates":[[-116.196927,34.039775],[-116.196888,34.040028],[-116.19677,34.040296],[-116.196699,34.040373],[-116.196521,34.040436]]}},{"type":"Feature","properties":{"kind":"trail","name":"Boy Scout Trail","surface":"dirt"},"geometry":{"type":"LineString","coordinates":[[-116.155439,34.113149],[-116.155951,34.113125],[-116.156375,34.113015],[-116.156855,34.112771],[-116.157612,34.112518],[-116.157901,34.112346],[-116.158055,34.112328],[-116.15919,34.111864],[-116.159352,34.111749],[-116.161191,34.111163],[-116.161732,34.1111],[-116.163034,34.110816],[-116.164381,34.110267],[-116.164576,34.110278],[-116.165199,34.110057],[-116.165696,34.10998],[-116.166149,34.109827],[-116.166838,34.109767],[-116.167399,34.109623],[-116.167777,34.109434],[-116.168721,34.109349],[-116.169219,34.109078],[-116.169449,34.109056],[-116.169827,34.108911],[-116.170031,34.108966],[-116.17046,34.108934],[-116.170694,34.108841],[-116.171306,34.10876],[-116.171485,34.108664],[-116.171911,34.108637],[-116.172105,34.108568],[-116.172727,34.108516],[-116.172925,34.108458],[-116.173265,34.108439],[-116.173523,34.108368],[-116.174483,34.107846],[-116.174837,34.107713],[-116.175628,34.107637],[-116.175717,34.107683],[-116.176185,34.107635],[-116.176747,34.107438],[-116.176909,34.107316],[-116.177184,34.107272],[-116.177711,34.107047],[-116.178344,34.106961],[-116.179515,34.106634],[-116.180099,34.106535],[-116.180528,34.106285],[-116.180768,34.10622],[-116.181169,34.10577],[-116.181459,34.105505],[-116.181756,34.105336],[-116.182137,34.104913],[-116.182509,34.1047],[-116.182906,34.10458],[-116.183258,34.104397],[-116.184151,34.104201],[-116.184107,34.104107],[-116.184219,34.104049],[-116.184529,34.10402],[-116.184548,34.103949],[-116.184994,34.10392],[-116.185095,34.10384],[-116.185406,34.103764],[-116.185603,34.103639],[-116.185887,34.103578],[-116.186148,34.103879],[-116.186372,34.103986],[-116.186745,34.104023],[-116.187038,34.103812],[-116.187378,34.103742],[-116.187678,34.103595],[-116.18801,34.103699],[-116.188205,34.103695],[-116.188612,34.103599],[-116.18892,34.103396],[-116.189269,34.103367],[-116.189645,34.103427],[-116.190112,34.103429],[-116.190884,34.103176],[-116.191086,34.103153],[-116.191144,34.103112],[-116.191193,34.102933],[-116.19134,34.102781],[-116.191329,34.102347],[-116.191203,34.102102],[-116.19123,34.102001],[-116.191652,34.101914],[-116.191737,34.101766],[-116.191466,34.101365],[-116.191439,34.101056],[-116.191528,34.100948],[-116.191836,34.10081],[-116.191987,34.100678],[-116.192436,34.100246],[-116.19263,34.099965],[-116.192795,34.099921],[-116.193027,34.100052],[-116.193593,34.100054],[-116.193868,34.100105],[-116.194244,34.100269],[-116.194519,34.100501],[-116.194937,34.100499],[-116.19511,34.100549],[-116.195274,34.100491],[-116.195626,34.100658],[-116.195798,34.100673],[-116.196124,34.100945],[-116.196331,34.100938],[-116.196818,34.101068],[-116.197105,34.10108],[-116.197288,34.101154],[-116.197545,34.101145],[-116.197782,34.101051],[-116.198236,34.100985],[-116.198998,34.101275],[-116.199385,34.101163],[-116.19943,34.101111],[-116.199671,34.101086],[-116.199555,34.101],[-116.199754,34.100932],[-116.199803,34.10086],[-116.199745,34.100678],[-116.199846,34.100406],[-116.199781,34.100329],[-116.199918,34.100167],[-116.199819,34.100081],[-116.199813,34.099734],[-116.199611,34.099644],[-116.199592,34.099535],[-116.199539,34.099522],[-116.19953,34.099381],[-116.199387,34.099233],[-116.199423,34.098928],[-116.199496,34.09885],[-116.199338,34.098559],[-116.199097,34.098392],[-116.199348,34.098293],[-116.199034,34.098142],[-116.199207,34.098064],[-116.199077,34.098036],[-116.199146,34.097986],[-116.198979,34.097921],[-116.199041,34.097878],[-116.198869,34.097869],[-116.198639,34.097779],[-116.198411,34.097588],[-116.198018,34.097618],[-116.197885,34.097577],[-116.197538,34.097319],[-116.19761,34.097286],[-116.197557,34.097006],[-116.198026,34.096976],[-116.1977,34.096611],[-116.197765,34.096491],[-116.197728,34.096362],[-116.197869,34.096331],[-116.197852,34.096249],[-116.197697,34.09602],[-116.197608,34.095701],[-116.197425,34.095401],[-116.197062,34.095215],[-116.196805,34.095153],[-116.196391,34.094813],[-116.196265,34.094617],[-116.19624,34.094482],[-116.196005,34.094271],[-116.195977,34.09417],[-116.195775,34.093957],[-116.195715,34.094041],[-116.195515,34.09409],[-116.195473,34.094158],[-116.195389,34.094141],[-116.195384,34.094071],[-116.194955,34.094067],[-116.194738,34.09394],[-116.194618,34.093924],[-116.194624,34.093756],[-116.194633,34.093537],[-116.194371,34.093196],[-116.194344,34.092984],[-116.194679,34.092533],[-116.194967,34.092354],[-116.195275,34.09184],[-116.195178,34.091629],[-116.19522,34.091554],[-116.19512,34.091552],[-116.194924,34.091015],[-116.194773,34.090786],[-116.194784,34.09067],[-116.194709,34.090416],[-116.19476,34.090252],[-116.194866,34.090201],[-116.194402,34.089537],[-116.193842,34.089355],[-116.193665,34.089182],[-116.193257,34.089053],[-116.193128,34.088884],[-116.192855,34.088791],[-116.192532,34.088784],[-116.192408,34.088674],[-116.19242,34.088511],[-116.19272,34.087542],[-116.192511,34.086925],[-116.19256,34.086667],[-116.192463,34.086627],[-116.192179,34.086143],[-116.192141,34.085907],[-116.192408,34.085345],[-116.192557,34.085152],[-116.192656,34.084923],[-116.192656,34.084743],[-116.192814,34.084437],[-116.193236,34.083997],[-116.193737,34.083177],[-116.194225,34.082584],[-116.194263,34.082406],[-116.194021,34.082035],[-116.194046,34.081846],[-116.194121,34.081704],[-116.194464,34.08156],[-116.19474,34.081164],[-116.194831,34.081015],[-116.194831,34.080631],[-116.194896,34.080469],[-116.194856,34.080296],[-116.194697,34.080134],[-116.194362,34.079405],[-116.193965,34.078961],[-116.193638,34.078776],[-116.193388,34.078542],[-116.192999,34.078361],[-116.192943,34.078232],[-116.192624,34.077919],[-116.192358,34.077847],[-116.19157,34.077454],[-116.19124,34.077337],[-116.191197,34.077236],[-116.19091,34.07699],[-116.190848,34.076832],[-116.190875,34.076648],[-116.190693,34.076315],[-116.190559,34.075772],[-116.19018,34.075426],[-116.189478,34.074977],[-116.189201,34.074693],[-116.189062,34.074399],[-116.188705,34.074059],[-116.188362,34.073895],[-116.188048,34.073597],[-116.187783,34.073186],[-116.187662,34.073129],[-116.18756,34.072982],[-116.187094,34.071902],[-116.186804,34.071516],[-116.186589,34.071076],[-116.186189,34.070482],[-116.185884,34.069743],[-116.185235,34.068574],[-116.184985,34.06797],[-116.183649,34.065357],[-116.183494,34.064899],[-116.183188,34.064406],[-116.182891,34.063772],[-116.182606,34.063039],[-116.182204,34.062317],[-116.182048,34.06185],[-116.181681,34.061117],[-116.181109,34.060039],[-116.180164,34.058409],[-116.179959,34.05814],[-116.179723,34.057362],[-116.179551,34.05706],[-116.179576,34.056869],[-116.179477,34.056401],[-116.179436,34.055714],[-116.179468,34.055271],[-116.179405,34.055107],[-116.179111,34.053515],[-116.179175,34.053446],[-116.179533,34.052646],[-116.179947,34.051864],[-116.180107,34.051633],[-116.180453,34.050626],[-116.180668,34.049838],[-116.181654,34.047708],[-116.183278,34.045807],[-116.183482,34.045507],[-116.183727,34.045009],[-116.183956,34.044752],[-116.184052,34.044552],[-116.184625,34.043757],[-116.184768,34.043366],[-116.185136,34.042832],[-116.185259,34.04221],[-116.185488,34.041981],[-116.185566,34.041706],[-116.185697,34.041583],[-116.185757,34.041445],[-116.185788,34.041203],[-116.18571,34.041155]]}},{"type":"Feature","properties":{"kind":"road","surface":"asphalt"},"geometry":{"type":"LineString","coordinates":[[-116.197469,34.039978],[-116.197678,34.040128],[-116.197708,34.040161]]}},{"type":"Feature","properties":{"kind":"trail","name":"Quails Springs Historic"},"geometry":{"type":"LineString","coordinates":[[-116.198099,34.040246],[-116.198561,34.040316],[-116.199124,34.040523],[-116.199838,34.040654],[-116.200392,34.040854],[-116.201562,34.041155],[-116.202827,34.041406],[-116.20338,34.041601],[-116.205204,34.042072],[-116.205568,34.042241],[-116.206357,34.042503],[-116.207709,34.042743],[-116.208004,34.042899],[-116.208485,34.042997],[-116.209125,34.042939],[-116.211405,34.043543],[-116.211705,34.043655],[-116.212215,34.04421],[-116.212488,34.044428],[-116.213111,34.044828],[-116.213524,34.045161],[-116.214377,34.04569],[-116.21487,34.045899],[-116.215224,34.045992],[-116.216254,34.046144],[-116.21708,34.046184],[-116.21796,34.045859],[-116.21869,34.045744],[-116.220133,34.045761],[-116.222455,34.045895],[-116.223866,34.045855],[-116.224784,34.045704],[-116.225985,34.045659],[-116.227326,34.045419],[-116.227734,34.045432],[-116.228179,34.045326],[-116.230132,34.045161],[-116.230604,34.045166],[-116.230985,34.045099],[-116.233259,34.04509],[-116.234075,34.045006],[-116.234547,34.045032],[-116.235105,34.04505],[-116.235405,34.044948],[-116.236226,34.044921],[-116.236998,34.044792],[-116.237379,34.044681],[-116.237792,34.044695]]}},{"type":"Feature","properties":{"kind":"road","surface":"asphalt"},"geometry":{"type":"LineString","coordinates":[[-116.150623,33.992083],[-116.150495,33.992019],[-116.150349,33.992032],[-116.149936,33.992497],[-116.1499,33.992645],[-116.150034,33.992786]]}},{"type":"Feature","properties":{"kind":"road","surface":"asphalt"},"geometry":{"type":"LineString","coordinates":[[-116.165578,34.013197],[-116.166095,34.012905],[-116.16663,34.012774],[-116.167146,34.012695],[-116.167875,34.012395],[-116.167964,34.012319],[-116.168059,34.012093],[-116.168049,34.011962],[-116.167986,34.011782],[-116.167801,34.011517],[-116.167748,34.011469],[-116.167614,34.011412],[-116.167355,34.011512],[-116.166357,34.012364],[-116.165578,34.013197]]}},{"type":"Feature","properties":{"kind":"road","surface":"unpaved"},"geometry":{"type":"LineString","coordinates":[[-116.179477,34.028154],[-116.17928,34.028707],[-116.179008,34.029215]]}},{"type":"Feature","properties":{"kind":"road","surface":"asphalt"},"geometry":{"type":"LineString","coordinates":[[-116.144304,33.998813],[-116.144456,33.99891],[-116.14455,33.998907],[-116.144852,33.998643],[-116.145067,33.998448],[-116.145136,33.998331],[-116.145003,33.998168]]}},{"type":"Feature","properties":{"kind":"road","surface":"asphalt"},"geometry":{"type":"LineString","coordinates":[[-116.197766,34.039995],[-116.197678,34.040128]]}},{"type":"Feature","properties":{"kind":"road","surface":"asphalt"},"geometry":{"type":"LineString","coordinates":[[-116.163403,34.015669],[-116.163878,34.015663],[-116.16414,34.015537],[-116.164282,34.015121],[-116.164462,34.014881],[-116.164823,34.014377],[-116.165168,34.013667],[-116.165578,34.013197]]}},{"type":"Feature","properties":{"kind":"track","name":"Keys Ranch Road","surface":"dirt"},"geometry":{"type":"LineString","coordinates":[[-116.168047,34.043334],[-116.167857,34.042996],[-116.16785,34.042858]]}},{"type":"Feature","properties":{"kind":"road"},"geometry":{"type":"LineString","coordinates":[[-116.157216,34.022813],[-116.156999,34.022733],[-116.156666,34.022625],[-116.156248,34.02256],[-116.156145,34.022669],[-116.156181,34.022745],[-116.156303,34.022794],[-116.156509,34.022834],[-116.156742,34.022898],[-116.157084,34.022985],[-116.157163,34.022934],[-116.157216,34.022813]]}},{"type":"Feature","properties":{"kind":"road","name":"Keys Ranch Road"},"geometry":{"type":"LineString","coordinates":[[-116.157604,34.022586],[-116.156222,34.021975],[-116.156028,34.021645]]}},{"type":"Feature","properties":{"kind":"road"},"geometry":{"type":"LineString","coordinates":[[-116.157216,34.022813],[-116.157484,34.022753],[-116.157604,34.022586]]}},{"type":"Feature","properties":{"kind":"track","name":"Keys Ranch Road","surface":"dirt"},"geometry":{"type":"LineString","coordinates":[[-116.159287,34.025213],[-116.1598,34.026109],[-116.160514,34.02755],[-116.160967,34.028995],[-116.161054,34.029402],[-116.161138,34.029523],[-116.16157,34.029779],[-116.16207,34.029965],[-116.162725,34.030558],[-116.162907,34.030606],[-116.163469,34.030613],[-116.163959,34.030751],[-116.16438,34.031102],[-116.165005,34.031757],[-116.165631,34.032233],[-116.166943,34.033523],[-116.167046,34.033623]]}},{"type":"Feature","properties":{"kind":"trail","name":"Fortynine Palms Trail","sac":"hiking","surface":"dirt"},"geometry":{"type":"LineString","coordinates":[[-116.112004,34.119311],[-116.112136,34.119224],[-116.112166,34.119131],[-116.112124,34.118758],[-116.112184,34.118582],[-116.112081,34.11835],[-116.111662,34.118066],[-116.111544,34.11787],[-116.110994,34.117649],[-116.110707,34.11763],[-116.110514,34.117435],[-116.110385,34.117406],[-116.110227,34.117367],[-116.110211,34.117298],[-116.110043,34.117319],[-116.109957,34.117136],[-116.109892,34.117124],[-116.109387,34.117174],[-116.109275,34.117263],[-116.109032,34.117331],[-116.108995,34.117287],[-116.109084,34.117223],[-116.109001,34.1172],[-116.109072,34.117176],[-116.10896,34.117093],[-116.108912,34.11699],[-116.108723,34.116936],[-116.108427,34.11695],[-116.108287,34.116882],[-116.107879,34.11696],[-116.107752,34.117028],[-116.107393,34.117066],[-116.106828,34.117418],[-116.106454,34.117448],[-116.106428,34.11739],[-116.106657,34.117175],[-116.10675,34.117183],[-116.106942,34.116811],[-116.106949,34.116621],[-116.10667,34.116379],[-116.106645,34.116155],[-116.106489,34.115875],[-116.106277,34.115724],[-116.106048,34.115653],[-116.105957,34.115406],[-116.106255,34.115534],[-116.106427,34.11554],[-116.106501,34.115465],[-116.106474,34.115378],[-116.106509,34.115316],[-116.107164,34.115091],[-116.107602,34.114958],[-116.108069,34.114686],[-116.1083,34.114451],[-116.108237,34.114293],[-116.108328,34.114138],[-116.108324,34.114005],[-116.108238,34.113803],[-116.107888,34.113443],[-116.108034,34.112973],[-116.107965,34.112709],[-116.107841,34.112593],[-116.107811,34.112497],[-116.107923,34.112338],[-116.107627,34.112127],[-116.10729,34.111712],[-116.107154,34.111342],[-116.107234,34.111233],[-116.106813,34.111057],[-116.106792,34.11101],[-116.107128,34.110822],[-116.106934,34.109922],[-116.106998,34.109676],[-116.107201,34.10949],[-116.107251,34.109374],[-116.107304,34.10937],[-116.107277,34.109171],[-116.107429,34.109058],[-116.107329,34.108938],[-116.107255,34.108684],[-116.107388,34.108517],[-116.107394,34.108239],[-116.107446,34.108257],[-116.107555,34.10816],[-116.107509,34.108071],[-116.107545,34.108051],[-116.107495,34.107925],[-116.107522,34.107897],[-116.10742,34.107803],[-116.107167,34.107788],[-116.107114,34.107751],[-116.107117,34.107671],[-116.106846,34.107413],[-116.106399,34.107227],[-116.106088,34.106902],[-116.10571,34.106743],[-116.105536,34.106296],[-116.105482,34.10618],[-116.105246,34.106065]]}},{"type":"Feature","properties":{"kind":"trail"},"geometry":{"type":"LineString","coordinates":[[-116.105536,34.106296],[-116.105407,34.106394],[-116.105085,34.106278]]}},{"type":"Feature","properties":{"kind":"trail","name":"Contact Mine Trail"},"geometry":{"type":"LineString","coordinates":[[-116.032635,34.072468],[-116.032837,34.072136],[-116.033184,34.071968],[-116.03353,34.071509],[-116.033677,34.070346],[-116.033976,34.069867],[-116.034093,34.06978],[-116.034476,34.069673],[-116.03503,34.069357],[-116.035963,34.068681],[-116.037014,34.068268],[-116.037527,34.068003],[-116.037883,34.067907],[-116.03849,34.067334],[-116.038779,34.066996],[-116.039044,34.066802],[-116.039458,34.066622],[-116.040341,34.066051],[-116.040623,34.066],[-116.040875,34.06587],[-116.040915,34.065815],[-116.040841,34.065632],[-116.041177,34.06547],[-116.04142,34.065445],[-116.041777,34.065495],[-116.042698,34.065802],[-116.043287,34.065919],[-116.043751,34.066084],[-116.044218,34.066456],[-116.044434,34.066829],[-116.04491,34.066923],[-116.045148,34.067238],[-116.045531,34.067467],[-116.046122,34.067698],[-116.04671,34.067845],[-116.04711,34.067802],[-116.04752,34.067844],[-116.047929,34.067752],[-116.048116,34.067765],[-116.048277,34.067834],[-116.048635,34.068128],[-116.049318,34.068918],[-116.049473,34.068981],[-116.04972,34.068932],[-116.049757,34.068769],[-116.05007,34.068347],[-116.050357,34.068109],[-116.050748,34.067898],[-116.050782,34.06777],[-116.05075,34.067467],[-116.050664,34.067133],[-116.050721,34.066992],[-116.051093,34.066935],[-116.051245,34.066713],[-116.052104,34.066143],[-116.052308,34.066079],[-116.052434,34.066107],[-116.052568,34.06625],[-116.052712,34.066779],[-116.053446,34.067149],[-116.053559,34.067338],[-116.053642,34.067627],[-116.053918,34.068035],[-116.054315,34.068247],[-116.054621,34.068306],[-116.054882,34.068551],[-116.055235,34.068659],[-116.055312,34.068757],[-116.055315,34.068894]]}},{"type":"Feature","properties":{"kind":"trail"},"geometry":{"type":"LineString","coordinates":[[-116.240857,34.077876],[-116.241284,34.077745],[-116.242336,34.077673],[-116.242679,34.077407],[-116.24313,34.077247],[-116.243417,34.077075],[-116.24417,34.076785],[-116.245168,34.076595],[-116.245372,34.07674],[-116.245898,34.076749],[-116.246059,34.076554],[-116.246295,34.076411],[-116.246445,34.076394],[-116.246584,34.076234],[-116.246863,34.076216],[-116.247067,34.07626],[-116.247657,34.076118],[-116.248043,34.076189],[-116.248671,34.076207]]}},{"type":"Feature","properties":{"kind":"track","name":"Mesquite Springs Road","surface":"dirt"},"geometry":{"type":"LineString","coordinates":[[-116.071926,34.131756],[-116.071842,34.130101],[-116.071822,34.124525]]}},{"type":"Feature","properties":{"kind":"track","name":"Foothill Drive"},"geometry":{"type":"LineString","coordinates":[[-116.06747,34.124579],[-116.068573,34.124583],[-116.068967,34.124528],[-116.06964,34.124551],[-116.071822,34.124525]]}},{"type":"Feature","properties":{"kind":"road","name":"Juniper Avenue","surface":"asphalt"},"geometry":{"type":"LineString","coordinates":[[-116.077333,34.124531],[-116.077363,34.128063]]}},{"type":"Feature","properties":{"kind":"road","name":"Stardune Avenue"},"geometry":{"type":"LineString","coordinates":[[-116.07466,34.124525],[-116.074691,34.127959],[-116.074505,34.128309]]}},{"type":"Feature","properties":{"kind":"road","surface":"unpaved"},"geometry":{"type":"LineString","coordinates":[[-116.160233,34.094264],[-116.160321,34.094263],[-116.1605,34.094193],[-116.16073,34.094177],[-116.160862,34.094143],[-116.160903,34.094103],[-116.160933,34.094039],[-116.160904,34.093947],[-116.160812,34.093837],[-116.160662,34.093629],[-116.160571,34.093386],[-116.160549,34.0933],[-116.160455,34.093143]]}},{"type":"Feature","properties":{"kind":"road","surface":"unpaved"},"geometry":{"type":"LineString","coordinates":[[-116.157624,34.094411],[-116.157629,34.094666],[-116.157642,34.094755],[-116.157766,34.094826],[-116.158289,34.094854],[-116.158549,34.094883],[-116.158711,34.094892],[-116.158784,34.094867],[-116.158825,34.09483],[-116.15884,34.094757],[-116.158869,34.094346]]}},{"type":"Feature","properties":{"kind":"road","surface":"unpaved"},"geometry":{"type":"LineString","coordinates":[[-116.163792,34.093564],[-116.163798,34.093684],[-116.163919,34.093824],[-116.163996,34.093857],[-116.164082,34.093882],[-116.16441,34.09395],[-116.16451,34.093886],[-116.164584,34.093723],[-116.164576,34.093688],[-116.16456,34.093652],[-116.164131,34.093214],[-116.163988,34.09312],[-116.163666,34.093043],[-116.163616,34.093036],[-116.163572,34.093032],[-116.163532,34.093027],[-116.163498,34.093024],[-116.163461,34.093023],[-116.163262,34.093017]]}},{"type":"Feature","properties":{"kind":"road","surface":"unpaved"},"geometry":{"type":"LineString","coordinates":[[-116.160595,34.093067],[-116.160787,34.093145],[-116.161205,34.093204],[-116.161349,34.093331],[-116.161412,34.093341],[-116.161478,34.093333],[-116.161543,34.09331],[-116.161669,34.093239],[-116.161771,34.093176],[-116.161973,34.093073],[-116.162218,34.093062],[-116.162349,34.093071],[-116.162487,34.093103],[-116.162602,34.09315],[-116.162859,34.093275],[-116.163022,34.093328],[-116.163129,34.093354],[-116.163384,34.093458],[-116.163597,34.093415]]}},{"type":"Feature","properties":{"kind":"road","surface":"asphalt"},"geometry":{"type":"LineString","coordinates":[[-116.156576,34.093599],[-116.156512,34.093776],[-116.156405,34.09389]]}},{"type":"Feature","properties":{"kind":"track"},"geometry":{"type":"LineString","coordinates":[[-116.168607,34.010839],[-116.169267,34.01048],[-116.169609,34.010214],[-116.170007,34.010025],[-116.171101,34.009263],[-116.171602,34.008807],[-116.17174,34.008582],[-116.171986,34.008429],[-116.17219,34.008418],[-116.172797,34.00825],[-116.173275,34.007954],[-116.174734,34.006855],[-116.175228,34.00658]]}},{"type":"Feature","properties":{"kind":"trail"},"geometry":{"type":"LineString","coordinates":[[-116.167801,34.011517],[-116.167739,34.01155],[-116.167487,34.01158],[-116.167355,34.011512],[-116.167275,34.011433]]}},{"type":"Feature","properties":{"kind":"trail"},"geometry":{"type":"LineString","coordinates":[[-116.166705,34.011909],[-116.166893,34.011762],[-116.166912,34.011693],[-116.167275,34.011433],[-116.167488,34.01132],[-116.167696,34.011284],[-116.167746,34.011313],[-116.167792,34.011347],[-116.168092,34.011729],[-116.168184,34.011955],[-116.168183,34.01213],[-116.16805,34.012392],[-116.167901,34.0125],[-116.167834,34.012545],[-116.167601,34.012583],[-116.167477,34.012643],[-116.16749,34.01268]]}},{"type":"Feature","properties":{"kind":"road","name":"Sheep Pass Campground Road","surface":"asphalt"},"geometry":{"type":"LineString","coordinates":[[-116.120643,33.999803],[-116.121447,33.999972],[-116.12182,34.000175],[-116.121913,34.000244],[-116.12199,34.000292],[-116.124219,34.001374],[-116.124533,34.001579],[-116.124621,34.001757],[-116.124539,34.002069]]}},{"type":"Feature","properties":{"kind":"trail","name":"Sheep Pass Connector Trail","surface":"dirt"},"geometry":{"type":"LineString","coordinates":[[-116.1354,33.999894],[-116.134962,34.000058],[-116.134478,34.000342],[-116.13436,34.000374],[-116.134055,34.000244],[-116.133933,34.00024],[-116.13362,34.000519],[-116.133457,34.000588],[-116.132796,34.000794],[-116.132553,34.000785],[-116.132364,34.000842],[-116.13219,34.00096],[-116.13203,34.00131],[-116.131701,34.001596],[-116.131188,34.001918],[-116.129866,34.002125],[-116.128997,34.002081],[-116.128622,34.002001],[-116.128326,34.002032],[-116.127366,34.001781],[-116.126746,34.00155],[-116.126701,34.001463],[-116.126486,34.001445],[-116.126146,34.001267],[-116.1261,34.001201],[-116.125867,34.00114],[-116.125303,34.000814],[-116.124864,34.000695],[-116.12478,34.000556],[-116.124558,34.000522],[-116.123571,33.999895],[-116.123115,33.999801],[-116.123002,33.999729],[-116.122905,33.999564],[-116.122691,33.999606],[-116.122581,33.999721],[-116.122157,34.000013],[-116.121913,34.000244]]}},{"type":"Feature","properties":{"kind":"road","surface":"dirt"},"geometry":{"type":"LineString","coordinates":[[-116.120642,33.999332],[-116.120524,33.999201],[-116.120532,33.999119],[-116.120658,33.999143],[-116.120682,33.999246],[-116.120642,33.999332],[-116.120628,33.999438],[-116.120607,33.999701],[-116.120586,33.999745]]}},{"type":"Feature","properties":{"kind":"trail","name":"Sheep Pass Connector Trail","surface":"dirt"},"geometry":{"type":"LineString","coordinates":[[-116.122581,33.999721],[-116.122112,33.999632],[-116.120607,33.999701]]}},{"type":"Feature","properties":{"kind":"road","surface":"asphalt"},"geometry":{"type":"LineString","coordinates":[[-116.164308,33.989246],[-116.163959,33.989305],[-116.16393,33.989161]]}},{"type":"Feature","properties":{"kind":"trail","surface":"dirt"},"geometry":{"type":"LineString","coordinates":[[-116.163933,33.989559],[-116.163925,33.98942]]}},{"type":"Feature","properties":{"kind":"trail","surface":"dirt"},"geometry":{"type":"LineString","coordinates":[[-116.163739,33.989494],[-116.163638,33.989467],[-116.163369,33.989368],[-116.163173,33.989512],[-116.162886,33.989564],[-116.162688,33.98979],[-116.162786,33.990058],[-116.163036,33.990328],[-116.163106,33.990424],[-116.16332,33.990556],[-116.16346,33.99056],[-116.163787,33.990553],[-116.163897,33.990484],[-116.164173,33.990501],[-116.164406,33.990254],[-116.164404,33.989993],[-116.164356,33.989904],[-116.164211,33.989739],[-116.163933,33.989559],[-116.163739,33.989494]]}},{"type":"Feature","properties":{"kind":"trail","surface":"dirt"},"geometry":{"type":"LineString","coordinates":[[-116.163638,33.989467],[-116.163685,33.989423],[-116.163792,33.989307]]}},{"type":"Feature","properties":{"kind":"trail","name":"Cap Rock Nature Trail","surface":"dirt"},"geometry":{"type":"LineString","coordinates":[[-116.163473,33.989195],[-116.163297,33.989097],[-116.163222,33.988754],[-116.162991,33.988438],[-116.162658,33.988109],[-116.162642,33.98794],[-116.162567,33.987833],[-116.162368,33.987669],[-116.161995,33.98761],[-116.161339,33.987682],[-116.161276,33.987783],[-116.16136,33.987811],[-116.161301,33.987865],[-116.161297,33.988099],[-116.161249,33.988161],[-116.161376,33.988371],[-116.161601,33.988607],[-116.161982,33.988856],[-116.16231,33.988905],[-116.162444,33.988856],[-116.162916,33.988941],[-116.163066,33.989137],[-116.163205,33.98923],[-116.16339,33.989236],[-116.163473,33.989195]]}},{"type":"Feature","properties":{"kind":"trail"},"geometry":{"type":"LineString","coordinates":[[-116.137355,34.02977],[-116.137967,34.029986],[-116.138203,34.030021],[-116.138372,34.029975],[-116.138402,34.029868],[-116.13808,34.029058],[-116.138052,34.028756],[-116.13861,34.028189]]}},{"type":"Feature","properties":{"kind":"trail"},"geometry":{"type":"LineString","coordinates":[[-116.136526,34.029559],[-116.137052,34.029693],[-116.137355,34.02977]]}},{"type":"Feature","properties":{"kind":"trail","name":"Wall Street Mill Trail"},"geometry":{"type":"LineString","coordinates":[[-116.133493,34.036526],[-116.133382,34.036243],[-116.133209,34.035721],[-116.132818,34.035271],[-116.13257,34.034873],[-116.132566,34.034739],[-116.132704,34.034443],[-116.133009,34.034104],[-116.133153,34.033609],[-116.133084,34.033348],[-116.133046,34.032757],[-116.13328,34.0321],[-116.134022,34.031064],[-116.135499,34.029958],[-116.136173,34.029649],[-116.136526,34.029559],[-116.137401,34.02921],[-116.138052,34.028756]]}},{"type":"Feature","properties":{"kind":"trail","name":"Barker Dam Trail"},"geometry":{"type":"LineString","coordinates":[[-116.147757,34.029167],[-116.148099,34.029055],[-116.148525,34.029088],[-116.149038,34.029232],[-116.149409,34.029192],[-116.149676,34.029283],[-116.150241,34.029289],[-116.150758,34.029188],[-116.151112,34.029189],[-116.15166,34.029316],[-116.151928,34.029134],[-116.152893,34.028734],[-116.153516,34.028279],[-116.153891,34.027866],[-116.153929,34.027721],[-116.154068,34.026863],[-116.154013,34.026446],[-116.154015,34.025913],[-116.153916,34.02547],[-116.153914,34.025359],[-116.153977,34.024691],[-116.154159,34.024389],[-116.154302,34.024239],[-116.154558,34.024007],[-116.154669,34.023864]]}},{"type":"Feature","properties":{"kind":"trail"},"geometry":{"type":"LineString","coordinates":[[-116.137401,34.02921],[-116.137135,34.029505],[-116.137052,34.029693],[-116.136842,34.030147]]}},{"type":"Feature","properties":{"kind":"trail","name":"California Riding and Hiking Trail","sac":"hiking"},"geometry":{"type":"LineString","coordinates":[[-116.164894,33.977725],[-116.166093,33.977512],[-116.166619,33.977397],[-116.167032,33.977362],[-116.167235,33.977233],[-116.167349,33.977071],[-116.16776,33.976789],[-116.16835,33.976529],[-116.16882,33.976178],[-116.169326,33.975882],[-116.170565,33.974943],[-116.170998,33.974531],[-116.171688,33.974033],[-116.171786,33.97382],[-116.172432,33.973116],[-116.172691,33.972934],[-116.173137,33.972842],[-116.173323,33.972651],[-116.173511,33.972666],[-116.174649,33.972343],[-116.175045,33.972288],[-116.17542,33.972024],[-116.175732,33.971976],[-116.17604,33.9718],[-116.176103,33.971784],[-116.176142,33.971879],[-116.176973,33.972081],[-116.177329,33.972118],[-116.177505,33.972192],[-116.177883,33.97211],[-116.178271,33.972103],[-116.179223,33.972242],[-116.179936,33.972055],[-116.180353,33.972059],[-116.181053,33.971978],[-116.18196,33.971797],[-116.182733,33.971415],[-116.183572,33.971131],[-116.183895,33.970869],[-116.184537,33.970637],[-116.185141,33.970291],[-116.186252,33.969972],[-116.186703,33.96994],[-116.187419,33.970185],[-116.18867,33.970365],[-116.190399,33.970262],[-116.190669,33.970342],[-116.192147,33.971137],[-116.196531,33.972794],[-116.198061,33.973677],[-116.198889,33.974233],[-116.2,33.97471],[-116.201087,33.975413],[-116.201718,33.976294],[-116.202841,33.977492],[-116.203755,33.977714],[-116.204521,33.977835],[-116.205291,33.978138],[-116.205626,33.97832],[-116.206118,33.978378],[-116.206962,33.978653],[-116.2077,33.979002],[-116.209294,33.979468],[-116.209496,33.979434],[-116.209765,33.979302],[-116.210215,33.979011],[-116.210488,33.978947],[-116.210687,33.978981],[-116.21174,33.979441],[-116.212751,33.979457],[-116.21383,33.979246],[-116.214616,33.979203],[-116.2158,33.97901],[-116.216497,33.978801],[-116.21722,33.978658],[-116.21894,33.978392],[-116.219354,33.978397],[-116.220437,33.978782],[-116.220842,33.978866],[-116.221292,33.978893],[-116.221784,33.979076],[-116.221951,33.979211],[-116.222353,33.979716],[-116.223166,33.980131],[-116.223678,33.980266],[-116.22531,33.980543],[-116.225977,33.980755],[-116.226465,33.980832],[-116.226768,33.98095],[-116.226966,33.981073],[-116.227241,33.9814],[-116.228027,33.981703],[-116.228555,33.981965],[-116.228868,33.982272],[-116.229509,33.983099],[-116.230207,33.983448],[-116.231007,33.98398],[-116.231329,33.984127],[-116.231885,33.984804],[-116.232228,33.984948],[-116.232893,33.984742],[-116.233347,33.984507],[-116.233868,33.984356],[-116.234504,33.984263],[-116.234759,33.984166],[-116.235627,33.984127],[-116.236189,33.983939],[-116.236514,33.983922],[-116.237974,33.983667],[-116.238455,33.983311],[-116.238941,33.983113],[-116.239288,33.983043],[-116.239592,33.983049],[-116.240039,33.982676],[-116.240408,33.982552],[-116.240551,33.98235],[-116.240747,33.98226],[-116.241614,33.982168],[-116.241902,33.981912],[-116.241959,33.981806],[-116.242081,33.981727],[-116.242223,33.981721],[-116.242538,33.981584],[-116.242633,33.98141],[-116.242609,33.981073],[-116.24247,33.980991],[-116.242233,33.980525],[-116.242254,33.98043],[-116.242481,33.980475],[-116.243049,33.98075],[-116.243114,33.980727],[-116.243141,33.980542],[-116.243256,33.980393],[-116.243581,33.980146],[-116.243625,33.979871],[-116.244086,33.979829],[-116.244228,33.979868],[-116.244356,33.980101],[-116.244326,33.98043],[-116.244597,33.980826],[-116.24481,33.980885],[-116.245386,33.980463],[-116.246009,33.980112],[-116.246168,33.980037],[-116.246605,33.979986],[-116.246927,33.98016],[-116.247462,33.980219],[-116.247614,33.9803],[-116.247614,33.980379],[-116.247726,33.980486],[-116.247973,33.980581],[-116.248206,33.980854],[-116.248586,33.981061],[-116.24909,33.981073],[-116.249876,33.980803],[-116.25034,33.98048],[-116.250661,33.980438],[-116.250888,33.980188],[-116.251054,33.979834],[-116.251159,33.979753],[-116.251342,33.9797],[-116.252229,33.979658],[-116.252754,33.979776],[-116.252948,33.979775],[-116.253254,33.979647],[-116.253625,33.979568],[-116.25408,33.979667],[-116.254107,33.979602],[-116.253902,33.979272],[-116.253945,33.979237],[-116.254298,33.979391],[-116.254536,33.979424],[-116.254577,33.979403],[-116.25448,33.979214],[-116.254718,33.979293],[-116.2549,33.979203],[-116.255134,33.979218],[-116.255174,33.979255],[-116.255063,33.979293],[-116.255164,33.979377],[-116.255319,33.979635],[-116.255678,33.979748],[-116.256044,33.980062],[-116.25624,33.98032],[-116.256376,33.98123],[-116.256653,33.981466],[-116.256769,33.981719],[-116.256829,33.982292],[-116.256931,33.982365],[-116.25706,33.982623],[-116.257595,33.982932],[-116.257656,33.983263],[-116.258197,33.983892],[-116.258462,33.98442],[-116.258644,33.985093],[-116.258509,33.98561],[-116.258929,33.985852],[-116.259265,33.985807],[-116.25938,33.986073],[-116.259572,33.986239],[-116.25961,33.986347],[-116.259806,33.986382],[-116.259883,33.986545],[-116.259883,33.986676],[-116.259802,33.986787],[-116.259797,33.986962],[-116.259687,33.987057],[-116.259711,33.987137],[-116.259782,33.987141],[-116.260209,33.987474],[-116.26041,33.987867],[-116.260443,33.988689],[-116.260573,33.988773],[-116.260817,33.98909],[-116.261185,33.98969],[-116.261262,33.989761],[-116.261463,33.989773],[-116.26164,33.989995],[-116.261655,33.990448],[-116.261746,33.990615],[-116.261937,33.990774],[-116.262043,33.990742],[-116.262143,33.990651],[-116.262215,33.990397],[-116.262818,33.989761],[-116.263144,33.989857],[-116.26368,33.990138],[-116.263954,33.990873],[-116.263954,33.991001],[-116.264054,33.991123],[-116.264391,33.99127],[-116.264511,33.991272],[-116.264631,33.9916],[-116.264751,33.991743],[-116.264822,33.99174],[-116.264902,33.991534],[-116.264975,33.991544],[-116.265381,33.992048],[-116.265537,33.992176],[-116.265857,33.993014],[-116.26603,33.994327],[-116.266297,33.995206],[-116.266212,33.995767],[-116.266267,33.995998],[-116.266485,33.996357],[-116.266907,33.996474],[-116.26711,33.996641],[-116.267208,33.996659],[-116.26735,33.996582],[-116.267658,33.996548],[-116.268131,33.996173],[-116.268215,33.996206],[-116.268202,33.996385],[-116.267866,33.99686],[-116.267679,33.997067],[-116.267194,33.997385],[-116.266969,33.997613],[-116.267051,33.998063],[-116.267027,33.998214],[-116.26715,33.998411],[-116.267036,33.99851],[-116.26711,33.998719],[-116.266986,33.998987],[-116.267044,33.999172],[-116.266618,33.999883],[-116.266743,33.999994],[-116.266885,34.000029],[-116.267048,34.000371],[-116.26722,34.00037],[-116.267366,34.000447],[-116.267833,34.000538],[-116.268724,34.000542],[-116.269241,34.000736],[-116.27,34.000923],[-116.270379,34.000911],[-116.270792,34.000765],[-116.270945,34.000769],[-116.271583,34.000896],[-116.272886,34.00102],[-116.274021,34.001258],[-116.274383,34.001461],[-116.274485,34.001701],[-116.274783,34.002063],[-116.275319,34.002632],[-116.275877,34.00313],[-116.276443,34.003524],[-116.277065,34.003813],[-116.277505,34.004278],[-116.278098,34.004731],[-116.278347,34.004858],[-116.278457,34.004985],[-116.278811,34.005147],[-116.279281,34.005287],[-116.279686,34.005501],[-116.280169,34.005572],[-116.280236,34.005712],[-116.28063,34.005983],[-116.28093,34.006259],[-116.281239,34.006437],[-116.281301,34.006559],[-116.281365,34.007037],[-116.281653,34.007357],[-116.281842,34.007309],[-116.282083,34.007351],[-116.282204,34.007457],[-116.282644,34.00745],[-116.283101,34.007293],[-116.28345,34.00727],[-116.283725,34.007314],[-116.284062,34.007214],[-116.284431,34.007222],[-116.285363,34.007393],[-116.285505,34.007516],[-116.285559,34.007634],[-116.285987,34.007693],[-116.286202,34.007847],[-116.28678,34.008029],[-116.287709,34.007916],[-116.288115,34.008049],[-116.288214,34.008248],[-116.288308,34.008331],[-116.288432,34.008356],[-116.28863,34.008302],[-116.288904,34.008349],[-116.289043,34.008427],[-116.289366,34.008362],[-116.289509,34.008167],[-116.289646,34.008079],[-116.289642,34.007997],[-116.289592,34.007959],[-116.289612,34.007903],[-116.289529,34.00784],[-116.28951,34.007752],[-116.289717,34.007722],[-116.289871,34.007777],[-116.289956,34.007708],[-116.290142,34.00774],[-116.290294,34.007697],[-116.290381,34.007767],[-116.290607,34.00777],[-116.290775,34.007937],[-116.291181,34.008077],[-116.2914,34.0081],[-116.291639,34.008264],[-116.292152,34.00846],[-116.292855,34.008387],[-116.293245,34.008299],[-116.293572,34.008389],[-116.293736,34.008294],[-116.293876,34.00812],[-116.294224,34.008043],[-116.294704,34.00779],[-116.295323,34.007715],[-116.296082,34.007451],[-116.296532,34.007242],[-116.297262,34.007179],[-116.298185,34.007024],[-116.299837,34.007375],[-116.300588,34.007624],[-116.301312,34.007677],[-116.302122,34.007904],[-116.302374,34.008109],[-116.302503,34.008118],[-116.303211,34.008424],[-116.303726,34.008536],[-116.303994,34.008491],[-116.304161,34.008274],[-116.304407,34.008349],[-116.304874,34.008731],[-116.304998,34.008954],[-116.305776,34.009595]]}},{"type":"Feature","properties":{"kind":"track","name":"Geology Tour Road","surface":"sand"},"geometry":{"type":"LineString","coordinates":[[-116.084876,34.006218],[-116.085152,34.005623],[-116.085308,34.005151],[-116.085528,34.003752],[-116.085485,34.00317],[-116.085223,34.002087],[-116.085209,34.001816],[-116.08535,34.000932],[-116.085388,34.00033],[-116.085368,33.999651],[-116.085425,33.999001],[-116.085317,33.998081],[-116.084962,33.997198],[-116.084721,33.996157],[-116.084607,33.994974],[-116.084378,33.994289],[-116.084223,33.992179],[-116.083896,33.990373],[-116.083713,33.989917],[-116.083535,33.989269],[-116.083112,33.988432],[-116.082825,33.987486],[-116.082301,33.986562],[-116.082217,33.986159],[-116.082223,33.985941],[-116.082308,33.985619],[-116.082296,33.985426],[-116.082223,33.985241],[-116.082157,33.985003],[-116.082095,33.984064],[-116.081671,33.982754],[-116.081544,33.982201],[-116.081508,33.981964],[-116.081522,33.981294],[-116.081478,33.981063],[-116.081288,33.980626],[-116.081176,33.979975],[-116.080848,33.979043],[-116.080814,33.978697],[-116.080664,33.978087],[-116.080355,33.977266],[-116.080093,33.976319],[-116.080068,33.976084],[-116.080169,33.974744],[-116.080072,33.973815],[-116.079908,33.973257],[-116.079963,33.972295],[-116.079711,33.971363],[-116.079607,33.970747],[-116.079647,33.970276],[-116.079404,33.969103],[-116.079418,33.968218],[-116.079364,33.967941],[-116.079098,33.967416],[-116.078923,33.966814],[-116.078892,33.965975],[-116.078973,33.965339],[-116.078419,33.963577],[-116.078306,33.963068],[-116.077897,33.960119],[-116.077899,33.95919],[-116.077815,33.958346],[-116.07812,33.956969],[-116.078168,33.956516],[-116.078027,33.956165],[-116.077889,33.955244],[-116.078057,33.954394],[-116.077939,33.953983],[-116.077784,33.952519],[-116.077598,33.952147],[-116.077538,33.951919],[-116.07755,33.951101],[-116.077402,33.949276],[-116.077479,33.948687],[-116.077348,33.948119],[-116.077421,33.94737],[-116.077829,33.94686],[-116.07796,33.946267],[-116.07811,33.945946],[-116.078136,33.945208],[-116.078507,33.944421],[-116.078718,33.943604],[-116.078708,33.943334],[-116.078592,33.942908],[-116.0783,33.942019],[-116.077981,33.941276],[-116.078097,33.940723],[-116.078079,33.940514],[-116.077762,33.939257],[-116.077691,33.938256],[-116.07744,33.937623],[-116.07727,33.935933],[-116.077089,33.934826],[-116.07713,33.934018],[-116.077102,33.933706],[-116.076953,33.933211],[-116.076882,33.932142],[-116.076948,33.931569],[-116.076829,33.931072],[-116.076953,33.930618],[-116.076731,33.929704],[-116.076704,33.92921],[-116.076771,33.9286],[-116.076973,33.928048],[-116.076924,33.927794],[-116.076772,33.92747]]}},{"type":"Feature","properties":{"kind":"trail","name":"Willow Hole Trail"},"geometry":{"type":"LineString","coordinates":[[-116.179551,34.05706],[-116.179422,34.057797],[-116.179015,34.059055],[-116.178961,34.059406],[-116.178448,34.060672],[-116.178215,34.061108],[-116.177445,34.062112],[-116.176998,34.062899],[-116.176531,34.063335],[-116.174777,34.064259],[-116.174272,34.064672],[-116.173974,34.064734],[-116.173339,34.065143],[-116.172631,34.065281],[-116.171838,34.065575],[-116.171515,34.065694],[-116.170866,34.065819],[-116.170042,34.066111],[-116.169088,34.066529],[-116.167854,34.0672],[-116.167542,34.067214],[-116.167296,34.067329],[-116.166659,34.067952],[-116.165935,34.068433],[-116.165446,34.068665],[-116.164682,34.069136],[-116.164311,34.069518],[-116.163934,34.069784],[-116.163172,34.069755],[-116.16295,34.06965],[-116.162407,34.069035],[-116.162094,34.068203],[-116.161283,34.066562],[-116.161125,34.066494],[-116.160804,34.066452],[-116.160123,34.066551],[-116.159679,34.06671],[-116.159329,34.066667],[-116.158947,34.066545],[-116.158608,34.066602],[-116.158118,34.066488],[-116.157316,34.066667],[-116.1568,34.066932],[-116.156559,34.066868],[-116.156282,34.066616],[-116.156021,34.066645],[-116.155905,34.066741],[-116.155891,34.06681],[-116.156013,34.067254],[-116.155932,34.067797],[-116.155838,34.067975],[-116.155666,34.068059],[-116.154855,34.068149],[-116.154578,34.068306],[-116.153567,34.06862]]}},{"type":"Feature","properties":{"kind":"trail","name":"Paac K\u00fc\u0331v\u00fc\u0331h\u00fc\u0331\u2019k Trail"},"geometry":{"type":"LineString","coordinates":[[-116.078204,33.923463],[-116.079784,33.923385],[-116.081057,33.92378],[-116.082903,33.92419],[-116.084855,33.924956],[-116.085953,33.925976],[-116.087581,33.929095],[-116.088077,33.929554],[-116.088653,33.931],[-116.089404,33.931588],[-116.089855,33.932255],[-116.089844,33.933083],[-116.09037,33.933982],[-116.091604,33.935709],[-116.092602,33.936884],[-116.092959,33.937539],[-116.093452,33.937931],[-116.094386,33.938367],[-116.095223,33.939346],[-116.09567,33.939777],[-116.09596,33.940311],[-116.096872,33.941174],[-116.097397,33.94137],[-116.098323,33.94207],[-116.099178,33.942598],[-116.099833,33.943079],[-116.100834,33.943529],[-116.101403,33.94401],[-116.101914,33.944948],[-116.102626,33.945772],[-116.103344,33.946377],[-116.104966,33.946773],[-116.105433,33.947325],[-116.105565,33.947374],[-116.105771,33.947697],[-116.105797,33.947856],[-116.106032,33.94813],[-116.106179,33.948499],[-116.106526,33.948897],[-116.106584,33.949236],[-116.107011,33.949835],[-116.107015,33.950052],[-116.107098,33.95031],[-116.107407,33.950769],[-116.108654,33.951572],[-116.109128,33.952031],[-116.109655,33.952195],[-116.110252,33.952467],[-116.110591,33.952925],[-116.110771,33.953433],[-116.110868,33.953575],[-116.111053,33.953702],[-116.111305,33.953802],[-116.111458,33.953784],[-116.112212,33.954027],[-116.112372,33.954305],[-116.112936,33.954763],[-116.11346,33.954885],[-116.114021,33.955194],[-116.114485,33.955297],[-116.11469,33.955513],[-116.114962,33.955584],[-116.115183,33.9557],[-116.115345,33.955858],[-116.115622,33.956271],[-116.115916,33.9566],[-116.116452,33.957044],[-116.116687,33.957189],[-116.117279,33.957389],[-116.117929,33.957633],[-116.118028,33.957722],[-116.118464,33.95787],[-116.119311,33.957962],[-116.11991,33.957873],[-116.120227,33.957435],[-116.120629,33.957011],[-116.12124,33.956807],[-116.121427,33.956628],[-116.121613,33.9566],[-116.122211,33.956818],[-116.122598,33.957199],[-116.122837,33.95736],[-116.123498,33.957426],[-116.124045,33.957365],[-116.124841,33.957448],[-116.125207,33.957748],[-116.125376,33.95781],[-116.125798,33.957836],[-116.12687,33.958378],[-116.127297,33.958501],[-116.127555,33.958717],[-116.128013,33.958788],[-116.128955,33.959316],[-116.129014,33.959361],[-116.129019,33.959447],[-116.128911,33.959609],[-116.128915,33.959708],[-116.128993,33.959981],[-116.129158,33.960149],[-116.129203,33.960311],[-116.129435,33.960508]]}},{"type":"Feature","properties":{"kind":"track","name":"O'Dell Road","surface":"sand"},"geometry":{"type":"LineString","coordinates":[[-116.107842,34.03506],[-116.107653,34.034824],[-116.107518,34.034096],[-116.10762,34.033577],[-116.107778,34.033332],[-116.107617,34.033074],[-116.106789,34.03223],[-116.106224,34.030553],[-116.106047,34.030245],[-116.105947,34.02984],[-116.105548,34.028773],[-116.105313,34.028423],[-116.1049,34.027481],[-116.104829,34.026803],[-116.104327,34.025094],[-116.104179,34.024776],[-116.103902,34.023886],[-116.103539,34.022422],[-116.103257,34.021453],[-116.101283,34.016259],[-116.100979,34.015838],[-116.100781,34.015188],[-116.100595,34.014846]]}},{"type":"Feature","properties":{"kind":"trail","surface":"dirt"},"geometry":{"type":"LineString","coordinates":[[-116.158502,34.024052],[-116.158584,34.023432],[-116.158986,34.022798],[-116.1592,34.022431],[-116.159536,34.02164],[-116.159625,34.020922],[-116.159582,34.020502],[-116.159638,34.019984],[-116.159558,34.019339],[-116.159606,34.018558],[-116.159705,34.018136],[-116.159756,34.017592]]}},{"type":"Feature","properties":{"kind":"trail","surface":"ground"},"geometry":{"type":"LineString","coordinates":[[-116.156509,34.022834],[-116.156359,34.023468],[-116.15639,34.023694],[-116.156272,34.023834],[-116.156273,34.023916],[-116.15633,34.024209],[-116.156287,34.024424],[-116.156372,34.024529],[-116.156455,34.024801],[-116.156612,34.025034],[-116.15654,34.025239],[-116.156489,34.02527]]}},{"type":"Feature","properties":{"kind":"trail","name":"Trail"},"geometry":{"type":"LineString","coordinates":[[-116.301974,34.027568],[-116.301192,34.027033],[-116.300478,34.026004],[-116.300481,34.025915],[-116.300347,34.025772],[-116.300191,34.025466],[-116.299698,34.025192],[-116.299354,34.025108],[-116.298601,34.024463],[-116.297356,34.02393],[-116.296954,34.023665],[-116.296436,34.023523],[-116.296211,34.023385],[-116.295854,34.023056],[-116.295688,34.022776],[-116.295653,34.022522],[-116.295548,34.022329],[-116.295251,34.022138],[-116.294961,34.022044],[-116.294736,34.021862],[-116.294438,34.021709],[-116.294264,34.021709],[-116.294028,34.021622],[-116.293143,34.021446],[-116.292931,34.021469],[-116.292837,34.021433],[-116.292518,34.021222],[-116.292002,34.020975],[-116.291817,34.020822],[-116.291168,34.020601],[-116.290954,34.020408],[-116.290637,34.020248],[-116.290203,34.020297],[-116.289956,34.02039],[-116.289739,34.020315],[-116.289621,34.019961],[-116.289454,34.019837],[-116.289229,34.019548],[-116.28921,34.019285],[-116.289114,34.01913],[-116.288845,34.018872],[-116.288593,34.018738],[-116.288256,34.018447],[-116.28814,34.018198],[-116.287757,34.017778],[-116.287773,34.017571],[-116.287379,34.016784],[-116.287408,34.016609],[-116.287311,34.016262],[-116.287319,34.015913],[-116.287193,34.015728],[-116.287134,34.015453],[-116.285925,34.013914],[-116.285898,34.01377],[-116.28578,34.013643],[-116.28571,34.013443],[-116.285453,34.013261],[-116.285316,34.012989],[-116.28534,34.012656],[-116.285219,34.012113],[-116.285056,34.011869],[-116.284688,34.01158],[-116.284514,34.011162],[-116.284286,34.010828],[-116.284023,34.01055],[-116.283905,34.010081],[-116.283792,34.009839],[-116.283452,34.009552],[-116.28313,34.009098],[-116.282878,34.008909],[-116.282524,34.008482],[-116.282317,34.008316],[-116.281653,34.007357]]}},{"type":"Feature","properties":{"kind":"trail","name":"x-country route"},"geometry":{"type":"LineString","coordinates":[[-116.267048,34.000371],[-116.266709,34.000264],[-116.266135,34.000186],[-116.26594,34.000075],[-116.265819,34.000066],[-116.265277,34.000211],[-116.264491,34.000302],[-116.263593,34.000571],[-116.263332,34.000382],[-116.263032,34.000262],[-116.262445,34.000373],[-116.262219,34.000329],[-116.262058,34.000235],[-116.261809,34.000222],[-116.261243,34.000369],[-116.261053,34.0003],[-116.260403,34.000287],[-116.260186,34.000131],[-116.259918,34.000193],[-116.259583,34.000057],[-116.259027,33.999957],[-116.258856,33.999935],[-116.258684,33.999993],[-116.258547,33.999873],[-116.258395,33.99982],[-116.25734,34.000013],[-116.257182,33.999942],[-116.257018,33.999937],[-116.256879,34.000037],[-116.256804,34.000338],[-116.256688,34.000538],[-116.256428,34.000745],[-116.255951,34.000976],[-116.255315,34.001125],[-116.255184,34.001238],[-116.254854,34.001254],[-116.254599,34.001363],[-116.253993,34.001403],[-116.253669,34.001781],[-116.253092,34.001767],[-116.252936,34.001883],[-116.252885,34.002037],[-116.252775,34.002099],[-116.252537,34.002375],[-116.252257,34.002446],[-116.251836,34.002724],[-116.251319,34.002772],[-116.251228,34.002757],[-116.251085,34.002615],[-116.250997,34.002588],[-116.250501,34.002564],[-116.249388,34.002848],[-116.248999,34.002986],[-116.2488,34.00311],[-116.248502,34.003164],[-116.247851,34.00315],[-116.247695,34.003224],[-116.247024,34.003255],[-116.245987,34.003073],[-116.245308,34.003115],[-116.24512,34.003184],[-116.245042,34.003224],[-116.244822,34.003582],[-116.244613,34.00374],[-116.24453,34.003949],[-116.244528,34.004133],[-116.244208,34.004471],[-116.243948,34.004909],[-116.243857,34.005089],[-116.24387,34.005249],[-116.243787,34.005316],[-116.243723,34.00549],[-116.243447,34.005581],[-116.243216,34.005763],[-116.243114,34.005779],[-116.242701,34.005681],[-116.241821,34.005716],[-116.241628,34.005814],[-116.241405,34.006079],[-116.241392,34.006199],[-116.241454,34.006377],[-116.241395,34.006868],[-116.241427,34.007353]]}},{"type":"Feature","properties":{"kind":"trail","name":"Ryan Ranch Trail"},"geometry":{"type":"LineString","coordinates":[[-116.150139,33.983792],[-116.150513,33.983822],[-116.150964,33.983763],[-116.151516,33.983656],[-116.151953,33.983481],[-116.15212,33.983387],[-116.152666,33.982845],[-116.153016,33.982547],[-116.153174,33.982318],[-116.15341,33.982173],[-116.153827,33.98201]]}},{"type":"Feature","properties":{"kind":"trail"},"geometry":{"type":"LineString","coordinates":[[-116.153827,33.98201],[-116.15378,33.981736],[-116.153836,33.98162],[-116.154007,33.981629],[-116.154098,33.981714],[-116.153982,33.981919]]}},{"type":"Feature","properties":{"kind":"trail","name":"Ryan Ranch Trail","sac":"hiking"},"geometry":{"type":"LineString","coordinates":[[-116.149481,33.983528],[-116.149571,33.983564],[-116.150139,33.983792],[-116.150724,33.984056],[-116.15105,33.98434],[-116.151325,33.984646],[-116.151505,33.984902],[-116.15154,33.985032],[-116.151598,33.985242],[-116.151599,33.985555],[-116.151534,33.985802],[-116.151548,33.986105],[-116.151719,33.986376],[-116.15192,33.986794],[-116.152303,33.987109],[-116.152753,33.987742],[-116.153602,33.988619],[-116.153898,33.988931]]}},{"type":"Feature","properties":{"kind":"track","surface":"dirt"},"geometry":{"type":"LineString","coordinates":[[-116.063086,34.124634],[-116.063068,34.122286],[-116.065278,34.122233]]}},{"type":"Feature","properties":{"kind":"trail"},"geometry":{"type":"LineString","coordinates":[[-116.166093,33.977512],[-116.165371,33.976978],[-116.165054,33.976833],[-116.165017,33.976692]]}},{"type":"Feature","properties":{"kind":"track"},"geometry":{"type":"LineString","coordinates":[[-116.301987,34.027409],[-116.301974,34.027568],[-116.302086,34.027767],[-116.302259,34.027925],[-116.302308,34.028057],[-116.302671,34.028422],[-116.302937,34.02885],[-116.303326,34.029159],[-116.303523,34.029533],[-116.303686,34.029972],[-116.30393,34.030404],[-116.304018,34.030698],[-116.304263,34.031026],[-116.304501,34.031478],[-116.304872,34.032606]]}},{"type":"Feature","properties":{"kind":"trail"},"geometry":{"type":"LineString","coordinates":[[-116.154165,33.981863],[-116.154098,33.981714],[-116.154233,33.981626]]}},{"type":"Feature","properties":{"kind":"trail","name":"Hidden Valley Trail","sac":"hiking","surface":"dirt"},"geometry":{"type":"LineString","coordinates":[[-116.16805,34.012392],[-116.168387,34.012512],[-116.168647,34.012529],[-116.168832,34.012743],[-116.168827,34.012889],[-116.169047,34.013105],[-116.168891,34.013192],[-116.168575,34.013643],[-116.16861,34.013994],[-116.168674,34.014054],[-116.168559,34.014172],[-116.168612,34.014448],[-116.168773,34.014581],[-116.169157,34.01467],[-116.16931,34.014801],[-116.169417,34.014784],[-116.169581,34.014941],[-116.169661,34.014948],[-116.169715,34.015068],[-116.170061,34.01529],[-116.170629,34.015453],[-116.171042,34.015455],[-116.17148,34.015631],[-116.172083,34.016071],[-116.1724,34.016208],[-116.172462,34.016129],[-116.172316,34.015864],[-116.172515,34.015611],[-116.172872,34.015346],[-116.172968,34.015364],[-116.173451,34.015206],[-116.173676,34.015033],[-116.17369,34.014839],[-116.173604,34.014803],[-116.173637,34.014592],[-116.173612,34.014543],[-116.173153,34.014355],[-116.172976,34.014123],[-116.17262,34.014221],[-116.171989,34.013943],[-116.171772,34.013967],[-116.171595,34.013921],[-116.1713,34.013743],[-116.171048,34.013679],[-116.170598,34.01367],[-116.170168,34.013603],[-116.16987,34.01334],[-116.169492,34.013043],[-116.169047,34.013105]]}},{"type":"Feature","properties":{"kind":"trail"},"geometry":{"type":"LineString","coordinates":[[-116.163878,34.015663],[-116.165065,34.016082],[-116.166384,34.016384],[-116.166572,34.016466],[-116.167244,34.017008],[-116.16793,34.017998],[-116.168004,34.01802]]}},{"type":"Feature","properties":{"kind":"trail"},"geometry":{"type":"LineString","coordinates":[[-116.167739,34.01155],[-116.167932,34.011889],[-116.167963,34.012126],[-116.167926,34.012289],[-116.167704,34.012389]]}},{"type":"Feature","properties":{"kind":"trail"},"geometry":{"type":"LineString","coordinates":[[-116.161531,34.015529],[-116.162305,34.015833]]}},{"type":"Feature","properties":{"kind":"trail"},"geometry":{"type":"LineString","coordinates":[[-116.16308,34.015958],[-116.162916,34.016297]]}},{"type":"Feature","properties":{"kind":"trail"},"geometry":{"type":"LineString","coordinates":[[-116.167696,34.011284],[-116.167787,34.01122]]}},{"type":"Feature","properties":{"kind":"trail","surface":"dirt"},"geometry":{"type":"LineString","coordinates":[[-116.159705,34.018136],[-116.159767,34.018244],[-116.160333,34.018432]]}},{"type":"Feature","properties":{"kind":"trail"},"geometry":{"type":"LineString","coordinates":[[-116.167834,34.012545],[-116.167868,34.012578],[-116.167933,34.012545],[-116.167901,34.0125]]}},{"type":"Feature","properties":{"kind":"road","surface":"unpaved"},"geometry":{"type":"LineString","coordinates":[[-116.162766,34.016304],[-116.162854,34.016483],[-116.163015,34.016477]]}},{"type":"Feature","properties":{"kind":"trail"},"geometry":{"type":"LineString","coordinates":[[-116.162586,34.015794],[-116.162305,34.015833],[-116.161729,34.015958],[-116.161253,34.016129],[-116.160723,34.015718]]}},{"type":"Feature","properties":{"kind":"road","surface":"unpaved"},"geometry":{"type":"LineString","coordinates":[[-116.161917,34.016426],[-116.162046,34.016751],[-116.162066,34.016774],[-116.162102,34.016782],[-116.16234,34.016771],[-116.162633,34.016662],[-116.162854,34.016483]]}},{"type":"Feature","properties":{"kind":"trail"},"geometry":{"type":"LineString","coordinates":[[-116.174874,34.025262],[-116.174935,34.025386],[-116.175007,34.025375],[-116.175079,34.025521],[-116.175263,34.025863],[-116.175299,34.025929]]}},{"type":"Feature","properties":{"kind":"road"},"geometry":{"type":"LineString","coordinates":[[-116.088263,34.124773],[-116.087914,34.125109]]}},{"type":"Feature","properties":{"kind":"road"},"geometry":{"type":"LineString","coordinates":[[-116.084268,34.124438],[-116.084308,34.124297],[-116.084433,34.124211],[-116.084648,34.124208],[-116.08478,34.124302],[-116.084848,34.124441]]}},{"type":"Feature","properties":{"kind":"road"},"geometry":{"type":"LineString","coordinates":[[-116.085418,34.124435],[-116.085381,34.124274],[-116.085273,34.124194],[-116.085155,34.124289],[-116.085141,34.124439]]}},{"type":"Feature","properties":{"kind":"road"},"geometry":{"type":"LineString","coordinates":[[-116.087369,34.123674],[-116.08739,34.123828],[-116.087316,34.12442]]}},{"type":"Feature","properties":{"kind":"road"},"geometry":{"type":"LineString","coordinates":[[-116.140142,34.122285],[-116.139541,34.122219],[-116.139321,34.122118],[-116.13922,34.121999],[-116.139191,34.121268],[-116.138908,34.120965],[-116.138882,34.120643]]}},{"type":"Feature","properties":{"kind":"road","surface":"dirt"},"geometry":{"type":"LineString","coordinates":[[-116.168851,34.124227],[-116.169164,34.124377],[-116.169603,34.124499],[-116.169842,34.124338],[-116.169861,34.124207]]}},{"type":"Feature","properties":{"kind":"road","name":"Mount Lassen Avenue","surface":"asphalt"},"geometry":{"type":"LineString","coordinates":[[-116.22741,34.12062],[-116.227403,34.124245],[-116.227389,34.135207]]}},{"type":"Feature","properties":{"kind":"road","name":"Foothill Drive","surface":"dirt"},"geometry":{"type":"LineString","coordinates":[[-116.229527,34.124286],[-116.231755,34.12434]]}},{"type":"Feature","properties":{"kind":"road","name":"Serrano Road","surface":"unpaved"},"geometry":{"type":"LineString","coordinates":[[-116.217479,34.122389],[-116.21644,34.122411],[-116.214408,34.122392],[-116.214026,34.122663],[-116.21367,34.12272],[-116.213285,34.122594]]}},{"type":"Feature","properties":{"kind":"track"},"geometry":{"type":"LineString","coordinates":[[-116.271863,34.122439],[-116.271844,34.122667],[-116.272273,34.122982],[-116.272505,34.123142],[-116.272947,34.123341],[-116.273326,34.123662]]}},{"type":"Feature","properties":{"kind":"track"},"geometry":{"type":"LineString","coordinates":[[-116.303665,34.114864],[-116.303798,34.114839],[-116.303849,34.114782],[-116.303733,34.114766],[-116.303665,34.114864],[-116.303064,34.115096],[-116.302837,34.115359],[-116.302329,34.115437],[-116.302023,34.115412],[-116.301937,34.115409]]}},{"type":"Feature","properties":{"kind":"road","name":"Onaga Trail","surface":"unpaved"},"geometry":{"type":"LineString","coordinates":[[-116.30804,34.112534],[-116.307614,34.112589],[-116.303527,34.112566],[-116.302712,34.11257],[-116.302587,34.11257],[-116.30117,34.112582],[-116.300659,34.112581],[-116.300349,34.112581],[-116.296789,34.112577],[-116.29675,34.112499],[-116.295732,34.112561],[-116.294652,34.112547],[-116.29189,34.112615],[-116.290868,34.112662],[-116.290693,34.112622],[-116.289906,34.112609],[-116.288194,34.11264],[-116.287808,34.112557],[-116.286765,34.112581],[-116.286412,34.112544],[-116.285663,34.112305],[-116.28549,34.11219],[-116.284994,34.112112],[-116.284017,34.112151],[-116.283676,34.112222]]}},{"type":"Feature","properties":{"kind":"trail","name":"Quail Wash","surface":"gravel"},"geometry":{"type":"LineString","coordinates":[[-116.214887,34.046264],[-116.215357,34.046559],[-116.218179,34.047217],[-116.218943,34.047456],[-116.220511,34.048193],[-116.223799,34.049093],[-116.2244,34.049343],[-116.22483,34.049411],[-116.226213,34.049396],[-116.226956,34.049499],[-116.227431,34.049815],[-116.227853,34.050235],[-116.228893,34.050802],[-116.229345,34.050934],[-116.229818,34.051017],[-116.230298,34.05098],[-116.231307,34.050589],[-116.231929,34.050504],[-116.233086,34.050579],[-116.233718,34.050683],[-116.234521,34.05069],[-116.23523,34.050507],[-116.235814,34.050287],[-116.236521,34.050226],[-116.237212,34.050308],[-116.237773,34.050532],[-116.238253,34.050652],[-116.238773,34.050647],[-116.239501,34.05045],[-116.241203,34.049697],[-116.242116,34.049408]]}},{"type":"Feature","properties":{"kind":"trail","surface":"gravel"},"geometry":{"type":"LineString","coordinates":[[-116.242454,34.048032],[-116.242219,34.047618],[-116.24216,34.047406],[-116.242278,34.047044],[-116.24264,34.04674],[-116.242974,34.046646],[-116.243167,34.04675],[-116.243262,34.047292],[-116.243262,34.047415],[-116.243104,34.047719],[-116.2431,34.047895],[-116.243218,34.047983],[-116.243187,34.04813],[-116.242569,34.048149],[-116.242454,34.048032]]}},{"type":"Feature","properties":{"kind":"trail","surface":"gravel"},"geometry":{"type":"LineString","coordinates":[[-116.19677,34.040296],[-116.196854,34.040317],[-116.197055,34.040754],[-116.197557,34.041151],[-116.198267,34.041432],[-116.198543,34.041456],[-116.198781,34.041368],[-116.198867,34.04122],[-116.198867,34.041075],[-116.198765,34.040877],[-116.198547,34.040733],[-116.19807,34.040606],[-116.198008,34.040473]]}},{"type":"Feature","properties":{"kind":"road","name":"Desert Shadows Road","surface":"unpaved"},"geometry":{"type":"LineString","coordinates":[[-116.285514,34.093585],[-116.285507,34.094884],[-116.285501,34.09591],[-116.285501,34.096401],[-116.285497,34.096833],[-116.285485,34.097875],[-116.285499,34.098391],[-116.285492,34.099087],[-116.285489,34.099346],[-116.285488,34.099455],[-116.285502,34.099559],[-116.285511,34.100005],[-116.285506,34.100129],[-116.285466,34.101664],[-116.285527,34.102776],[-116.285468,34.103073]]}},{"type":"Feature","properties":{"kind":"road","name":"Uphill Road","surface":"unpaved"},"geometry":{"type":"LineString","coordinates":[[-116.28331,34.093632],[-116.283316,34.094106],[-116.28332,34.094456],[-116.283325,34.09504],[-116.283333,34.095883],[-116.283332,34.096149],[-116.283329,34.096691],[-116.283327,34.097052],[-116.283326,34.097347],[-116.283324,34.097614],[-116.283322,34.09803],[-116.283324,34.098757],[-116.283322,34.09955],[-116.283323,34.099985],[-116.283324,34.100267],[-116.28333,34.101297],[-116.283331,34.101832],[-116.283333,34.102525],[-116.283334,34.102662],[-116.283335,34.103068],[-116.283334,34.10314],[-116.283335,34.103183],[-116.283338,34.103923],[-116.28334,34.104223],[-116.283342,34.104852],[-116.283346,34.105057],[-116.283353,34.105274],[-116.283362,34.105362]]}},{"type":"Feature","properties":{"kind":"track","name":"Rocking Chair Road"},"geometry":{"type":"LineString","coordinates":[[-116.26689,34.101257],[-116.266858,34.101507],[-116.266495,34.101702],[-116.266332,34.101892],[-116.26628,34.102035]]}},{"type":"Feature","properties":{"kind":"trail","name":"Indian Cove Trail","sac":"hiking","surface":"ground"},"geometry":{"type":"LineString","coordinates":[[-116.170468,34.095159],[-116.170801,34.095137],[-116.170899,34.095174],[-116.17108,34.095537],[-116.170841,34.095701],[-116.170575,34.095741],[-116.169985,34.095661],[-116.1694,34.095932],[-116.169205,34.096085],[-116.168627,34.096811],[-116.168493,34.096784],[-116.168279,34.096831],[-116.167901,34.097007],[-116.16767,34.097193],[-116.167411,34.097117],[-116.167496,34.09674],[-116.167431,34.096592],[-116.167467,34.095999]]}},{"type":"Feature","properties":{"kind":"trail","name":"Indian Cove Trail","surface":"unpaved"},"geometry":{"type":"LineString","coordinates":[[-116.168746,34.095067],[-116.16849,34.094875]]}},{"type":"Feature","properties":{"kind":"trail","surface":"ground"},"geometry":{"type":"LineString","coordinates":[[-116.166899,34.097983],[-116.16708,34.09776],[-116.167521,34.097521],[-116.167514,34.097417],[-116.167394,34.097255],[-116.167411,34.097117]]}},{"type":"Feature","properties":{"kind":"trail"},"geometry":{"type":"LineString","coordinates":[[-116.133382,34.036243],[-116.133944,34.036264],[-116.134049,34.036384],[-116.134145,34.036493]]}},{"type":"Feature","properties":{"kind":"trail"},"geometry":{"type":"LineString","coordinates":[[-116.134049,34.036384],[-116.133742,34.03632],[-116.133674,34.03638],[-116.133641,34.036742],[-116.133906,34.036811],[-116.133981,34.036626]]}},{"type":"Feature","properties":{"kind":"trail"},"geometry":{"type":"LineString","coordinates":[[-116.133641,34.036742],[-116.133503,34.036704]]}},{"type":"Feature","properties":{"kind":"road","name":"Park Boulevard","surface":"asphalt"},"geometry":{"type":"LineString","coordinates":[[-116.203558,34.048691],[-116.205112,34.049508],[-116.206329,34.050367],[-116.206743,34.050663],[-116.207525,34.051277],[-116.208691,34.052322],[-116.209074,34.052545],[-116.211037,34.053467],[-116.212237,34.053726],[-116.213452,34.054153],[-116.213884,34.054228],[-116.215259,34.054349],[-116.215639,34.054317],[-116.216517,34.054101],[-116.217139,34.054153],[-116.217489,34.054294],[-116.220351,34.05585],[-116.220673,34.056004],[-116.221033,34.056151],[-116.222266,34.056655],[-116.223713,34.057557],[-116.224756,34.058781],[-116.225194,34.059763],[-116.22537,34.059997],[-116.226867,34.061184],[-116.226886,34.061199],[-116.227014,34.061294],[-116.227765,34.061913],[-116.22877,34.063278],[-116.22893,34.063793],[-116.229035,34.064652],[-116.229169,34.065004],[-116.230129,34.066319],[-116.230658,34.066814],[-116.231508,34.067406],[-116.232654,34.068771],[-116.232917,34.069005],[-116.234176,34.069772],[-116.23504,34.070113],[-116.235495,34.070381],[-116.235797,34.070713],[-116.236338,34.071629],[-116.2369,34.072212],[-116.237258,34.072682],[-116.237559,34.073303],[-116.237996,34.074671],[-116.238167,34.074976],[-116.239642,34.076639],[-116.240319,34.077137],[-116.240512,34.077351],[-116.240857,34.077876],[-116.241591,34.079021],[-116.241708,34.079344],[-116.241836,34.080083],[-116.241951,34.080392],[-116.242075,34.080586],[-116.242386,34.080908],[-116.2427,34.081117],[-116.243354,34.081345],[-116.24424,34.081534],[-116.245136,34.081604],[-116.245738,34.08159],[-116.247053,34.081431],[-116.249252,34.080932],[-116.250064,34.080951],[-116.250703,34.081124],[-116.251652,34.081662],[-116.25202,34.081742],[-116.252819,34.081724],[-116.253135,34.081783],[-116.254895,34.082459],[-116.255258,34.082737],[-116.255506,34.083045],[-116.256724,34.085078],[-116.257103,34.085911],[-116.257418,34.086955],[-116.258033,34.087983],[-116.258464,34.08881],[-116.258757,34.089465]]}},{"type":"Feature","properties":{"kind":"road","name":"Park Boulevard","surface":"asphalt"},"geometry":{"type":"LineString","coordinates":[[-116.161535,34.011581],[-116.161528,34.011635],[-116.161508,34.011987],[-116.161584,34.012463],[-116.161851,34.013059],[-116.162244,34.013528],[-116.16263,34.013827],[-116.163648,34.014421],[-116.164115,34.014689],[-116.164155,34.014712],[-116.164462,34.014881],[-116.166241,34.015944],[-116.166919,34.016516],[-116.167342,34.016983]]}},{"type":"Feature","properties":{"kind":"road","name":"Park Boulevard","surface":"asphalt"},"geometry":{"type":"LineString","coordinates":[[-116.167342,34.016983],[-116.167649,34.017389],[-116.168004,34.01802],[-116.16808,34.018188],[-116.168156,34.018358],[-116.168399,34.018812],[-116.168927,34.019438],[-116.169469,34.019846],[-116.172337,34.021447],[-116.172777,34.021769],[-116.17285,34.021837],[-116.172921,34.021903],[-116.173234,34.022416],[-116.173722,34.024076],[-116.173925,34.024414],[-116.174283,34.024856],[-116.174575,34.025378],[-116.175003,34.026198],[-116.175349,34.026767],[-116.17608,34.027476],[-116.176356,34.027721],[-116.177143,34.028316],[-116.177684,34.028641],[-116.178312,34.028946],[-116.179008,34.029215],[-116.180503,34.029746],[-116.180942,34.030142],[-116.181094,34.030372],[-116.181138,34.030459],[-116.181696,34.03235],[-116.181787,34.032653],[-116.181875,34.032951],[-116.181933,34.033146],[-116.182508,34.03609],[-116.182679,34.036701],[-116.18279,34.036982],[-116.183094,34.037472],[-116.184069,34.038577],[-116.184161,34.038685],[-116.184283,34.038871],[-116.184729,34.03952],[-116.18508,34.039854],[-116.185664,34.04021],[-116.186272,34.040408],[-116.186356,34.040424],[-116.186854,34.040478],[-116.187496,34.040432],[-116.188953,34.040002],[-116.190281,34.039783],[-116.190352,34.039771],[-116.190622,34.039726],[-116.19065,34.039721],[-116.190778,34.039694],[-116.190955,34.039646],[-116.192393,34.039137],[-116.192809,34.039037],[-116.193385,34.038965],[-116.194449,34.03893],[-116.195098,34.039009],[-116.195549,34.039186],[-116.195953,34.039459],[-116.196248,34.039797],[-116.196401,34.040083],[-116.196521,34.040436],[-116.196733,34.040937],[-116.197655,34.041987],[-116.197858,34.042409],[-116.198117,34.043246],[-116.199203,34.044947],[-116.199559,34.04518],[-116.200241,34.04543],[-116.200539,34.045608],[-116.200727,34.045799],[-116.200857,34.046023],[-116.201161,34.046823],[-116.201595,34.047379],[-116.201862,34.047599],[-116.203558,34.048691]]}},{"type":"Feature","properties":{"kind":"road"},"geometry":{"type":"LineString","coordinates":[[-116.126797,34.121855],[-116.126788,34.120989]]}},{"type":"Feature","properties":{"kind":"trail"},"geometry":{"type":"LineString","coordinates":[[-116.178765,34.052006],[-116.178101,34.049805],[-116.178075,34.049546],[-116.178197,34.049448],[-116.178364,34.049198],[-116.178396,34.04905],[-116.178633,34.048787],[-116.17869,34.048659],[-116.178654,34.048434],[-116.178686,34.048144],[-116.178375,34.04732],[-116.178025,34.046815],[-116.177989,34.046536],[-116.177928,34.046448],[-116.177829,34.046032],[-116.177712,34.045829],[-116.177697,34.045324],[-116.177623,34.04487],[-116.177681,34.044469],[-116.177513,34.044085],[-116.177464,34.043502],[-116.177522,34.0434],[-116.177444,34.043239],[-116.177422,34.042978],[-116.177331,34.042682],[-116.177337,34.042282],[-116.177227,34.041952],[-116.177244,34.041761],[-116.177105,34.04088]]}},{"type":"Feature","properties":{"kind":"trail"},"geometry":{"type":"LineString","coordinates":[[-116.223415,34.068087],[-116.223794,34.067942],[-116.223966,34.067929],[-116.224333,34.068061],[-116.224495,34.068068]]}},{"type":"Feature","properties":{"kind":"road","surface":"unpaved"},"geometry":{"type":"LineString","coordinates":[[-116.140611,34.085641],[-116.140647,34.085458],[-116.140609,34.085273],[-116.140492,34.085246],[-116.140384,34.085332],[-116.140375,34.085403],[-116.140493,34.085448],[-116.140611,34.085641]]}},{"type":"Feature","properties":{"kind":"track"},"geometry":{"type":"LineString","coordinates":[[-116.174133,34.028573],[-116.174011,34.028495],[-116.173844,34.02832],[-116.173729,34.028112],[-116.173627,34.028262],[-116.173659,34.028358],[-116.173754,34.028435],[-116.174011,34.028495]]}},{"type":"Feature","properties":{"kind":"trail"},"geometry":{"type":"LineString","coordinates":[[-116.168221,34.027946],[-116.168979,34.028709],[-116.169208,34.029311],[-116.169311,34.029403],[-116.170385,34.02935],[-116.170634,34.029295]]}},{"type":"Feature","properties":{"kind":"trail"},"geometry":{"type":"LineString","coordinates":[[-116.166943,34.033523],[-116.167405,34.033098],[-116.168542,34.032873],[-116.16893,34.032727],[-116.1697,34.032665],[-116.170485,34.032272],[-116.170554,34.032085],[-116.170656,34.031822],[-116.170637,34.031448],[-116.170218,34.030056],[-116.17022,34.029875],[-116.170469,34.029456],[-116.170634,34.029295],[-116.170924,34.029145],[-116.171604,34.028841]]}},{"type":"Feature","properties":{"kind":"track"},"geometry":{"type":"LineString","coordinates":[[-116.175185,34.030387],[-116.175288,34.030434],[-116.175613,34.030408]]}},{"type":"Feature","properties":{"kind":"track"},"geometry":{"type":"LineString","coordinates":[[-116.170924,34.029145],[-116.170955,34.028896],[-116.171007,34.028815]]}},{"type":"Feature","properties":{"kind":"track"},"geometry":{"type":"LineString","coordinates":[[-116.170565,34.028669],[-116.170885,34.028815],[-116.171007,34.028815],[-116.171242,34.0287]]}},{"type":"Feature","properties":{"kind":"track"},"geometry":{"type":"LineString","coordinates":[[-116.173762,34.029105],[-116.173205,34.029265],[-116.172502,34.029004],[-116.171913,34.028767],[-116.171687,34.02872],[-116.171303,34.028725],[-116.171242,34.0287],[-116.170637,34.028598],[-116.170477,34.028322],[-116.170131,34.02819],[-116.169919,34.02805],[-116.169923,34.027836],[-116.169553,34.027524],[-116.169452,34.027182],[-116.169175,34.026766],[-116.168697,34.02675],[-116.168482,34.026842],[-116.168072,34.027082],[-116.167768,34.02745],[-116.167711,34.02753],[-116.16777,34.027599],[-116.168221,34.027946],[-116.168532,34.028092],[-116.168615,34.028184],[-116.169371,34.028531],[-116.169792,34.028455],[-116.17008,34.028541],[-116.170186,34.028678],[-116.170409,34.028794],[-116.170565,34.028669],[-116.170637,34.028598]]}},{"type":"Feature","properties":{"kind":"track"},"geometry":{"type":"LineString","coordinates":[[-116.174312,34.028602],[-116.174241,34.028506],[-116.1742,34.028396],[-116.174221,34.028301],[-116.174167,34.028224],[-116.173884,34.028037],[-116.173729,34.028112]]}},{"type":"Feature","properties":{"kind":"track"},"geometry":{"type":"LineString","coordinates":[[-116.171303,34.028725],[-116.171604,34.028841],[-116.172242,34.029001],[-116.172502,34.029004]]}},{"type":"Feature","properties":{"kind":"trail"},"geometry":{"type":"LineString","coordinates":[[-116.190399,33.970262],[-116.190892,33.969571],[-116.190901,33.969383],[-116.190727,33.968659]]}},{"type":"Feature","properties":{"kind":"trail","name":"Stubbe Springs Loop Trail","sac":"hiking","surface":"ground"},"geometry":{"type":"LineString","coordinates":[[-116.209673,33.970537],[-116.209845,33.970213],[-116.210202,33.969799],[-116.210328,33.96957],[-116.210382,33.969345],[-116.210526,33.969177],[-116.210696,33.969086],[-116.210805,33.968957],[-116.211351,33.968722],[-116.211499,33.968499],[-116.211684,33.968378],[-116.21183,33.968346],[-116.211852,33.968242],[-116.21175,33.968101],[-116.211765,33.967589],[-116.211879,33.967343],[-116.211924,33.967103],[-116.212236,33.966734],[-116.212201,33.965777],[-116.212271,33.965548],[-116.21237,33.965414],[-116.212815,33.965359],[-116.21304,33.96523],[-116.213078,33.965139],[-116.213373,33.964988],[-116.213476,33.964859],[-116.214022,33.964656],[-116.21415,33.964474],[-116.214496,33.964249],[-116.214668,33.964006],[-116.215078,33.963761],[-116.215658,33.963925],[-116.216307,33.963754],[-116.216485,33.963571],[-116.216495,33.962996],[-116.216597,33.962739],[-116.216626,33.962427],[-116.216769,33.961988],[-116.216993,33.961607],[-116.21712,33.961197],[-116.217082,33.960582],[-116.216706,33.960095],[-116.216705,33.959961],[-116.216554,33.959727],[-116.21634,33.959601],[-116.21617,33.959292],[-116.215592,33.95871],[-116.215537,33.958417],[-116.215095,33.957802],[-116.215058,33.957198],[-116.214926,33.957001],[-116.215032,33.956795],[-116.215047,33.956636],[-116.214932,33.956253],[-116.215034,33.956097],[-116.215067,33.955915],[-116.214971,33.955279],[-116.215169,33.955058],[-116.215294,33.954655],[-116.215464,33.954537],[-116.215521,33.954423],[-116.215524,33.954136],[-116.215615,33.953774],[-116.215591,33.953618],[-116.215694,33.953352],[-116.215877,33.953159],[-116.215908,33.952837],[-116.215858,33.952668],[-116.215571,33.952463],[-116.215501,33.952016],[-116.215306,33.951565],[-116.215333,33.951394],[-116.215458,33.951178],[-116.215352,33.95077],[-116.215356,33.950594],[-116.215533,33.950445],[-116.216028,33.950247],[-116.216121,33.950005],[-116.21651,33.949916],[-116.216721,33.949738],[-116.216819,33.949757],[-116.216972,33.9496],[-116.21709,33.949567],[-116.217213,33.949631],[-116.217492,33.949628],[-116.217773,33.949555],[-116.218294,33.94985],[-116.218613,33.950126],[-116.219713,33.950206],[-116.219768,33.950293],[-116.219756,33.95049],[-116.219863,33.95073]]}},{"type":"Feature","properties":{"kind":"trail","name":"Stubbe Springs Loop Trail","sac":"hiking","surface":"ground"},"geometry":{"type":"LineString","coordinates":[[-116.219863,33.95073],[-116.220038,33.950955],[-116.22016,33.952048],[-116.220285,33.952651],[-116.221204,33.953851],[-116.221529,33.954061],[-116.221944,33.954705],[-116.222061,33.954802],[-116.222287,33.954862],[-116.222549,33.954862],[-116.222702,33.954937],[-116.222837,33.954915],[-116.223198,33.955019],[-116.224074,33.955469],[-116.224778,33.955918],[-116.22661,33.956636],[-116.226926,33.956883],[-116.227079,33.95713],[-116.226791,33.957542],[-116.226746,33.957774],[-116.227413,33.958126],[-116.22726,33.958321],[-116.227305,33.95853],[-116.227829,33.95862],[-116.228392,33.95924],[-116.228715,33.959177],[-116.228885,33.959249],[-116.229137,33.959471],[-116.229427,33.959852]]}},{"type":"Feature","properties":{"kind":"trail","name":"Stubbe Springs Loop Trail","sac":"hiking","surface":"ground"},"geometry":{"type":"LineString","coordinates":[[-116.229013,33.979265],[-116.228815,33.979178],[-116.22841,33.979075],[-116.227402,33.979359],[-116.227029,33.979134],[-116.226873,33.9791],[-116.226326,33.979305],[-116.226038,33.979519],[-116.22569,33.979658],[-116.225568,33.979763],[-116.225006,33.979936],[-116.224763,33.979898],[-116.224634,33.979935],[-116.224081,33.979772],[-116.223771,33.9796],[-116.223024,33.978978],[-116.222554,33.978757],[-116.22203,33.978139],[-116.221871,33.978072],[-116.221379,33.977705],[-116.220572,33.977422],[-116.220038,33.977533],[-116.219604,33.977551],[-116.219403,33.977641],[-116.219167,33.978117],[-116.218945,33.978313],[-116.21894,33.978392]]}},{"type":"Feature","properties":{"kind":"trail","name":"Lucky Boy Vista Loop"},"geometry":{"type":"LineString","coordinates":[[-116.08248,34.017992],[-116.081364,34.017521],[-116.080617,34.017349],[-116.080307,34.017221],[-116.079034,34.017054],[-116.078834,34.016981],[-116.077994,34.016924],[-116.076869,34.016667],[-116.076483,34.016647],[-116.076096,34.016711],[-116.075992,34.01667],[-116.075716,34.016243],[-116.075335,34.015895],[-116.074545,34.015359],[-116.074304,34.015308],[-116.073938,34.015345],[-116.073144,34.015326],[-116.073038,34.015247],[-116.072881,34.014906],[-116.07262,34.014766],[-116.072502,34.014734],[-116.072138,34.01479],[-116.071122,34.014466],[-116.07087,34.014287],[-116.070361,34.013758],[-116.069871,34.013516],[-116.068659,34.013085],[-116.068048,34.012962],[-116.067744,34.012955],[-116.067381,34.012768],[-116.067103,34.012526],[-116.066471,34.012042],[-116.065178,34.011365]]}},{"type":"Feature","properties":{"kind":"trail","name":"Skull Rock Nature Trail","surface":"fine_gravel"},"geometry":{"type":"LineString","coordinates":[[-116.062129,33.992649],[-116.062036,33.992796],[-116.062047,33.992878],[-116.061716,33.993176],[-116.061742,33.993332],[-116.062341,33.99363],[-116.06243,33.993836],[-116.062443,33.994009],[-116.062586,33.994087],[-116.062722,33.994248],[-116.062732,33.994385],[-116.062883,33.994676],[-116.062829,33.994875],[-116.062673,33.995086],[-116.062493,33.995221],[-116.062079,33.995455],[-116.061697,33.995598],[-116.06151,33.995799],[-116.061227,33.995921],[-116.061104,33.996032],[-116.060915,33.996271],[-116.060905,33.996437],[-116.060833,33.996591],[-116.06047,33.996742],[-116.060429,33.99681],[-116.060503,33.997043],[-116.060451,33.997182],[-116.059724,33.997797],[-116.059849,33.997857]]}},{"type":"Feature","properties":{"kind":"trail"},"geometry":{"type":"LineString","coordinates":[[-116.067103,34.012526],[-116.066903,34.013067],[-116.066887,34.013694],[-116.067059,34.014125],[-116.067016,34.014406],[-116.066925,34.014583],[-116.066989,34.014792],[-116.066952,34.01493],[-116.067,34.015593],[-116.067161,34.015935],[-116.067193,34.01638],[-116.06707,34.01658],[-116.067236,34.016695],[-116.067322,34.016949],[-116.067773,34.017682],[-116.068527,34.017811],[-116.068771,34.018049],[-116.068927,34.018436],[-116.069064,34.018627],[-116.069201,34.018734],[-116.069559,34.018842],[-116.069904,34.018842],[-116.070046,34.018948],[-116.070198,34.019376],[-116.070481,34.01963],[-116.07074,34.019643],[-116.071065,34.019789],[-116.07118,34.019589],[-116.07118,34.019252],[-116.071042,34.018772],[-116.071042,34.018512],[-116.071165,34.018362],[-116.071556,34.018154],[-116.071721,34.018165],[-116.072109,34.018388],[-116.072492,34.018696],[-116.072686,34.019005],[-116.073,34.019157],[-116.073498,34.019174],[-116.074069,34.01897],[-116.074447,34.018618],[-116.074735,34.018453],[-116.075112,34.018462],[-116.075605,34.018788],[-116.076024,34.019205],[-116.076334,34.019661],[-116.0767,34.019939],[-116.076894,34.020013],[-116.077028,34.020004],[-116.077235,34.019819],[-116.077659,34.019257],[-116.07815,34.019242],[-116.078359,34.019365],[-116.078598,34.019594],[-116.078731,34.020132],[-116.0787,34.020519],[-116.078606,34.020919],[-116.078469,34.021296],[-116.077898,34.021861],[-116.077688,34.0225],[-116.077515,34.022643],[-116.077694,34.023054],[-116.077713,34.023314],[-116.07782,34.023466]]}},{"type":"Feature","properties":{"kind":"trail","name":"Pine City Trail"},"geometry":{"type":"LineString","coordinates":[[-116.077665,34.023564],[-116.078309,34.024523],[-116.078492,34.025183],[-116.078497,34.025505],[-116.078199,34.026421],[-116.077973,34.026834],[-116.077968,34.027051],[-116.077863,34.027338],[-116.077863,34.027488],[-116.077971,34.027809],[-116.07795,34.027916],[-116.077551,34.028129],[-116.077499,34.028268],[-116.077588,34.028539],[-116.077481,34.028865],[-116.077352,34.029071],[-116.076498,34.030044],[-116.076422,34.030261],[-116.076511,34.030416],[-116.076561,34.030754],[-116.076233,34.031078],[-116.076223,34.031404],[-116.075845,34.032112],[-116.075382,34.032574],[-116.074899,34.033569],[-116.07469,34.033854],[-116.074635,34.033995],[-116.074661,34.034199],[-116.074496,34.034807],[-116.074582,34.035443],[-116.074367,34.03596],[-116.074302,34.036421],[-116.074205,34.03659],[-116.073956,34.036894],[-116.073675,34.037068],[-116.073411,34.037137],[-116.072868,34.037459],[-116.072806,34.037912],[-116.072509,34.038251],[-116.072289,34.038386],[-116.072103,34.038687],[-116.071695,34.039149],[-116.071544,34.039429],[-116.071317,34.039666],[-116.071067,34.039776],[-116.070884,34.040016],[-116.07053,34.04034],[-116.070324,34.040737],[-116.070344,34.041154],[-116.070133,34.041336],[-116.069894,34.041643],[-116.06991,34.041695],[-116.070031,34.04192],[-116.070464,34.042075],[-116.070602,34.042231],[-116.070619,34.042427],[-116.070494,34.042692],[-116.070521,34.043161],[-116.070462,34.043544],[-116.070235,34.044254],[-116.069928,34.044674],[-116.069432,34.0452],[-116.069131,34.045373],[-116.068961,34.045553],[-116.06894,34.04575],[-116.068757,34.046087],[-116.068361,34.046604],[-116.067997,34.046769],[-116.067949,34.047152],[-116.067866,34.047256],[-116.067711,34.047331],[-116.067641,34.047474],[-116.067307,34.047837]]}},{"type":"Feature","properties":{"kind":"road","surface":"gravel"},"geometry":{"type":"LineString","coordinates":[[-116.05582,34.009502],[-116.053726,34.007833],[-116.052662,34.006924],[-116.051924,34.006585],[-116.051736,34.006448],[-116.051668,34.006217],[-116.051785,34.00589],[-116.051772,34.005724],[-116.051325,34.00507],[-116.05121,34.004506],[-116.05101,34.004049],[-116.050917,34.003704]]}},{"type":"Feature","properties":{"kind":"trail"},"geometry":{"type":"LineString","coordinates":[[-116.077713,34.023314],[-116.07761,34.023382],[-116.077496,34.023641],[-116.077438,34.023804],[-116.077464,34.023912],[-116.077612,34.024073],[-116.077616,34.024165],[-116.077412,34.024326],[-116.077332,34.024569],[-116.077259,34.024605],[-116.077091,34.024859],[-116.077129,34.025073],[-116.077004,34.025545],[-116.076724,34.025676],[-116.076527,34.026045],[-116.076508,34.026463],[-116.076546,34.026608],[-116.076451,34.026694]]}},{"type":"Feature","properties":{"kind":"trail","surface":"fine_gravel"},"geometry":{"type":"LineString","coordinates":[[-116.059724,33.997797],[-116.059533,33.998002],[-116.059477,33.998114],[-116.059512,33.998158]]}},{"type":"Feature","properties":{"kind":"trail","surface":"unpaved"},"geometry":{"type":"LineString","coordinates":[[-116.066006,33.99418],[-116.065474,33.993863]]}},{"type":"Feature","properties":{"kind":"trail","name":"Split Rock Trail","surface":"dirt"},"geometry":{"type":"LineString","coordinates":[[-116.05582,34.009502],[-116.055923,34.00972],[-116.056094,34.00985],[-116.056073,34.009929],[-116.05597,34.010008],[-116.056119,34.010089],[-116.056143,34.010397],[-116.0562,34.010449],[-116.056105,34.010919],[-116.056234,34.011323],[-116.056222,34.01142],[-116.056179,34.011532],[-116.056056,34.011612],[-116.056131,34.01198],[-116.056335,34.012487],[-116.056352,34.012805],[-116.056306,34.01288],[-116.056291,34.013168],[-116.056365,34.013462],[-116.056483,34.013661],[-116.05676,34.013816],[-116.057636,34.013209],[-116.058109,34.012972],[-116.058528,34.012638],[-116.058767,34.0125],[-116.05914,34.012381],[-116.059353,34.012235],[-116.059417,34.011874],[-116.059639,34.011742],[-116.059787,34.011744],[-116.059971,34.011646],[-116.060335,34.011361],[-116.060415,34.011159],[-116.060418,34.010955],[-116.060263,34.01064],[-116.060256,34.010342],[-116.060165,34.010016],[-116.060223,34.009806],[-116.060437,34.009512],[-116.060489,34.009174],[-116.060298,34.008727],[-116.060149,34.008103],[-116.05992,34.007661],[-116.059526,34.007114],[-116.059785,34.006709],[-116.059707,34.00636],[-116.06008,34.006085],[-116.060321,34.005654],[-116.060819,34.005208],[-116.060877,34.005072],[-116.060781,34.004049],[-116.060725,34.00385],[-116.060753,34.002963],[-116.060659,34.002819],[-116.060528,34.002762],[-116.060415,34.002775],[-116.060097,34.002986],[-116.059682,34.003121],[-116.059359,34.003422],[-116.059067,34.003514],[-116.058729,34.003491],[-116.058404,34.003658],[-116.058346,34.003794],[-116.05761,34.004022],[-116.057532,34.004303],[-116.05785,34.004701],[-116.057833,34.004995],[-116.057946,34.005114],[-116.058515,34.005225],[-116.058548,34.00528],[-116.058277,34.005658],[-116.058231,34.006151],[-116.057939,34.006347],[-116.057815,34.006501],[-116.057806,34.00701],[-116.057697,34.007116],[-116.057706,34.007409],[-116.057512,34.007539],[-116.057094,34.007703],[-116.056725,34.008135],[-116.05663,34.008294],[-116.056618,34.008427],[-116.056425,34.008688],[-116.056186,34.008864],[-116.055984,34.009015],[-116.055886,34.009169],[-116.055946,34.009367],[-116.05582,34.009502]]}},{"type":"Feature","properties":{"kind":"trail"},"geometry":{"type":"LineString","coordinates":[[-116.145483,33.999459],[-116.145776,33.999651],[-116.145922,33.999591],[-116.146265,33.999127]]}},{"type":"Feature","properties":{"kind":"trail"},"geometry":{"type":"LineString","coordinates":[[-116.145044,33.998781],[-116.145253,33.998945],[-116.145523,33.999062],[-116.145681,33.999253],[-116.145776,33.999651]]}},{"type":"Feature","properties":{"kind":"trail"},"geometry":{"type":"LineString","coordinates":[[-116.157151,33.99595],[-116.156739,33.996254],[-116.156003,33.996519],[-116.156017,33.996639],[-116.155409,33.996878],[-116.155044,33.997151],[-116.154604,33.997303]]}},{"type":"Feature","properties":{"kind":"trail"},"geometry":{"type":"LineString","coordinates":[[-116.149387,33.985464],[-116.15,33.98536],[-116.150204,33.985521],[-116.150309,33.985521],[-116.150716,33.985666],[-116.150882,33.985629],[-116.150952,33.985467],[-116.151423,33.985481],[-116.151599,33.985555]]}},{"type":"Feature","properties":{"kind":"trail","name":"Lost Horse Trail"},"geometry":{"type":"LineString","coordinates":[[-116.15396,33.98891],[-116.154409,33.989345],[-116.155278,33.990335],[-116.156179,33.991137],[-116.157281,33.992048],[-116.15843,33.99274],[-116.160398,33.994534],[-116.161133,33.995091],[-116.161714,33.995672],[-116.162556,33.996366],[-116.162805,33.99671],[-116.163113,33.996973]]}},{"type":"Feature","properties":{"kind":"trail"},"geometry":{"type":"LineString","coordinates":[[-116.145577,33.998789],[-116.145523,33.999062]]}},{"type":"Feature","properties":{"kind":"trail","surface":"dirt"},"geometry":{"type":"LineString","coordinates":[[-116.145535,34.000372],[-116.145693,34.000535],[-116.146066,34.000588],[-116.146624,34.000435],[-116.146662,34.000333],[-116.146859,34.000179],[-116.147032,34.000049],[-116.147034,33.999909],[-116.147193,33.999811],[-116.14766,33.999165],[-116.147729,33.999037],[-116.147934,33.998872],[-116.147963,33.998791],[-116.147871,33.998549],[-116.147537,33.998302],[-116.147391,33.998255],[-116.147136,33.998278],[-116.147048,33.998316],[-116.146901,33.9985],[-116.146689,33.998563],[-116.146411,33.999025],[-116.146265,33.999127],[-116.145915,33.999015],[-116.145577,33.998789],[-116.145464,33.998685],[-116.145171,33.998559],[-116.145135,33.998543],[-116.144995,33.998671]]}},{"type":"Feature","properties":{"kind":"trail"},"geometry":{"type":"LineString","coordinates":[[-116.163114,33.996701],[-116.162805,33.99671],[-116.162289,33.996665],[-116.161584,33.996358],[-116.160215,33.996255],[-116.158579,33.995989],[-116.158194,33.995781],[-116.15751,33.995759],[-116.157338,33.995894],[-116.157151,33.99595],[-116.156576,33.996004],[-116.155743,33.995894],[-116.155515,33.995973],[-116.155444,33.996068],[-116.155507,33.996264],[-116.155085,33.996338],[-116.154409,33.996336],[-116.154295,33.99649],[-116.154253,33.996637]]}},{"type":"Feature","properties":{"kind":"trail"},"geometry":{"type":"LineString","coordinates":[[-116.13647,34.002557],[-116.136662,34.002221],[-116.136822,34.002088]]}},{"type":"Feature","properties":{"kind":"trail"},"geometry":{"type":"LineString","coordinates":[[-116.147934,33.998872],[-116.148011,33.999075],[-116.14797,33.999215],[-116.147736,33.999571],[-116.147695,34.00004]]}},{"type":"Feature","properties":{"kind":"trail","name":"Echo Tee Trail"},"geometry":{"type":"LineString","coordinates":[[-116.152075,33.990257],[-116.152396,33.991435],[-116.15252,33.991608],[-116.152843,33.992665],[-116.153425,33.994134],[-116.153857,33.995584],[-116.154253,33.996637],[-116.154347,33.996924],[-116.154604,33.997303],[-116.155372,33.998556],[-116.156355,33.99976],[-116.157008,34.00065],[-116.157499,34.001412],[-116.157617,34.00195],[-116.157996,34.002648],[-116.158399,34.003773],[-116.158483,34.00411],[-116.158497,34.004489],[-116.158753,34.004831],[-116.159211,34.0057],[-116.159744,34.007315],[-116.160076,34.008112],[-116.160457,34.009485],[-116.160612,34.010278],[-116.160638,34.010742],[-116.160437,34.01146],[-116.160259,34.012627],[-116.160334,34.013341],[-116.160224,34.013682],[-116.160158,34.014122],[-116.16021,34.014962],[-116.160144,34.015366],[-116.160123,34.01608],[-116.159956,34.016383],[-116.15985,34.016681],[-116.159854,34.016804]]}},{"type":"Feature","properties":{"kind":"trail"},"geometry":{"type":"LineString","coordinates":[[-116.150309,33.985521],[-116.150116,33.985112],[-116.149855,33.984882],[-116.149664,33.984593],[-116.149572,33.984517],[-116.149439,33.98449],[-116.149339,33.984369],[-116.149332,33.984338],[-116.149418,33.984111],[-116.14935,33.983614],[-116.149014,33.983632],[-116.148566,33.98363],[-116.148016,33.983718]]}},{"type":"Feature","properties":{"kind":"trail"},"geometry":{"type":"LineString","coordinates":[[-116.149332,33.984338],[-116.149079,33.984297],[-116.148845,33.984191],[-116.148732,33.98415],[-116.148577,33.98425],[-116.147499,33.984362],[-116.14722,33.984335],[-116.146548,33.984519],[-116.146358,33.984585]]}},{"type":"Feature","properties":{"kind":"trail"},"geometry":{"type":"LineString","coordinates":[[-116.14722,33.984335],[-116.147518,33.983985]]}},{"type":"Feature","properties":{"kind":"trail"},"geometry":{"type":"LineString","coordinates":[[-116.149481,33.983528],[-116.14935,33.983614],[-116.149122,33.983841],[-116.148845,33.984191]]}},{"type":"Feature","properties":{"kind":"trail"},"geometry":{"type":"LineString","coordinates":[[-116.146548,33.984519],[-116.146721,33.984615],[-116.146849,33.984772],[-116.146831,33.984933]]}},{"type":"Feature","properties":{"kind":"road"},"geometry":{"type":"LineString","coordinates":[[-116.265955,34.093768],[-116.266045,34.093422],[-116.266363,34.092975],[-116.266372,34.092785],[-116.266249,34.092641]]}},{"type":"Feature","properties":{"kind":"road"},"geometry":{"type":"LineString","coordinates":[[-116.268972,34.093418],[-116.268963,34.093065],[-116.268983,34.092077],[-116.268957,34.091935],[-116.268852,34.091831],[-116.267673,34.091838],[-116.26706,34.091904],[-116.266962,34.091859],[-116.266961,34.091796],[-116.267464,34.091673],[-116.267677,34.091536],[-116.268302,34.091315],[-116.268549,34.091143],[-116.268936,34.09102],[-116.269187,34.090924],[-116.269299,34.090817]]}},{"type":"Feature","properties":{"kind":"trail"},"geometry":{"type":"LineString","coordinates":[[-116.268936,34.09102],[-116.268085,34.090776],[-116.268115,34.090566],[-116.268407,34.090552]]}},{"type":"Feature","properties":{"kind":"trail","name":"Johnny Lang Canyon"},"geometry":{"type":"LineString","coordinates":[[-116.228179,34.045326],[-116.228287,34.045032],[-116.228765,34.044298],[-116.228963,34.043863],[-116.229243,34.043535],[-116.229733,34.043158],[-116.230269,34.042453],[-116.230584,34.041844],[-116.231074,34.041235],[-116.231284,34.041061],[-116.23147,34.040492],[-116.231528,34.039989],[-116.231517,34.039641],[-116.23105,34.038897],[-116.231004,34.03852],[-116.230712,34.037883],[-116.229943,34.036559],[-116.229535,34.03596],[-116.228998,34.035361],[-116.228614,34.03481],[-116.22845,34.034482],[-116.228404,34.033622],[-116.228171,34.033177],[-116.227471,34.03282],[-116.226841,34.032588],[-116.226387,34.03225],[-116.226002,34.031883],[-116.22578,34.031767],[-116.225524,34.031767],[-116.225046,34.032192],[-116.224766,34.032105],[-116.2243,34.031612],[-116.224043,34.031081],[-116.224125,34.030598],[-116.22388,34.029921],[-116.223553,34.029815],[-116.223017,34.029496],[-116.222702,34.029109],[-116.222551,34.028607],[-116.222481,34.02795],[-116.222387,34.02767],[-116.221921,34.027544],[-116.221513,34.027525],[-116.221327,34.027389],[-116.22128,34.026829],[-116.221105,34.026568],[-116.22086,34.026336],[-116.220545,34.025602],[-116.220172,34.025273],[-116.219811,34.025032],[-116.219636,34.024703],[-116.219566,34.023486],[-116.219344,34.023283],[-116.218761,34.022945],[-116.21854,34.022655],[-116.218703,34.022336],[-116.219018,34.022046],[-116.219508,34.021794],[-116.219823,34.021543],[-116.219962,34.021253],[-116.220102,34.020741],[-116.220277,34.020538],[-116.220417,34.020258],[-116.220452,34.019833],[-116.220977,34.019436],[-116.221047,34.019263],[-116.220895,34.019011],[-116.220417,34.018712],[-116.219916,34.018306],[-116.219694,34.017707],[-116.219601,34.017272],[-116.219333,34.017021],[-116.218878,34.01645],[-116.218618,34.015564]]}},{"type":"Feature","properties":{"kind":"trail"},"geometry":{"type":"LineString","coordinates":[[-116.234547,34.045032],[-116.234677,34.045341],[-116.23477,34.046037],[-116.23498,34.04653],[-116.235668,34.047998],[-116.235912,34.048162]]}},{"type":"Feature","properties":{"kind":"track"},"geometry":{"type":"LineString","coordinates":[[-116.248263,34.044094],[-116.250032,34.043902],[-116.25037,34.043602],[-116.250965,34.043313],[-116.251198,34.043052],[-116.251396,34.042916],[-116.252655,34.042501],[-116.2536,34.041941],[-116.254626,34.041467],[-116.256037,34.041554],[-116.256573,34.041496],[-116.256993,34.041322],[-116.25698,34.041052],[-116.256934,34.040115],[-116.257156,34.039612],[-116.257646,34.039168],[-116.25782,34.038849]]}},{"type":"Feature","properties":{"kind":"trail"},"geometry":{"type":"LineString","coordinates":[[-116.25698,34.041052],[-116.257226,34.041322],[-116.258217,34.04281],[-116.25936,34.043931],[-116.259826,34.044829],[-116.260281,34.045438],[-116.260933,34.04596],[-116.261307,34.046153],[-116.261586,34.046433],[-116.262263,34.047525],[-116.262531,34.048114],[-116.263499,34.049254],[-116.263825,34.049921],[-116.264175,34.050307],[-116.265411,34.051379],[-116.265842,34.05194]]}},{"type":"Feature","properties":{"kind":"trail"},"geometry":{"type":"LineString","coordinates":[[-116.283318,34.092213],[-116.282503,34.092145],[-116.281454,34.091971],[-116.280615,34.09174],[-116.279169,34.091692],[-116.278819,34.091614],[-116.278446,34.091392],[-116.277641,34.090552],[-116.27735,34.090388],[-116.275438,34.089867],[-116.275263,34.089451]]}},{"type":"Feature","properties":{"kind":"track"},"geometry":{"type":"LineString","coordinates":[[-116.274588,34.092957],[-116.274458,34.090456],[-116.274785,34.089973],[-116.275263,34.089451],[-116.275484,34.089036],[-116.275321,34.088563],[-116.275438,34.088158],[-116.275426,34.087877],[-116.275158,34.087404],[-116.274808,34.08696],[-116.274283,34.08668],[-116.273677,34.086468],[-116.272803,34.086284],[-116.272092,34.085782],[-116.27166,34.085743],[-116.270984,34.085483]]}},{"type":"Feature","properties":{"kind":"trail"},"geometry":{"type":"LineString","coordinates":[[-116.25936,34.043931],[-116.25961,34.043951],[-116.260042,34.043825],[-116.261954,34.043632],[-116.262514,34.043642],[-116.262817,34.043564],[-116.264041,34.043535],[-116.265988,34.0434],[-116.266804,34.04313]]}},{"type":"Feature","properties":{"kind":"road","name":"Park Boulevard","surface":"asphalt"},"geometry":{"type":"LineString","coordinates":[[-116.056531,34.000106],[-116.055937,34.000466],[-116.055449,34.000753],[-116.052251,34.002569],[-116.050344,34.003336],[-116.049827,34.003587],[-116.049257,34.003934],[-116.048052,34.004795],[-116.04404,34.007125],[-116.043079,34.007627],[-116.041829,34.008156],[-116.040978,34.008585],[-116.036852,34.010946],[-116.036479,34.011204],[-116.035654,34.011928],[-116.035069,34.012341],[-116.031895,34.014273],[-116.03035,34.015142],[-116.029038,34.015652],[-116.028558,34.015942],[-116.028253,34.01623],[-116.027176,34.017581],[-116.026585,34.018034],[-116.026261,34.018195],[-116.025793,34.01834],[-116.022743,34.018888],[-116.021197,34.019295],[-116.020902,34.019439],[-116.020479,34.019741],[-116.019638,34.020588]]}},{"type":"Feature","properties":{"kind":"road","name":"Park Boulevard","surface":"asphalt"},"geometry":{"type":"LineString","coordinates":[[-116.057382,33.999558],[-116.056531,34.000106]]}},{"type":"Feature","properties":{"kind":"road","surface":"asphalt"},"geometry":{"type":"LineString","coordinates":[[-116.163703,33.988901],[-116.163697,33.989064],[-116.163792,33.989307],[-116.163959,33.989305]]}},{"type":"Feature","properties":{"kind":"trail","surface":"dirt"},"geometry":{"type":"LineString","coordinates":[[-116.16339,33.989236],[-116.163369,33.989368]]}},{"type":"Feature","properties":{"kind":"trail","surface":"dirt"},"geometry":{"type":"LineString","coordinates":[[-116.163559,33.98914],[-116.163685,33.989423]]}},{"type":"Feature","properties":{"kind":"trail","name":"Cap Rock Nature Trail","surface":"dirt"},"geometry":{"type":"LineString","coordinates":[[-116.163473,33.989195],[-116.163559,33.98914],[-116.1636,33.989131]]}},{"type":"Feature","properties":{"kind":"road","surface":"asphalt"},"geometry":{"type":"LineString","coordinates":[[-116.112574,34.119728],[-116.112004,34.119311],[-116.111845,34.119314],[-116.111827,34.119443],[-116.112336,34.119804],[-116.112574,34.119728]]}},{"type":"Feature","properties":{"kind":"trail","name":"Wall Street Mill Trail","surface":"ground"},"geometry":{"type":"LineString","coordinates":[[-116.140775,34.026472],[-116.140959,34.026729],[-116.140975,34.026964],[-116.14094,34.026991],[-116.140632,34.027316],[-116.140503,34.027342],[-116.140224,34.02752],[-116.13995,34.027596],[-116.139779,34.027711],[-116.139698,34.02784],[-116.13973,34.027956],[-116.13965,34.028067],[-116.139317,34.028258],[-116.13899,34.028285],[-116.138883,34.028236],[-116.138734,34.028074]]}},{"type":"Feature","properties":{"kind":"trail"},"geometry":{"type":"LineString","coordinates":[[-116.107869,34.035118],[-116.107819,34.035214],[-116.107929,34.035539],[-116.108044,34.035651],[-116.108073,34.035755],[-116.108334,34.035879],[-116.108741,34.036216],[-116.108499,34.036566],[-116.108304,34.037081],[-116.108403,34.03726],[-116.108622,34.03733],[-116.108742,34.037436],[-116.109104,34.037602],[-116.109308,34.03784],[-116.109399,34.038336],[-116.109785,34.038587],[-116.109801,34.038938],[-116.109707,34.039138],[-116.109637,34.039633],[-116.109536,34.039801],[-116.1093,34.039967],[-116.109176,34.040152],[-116.108828,34.040439],[-116.108433,34.040888],[-116.108275,34.041371],[-116.107944,34.04178],[-116.10791,34.041989],[-116.107782,34.042261],[-116.108055,34.042644],[-116.108062,34.042779],[-116.10787,34.043439],[-116.108044,34.043667],[-116.10829,34.043844],[-116.108288,34.044054],[-116.108447,34.044304],[-116.108605,34.044374],[-116.108608,34.044497],[-116.108425,34.04463],[-116.108205,34.04495],[-116.107964,34.045114],[-116.107824,34.045061],[-116.107459,34.045156]]}},{"type":"Feature","properties":{"kind":"road","surface":"dirt"},"geometry":{"type":"LineString","coordinates":[[-116.13861,34.028189],[-116.138715,34.028092],[-116.138734,34.028074],[-116.139904,34.027001],[-116.140527,34.026249],[-116.140489,34.025078],[-116.140363,34.024712]]}},{"type":"Feature","properties":{"kind":"trail"},"geometry":{"type":"LineString","coordinates":[[-116.106454,34.117448],[-116.106258,34.117566]]}},{"type":"Feature","properties":{"kind":"trail"},"geometry":{"type":"LineString","coordinates":[[-116.138603,34.030006],[-116.138563,34.030061],[-116.138203,34.030021]]}},{"type":"Feature","properties":{"kind":"trail"},"geometry":{"type":"LineString","coordinates":[[-116.138402,34.029868],[-116.138603,34.030006],[-116.138808,34.030217]]}},{"type":"Feature","properties":{"kind":"track","surface":"unpaved"},"geometry":{"type":"LineString","coordinates":[[-116.29092,34.090459],[-116.290878,34.089854],[-116.290465,34.089572]]}},{"type":"Feature","properties":{"kind":"trail"},"geometry":{"type":"LineString","coordinates":[[-116.185612,33.990825],[-116.185462,33.990786],[-116.184939,33.990322],[-116.18471,33.990345],[-116.184547,33.990589],[-116.184878,33.991355],[-116.185215,33.991703]]}},{"type":"Feature","properties":{"kind":"trail"},"geometry":{"type":"LineString","coordinates":[[-116.168081,34.044038],[-116.167642,34.044031],[-116.167472,34.044072],[-116.167455,34.044148],[-116.167614,34.044218],[-116.167855,34.044166],[-116.168081,34.044038]]}},{"type":"Feature","properties":{"kind":"trail"},"geometry":{"type":"LineString","coordinates":[[-116.193546,34.0391],[-116.193743,34.039886],[-116.193748,34.040205],[-116.194781,34.040432],[-116.194961,34.040291],[-116.195463,34.040288],[-116.195689,34.040208],[-116.196168,34.040161],[-116.196216,34.040116],[-116.196401,34.040083]]}},{"type":"Feature","properties":{"kind":"trail","surface":"gravel"},"geometry":{"type":"LineString","coordinates":[[-116.214377,34.04569],[-116.214887,34.046264]]}},{"type":"Feature","properties":{"kind":"trail"},"geometry":{"type":"LineString","coordinates":[[-116.200571,34.038585],[-116.200467,34.038695],[-116.200323,34.038734],[-116.199904,34.039025],[-116.1998,34.039049],[-116.199734,34.039145],[-116.199537,34.039242],[-116.199477,34.03938],[-116.199178,34.039493],[-116.198917,34.039693],[-116.198647,34.039752],[-116.198306,34.040052],[-116.198043,34.040169]]}},{"type":"Feature","properties":{"kind":"trail"},"geometry":{"type":"LineString","coordinates":[[-116.195767,34.040096],[-116.196216,34.040116]]}},{"type":"Feature","properties":{"kind":"trail"},"geometry":{"type":"LineString","coordinates":[[-116.197114,34.039813],[-116.197988,34.039195],[-116.198263,34.038859],[-116.198328,34.038687],[-116.198544,34.038472],[-116.198595,34.038398],[-116.198576,34.038351],[-116.198913,34.038132],[-116.199264,34.037787],[-116.19923,34.037478],[-116.199486,34.037073],[-116.199837,34.036746],[-116.199878,34.036656],[-116.199854,34.03647],[-116.199989,34.036382],[-116.200015,34.036135],[-116.200417,34.035555],[-116.200561,34.035044],[-116.200888,34.034536],[-116.201136,34.034354],[-116.201343,34.034075],[-116.20142,34.033866],[-116.20129,34.033744]]}},{"type":"Feature","properties":{"kind":"trail","surface":"ground"},"geometry":{"type":"LineString","coordinates":[[-116.141315,34.024953],[-116.141354,34.0251],[-116.141424,34.025153],[-116.141653,34.025191],[-116.141873,34.025167]]}},{"type":"Feature","properties":{"kind":"road","name":"Hidden Valley Campground Road","surface":"asphalt"},"geometry":{"type":"LineString","coordinates":[[-116.161569,34.014557],[-116.161745,34.01474],[-116.161828,34.014932],[-116.161805,34.015055],[-116.161531,34.015529],[-116.161307,34.015855],[-116.161253,34.016129],[-116.161256,34.016182]]}},{"type":"Feature","properties":{"kind":"road","name":"Park Boulevard","surface":"asphalt"},"geometry":{"type":"LineString","coordinates":[[-116.163291,33.991738],[-116.162827,33.991202]]}},{"type":"Feature","properties":{"kind":"road","name":"Park Boulevard","surface":"asphalt"},"geometry":{"type":"LineString","coordinates":[[-116.163291,33.991738],[-116.163564,33.992222],[-116.1637,33.992695]]}},{"type":"Feature","properties":{"kind":"road","name":"Ryan Mountain Campground Road","surface":"asphalt"},"geometry":{"type":"LineString","coordinates":[[-116.155146,33.988447],[-116.155185,33.988648]]}},{"type":"Feature","properties":{"kind":"track","surface":"asphalt"},"geometry":{"type":"LineString","coordinates":[[-116.117198,34.005431],[-116.117328,34.005599]]}},{"type":"Feature","properties":{"kind":"track","surface":"unpaved"},"geometry":{"type":"LineString","coordinates":[[-116.118394,34.007232],[-116.118266,34.007469],[-116.118068,34.007535],[-116.118017,34.00772],[-116.118138,34.007804],[-116.118323,34.007751],[-116.118266,34.007469]]}},{"type":"Feature","properties":{"kind":"road","surface":"unpaved"},"geometry":{"type":"LineString","coordinates":[[-116.141772,34.086393],[-116.142382,34.086312],[-116.142698,34.086399],[-116.142943,34.08661]]}},{"type":"Feature","properties":{"kind":"road","name":"Indian Cove Circle"},"geometry":{"type":"LineString","coordinates":[[-116.156461,34.093282],[-116.156576,34.093599],[-116.156729,34.093834]]}},{"type":"Feature","properties":{"kind":"road","name":"Indian Cove Mountain Road","surface":"asphalt"},"geometry":{"type":"LineString","coordinates":[[-116.156729,34.093834],[-116.156405,34.09389]]}},{"type":"Feature","properties":{"kind":"road","surface":"asphalt"},"geometry":{"type":"LineString","coordinates":[[-116.155493,34.119854],[-116.155822,34.119874]]}},{"type":"Feature","properties":{"kind":"road","surface":"asphalt"},"geometry":{"type":"LineString","coordinates":[[-116.15521,34.120306],[-116.155344,34.120279],[-116.155506,34.120169],[-116.155534,34.119921],[-116.155493,34.119854],[-116.15529,34.119788]]}},{"type":"Feature","properties":{"kind":"trail","name":"Indian Cove Trail","sac":"hiking","surface":"ground"},"geometry":{"type":"LineString","coordinates":[[-116.167545,34.095203],[-116.167467,34.095999],[-116.167662,34.095838],[-116.167974,34.095701],[-116.168242,34.095423],[-116.168529,34.095272],[-116.168746,34.095067],[-116.16895,34.095046],[-116.169202,34.095112],[-116.169671,34.095128],[-116.170106,34.09501],[-116.170264,34.09505],[-116.170342,34.095123]]}},{"type":"Feature","properties":{"kind":"steps","name":"Indian Cove Trail","sac":"hiking","surface":"unpaved"},"geometry":{"type":"LineString","coordinates":[[-116.170468,34.095159],[-116.170342,34.095123]]}},{"type":"Feature","properties":{"kind":"road","surface":"unpaved"},"geometry":{"type":"LineString","coordinates":[[-116.15929,34.094422],[-116.159287,34.094481],[-116.159322,34.094629],[-116.159378,34.094684],[-116.159454,34.094707],[-116.159534,34.094698],[-116.159563,34.09467],[-116.15976,34.094454]]}},{"type":"Feature","properties":{"kind":"road","name":"Indian Cove Road","surface":"asphalt"},"geometry":{"type":"LineString","coordinates":[[-116.155196,34.120506],[-116.155196,34.121421],[-116.155176,34.122363],[-116.155175,34.123121],[-116.155149,34.127799]]}},{"type":"Feature","properties":{"kind":"road","surface":"unpaved"},"geometry":{"type":"LineString","coordinates":[[-116.166062,34.094564],[-116.16603,34.094603],[-116.165971,34.094658],[-116.165949,34.09469]]}},{"type":"Feature","properties":{"kind":"track","surface":"unpaved"},"geometry":{"type":"LineString","coordinates":[[-116.271297,34.125934],[-116.271297,34.125521],[-116.271226,34.125355],[-116.271186,34.124911],[-116.271235,34.124654],[-116.271186,34.124467],[-116.271263,34.124067],[-116.271286,34.122679],[-116.271191,34.122288]]}},{"type":"Feature","properties":{"kind":"trail","name":"Big Pine Trail"},"geometry":{"type":"LineString","coordinates":[[-116.194402,34.089537],[-116.194461,34.089453],[-116.194589,34.089415],[-116.19476,34.089279],[-116.194688,34.089067],[-116.19475,34.088985],[-116.195172,34.088885],[-116.195595,34.088676],[-116.195611,34.08835],[-116.195718,34.088207],[-116.195944,34.088142],[-116.195961,34.08806],[-116.196152,34.087902],[-116.19614,34.087827],[-116.196235,34.087766],[-116.19665,34.087781],[-116.196832,34.087671],[-116.196959,34.087685],[-116.197341,34.087559],[-116.198541,34.08773],[-116.199184,34.087905],[-116.199645,34.087874],[-116.200322,34.088104],[-116.20055,34.088102],[-116.200675,34.088157],[-116.200775,34.088378],[-116.200938,34.088362],[-116.201069,34.08842],[-116.201157,34.088542],[-116.201264,34.088597],[-116.201345,34.088789],[-116.201796,34.089243],[-116.201788,34.089359],[-116.202301,34.089766],[-116.202347,34.089791],[-116.202473,34.089515],[-116.202576,34.089437],[-116.203076,34.08961],[-116.203567,34.090058],[-116.203464,34.090273],[-116.203573,34.090424],[-116.203626,34.090325],[-116.203749,34.090382],[-116.203847,34.090371],[-116.204166,34.090221],[-116.204366,34.090058],[-116.204536,34.090047],[-116.205123,34.089699],[-116.205483,34.08959],[-116.20572,34.089613],[-116.206034,34.089545],[-116.20636,34.08931],[-116.20666,34.089248],[-116.207587,34.088732],[-116.207283,34.087596],[-116.207198,34.087484],[-116.207226,34.087188],[-116.207301,34.087093],[-116.207636,34.086955],[-116.208174,34.086912],[-116.208521,34.087059],[-116.208876,34.086797],[-116.209097,34.086346],[-116.209313,34.086301],[-116.209386,34.086217],[-116.209839,34.086054],[-116.209978,34.086112],[-116.21064,34.086007],[-116.211126,34.085667],[-116.211739,34.085442],[-116.211932,34.085285],[-116.212184,34.085233],[-116.212258,34.08515],[-116.212255,34.08507],[-116.212373,34.084966],[-116.212353,34.08487],[-116.212393,34.08478],[-116.212598,34.084482],[-116.212837,34.084385],[-116.212979,34.08419],[-116.213135,34.084107],[-116.213324,34.084123],[-116.213463,34.084199],[-116.213566,34.084171],[-116.214187,34.084279],[-116.214912,34.084248],[-116.215284,34.084304]]}},{"type":"Feature","properties":{"kind":"trail","name":"North View"},"geometry":{"type":"LineString","coordinates":[[-116.24025,34.080958],[-116.23993,34.081099],[-116.239797,34.081286],[-116.239513,34.081406],[-116.239429,34.081526],[-116.239488,34.081815],[-116.239582,34.081891],[-116.239688,34.08186],[-116.239724,34.081936],[-116.239693,34.082113],[-116.239607,34.082217],[-116.239621,34.082294],[-116.239722,34.08239],[-116.239605,34.082679],[-116.239113,34.083356],[-116.239082,34.083552],[-116.23895,34.08363],[-116.239043,34.083789],[-116.238905,34.084013],[-116.23868,34.084067],[-116.238485,34.084433],[-116.238487,34.084655],[-116.238766,34.084928],[-116.238852,34.085339],[-116.238785,34.085494],[-116.238816,34.085675],[-116.23891,34.085852],[-116.238906,34.086071],[-116.238778,34.086153],[-116.238674,34.086686],[-116.238518,34.086871],[-116.238431,34.087065],[-116.238488,34.087254],[-116.238414,34.087418],[-116.238424,34.087567],[-116.238141,34.08799],[-116.238106,34.088263],[-116.237812,34.088292],[-116.237647,34.088408],[-116.237199,34.088887],[-116.237184,34.089019],[-116.237294,34.089274],[-116.237162,34.089455],[-116.237157,34.089548],[-116.236987,34.089677],[-116.237114,34.089863],[-116.236745,34.089911],[-116.236474,34.090049],[-116.23622,34.090079],[-116.236075,34.089996],[-116.236114,34.089602],[-116.23624,34.089542],[-116.236242,34.089418],[-116.236506,34.089163],[-116.236528,34.088992],[-116.236363,34.088996],[-116.236068,34.08915],[-116.23618,34.088708],[-116.235974,34.088713],[-116.235956,34.08852],[-116.235837,34.088544],[-116.235843,34.088482],[-116.235734,34.088353],[-116.235446,34.088111],[-116.235405,34.087964],[-116.235439,34.087855],[-116.23531,34.08748],[-116.235207,34.08743],[-116.235093,34.087476],[-116.23471,34.087349],[-116.234593,34.087418],[-116.234493,34.087403],[-116.234261,34.087485],[-116.234012,34.087387],[-116.233923,34.087227],[-116.233858,34.087209],[-116.233461,34.087483],[-116.233138,34.087495],[-116.232723,34.087874],[-116.2323,34.087935],[-116.232115,34.088082],[-116.231566,34.088224],[-116.231216,34.088184],[-116.231068,34.088034],[-116.230806,34.08795],[-116.230659,34.087797],[-116.230336,34.087659],[-116.230316,34.08762],[-116.230422,34.087569],[-116.230035,34.087243],[-116.230165,34.087153],[-116.230075,34.087016],[-116.230233,34.086999],[-116.230115,34.086741],[-116.230304,34.08636],[-116.230443,34.086284],[-116.23042,34.086012],[-116.230337,34.085961],[-116.230113,34.086022],[-116.2296,34.086332],[-116.229366,34.086317],[-116.229126,34.086196],[-116.229107,34.086021],[-116.229365,34.085804],[-116.229379,34.085726],[-116.229086,34.085677],[-116.22873,34.085431],[-116.228347,34.085433],[-116.228143,34.085527],[-116.228028,34.085524],[-116.22782,34.085432],[-116.227549,34.085416],[-116.227133,34.085488],[-116.226823,34.085347],[-116.226476,34.085276],[-116.226262,34.085336],[-116.225898,34.08531],[-116.225388,34.085349],[-116.225088,34.08527],[-116.224891,34.085288],[-116.224482,34.08504],[-116.224256,34.084983],[-116.22408,34.084818],[-116.223574,34.084571],[-116.223287,34.084317],[-116.223067,34.084246],[-116.222726,34.08429],[-116.22236,34.084579],[-116.221922,34.084593],[-116.221766,34.08467],[-116.221515,34.084695],[-116.221081,34.084833],[-116.22067,34.084858],[-116.220412,34.084963],[-116.22014,34.084939],[-116.21992,34.085027],[-116.219654,34.084954],[-116.219492,34.084975],[-116.219474,34.084724],[-116.219368,34.084631],[-116.219356,34.084488],[-116.219107,34.08435],[-116.218803,34.084333],[-116.218579,34.08449],[-116.218537,34.084662],[-116.2187,34.08504],[-116.218687,34.08516],[-116.218593,34.085231],[-116.218143,34.085105],[-116.217575,34.085259],[-116.217201,34.085878],[-116.217093,34.085878],[-116.216984,34.085862],[-116.21675,34.085694],[-116.216487,34.085632],[-116.216205,34.085665],[-116.215649,34.085557],[-116.215605,34.085007],[-116.215408,34.084798],[-116.215415,34.084645],[-116.215284,34.084304],[-116.215362,34.084257],[-116.215392,34.084138],[-116.215639,34.083997],[-116.21575,34.083849],[-116.216204,34.083773],[-116.21629,34.083694],[-116.216436,34.083683],[-116.216425,34.083499],[-116.216605,34.083355],[-116.216617,34.083284],[-116.216557,34.083154],[-116.216531,34.082893],[-116.216587,34.082759],[-116.216933,34.082465],[-116.217146,34.081822]]}},{"type":"Feature","properties":{"kind":"trail","name":"Maze Loop Trail"},"geometry":{"type":"LineString","coordinates":[[-116.241989,34.081201],[-116.241632,34.080445],[-116.241129,34.080148],[-116.241035,34.079945],[-116.240513,34.079515],[-116.23992,34.078766],[-116.239116,34.078254],[-116.238507,34.077626],[-116.23848,34.07752],[-116.238259,34.077402],[-116.238215,34.0773],[-116.237863,34.077034],[-116.237436,34.076621],[-116.23724,34.07654],[-116.235982,34.07532],[-116.235012,34.074542],[-116.234502,34.074208],[-116.234359,34.074181],[-116.234168,34.074013],[-116.232981,34.073583],[-116.232656,34.073433],[-116.23248,34.073289],[-116.232348,34.07328],[-116.232054,34.073141],[-116.231269,34.072597],[-116.23103,34.072522],[-116.230356,34.072184],[-116.229249,34.071864],[-116.228895,34.071654],[-116.228695,34.071597],[-116.22833,34.071351],[-116.228283,34.071138],[-116.22799,34.07088],[-116.22758,34.070792],[-116.227043,34.0708],[-116.226963,34.070757],[-116.226644,34.070469],[-116.226057,34.070125],[-116.225949,34.069942],[-116.225719,34.069834],[-116.224739,34.069176],[-116.224639,34.069186],[-116.224231,34.068909],[-116.224059,34.068776],[-116.223887,34.068513],[-116.223415,34.068087],[-116.222971,34.068241],[-116.222172,34.068733],[-116.221914,34.068812],[-116.221567,34.06869],[-116.221318,34.068541],[-116.220999,34.068564],[-116.220774,34.068687],[-116.220596,34.068988],[-116.220155,34.069235],[-116.219685,34.069352],[-116.21927,34.069593],[-116.218968,34.06985],[-116.21822,34.069977],[-116.21757,34.070156],[-116.217176,34.070074],[-116.215975,34.070456],[-116.215465,34.070737],[-116.215067,34.070694],[-116.214196,34.070893],[-116.213577,34.070865],[-116.213224,34.07101],[-116.212872,34.071251],[-116.212379,34.072032],[-116.212179,34.072194],[-116.212237,34.072373],[-116.212157,34.072743],[-116.212256,34.072933],[-116.212464,34.073055],[-116.212671,34.073399],[-116.212697,34.07363],[-116.212998,34.073678],[-116.213119,34.07378],[-116.213308,34.074246],[-116.21351,34.07443],[-116.213654,34.074476],[-116.213689,34.074595],[-116.213824,34.074708],[-116.213874,34.074868],[-116.213984,34.074931],[-116.214082,34.075075],[-116.214481,34.075375],[-116.214881,34.075297],[-116.214982,34.075365],[-116.214987,34.075452],[-116.215086,34.07551],[-116.215061,34.075717],[-116.21516,34.075927],[-116.215168,34.076175],[-116.215364,34.07648],[-116.215476,34.076543],[-116.215542,34.07671],[-116.215632,34.07678],[-116.215656,34.076931],[-116.21589,34.077055],[-116.21601,34.077177],[-116.216187,34.077236],[-116.216174,34.077444],[-116.216004,34.077556],[-116.216067,34.077796],[-116.215902,34.077857],[-116.215902,34.077946],[-116.215762,34.077913],[-116.215549,34.078002],[-116.215422,34.078133],[-116.214583,34.078007],[-116.214351,34.077916],[-116.214271,34.078006],[-116.214441,34.078112],[-116.214423,34.078215],[-116.214745,34.078314],[-116.214854,34.078394],[-116.214945,34.078717],[-116.215114,34.078857],[-116.215373,34.07895],[-116.215584,34.078955],[-116.215932,34.079119],[-116.215994,34.079216],[-116.216168,34.07933],[-116.216219,34.079521],[-116.21641,34.079641],[-116.216838,34.080109],[-116.216824,34.080285],[-116.216673,34.080634],[-116.216819,34.080915],[-116.216929,34.081029],[-116.217079,34.081372],[-116.217044,34.081487],[-116.217146,34.081822]]}},{"type":"Feature","properties":{"kind":"trail"},"geometry":{"type":"LineString","coordinates":[[-116.075677,34.023941],[-116.075645,34.023649],[-116.075755,34.023176],[-116.075733,34.022969],[-116.075444,34.022453],[-116.074951,34.022067],[-116.074491,34.021973],[-116.074285,34.022095],[-116.07413,34.022298],[-116.073972,34.022385],[-116.073644,34.0224],[-116.073427,34.022462],[-116.073242,34.022389],[-116.073004,34.02244],[-116.072944,34.022496],[-116.072867,34.022798],[-116.072668,34.022938],[-116.072497,34.022929],[-116.072407,34.022562],[-116.072193,34.02226],[-116.071858,34.022024],[-116.071727,34.02202],[-116.071616,34.022087],[-116.071584,34.022262],[-116.071786,34.022887],[-116.071724,34.023252],[-116.07141,34.023474],[-116.071372,34.023609],[-116.071622,34.024014],[-116.071603,34.024125],[-116.071482,34.024098],[-116.071191,34.024185],[-116.071003,34.024116],[-116.070516,34.023589],[-116.07046,34.02342],[-116.070178,34.023254],[-116.070042,34.02324],[-116.069752,34.023403],[-116.06956,34.023276],[-116.069478,34.023325],[-116.069374,34.023614],[-116.069321,34.024147],[-116.069208,34.024314],[-116.068902,34.024205],[-116.068597,34.023994],[-116.068478,34.023981],[-116.068338,34.024058],[-116.068109,34.024299],[-116.067893,34.024387],[-116.067815,34.024525],[-116.067724,34.024583],[-116.067172,34.024581],[-116.066676,34.02471],[-116.065775,34.02471],[-116.065519,34.02457],[-116.065415,34.024427],[-116.065165,34.024316],[-116.064978,34.024012],[-116.064905,34.023763],[-116.064697,34.023785],[-116.064655,34.02368],[-116.064503,34.023531],[-116.064072,34.023331],[-116.064055,34.023198],[-116.063956,34.023151],[-116.063902,34.022896],[-116.063643,34.022387],[-116.063473,34.022233],[-116.063494,34.022071],[-116.063367,34.021911],[-116.063476,34.02152],[-116.063273,34.020939],[-116.063108,34.020748],[-116.06303,34.020559],[-116.062943,34.020575],[-116.06291,34.020499],[-116.062768,34.020497],[-116.062773,34.020406],[-116.062578,34.020393],[-116.06255,34.020357],[-116.062588,34.020241],[-116.062494,34.020097],[-116.062345,34.020157]]}},{"type":"Feature","properties":{"kind":"trail"},"geometry":{"type":"LineString","coordinates":[[-116.062345,34.020157],[-116.062267,34.020248],[-116.062294,34.020377],[-116.062193,34.020548],[-116.061959,34.02067],[-116.061883,34.020964],[-116.061907,34.021057],[-116.061845,34.021246],[-116.061992,34.021373],[-116.061982,34.021491],[-116.062081,34.021591],[-116.062087,34.021658],[-116.062033,34.021778],[-116.062052,34.022413],[-116.062009,34.022494]]}},{"type":"Feature","properties":{"kind":"trail"},"geometry":{"type":"LineString","coordinates":[[-116.281078,34.08938],[-116.281209,34.089595],[-116.281839,34.089992],[-116.28241,34.090813],[-116.282842,34.091614],[-116.283318,34.092213]]}},{"type":"Feature","properties":{"kind":"trail","name":"Quail Wash"},"geometry":{"type":"LineString","coordinates":[[-116.265842,34.05194],[-116.266732,34.052499],[-116.267088,34.052911],[-116.267317,34.053362],[-116.267372,34.053628],[-116.267333,34.053882],[-116.267221,34.054134],[-116.266697,34.054566],[-116.266148,34.055326],[-116.266028,34.055702],[-116.266014,34.055993],[-116.266454,34.057004],[-116.26678,34.057372],[-116.267333,34.057744],[-116.268326,34.058566],[-116.269188,34.059049],[-116.269736,34.059494],[-116.270207,34.060116],[-116.270501,34.060354],[-116.270943,34.060518],[-116.271303,34.060812],[-116.271579,34.061145],[-116.271893,34.061783],[-116.272011,34.062271],[-116.272201,34.062552],[-116.273252,34.063244],[-116.273895,34.063952],[-116.274403,34.064299],[-116.274646,34.064545],[-116.275201,34.065439],[-116.275554,34.065907],[-116.275755,34.066342],[-116.275768,34.066721],[-116.27561,34.067044],[-116.27509,34.067806],[-116.275075,34.068122],[-116.275177,34.068506],[-116.275401,34.068826],[-116.275869,34.069278],[-116.27615,34.069642],[-116.276261,34.070085],[-116.276275,34.070567],[-116.27621,34.071042],[-116.275988,34.071642],[-116.275937,34.072698],[-116.275769,34.073056],[-116.275414,34.073286],[-116.274697,34.073965],[-116.274479,34.074291],[-116.274132,34.074812],[-116.273952,34.075575],[-116.273992,34.076029],[-116.274241,34.076473],[-116.274654,34.076788],[-116.275543,34.077323],[-116.276067,34.077796],[-116.276371,34.07825],[-116.276942,34.079727],[-116.27742,34.080461],[-116.2777,34.080635],[-116.278049,34.080732],[-116.278982,34.08134],[-116.279492,34.081795],[-116.279623,34.082102],[-116.27963,34.082453],[-116.280032,34.084015],[-116.280322,34.084447],[-116.280387,34.084753],[-116.280298,34.085154],[-116.279901,34.086189],[-116.279893,34.086882],[-116.280053,34.088213],[-116.280207,34.088645],[-116.280511,34.088968],[-116.281078,34.08938]]}},{"type":"Feature","properties":{"kind":"trail"},"geometry":{"type":"LineString","coordinates":[[-116.242116,34.049408],[-116.242854,34.04896]]}},{"type":"Feature","properties":{"kind":"trail","name":"Maze Loop Trail"},"geometry":{"type":"LineString","coordinates":[[-116.217146,34.081822],[-116.217389,34.081553],[-116.217661,34.081438],[-116.218304,34.081304],[-116.218674,34.081143],[-116.219265,34.081066],[-116.21947,34.080934],[-116.219813,34.080879],[-116.219916,34.080775],[-116.220265,34.080679],[-116.220653,34.080641],[-116.220987,34.080525],[-116.221452,34.080477],[-116.222066,34.080274],[-116.222325,34.080038],[-116.222449,34.079987],[-116.222919,34.079829],[-116.223054,34.079834],[-116.223235,34.079711],[-116.223547,34.07966],[-116.223969,34.079478],[-116.224272,34.079448],[-116.224799,34.079303],[-116.225101,34.079301],[-116.225344,34.079214],[-116.225616,34.079216],[-116.22617,34.078914],[-116.226226,34.078629],[-116.226336,34.078494],[-116.22656,34.078493],[-116.226631,34.078427],[-116.226961,34.078395],[-116.227073,34.078333],[-116.227212,34.078356],[-116.227337,34.078561],[-116.227422,34.078584],[-116.227712,34.078599],[-116.22788,34.078468],[-116.228207,34.078658],[-116.228385,34.078608],[-116.228559,34.078664],[-116.229027,34.078466],[-116.22941,34.07837],[-116.229619,34.07839],[-116.230095,34.078245],[-116.230187,34.078244],[-116.230299,34.078392],[-116.230382,34.078409],[-116.230958,34.078247],[-116.23127,34.078515],[-116.231403,34.078856],[-116.231474,34.078906],[-116.232184,34.079106],[-116.233843,34.078929],[-116.234065,34.078866],[-116.234499,34.07858],[-116.234905,34.078446],[-116.235263,34.078429],[-116.23539,34.078492],[-116.235522,34.078663],[-116.235778,34.078684],[-116.235883,34.078755],[-116.236358,34.07871],[-116.236448,34.078741],[-116.236657,34.079094],[-116.236885,34.079278],[-116.237567,34.079527],[-116.23777,34.079732],[-116.23802,34.079729],[-116.238204,34.079786],[-116.238444,34.080028],[-116.238813,34.080024],[-116.23893,34.080067],[-116.239664,34.080609],[-116.24025,34.080958],[-116.241064,34.081441],[-116.241334,34.081326],[-116.241534,34.081362],[-116.241797,34.081298],[-116.241989,34.081201]]}},{"type":"Feature","properties":{"kind":"track"},"geometry":{"type":"LineString","coordinates":[[-116.278889,34.110608],[-116.278964,34.110512],[-116.279357,34.110387],[-116.279308,34.110265],[-116.279203,34.110235],[-116.279098,34.110306],[-116.278964,34.110512]]}},{"type":"Feature","properties":{"kind":"trail"},"geometry":{"type":"LineString","coordinates":[[-116.276681,34.110199],[-116.276506,34.110345],[-116.276403,34.110605],[-116.276088,34.110648],[-116.275926,34.110918],[-116.275741,34.11098],[-116.275622,34.110968],[-116.275573,34.111108],[-116.275505,34.111136],[-116.275474,34.111294],[-116.275212,34.111288],[-116.274936,34.111368],[-116.274687,34.111641],[-116.274536,34.111578],[-116.27443,34.111593],[-116.274321,34.111696],[-116.27413,34.111774],[-116.274081,34.111891],[-116.274047,34.111882],[-116.274058,34.111709],[-116.27386,34.111572],[-116.273483,34.111622],[-116.273314,34.11186],[-116.273189,34.111894],[-116.272962,34.111614],[-116.272742,34.111631],[-116.272467,34.111544],[-116.27214,34.111573],[-116.271831,34.111391],[-116.271598,34.111448],[-116.270994,34.111306],[-116.270653,34.111386],[-116.270614,34.111496],[-116.270491,34.111445],[-116.270285,34.111528],[-116.270137,34.111519],[-116.27009,34.111446],[-116.270101,34.111328],[-116.269971,34.111339],[-116.269723,34.111121],[-116.269558,34.111194],[-116.269507,34.111127],[-116.269331,34.111207],[-116.269305,34.111367],[-116.268957,34.111724],[-116.268878,34.111754]]}},{"type":"Feature","properties":{"kind":"track"},"geometry":{"type":"LineString","coordinates":[[-116.296789,34.112577],[-116.296761,34.112618],[-116.29689,34.11324],[-116.29565,34.113242],[-116.295353,34.113258],[-116.295197,34.113193],[-116.294437,34.113227],[-116.293993,34.113242],[-116.293786,34.113184],[-116.291855,34.113227],[-116.291477,34.113164],[-116.290737,34.113195],[-116.289631,34.113167],[-116.289009,34.113218],[-116.288285,34.113144],[-116.287566,34.113171],[-116.287209,34.112996],[-116.286765,34.112581]]}},{"type":"Feature","properties":{"kind":"trail","name":"Backside Cutoff"},"geometry":{"type":"LineString","coordinates":[[-116.276378,34.114699],[-116.27629,34.114475],[-116.276121,34.114318],[-116.276066,34.1141],[-116.275834,34.113758],[-116.275542,34.113487],[-116.275606,34.113291],[-116.275563,34.113188],[-116.275618,34.113036],[-116.275717,34.112947],[-116.275525,34.112809],[-116.275502,34.112647],[-116.27562,34.112606],[-116.275622,34.112513],[-116.275514,34.112432],[-116.275509,34.112277],[-116.275432,34.112226],[-116.275491,34.112087],[-116.275485,34.111958],[-116.27542,34.111829],[-116.275294,34.111749],[-116.275302,34.111556],[-116.275168,34.111392],[-116.275212,34.111288],[-116.275158,34.111107],[-116.274807,34.110829],[-116.274556,34.110489],[-116.274603,34.110424],[-116.274495,34.110199],[-116.274527,34.110034],[-116.274495,34.109879],[-116.274326,34.109739],[-116.274273,34.109595],[-116.274214,34.10957],[-116.274122,34.109542],[-116.273921,34.109626],[-116.273713,34.109648],[-116.273531,34.109636],[-116.27331,34.109545],[-116.272988,34.109581],[-116.272773,34.109412],[-116.271481,34.109066],[-116.271242,34.108921],[-116.270566,34.108818],[-116.270415,34.108652],[-116.270176,34.108535],[-116.269739,34.108453],[-116.26943,34.108295],[-116.269137,34.108226],[-116.268661,34.107667],[-116.268613,34.107527],[-116.268502,34.107467],[-116.26839,34.107318],[-116.268033,34.107217],[-116.267583,34.106864],[-116.267356,34.106855],[-116.267165,34.10678],[-116.267095,34.106702],[-116.26698,34.106771],[-116.266747,34.106804],[-116.266627,34.106763],[-116.266486,34.106617],[-116.266197,34.1068],[-116.266086,34.106939],[-116.266081,34.107252],[-116.266124,34.107493],[-116.266242,34.107706],[-116.266222,34.107927],[-116.2663,34.108161],[-116.266323,34.108449],[-116.266502,34.108754],[-116.266507,34.108932],[-116.266765,34.109226],[-116.266755,34.10938],[-116.266644,34.109561],[-116.266645,34.109771],[-116.266599,34.109872]]}},{"type":"Feature","properties":{"kind":"track"},"geometry":{"type":"LineString","coordinates":[[-116.273173,34.110521],[-116.273037,34.110565],[-116.272709,34.110456],[-116.272036,34.10995],[-116.271623,34.109785],[-116.271234,34.10979],[-116.27113,34.10975],[-116.270899,34.109531],[-116.270754,34.109505],[-116.270368,34.109669],[-116.270086,34.10987],[-116.269201,34.109882],[-116.269059,34.109928],[-116.268874,34.110075],[-116.268632,34.110034],[-116.268458,34.109949],[-116.268219,34.109951],[-116.268026,34.110126],[-116.267796,34.11009],[-116.267307,34.110357],[-116.267262,34.110424],[-116.267189,34.110425],[-116.266986,34.11009],[-116.266599,34.109872],[-116.26642,34.110062],[-116.266028,34.110277],[-116.265706,34.110576],[-116.265474,34.110568],[-116.265778,34.110888],[-116.265993,34.111067],[-116.267034,34.111316],[-116.267777,34.11169],[-116.26797,34.111873],[-116.26826,34.112051],[-116.268879,34.112775]]}},{"type":"Feature","properties":{"kind":"track"},"geometry":{"type":"LineString","coordinates":[[-116.281216,34.114519],[-116.281491,34.114611],[-116.281633,34.114771],[-116.281861,34.114852],[-116.281974,34.114838],[-116.282108,34.114725],[-116.282658,34.114582],[-116.283076,34.114414],[-116.28317,34.114067],[-116.283285,34.113862],[-116.283192,34.11365]]}},{"type":"Feature","properties":{"kind":"trail"},"geometry":{"type":"LineString","coordinates":[[-116.294804,34.111248],[-116.294527,34.111487],[-116.294674,34.112226],[-116.294629,34.112349],[-116.294652,34.112547],[-116.294613,34.112864],[-116.294437,34.113227],[-116.294679,34.113558],[-116.294666,34.11395],[-116.294273,34.114163],[-116.294127,34.114212],[-116.293836,34.114181],[-116.293475,34.114416],[-116.292985,34.114433],[-116.292394,34.114204],[-116.29196,34.114161],[-116.291854,34.113925],[-116.291637,34.11419],[-116.291584,34.114399]]}},{"type":"Feature","properties":{"kind":"trail","surface":"unpaved"},"geometry":{"type":"LineString","coordinates":[[-116.2825,34.110458],[-116.28228,34.110332],[-116.282163,34.110179],[-116.282265,34.10968],[-116.28225,34.109472],[-116.282497,34.109057],[-116.282514,34.108957],[-116.282461,34.108809],[-116.282467,34.108308],[-116.282578,34.108203],[-116.282722,34.108153],[-116.28277,34.108077],[-116.282749,34.107889],[-116.282868,34.107856],[-116.283099,34.107631],[-116.283408,34.107642],[-116.283792,34.107502],[-116.284261,34.107652],[-116.284462,34.107549],[-116.284548,34.107447],[-116.284827,34.107459],[-116.285183,34.10726],[-116.28526,34.10726],[-116.285383,34.10736],[-116.285725,34.10736],[-116.286185,34.107482],[-116.286375,34.107422]]}},{"type":"Feature","properties":{"kind":"trail","name":"Sidewinder"},"geometry":{"type":"LineString","coordinates":[[-116.283259,34.112122],[-116.283162,34.111885],[-116.283159,34.111591],[-116.2831,34.111521],[-116.283058,34.111313],[-116.282889,34.11111],[-116.282822,34.110903],[-116.28281,34.110483],[-116.282749,34.110432],[-116.282713,34.110292],[-116.282605,34.110117],[-116.283012,34.109804],[-116.283561,34.109764],[-116.284206,34.109877],[-116.284413,34.109749],[-116.284607,34.109505],[-116.284731,34.10943],[-116.284791,34.109578],[-116.284964,34.109659],[-116.285037,34.109666],[-116.285253,34.109541],[-116.285446,34.109656],[-116.285369,34.109723],[-116.285376,34.109785],[-116.285551,34.109832],[-116.285668,34.109837],[-116.285739,34.109767],[-116.285822,34.109871],[-116.285997,34.109845],[-116.286266,34.109954],[-116.286519,34.109869],[-116.28668,34.109923],[-116.286777,34.109834],[-116.287044,34.109946],[-116.287392,34.109999],[-116.287462,34.109914],[-116.2874,34.109728],[-116.287595,34.109689],[-116.287567,34.109616],[-116.287454,34.10958],[-116.287451,34.109529],[-116.287623,34.109485],[-116.287724,34.109349],[-116.287921,34.10935],[-116.288089,34.109621],[-116.288324,34.10963],[-116.288367,34.109559],[-116.288219,34.109374],[-116.288289,34.10933],[-116.288409,34.109358],[-116.288445,34.109273],[-116.28841,34.109154],[-116.288464,34.109098],[-116.288513,34.109134],[-116.288522,34.109328],[-116.288766,34.109406],[-116.288825,34.109533],[-116.288881,34.109551],[-116.289163,34.109288],[-116.289167,34.109128],[-116.289267,34.109021],[-116.289281,34.108879],[-116.289446,34.108823],[-116.289588,34.108881],[-116.289621,34.108941],[-116.289638,34.109015],[-116.289562,34.109163],[-116.289627,34.109398],[-116.289965,34.109452],[-116.290291,34.109942]]}},{"type":"Feature","properties":{"kind":"track"},"geometry":{"type":"LineString","coordinates":[[-116.29189,34.112615],[-116.291807,34.112358],[-116.291675,34.112163],[-116.291182,34.111646],[-116.291058,34.111437],[-116.290885,34.110955],[-116.290653,34.110566],[-116.290404,34.110322],[-116.290399,34.109969],[-116.290391,34.109802],[-116.290275,34.109309],[-116.290361,34.109094],[-116.290213,34.108785],[-116.290198,34.108763],[-116.290189,34.108639],[-116.290242,34.108642],[-116.290262,34.108703],[-116.290213,34.108785]]}},{"type":"Feature","properties":{"kind":"trail"},"geometry":{"type":"LineString","coordinates":[[-116.290369,34.114039],[-116.289776,34.113655],[-116.289513,34.113596],[-116.289261,34.113692],[-116.28903,34.113617],[-116.288774,34.11368],[-116.288189,34.113672],[-116.288048,34.113762],[-116.288031,34.113844],[-116.287914,34.113957],[-116.287655,34.114111],[-116.287554,34.114105],[-116.287234,34.113938],[-116.286721,34.113844],[-116.286191,34.113925],[-116.285903,34.114046],[-116.285384,34.114163],[-116.284818,34.114667],[-116.284786,34.114811],[-116.284469,34.115138],[-116.284381,34.115204],[-116.284102,34.115278],[-116.283738,34.115269],[-116.283687,34.115209],[-116.283682,34.115095],[-116.283533,34.114937],[-116.283376,34.114891],[-116.283247,34.114739],[-116.282925,34.114617],[-116.282658,34.114582]]}},{"type":"Feature","properties":{"kind":"trail","name":"Desert Tortoise Trail"},"geometry":{"type":"LineString","coordinates":[[-116.295355,34.114166],[-116.294994,34.114224],[-116.294611,34.114393],[-116.294307,34.114431],[-116.294149,34.114525],[-116.29372,34.114636],[-116.293278,34.114635],[-116.293159,34.114705],[-116.292777,34.114771],[-116.292673,34.114829],[-116.29264,34.114932],[-116.292486,34.115059],[-116.292248,34.115182],[-116.292038,34.11517],[-116.291845,34.114984],[-116.291809,34.114849],[-116.291722,34.114805],[-116.291239,34.114744],[-116.290999,34.114425],[-116.290634,34.114256]]}},{"type":"Feature","properties":{"kind":"trail"},"geometry":{"type":"LineString","coordinates":[[-116.304682,34.105348],[-116.304353,34.105498],[-116.304133,34.105683],[-116.304012,34.105864],[-116.303838,34.105965],[-116.303759,34.106232],[-116.303473,34.106372],[-116.303409,34.106628],[-116.303268,34.106797],[-116.303081,34.106869],[-116.303007,34.107145],[-116.302779,34.107446],[-116.302761,34.10753],[-116.302622,34.10751],[-116.302435,34.107399],[-116.30219,34.10738],[-116.302051,34.107464],[-116.301698,34.107511],[-116.301663,34.107672],[-116.30147,34.107774],[-116.301215,34.107777],[-116.301141,34.107871],[-116.301121,34.108084],[-116.300908,34.108256],[-116.300746,34.108488],[-116.300191,34.108744],[-116.30015,34.1088],[-116.300187,34.108958],[-116.300132,34.10917],[-116.299748,34.109513],[-116.299168,34.110045],[-116.299016,34.110097],[-116.298834,34.110355],[-116.298514,34.110591],[-116.298065,34.110721],[-116.297807,34.11072],[-116.297486,34.110816],[-116.297274,34.111129],[-116.297,34.111289],[-116.296759,34.11132],[-116.29648,34.111326],[-116.296234,34.111265],[-116.295985,34.111284],[-116.295897,34.111245],[-116.295392,34.111307],[-116.294804,34.111248],[-116.294689,34.111187],[-116.29425,34.111131],[-116.293966,34.111162],[-116.29333,34.111087],[-116.292086,34.111034],[-116.291963,34.110974],[-116.290885,34.110955],[-116.289623,34.110973],[-116.289243,34.110913],[-116.288346,34.110922],[-116.287516,34.110808],[-116.286574,34.110817],[-116.286042,34.110657],[-116.285598,34.110636],[-116.284267,34.110717],[-116.284131,34.110656],[-116.283453,34.110618],[-116.283055,34.11048],[-116.282749,34.110432],[-116.2825,34.110458],[-116.281485,34.110416],[-116.281225,34.110491],[-116.280974,34.110471],[-116.279934,34.110494],[-116.279357,34.110387]]}},{"type":"Feature","properties":{"kind":"track"},"geometry":{"type":"LineString","coordinates":[[-116.295732,34.112561],[-116.295626,34.112831],[-116.29565,34.113242],[-116.295732,34.113765],[-116.295715,34.113984],[-116.295355,34.114166],[-116.295267,34.114404]]}},{"type":"Feature","properties":{"kind":"track"},"geometry":{"type":"LineString","coordinates":[[-116.281317,34.111249],[-116.281148,34.110731],[-116.280974,34.110471],[-116.280635,34.110058],[-116.280694,34.109804],[-116.280769,34.109724],[-116.280773,34.109558],[-116.280903,34.10928],[-116.281043,34.109187],[-116.281083,34.109092],[-116.281169,34.108465]]}},{"type":"Feature","properties":{"kind":"trail","name":"Spike's Run"},"geometry":{"type":"LineString","coordinates":[[-116.27997,34.114418],[-116.279613,34.114469],[-116.278594,34.114112],[-116.278396,34.114159],[-116.278272,34.114248],[-116.278207,34.114362],[-116.278056,34.114367],[-116.277901,34.114446],[-116.277724,34.114455],[-116.277574,34.114393],[-116.277302,34.114443],[-116.276871,34.114622],[-116.276574,34.114599],[-116.276507,34.114685],[-116.276378,34.114699],[-116.276312,34.114735],[-116.276127,34.114667],[-116.275957,34.114632],[-116.275607,34.114666],[-116.275153,34.11461],[-116.274952,34.114503],[-116.274223,34.114625],[-116.273425,34.114312],[-116.273282,34.114358],[-116.272512,34.114343],[-116.272447,34.114453],[-116.272052,34.114494],[-116.271738,34.114597],[-116.271399,34.114592],[-116.271056,34.114866],[-116.270818,34.11491],[-116.270667,34.114724],[-116.270749,34.114511],[-116.270605,34.114463],[-116.270368,34.114188],[-116.269752,34.113868],[-116.269479,34.113762],[-116.268839,34.11372],[-116.268635,34.113628],[-116.267703,34.114046],[-116.267441,34.114067],[-116.267,34.11423],[-116.266486,34.114168],[-116.26639,34.114117],[-116.265654,34.114168],[-116.26496,34.114303],[-116.264662,34.114542],[-116.264441,34.11456],[-116.264287,34.114666],[-116.263772,34.114803],[-116.263201,34.115197],[-116.262607,34.115335],[-116.26246,34.115325],[-116.26202,34.115469],[-116.261459,34.11547],[-116.260879,34.115787],[-116.260587,34.115808],[-116.260316,34.115896],[-116.25945,34.116284],[-116.258907,34.116696],[-116.258531,34.117089],[-116.258323,34.117482],[-116.258169,34.117645],[-116.257992,34.118351],[-116.258052,34.118602],[-116.258256,34.118786],[-116.258477,34.119084],[-116.258737,34.119219],[-116.258928,34.119485],[-116.259208,34.119647],[-116.259494,34.119948],[-116.259787,34.120076],[-116.260073,34.120342],[-116.260368,34.12047],[-116.261091,34.120654],[-116.261217,34.120588],[-116.261323,34.120447],[-116.261822,34.120456],[-116.262138,34.120371],[-116.262271,34.120281],[-116.262596,34.120274],[-116.263454,34.120119],[-116.263629,34.120133],[-116.263898,34.120048],[-116.264016,34.12007],[-116.264308,34.120006],[-116.264593,34.119866],[-116.264906,34.119823],[-116.26512,34.119698],[-116.265525,34.119777],[-116.266016,34.119608],[-116.266252,34.119581],[-116.267322,34.11972],[-116.26755,34.119496],[-116.267716,34.1194],[-116.268279,34.119183],[-116.268536,34.119184],[-116.268967,34.119022],[-116.269065,34.119055],[-116.269463,34.118965],[-116.269613,34.11869],[-116.269646,34.118385],[-116.270019,34.118068],[-116.270203,34.117784],[-116.270098,34.117494],[-116.269834,34.117147],[-116.269851,34.117088],[-116.269775,34.116907],[-116.269674,34.116785],[-116.269689,34.116716],[-116.269866,34.116598],[-116.270027,34.116628],[-116.27038,34.116485],[-116.270914,34.116692],[-116.271207,34.116575],[-116.271331,34.116575],[-116.271336,34.116474],[-116.271481,34.116293],[-116.271404,34.11612],[-116.271419,34.115993],[-116.271288,34.115814],[-116.271165,34.115508],[-116.271009,34.115312],[-116.270993,34.115116],[-116.270818,34.11491]]}},{"type":"Feature","properties":{"kind":"track"},"geometry":{"type":"LineString","coordinates":[[-116.290737,34.113195],[-116.290519,34.11342],[-116.290509,34.113786],[-116.290455,34.113924],[-116.290369,34.114039],[-116.290364,34.114086],[-116.290442,34.114117],[-116.290479,34.114057],[-116.290455,34.113924]]}},{"type":"Feature","properties":{"kind":"trail"},"geometry":{"type":"LineString","coordinates":[[-116.25945,34.116284],[-116.259476,34.116042],[-116.259344,34.115739],[-116.2596,34.115455],[-116.259651,34.115284],[-116.259591,34.113828],[-116.259862,34.11331],[-116.259845,34.113135],[-116.259883,34.113035],[-116.259823,34.112898],[-116.259824,34.112735],[-116.260063,34.112448],[-116.260592,34.111612],[-116.26111,34.111273],[-116.261375,34.110919],[-116.262075,34.110622],[-116.262332,34.110323],[-116.262705,34.110226],[-116.263552,34.110222],[-116.263764,34.110264],[-116.264176,34.110181],[-116.264511,34.110296],[-116.264855,34.11034],[-116.264965,34.110301],[-116.264961,34.110243],[-116.265035,34.110211],[-116.265235,34.11031],[-116.265474,34.110568],[-116.265698,34.110604]]}},{"type":"Feature","properties":{"kind":"track"},"geometry":{"type":"LineString","coordinates":[[-116.283362,34.105362],[-116.283377,34.105445],[-116.283437,34.105478],[-116.284487,34.105384],[-116.284758,34.1055],[-116.285192,34.105528],[-116.285624,34.105477],[-116.286254,34.105856],[-116.286499,34.106184],[-116.286625,34.106507],[-116.286724,34.10682],[-116.286703,34.106886],[-116.286469,34.106984],[-116.286394,34.107071],[-116.286356,34.1072],[-116.286375,34.107422],[-116.286466,34.10797]]}},{"type":"Feature","properties":{"kind":"track"},"geometry":{"type":"LineString","coordinates":[[-116.266878,34.122281],[-116.266919,34.12223],[-116.266919,34.122072],[-116.26694,34.120525],[-116.26696,34.120477],[-116.267326,34.12001],[-116.267696,34.11969],[-116.267716,34.1194],[-116.267651,34.118858]]}},{"type":"Feature","properties":{"kind":"trail"},"geometry":{"type":"LineString","coordinates":[[-116.265525,34.119777],[-116.266119,34.12015],[-116.266524,34.120262],[-116.26696,34.120477]]}},{"type":"Feature","properties":{"kind":"trail"},"geometry":{"type":"LineString","coordinates":[[-116.289621,34.108941],[-116.29001,34.10876],[-116.290198,34.108763]]}},{"type":"Feature","properties":{"kind":"track","surface":"unpaved"},"geometry":{"type":"LineString","coordinates":[[-116.295352,34.10499],[-116.295358,34.105124],[-116.295213,34.10548],[-116.295243,34.105596],[-116.295876,34.105944],[-116.295991,34.10603],[-116.296221,34.106364],[-116.296297,34.106661],[-116.296576,34.107237],[-116.296661,34.107677],[-116.296629,34.108321],[-116.296688,34.108705],[-116.296656,34.108854],[-116.296603,34.109101],[-116.296656,34.109529],[-116.296747,34.109735]]}},{"type":"Feature","properties":{"kind":"track"},"geometry":{"type":"LineString","coordinates":[[-116.296747,34.109735],[-116.296973,34.109418],[-116.297026,34.109174],[-116.296994,34.109092],[-116.296656,34.108854]]}},{"type":"Feature","properties":{"kind":"trail","name":"Panorama Trail"},"geometry":{"type":"LineString","coordinates":[[-116.244166,34.06517],[-116.244547,34.065254],[-116.24481,34.065204],[-116.245277,34.065326],[-116.245488,34.065282],[-116.245751,34.065409],[-116.245995,34.065436],[-116.246025,34.065522],[-116.246131,34.065577],[-116.24644,34.065539],[-116.247025,34.065644],[-116.247188,34.065607],[-116.247814,34.065685],[-116.248157,34.065862],[-116.248531,34.065676],[-116.249021,34.06572],[-116.249058,34.065643],[-116.249177,34.065641],[-116.249346,34.065562],[-116.249486,34.065584],[-116.249629,34.065682],[-116.249706,34.065633],[-116.249919,34.065626],[-116.250012,34.065584],[-116.250135,34.065334],[-116.250424,34.06513],[-116.250508,34.065162],[-116.250679,34.065057],[-116.250845,34.065077],[-116.251182,34.064993],[-116.251326,34.065013],[-116.25137,34.064953],[-116.251465,34.064984],[-116.251574,34.064912],[-116.252033,34.06482],[-116.252513,34.064792],[-116.25272,34.064711],[-116.252958,34.064704],[-116.25336,34.064782],[-116.253608,34.064904],[-116.254042,34.064909],[-116.25422,34.064845],[-116.254449,34.064917],[-116.254486,34.064899],[-116.254496,34.064712],[-116.254445,34.064435],[-116.254464,34.064271],[-116.254532,34.064202],[-116.254439,34.064144],[-116.254611,34.063979],[-116.254423,34.063857],[-116.254306,34.063668],[-116.25432,34.063619],[-116.254464,34.063559],[-116.25456,34.063421],[-116.25471,34.063332],[-116.254954,34.063315],[-116.255157,34.063127],[-116.255538,34.06291],[-116.255842,34.062867],[-116.256045,34.062635],[-116.256344,34.062712],[-116.256742,34.062703],[-116.256771,34.062759],[-116.256681,34.062837],[-116.256846,34.062956],[-116.256916,34.063221],[-116.257206,34.063422],[-116.257196,34.063521],[-116.257045,34.063713],[-116.257321,34.063801],[-116.257449,34.063928],[-116.257635,34.064017],[-116.258069,34.064136],[-116.258268,34.06428],[-116.258651,34.064197],[-116.258796,34.064095],[-116.259016,34.064131],[-116.258996,34.064423],[-116.258737,34.064908],[-116.259071,34.065026],[-116.259161,34.064919],[-116.259267,34.064906],[-116.259368,34.064957],[-116.259346,34.064866],[-116.259449,34.064734],[-116.259466,34.06484],[-116.259525,34.064841],[-116.259812,34.064646],[-116.259943,34.064653],[-116.259864,34.064788],[-116.260097,34.064726],[-116.260366,34.064732],[-116.260289,34.064855],[-116.260922,34.064954],[-116.260895,34.065146],[-116.26103,34.065308],[-116.261258,34.065392],[-116.261378,34.065611],[-116.261408,34.065728],[-116.26134,34.065877],[-116.261648,34.066549],[-116.261553,34.066868],[-116.261313,34.067008],[-116.261306,34.067055],[-116.261159,34.067106],[-116.261223,34.067184],[-116.261412,34.067271],[-116.261362,34.067359],[-116.261025,34.067561],[-116.260742,34.067639],[-116.260308,34.067647],[-116.260224,34.067721],[-116.260043,34.067761],[-116.259618,34.067964],[-116.259423,34.067753],[-116.259411,34.067664],[-116.259154,34.067496],[-116.259027,34.067685],[-116.258769,34.067663],[-116.258514,34.067724],[-116.258271,34.067876],[-116.258229,34.067994],[-116.258125,34.068025],[-116.258143,34.068345],[-116.258206,34.068456],[-116.25816,34.068581],[-116.258196,34.068678],[-116.258579,34.069077],[-116.258812,34.069246],[-116.258871,34.069349],[-116.258897,34.069616],[-116.259349,34.070088],[-116.259588,34.070142],[-116.259963,34.069742],[-116.260225,34.069572],[-116.260394,34.069576],[-116.260473,34.069646],[-116.260655,34.07006],[-116.260594,34.070505],[-116.260425,34.070636],[-116.260333,34.070795],[-116.26038,34.070919],[-116.260332,34.071055],[-116.260418,34.071193],[-116.260375,34.071313],[-116.260381,34.071644],[-116.260565,34.072074],[-116.260593,34.072364],[-116.260685,34.07247],[-116.26066,34.072593],[-116.261106,34.072804],[-116.261497,34.072912],[-116.261741,34.072917],[-116.26191,34.072868],[-116.262729,34.072902],[-116.262821,34.073248],[-116.263398,34.073717],[-116.26361,34.073991],[-116.263728,34.074028],[-116.264514,34.073997],[-116.265015,34.073912],[-116.265405,34.074019],[-116.265752,34.073867],[-116.26648,34.073759],[-116.266604,34.073812],[-116.266992,34.073821],[-116.267973,34.074131],[-116.268209,34.074109],[-116.268604,34.074234],[-116.269691,34.074382],[-116.269785,34.074413],[-116.269937,34.074575],[-116.270339,34.074636],[-116.270884,34.074969],[-116.271363,34.075112],[-116.271743,34.075309],[-116.272296,34.075157],[-116.272472,34.075212],[-116.272555,34.075328],[-116.272695,34.07541],[-116.273084,34.075519],[-116.273482,34.075586],[-116.273952,34.075575]]}},{"type":"Feature","properties":{"kind":"trail","name":"Bigfoot Trail","sac":"hiking","surface":"ground"},"geometry":{"type":"LineString","coordinates":[[-116.345661,34.051484],[-116.345482,34.051491],[-116.345104,34.05162],[-116.344686,34.051639],[-116.343495,34.051831],[-116.343143,34.051827],[-116.342942,34.051727],[-116.342588,34.051442],[-116.34225,34.050953],[-116.341768,34.050604],[-116.341534,34.050545],[-116.341346,34.050387],[-116.341068,34.050342],[-116.340896,34.050378],[-116.340732,34.050516],[-116.340641,34.050522],[-116.340285,34.05043],[-116.340108,34.050446],[-116.339899,34.050508],[-116.339635,34.050776],[-116.339496,34.050784],[-116.339243,34.050927],[-116.338881,34.051287],[-116.338796,34.051496],[-116.338501,34.051897],[-116.338487,34.052129],[-116.338402,34.052344],[-116.338337,34.052376],[-116.337286,34.052248],[-116.336108,34.05194],[-116.335437,34.051867],[-116.335078,34.052056],[-116.334539,34.052093],[-116.333995,34.052066],[-116.331073,34.052345],[-116.33099,34.052447],[-116.330086,34.052631],[-116.329818,34.052745],[-116.328652,34.052777],[-116.328242,34.052995],[-116.328094,34.052973],[-116.327259,34.053111],[-116.327056,34.053171],[-116.326833,34.053329],[-116.326361,34.053436],[-116.326187,34.05352],[-116.325913,34.053767],[-116.324647,34.054231],[-116.323958,34.054236],[-116.323553,34.054308],[-116.321822,34.05474],[-116.321694,34.054851],[-116.321554,34.055096],[-116.321528,34.055366],[-116.321265,34.055609],[-116.321165,34.055804],[-116.321259,34.056519],[-116.321194,34.056702],[-116.321088,34.056783],[-116.321033,34.057104],[-116.320867,34.057198],[-116.32073,34.057389],[-116.320237,34.057727],[-116.320105,34.057918],[-116.319529,34.0584],[-116.319185,34.058586],[-116.319008,34.058742],[-116.318307,34.059389],[-116.318146,34.059632],[-116.317832,34.059836],[-116.317673,34.060109],[-116.317275,34.060454],[-116.316435,34.061797],[-116.316539,34.062383],[-116.316378,34.062998],[-116.316492,34.063269],[-116.315871,34.063264],[-116.315721,34.063488],[-116.316065,34.064047],[-116.316077,34.064288],[-116.316158,34.064304],[-116.316123,34.064366],[-116.316225,34.064572],[-116.316145,34.064784],[-116.316354,34.064974],[-116.31629,34.065143],[-116.316133,34.065228],[-116.316168,34.065418],[-116.315917,34.065541],[-116.315888,34.065608],[-116.316154,34.066177],[-116.316413,34.066535],[-116.31727,34.066872],[-116.3173,34.067011],[-116.317563,34.067185],[-116.317619,34.067399],[-116.317798,34.067511],[-116.317923,34.067709],[-116.318216,34.067851],[-116.318337,34.067968],[-116.318346,34.068117],[-116.318506,34.068359],[-116.318317,34.06872],[-116.317921,34.068909],[-116.317891,34.069007],[-116.317923,34.069316],[-116.317866,34.069468],[-116.317653,34.069714],[-116.317399,34.069897],[-116.317133,34.069927],[-116.316899,34.070178],[-116.316861,34.07035],[-116.316686,34.07041],[-116.316527,34.070369],[-116.316703,34.070594],[-116.316479,34.070651],[-116.316528,34.070762],[-116.316481,34.071079],[-116.316544,34.071396],[-116.31631,34.071316],[-116.315905,34.071268],[-116.315692,34.071168],[-116.315557,34.0712],[-116.3154,34.070973],[-116.315213,34.071057],[-116.315206,34.071141],[-116.314983,34.071146],[-116.314708,34.071315],[-116.314537,34.071356],[-116.314339,34.071367],[-116.314137,34.071317],[-116.314023,34.071209],[-116.313752,34.071299],[-116.313458,34.07123],[-116.313472,34.071341],[-116.313067,34.071166],[-116.312823,34.071168],[-116.312839,34.071241],[-116.312733,34.071261],[-116.312423,34.071045],[-116.312043,34.070935],[-116.311899,34.070798],[-116.311737,34.070814],[-116.311582,34.070754],[-116.311365,34.070582],[-116.311271,34.070613],[-116.311228,34.070755],[-116.311017,34.070644],[-116.310605,34.070561],[-116.31037,34.070348],[-116.310238,34.070308],[-116.31008,34.070393],[-116.309839,34.070681],[-116.309834,34.070833],[-116.309723,34.07106],[-116.309274,34.070982],[-116.308789,34.071054],[-116.308725,34.071151],[-116.308707,34.071309],[-116.308531,34.071471],[-116.308478,34.071627],[-116.308276,34.071751],[-116.308184,34.071913],[-116.308175,34.071667],[-116.308217,34.071564],[-116.308113,34.071597],[-116.307989,34.07174],[-116.307911,34.071977],[-116.307809,34.071662],[-116.30762,34.071829],[-116.307499,34.071555],[-116.307342,34.071596],[-116.307181,34.07153],[-116.307032,34.07139],[-116.3067,34.071283],[-116.305847,34.071213],[-116.305373,34.071297],[-116.304664,34.07112],[-116.304342,34.071096],[-116.303016,34.071314],[-116.302486,34.071267],[-116.301911,34.071309],[-116.301442,34.071243],[-116.300285,34.071909],[-116.299592,34.072509],[-116.298725,34.073002],[-116.298481,34.073298],[-116.298149,34.073835],[-116.297839,34.074455],[-116.297675,34.07456],[-116.297543,34.074745],[-116.297431,34.074782],[-116.297315,34.074781],[-116.297134,34.074696],[-116.296825,34.074742],[-116.296436,34.074596],[-116.296341,34.07448],[-116.296303,34.074311],[-116.296179,34.074161],[-116.29576,34.073992],[-116.295508,34.073833],[-116.295233,34.07394],[-116.294779,34.073943],[-116.294449,34.073844],[-116.293858,34.073495],[-116.293035,34.073396],[-116.292869,34.073336],[-116.292773,34.073246],[-116.292479,34.073197],[-116.291584,34.07287],[-116.291291,34.072827],[-116.289824,34.072321],[-116.28953,34.071933],[-116.288976,34.071731],[-116.287439,34.071527],[-116.28698,34.071761],[-116.285863,34.071751],[-116.284853,34.071945],[-116.284439,34.071967],[-116.283959,34.07187],[-116.283646,34.071889],[-116.283404,34.071817],[-116.283237,34.071834],[-116.282627,34.072041],[-116.282027,34.072046],[-116.281401,34.072176],[-116.280981,34.072171],[-116.280326,34.072332],[-116.278101,34.072581],[-116.277119,34.072644],[-116.276538,34.072767],[-116.276397,34.072755],[-116.276121,34.07296],[-116.275769,34.073056]]}},{"type":"Feature","properties":{"kind":"trail","name":"North Side Trail"},"geometry":{"type":"LineString","coordinates":[[-116.263171,34.095159],[-116.262588,34.094903],[-116.262421,34.094882],[-116.262007,34.094467],[-116.261419,34.094291],[-116.261113,34.094106],[-116.260919,34.094084],[-116.26019,34.093679],[-116.259817,34.093564],[-116.25943,34.093325],[-116.259333,34.093185],[-116.259148,34.093085],[-116.258952,34.092882],[-116.258766,34.092622],[-116.258173,34.092013],[-116.258025,34.091547],[-116.25784,34.091288],[-116.257674,34.090642],[-116.257542,34.090384],[-116.257552,34.090276],[-116.257296,34.089878],[-116.257204,34.089732],[-116.257019,34.089579],[-116.256846,34.089264],[-116.255782,34.088578],[-116.255604,34.088486],[-116.25528,34.088293],[-116.254929,34.087955],[-116.253712,34.08746],[-116.253438,34.087224],[-116.252847,34.086932],[-116.252669,34.086772],[-116.252203,34.086599],[-116.251927,34.086455],[-116.251603,34.086142],[-116.251138,34.08606],[-116.25084,34.085821],[-116.250728,34.085615],[-116.250725,34.085489],[-116.250421,34.085202],[-116.250078,34.085138],[-116.249642,34.08496],[-116.249456,34.084745],[-116.249339,34.084688],[-116.249214,34.084478],[-116.249003,34.084325],[-116.248744,34.084251],[-116.247951,34.083715],[-116.247788,34.083511],[-116.24766,34.083429],[-116.247258,34.083337],[-116.24719,34.083247],[-116.247191,34.083158],[-116.246971,34.082959],[-116.246195,34.082917],[-116.245924,34.082745],[-116.244376,34.082383],[-116.243996,34.082318],[-116.243447,34.082324],[-116.242804,34.082245],[-116.242518,34.082083],[-116.242215,34.081808],[-116.242207,34.081552],[-116.242094,34.081433],[-116.241989,34.081201]]}},{"type":"Feature","properties":{"kind":"trail"},"geometry":{"type":"LineString","coordinates":[[-116.258464,34.08881],[-116.258076,34.088875],[-116.257947,34.08885],[-116.257706,34.088905],[-116.257178,34.08892],[-116.256648,34.088721],[-116.256069,34.088593],[-116.255782,34.088578]]}},{"type":"Feature","properties":{"kind":"trail"},"geometry":{"type":"LineString","coordinates":[[-116.25943,34.093325],[-116.258598,34.092987],[-116.258149,34.092667],[-116.258081,34.092565],[-116.257593,34.092272],[-116.257405,34.091992],[-116.257012,34.091658],[-116.256854,34.091441],[-116.256681,34.091327],[-116.256267,34.090835],[-116.255634,34.090609],[-116.255288,34.09058],[-116.255133,34.090486],[-116.254573,34.090318],[-116.254442,34.090326],[-116.253989,34.090213],[-116.253818,34.090133]]}},{"type":"Feature","properties":{"kind":"trail","name":"North Canyon Trail"},"geometry":{"type":"LineString","coordinates":[[-116.252203,34.086599],[-116.252158,34.086799],[-116.252319,34.087279],[-116.252969,34.087845],[-116.253255,34.087938],[-116.253578,34.088368],[-116.253592,34.088497],[-116.253733,34.088687],[-116.253752,34.088784],[-116.253773,34.08909],[-116.253821,34.089145],[-116.253746,34.089273],[-116.253845,34.089373],[-116.253788,34.089556],[-116.253815,34.089675],[-116.253881,34.089698],[-116.253739,34.08994],[-116.253818,34.090133],[-116.253603,34.090284],[-116.253271,34.090621],[-116.253222,34.090715],[-116.253235,34.090832],[-116.253139,34.091],[-116.252677,34.091406],[-116.252279,34.091633],[-116.252233,34.091835],[-116.252028,34.092052],[-116.251798,34.092516],[-116.251636,34.092653],[-116.251322,34.09308],[-116.250879,34.09339],[-116.2505,34.093317],[-116.249552,34.092843],[-116.249476,34.092365],[-116.249308,34.092191],[-116.249143,34.09216],[-116.249082,34.092093],[-116.248875,34.092024],[-116.248513,34.09178],[-116.248126,34.091747],[-116.247734,34.091598],[-116.247522,34.091584],[-116.247419,34.091485],[-116.247233,34.091439],[-116.246929,34.091013],[-116.246899,34.090845],[-116.246657,34.090888],[-116.246414,34.090824],[-116.24617,34.090547],[-116.245992,34.090493],[-116.245743,34.09029],[-116.245371,34.090164],[-116.245091,34.089977],[-116.245,34.089966],[-116.244936,34.089857],[-116.244807,34.089776],[-116.244764,34.089637],[-116.244585,34.089589],[-116.244468,34.089463],[-116.244226,34.089398],[-116.243629,34.089404],[-116.243486,34.089254],[-116.243237,34.089214],[-116.24282,34.089052],[-116.242629,34.088701],[-116.242551,34.088337],[-116.242411,34.088173],[-116.24224,34.087813],[-116.242154,34.087729],[-116.241741,34.087782],[-116.241682,34.087698],[-116.241671,34.087462],[-116.241566,34.087081],[-116.241663,34.086315],[-116.241727,34.08612],[-116.242052,34.085876],[-116.242068,34.085796],[-116.241939,34.085503],[-116.242009,34.08521],[-116.241789,34.084765],[-116.241735,34.084397],[-116.241805,34.083668],[-116.241945,34.083468],[-116.241941,34.08337],[-116.24166,34.083006],[-116.241167,34.08254],[-116.241124,34.082446],[-116.241126,34.082348],[-116.241424,34.082215],[-116.241451,34.082106],[-116.241311,34.081775],[-116.241142,34.081635],[-116.241064,34.081441]]}},{"type":"Feature","properties":{"kind":"trail"},"geometry":{"type":"LineString","coordinates":[[-116.262332,34.110323],[-116.261743,34.11034],[-116.261419,34.110283],[-116.260865,34.11036],[-116.260541,34.110303],[-116.260109,34.110398],[-116.259851,34.110522],[-116.259291,34.110605],[-116.259014,34.11074],[-116.258638,34.110802],[-116.25831,34.1108],[-116.25784,34.110662],[-116.257458,34.110751],[-116.257245,34.110663],[-116.257073,34.110655]]}},{"type":"Feature","properties":{"kind":"trail","name":"Burro Loop Trail"},"geometry":{"type":"LineString","coordinates":[[-116.254742,34.111073],[-116.254556,34.110863],[-116.254353,34.11077],[-116.254084,34.110366],[-116.253623,34.110046],[-116.253403,34.109322],[-116.253218,34.109237],[-116.253026,34.109278],[-116.25281,34.109146],[-116.252453,34.109106],[-116.251752,34.108253],[-116.25175,34.108189],[-116.25159,34.108136],[-116.251591,34.107849],[-116.251005,34.10678],[-116.250988,34.1066],[-116.250913,34.106484],[-116.250952,34.106221],[-116.250842,34.105991],[-116.250849,34.105913],[-116.250698,34.105799],[-116.250686,34.105658],[-116.250589,34.105517],[-116.250289,34.105236],[-116.249978,34.10518],[-116.249799,34.104966],[-116.249694,34.10451],[-116.249732,34.104441],[-116.24962,34.104222],[-116.249654,34.10411],[-116.249607,34.103929],[-116.249216,34.103913],[-116.249093,34.103942],[-116.248988,34.104061],[-116.248849,34.10409],[-116.248433,34.103918],[-116.248285,34.103918],[-116.24817,34.103863],[-116.24804,34.103758],[-116.247832,34.103389],[-116.247772,34.103362],[-116.247803,34.103274],[-116.247575,34.102995],[-116.247497,34.102749],[-116.247216,34.102437],[-116.247212,34.102226],[-116.247302,34.102025],[-116.247719,34.101819],[-116.247915,34.101767],[-116.248288,34.101784],[-116.24879,34.10175],[-116.248957,34.101691],[-116.249585,34.101638],[-116.24965,34.101667],[-116.249905,34.101555],[-116.250107,34.101538],[-116.250182,34.101473],[-116.250188,34.101387],[-116.250609,34.101284],[-116.250699,34.10117],[-116.250659,34.10108],[-116.250716,34.100918],[-116.250831,34.100775],[-116.251074,34.100611],[-116.251373,34.100523],[-116.251059,34.100458],[-116.250892,34.100299],[-116.250335,34.100135],[-116.249848,34.099855],[-116.249037,34.099914],[-116.248926,34.09984],[-116.248844,34.099653],[-116.24816,34.09934],[-116.247982,34.099317],[-116.247657,34.099585],[-116.247572,34.099587],[-116.2473,34.099459],[-116.247203,34.099492],[-116.246779,34.099393],[-116.246012,34.099524],[-116.245406,34.099388],[-116.24454,34.099344],[-116.244338,34.099416],[-116.24416,34.099377],[-116.243779,34.099466],[-116.243401,34.099412],[-116.243288,34.099315],[-116.243099,34.099355],[-116.242949,34.099314],[-116.242666,34.099325],[-116.242266,34.099176],[-116.241859,34.099152],[-116.241755,34.099196],[-116.241411,34.099009],[-116.240996,34.099056],[-116.240394,34.098957],[-116.240187,34.098998],[-116.240038,34.099112],[-116.239613,34.099237],[-116.239175,34.099124],[-116.238705,34.099201],[-116.23861,34.099303],[-116.23857,34.099452],[-116.238634,34.099495],[-116.238662,34.099613],[-116.238541,34.099751],[-116.238481,34.099925],[-116.238539,34.100095],[-116.23865,34.100226],[-116.238562,34.100671],[-116.238637,34.100985],[-116.238604,34.101151],[-116.238771,34.101744],[-116.238978,34.102173],[-116.238937,34.10242],[-116.239059,34.102679],[-116.239172,34.102717],[-116.239295,34.102839],[-116.239187,34.103044],[-116.239334,34.103439],[-116.239415,34.103517],[-116.239383,34.103601],[-116.239514,34.103872],[-116.239503,34.103936],[-116.239769,34.104299],[-116.239772,34.10447],[-116.239904,34.104744],[-116.240319,34.105237],[-116.240423,34.105537],[-116.240209,34.106012],[-116.239933,34.106378],[-116.239678,34.106659],[-116.239404,34.10681],[-116.239311,34.106944],[-116.239157,34.106946],[-116.239171,34.107132],[-116.238984,34.107175],[-116.238626,34.107126],[-116.238417,34.107268],[-116.238117,34.107266],[-116.237974,34.107401],[-116.237996,34.107592],[-116.237925,34.107831],[-116.237949,34.108032],[-116.237881,34.10833],[-116.237745,34.108548],[-116.237639,34.108617],[-116.237812,34.108753],[-116.237562,34.108865],[-116.237249,34.108889],[-116.237147,34.109723],[-116.237028,34.109994],[-116.237283,34.11026],[-116.237584,34.11043],[-116.237863,34.11071],[-116.238495,34.110544],[-116.238964,34.110479],[-116.239444,34.110555],[-116.239548,34.110504],[-116.239654,34.110525],[-116.239971,34.110643],[-116.240239,34.110897],[-116.240559,34.110974],[-116.240701,34.110955],[-116.24099,34.111147],[-116.241306,34.111133],[-116.241775,34.111306],[-116.242414,34.111402],[-116.242831,34.111595],[-116.243472,34.111712],[-116.244055,34.111877],[-116.244256,34.111977],[-116.244431,34.111788],[-116.24466,34.111682],[-116.244941,34.111747],[-116.245614,34.11167],[-116.246127,34.111849],[-116.246546,34.111849],[-116.246809,34.111992],[-116.246929,34.111931],[-116.247086,34.112002],[-116.247307,34.112002],[-116.247549,34.111865],[-116.248185,34.111867],[-116.248459,34.111739],[-116.24897,34.111785],[-116.249142,34.111894],[-116.249547,34.111898],[-116.249878,34.111807],[-116.250402,34.111829],[-116.250886,34.111682],[-116.251045,34.111536],[-116.25125,34.111449],[-116.251511,34.111203],[-116.251677,34.111173],[-116.251948,34.111252],[-116.252158,34.111221],[-116.252475,34.111355],[-116.252663,34.111368],[-116.253468,34.111256],[-116.253968,34.111279],[-116.254065,34.111185],[-116.25454,34.111151],[-116.254742,34.111073],[-116.255438,34.110755],[-116.255771,34.110725],[-116.25617,34.110818],[-116.256411,34.11082],[-116.257054,34.110674]]}},{"type":"Feature","properties":{"kind":"trail","name":"West Access Trail"},"geometry":{"type":"LineString","coordinates":[[-116.251373,34.100523],[-116.25159,34.10045],[-116.251838,34.100469],[-116.252174,34.100379],[-116.252448,34.10039],[-116.252842,34.100222],[-116.253313,34.100271],[-116.253539,34.100202],[-116.254539,34.100124],[-116.254688,34.100179],[-116.255058,34.100081],[-116.255227,34.100122],[-116.255491,34.100081],[-116.255733,34.100107],[-116.256254,34.099992],[-116.256565,34.099992],[-116.256931,34.100071],[-116.257098,34.100044],[-116.257351,34.10014],[-116.257534,34.100128],[-116.257646,34.100205],[-116.257915,34.10022],[-116.258113,34.100299],[-116.25886,34.100157],[-116.25921,34.100245],[-116.25943,34.100234],[-116.259641,34.099995],[-116.259822,34.09968],[-116.26009,34.099474],[-116.260157,34.099249],[-116.26055,34.098993],[-116.260626,34.098814],[-116.260839,34.098625],[-116.261011,34.098194],[-116.261203,34.098008],[-116.261265,34.0978],[-116.261694,34.097157],[-116.261937,34.096882],[-116.262046,34.096661],[-116.262236,34.096426],[-116.262649,34.096028],[-116.262754,34.095797],[-116.262914,34.095609],[-116.262906,34.095514],[-116.263171,34.095159],[-116.263458,34.095279],[-116.263924,34.095364],[-116.264126,34.095312],[-116.264352,34.095133],[-116.264765,34.094912],[-116.265071,34.094591],[-116.265208,34.094522],[-116.265304,34.094355],[-116.265623,34.094099],[-116.265779,34.093906]]}},{"type":"Feature","properties":{"kind":"trail"},"geometry":{"type":"LineString","coordinates":[[-116.258808,34.08971],[-116.257296,34.089878],[-116.256872,34.08998],[-116.256576,34.089992],[-116.25646,34.090195],[-116.256286,34.090282],[-116.25611,34.09027],[-116.255973,34.090193],[-116.255539,34.090096],[-116.255224,34.090147],[-116.255106,34.090245],[-116.25516,34.090424],[-116.255133,34.090486]]}},{"type":"Feature","properties":{"kind":"trail","name":"Window Loop Trail","sac":"hiking","surface":"unpaved"},"geometry":{"type":"LineString","coordinates":[[-116.223415,34.068087],[-116.223059,34.067812],[-116.222861,34.067443],[-116.222737,34.067312],[-116.222356,34.06707],[-116.222222,34.066828],[-116.222093,34.066705],[-116.221927,34.066623],[-116.221715,34.066394],[-116.221053,34.065897],[-116.220975,34.065783],[-116.220889,34.065463],[-116.220414,34.065088],[-116.220369,34.064852],[-116.22024,34.064674],[-116.220079,34.064559],[-116.219747,34.064466],[-116.219334,34.064119],[-116.219048,34.064081],[-116.218927,34.063992],[-116.218704,34.063957],[-116.218446,34.063795],[-116.218204,34.06375],[-116.218049,34.063663],[-116.217775,34.06369],[-116.217217,34.063361],[-116.21715,34.063346],[-116.217056,34.063459],[-116.216792,34.063479],[-116.216638,34.063428],[-116.216504,34.063326],[-116.215912,34.063059],[-116.215818,34.062882],[-116.215616,34.062915],[-116.215059,34.062815],[-116.214963,34.062826],[-116.214747,34.062961],[-116.214522,34.063246],[-116.214286,34.063575],[-116.21398,34.064297],[-116.213704,34.064457],[-116.213227,34.064461],[-116.212977,34.06459],[-116.212726,34.064648],[-116.212675,34.064621],[-116.212617,34.064459],[-116.212405,34.06439],[-116.211968,34.063863],[-116.21178,34.063801],[-116.211536,34.06361],[-116.211181,34.063568],[-116.210882,34.06367],[-116.210797,34.063653],[-116.21054,34.063164],[-116.21022,34.063221],[-116.209781,34.063104],[-116.209721,34.063144],[-116.20971,34.063261],[-116.209865,34.06413],[-116.209806,34.064437],[-116.209895,34.065066],[-116.209759,34.065226],[-116.209801,34.065363],[-116.209747,34.065497],[-116.209881,34.065545],[-116.209897,34.065659],[-116.210008,34.065734],[-116.21008,34.065919],[-116.210187,34.066008],[-116.210289,34.066485],[-116.210225,34.066819],[-116.210335,34.06697],[-116.210268,34.067296],[-116.210297,34.067399],[-116.210654,34.067625],[-116.210732,34.068174],[-116.210933,34.068312],[-116.210946,34.068712],[-116.210989,34.068823],[-116.211163,34.069005],[-116.211295,34.069383],[-116.211204,34.069707],[-116.211276,34.069814],[-116.211383,34.070287],[-116.211539,34.070558],[-116.211561,34.070667],[-116.211512,34.070762],[-116.211582,34.07092],[-116.211775,34.07112],[-116.211791,34.071298],[-116.211992,34.07154],[-116.211968,34.071687],[-116.212004,34.071822],[-116.212148,34.072002],[-116.212179,34.072194]]}},{"type":"Feature","properties":{"kind":"trail"},"geometry":{"type":"LineString","coordinates":[[-116.265956,34.099181],[-116.265129,34.099388],[-116.26478,34.099428],[-116.264505,34.099527],[-116.264289,34.099665],[-116.263869,34.099745],[-116.263539,34.099981],[-116.263211,34.10035],[-116.262985,34.100369],[-116.262847,34.100459],[-116.262667,34.100445],[-116.262505,34.100533],[-116.261841,34.100608],[-116.260927,34.100412],[-116.260633,34.100403],[-116.260539,34.100349],[-116.25992,34.100318],[-116.259719,34.100248],[-116.25943,34.100234]]}},{"type":"Feature","properties":{"kind":"trail"},"geometry":{"type":"LineString","coordinates":[[-116.250098,34.094837],[-116.250145,34.094972],[-116.250129,34.095134],[-116.250233,34.095404],[-116.250065,34.095826],[-116.250171,34.096062],[-116.25018,34.096404],[-116.25027,34.096518],[-116.250487,34.096609],[-116.250541,34.096733],[-116.250431,34.097073],[-116.250365,34.097684],[-116.250489,34.097783],[-116.250682,34.098065],[-116.250778,34.098485],[-116.250777,34.098719],[-116.25091,34.099162],[-116.250892,34.100299],[-116.250848,34.10039],[-116.250831,34.100775]]}},{"type":"Feature","properties":{"kind":"trail"},"geometry":{"type":"LineString","coordinates":[[-116.253752,34.088784],[-116.253874,34.088732],[-116.254037,34.08852],[-116.254267,34.088529],[-116.254588,34.088442],[-116.255083,34.088511],[-116.255604,34.088486]]}},{"type":"Feature","properties":{"kind":"trail","name":"Burro Loop Access Trail"},"geometry":{"type":"LineString","coordinates":[[-116.250879,34.09339],[-116.250344,34.093619],[-116.250172,34.093744],[-116.250107,34.094021],[-116.250098,34.094837],[-116.249804,34.095115],[-116.249661,34.095123],[-116.249264,34.095022],[-116.249096,34.095111],[-116.248842,34.095076],[-116.248525,34.095157],[-116.248398,34.095114],[-116.248271,34.095195],[-116.248047,34.095221],[-116.247882,34.095309],[-116.247765,34.095281],[-116.247593,34.095416],[-116.247417,34.095478],[-116.247258,34.095669],[-116.247244,34.09596],[-116.247289,34.096141],[-116.247193,34.096265],[-116.246999,34.096371],[-116.246932,34.096501],[-116.246951,34.096659],[-116.24665,34.096894],[-116.246613,34.09733],[-116.246659,34.097497],[-116.246613,34.097646],[-116.246407,34.097764],[-116.246193,34.098156],[-116.246159,34.098377],[-116.246034,34.098646],[-116.24563,34.099018],[-116.245406,34.099388]]}},{"type":"Feature","properties":{"kind":"trail"},"geometry":{"type":"LineString","coordinates":[[-116.268125,34.095856],[-116.267408,34.095859],[-116.267271,34.095822],[-116.266597,34.095847],[-116.266422,34.095903],[-116.265869,34.095793],[-116.26577,34.09583],[-116.265564,34.095875],[-116.264821,34.095676],[-116.264239,34.095442],[-116.264126,34.095312]]}},{"type":"Feature","properties":{"kind":"trail","name":"Rocky View Trail"},"geometry":{"type":"LineString","coordinates":[[-116.238117,34.107266],[-116.238066,34.106849],[-116.238017,34.106771],[-116.237599,34.106374],[-116.237554,34.106257],[-116.237387,34.106164],[-116.23733,34.106052],[-116.236807,34.105871],[-116.236655,34.105882],[-116.236496,34.105759],[-116.236354,34.105786],[-116.2361,34.105538],[-116.235922,34.105472],[-116.23572,34.105306],[-116.23554,34.105278],[-116.23548,34.10515],[-116.235226,34.105087],[-116.235074,34.104994],[-116.234463,34.105007],[-116.234312,34.104836],[-116.234067,34.104743],[-116.233994,34.104466],[-116.233875,34.104446],[-116.233896,34.10437],[-116.233741,34.104221],[-116.233691,34.103958],[-116.233603,34.103858],[-116.233225,34.103803],[-116.232388,34.104032],[-116.232051,34.10384],[-116.231655,34.103737],[-116.23142,34.103595],[-116.231183,34.103409],[-116.231101,34.10323],[-116.231081,34.103078],[-116.231335,34.102935],[-116.231297,34.102838],[-116.231202,34.102785],[-116.23107,34.102448],[-116.231122,34.102377],[-116.231089,34.102253],[-116.231168,34.102128],[-116.231597,34.101757],[-116.232079,34.101715],[-116.232823,34.101556],[-116.233081,34.101412],[-116.234361,34.101138],[-116.234569,34.10101],[-116.234709,34.100992],[-116.234824,34.100854],[-116.235023,34.100755],[-116.235169,34.100327],[-116.235342,34.100275],[-116.235372,34.100164],[-116.235485,34.100079],[-116.235827,34.100021],[-116.236205,34.099793],[-116.236299,34.099838],[-116.236483,34.099781],[-116.236625,34.099801],[-116.236643,34.09971],[-116.236977,34.099548],[-116.237038,34.099183],[-116.237332,34.098891],[-116.237872,34.098807],[-116.23819,34.09856],[-116.238258,34.098554],[-116.238366,34.098692],[-116.238487,34.098727],[-116.23847,34.098825],[-116.238705,34.099201]]}},{"type":"Feature","properties":{"kind":"trail"},"geometry":{"type":"LineString","coordinates":[[-116.168081,34.044038],[-116.16809,34.043819],[-116.168301,34.044098],[-116.168566,34.044236],[-116.168774,34.044264]]}},{"type":"Feature","properties":{"kind":"trail"},"geometry":{"type":"LineString","coordinates":[[-116.16869,34.043984],[-116.168545,34.044092],[-116.168301,34.044098],[-116.168081,34.044038]]}},{"type":"Feature","properties":{"kind":"trail","name":"Maze Loop Trail"},"geometry":{"type":"LineString","coordinates":[[-116.242386,34.080908],[-116.242203,34.081081],[-116.241989,34.081201]]}},{"type":"Feature","properties":{"kind":"trail"},"geometry":{"type":"LineString","coordinates":[[-116.175079,34.025521],[-116.175169,34.025285],[-116.175463,34.025023],[-116.175757,34.024378],[-116.176244,34.023499],[-116.176388,34.023374],[-116.176492,34.023135],[-116.176722,34.022922]]}},{"type":"Feature","properties":{"kind":"trail"},"geometry":{"type":"LineString","coordinates":[[-116.175463,34.025023],[-116.175738,34.024942],[-116.17607,34.024693],[-116.176744,34.024435],[-116.176891,34.024298],[-116.177119,34.024224],[-116.17735,34.024095],[-116.177514,34.024126],[-116.177961,34.024653],[-116.178077,34.02492],[-116.17819,34.025067],[-116.178128,34.025267],[-116.178208,34.025356],[-116.178549,34.025492]]}},{"type":"Feature","properties":{"kind":"trail","name":"Dairy Queen Right Approach"},"geometry":{"type":"LineString","coordinates":[[-116.176644,34.022573],[-116.176749,34.022413],[-116.176884,34.022311],[-116.176815,34.022216],[-116.176972,34.022038],[-116.176973,34.021995],[-116.177249,34.021885],[-116.177525,34.021996]]}},{"type":"Feature","properties":{"kind":"trail"},"geometry":{"type":"LineString","coordinates":[[-116.176949,34.025187],[-116.177235,34.024831],[-116.177347,34.024571],[-116.177119,34.024224],[-116.176953,34.023911],[-116.176926,34.023402],[-116.176843,34.023177],[-116.176795,34.023146],[-116.176722,34.022922],[-116.176708,34.022704],[-116.176644,34.022573],[-116.176456,34.022416],[-116.176521,34.022284],[-116.176448,34.021969],[-116.176408,34.021797],[-116.176382,34.021319],[-116.176221,34.021156],[-116.176274,34.020936]]}},{"type":"Feature","properties":{"kind":"track"},"geometry":{"type":"LineString","coordinates":[[-116.189439,34.018447],[-116.189103,34.018292]]}},{"type":"Feature","properties":{"kind":"track"},"geometry":{"type":"LineString","coordinates":[[-116.190675,34.016977],[-116.190643,34.017501]]}},{"type":"Feature","properties":{"kind":"track"},"geometry":{"type":"LineString","coordinates":[[-116.175188,34.006538],[-116.177657,34.004863],[-116.177915,34.004664],[-116.182387,34.004631],[-116.186824,34.004621],[-116.188669,34.003874],[-116.189957,34.003767],[-116.19024,34.003682],[-116.190265,34.002461],[-116.189742,34.001636],[-116.189632,34.001132],[-116.189467,34.000903],[-116.18944,34.00056],[-116.188791,34.000007],[-116.188419,33.999555],[-116.188392,33.999076],[-116.187924,33.998183],[-116.187814,33.997793],[-116.187732,33.997747],[-116.187237,33.996487],[-116.186852,33.996006],[-116.186852,33.995388],[-116.186604,33.994701],[-116.186164,33.993945],[-116.185944,33.993258],[-116.185367,33.992479],[-116.185169,33.99182],[-116.185215,33.991703],[-116.185434,33.991057],[-116.185612,33.990825],[-116.185677,33.990569],[-116.186172,33.990469],[-116.186602,33.990527]]}},{"type":"Feature","properties":{"kind":"trail","surface":"ground"},"geometry":{"type":"LineString","coordinates":[[-116.146921,34.030195],[-116.146681,34.029871],[-116.146666,34.029123],[-116.146477,34.029044],[-116.14636,34.028858],[-116.146142,34.028684],[-116.145684,34.028437],[-116.145563,34.028312],[-116.145379,34.028238],[-116.145303,34.028272],[-116.145067,34.028096],[-116.14474,34.028023],[-116.144737,34.027925],[-116.144877,34.027812],[-116.145126,34.027369],[-116.145053,34.026683]]}},{"type":"Feature","properties":{"kind":"road","name":"Keys View Road","surface":"asphalt"},"geometry":{"type":"LineString","coordinates":[[-116.174211,33.932386],[-116.174146,33.932706],[-116.174132,33.933136],[-116.174331,33.93444],[-116.174329,33.934841],[-116.174174,33.935517],[-116.173834,33.936349],[-116.173744,33.936954],[-116.173784,33.937356],[-116.174085,33.93819],[-116.17415,33.938511],[-116.17409,33.939808],[-116.173762,33.94149],[-116.17361,33.941868],[-116.173155,33.942609],[-116.172953,33.943047],[-116.172379,33.945044],[-116.172286,33.94568],[-116.172496,33.948087],[-116.172623,33.94856],[-116.17314,33.949678],[-116.173238,33.95034],[-116.173206,33.950735],[-116.172995,33.951819],[-116.172974,33.952518],[-116.173151,33.953773],[-116.173071,33.955139],[-116.173164,33.95617],[-116.173155,33.956631],[-116.17306,33.957277],[-116.172782,33.958382],[-116.172728,33.958618],[-116.172591,33.959364],[-116.172384,33.960576],[-116.172398,33.961179],[-116.172569,33.961852],[-116.173071,33.96318],[-116.173085,33.963583],[-116.173011,33.963901],[-116.172746,33.964348],[-116.172013,33.965181],[-116.170637,33.966371],[-116.169226,33.967888],[-116.168764,33.968492],[-116.16862,33.96869],[-116.167714,33.969912],[-116.166406,33.971515],[-116.165898,33.972363],[-116.165796,33.972563],[-116.16482,33.974474],[-116.164628,33.974983],[-116.164562,33.9755],[-116.164665,33.976736],[-116.164676,33.976842],[-116.164858,33.977729],[-116.164959,33.978242],[-116.165055,33.97991],[-116.165358,33.982024],[-116.165351,33.982716],[-116.165188,33.983968],[-116.165176,33.98405],[-116.165158,33.984178],[-116.164982,33.985254],[-116.164635,33.985952],[-116.164482,33.986405],[-116.164228,33.987696],[-116.164212,33.988592],[-116.164308,33.989246],[-116.164565,33.99028],[-116.164545,33.990533],[-116.164438,33.990856],[-116.164144,33.991253],[-116.163834,33.991478],[-116.163291,33.991738]]}},{"type":"Feature","properties":{"kind":"road","name":"Park Boulevard","surface":"asphalt"},"geometry":{"type":"LineString","coordinates":[[-116.089473,34.007662],[-116.088206,34.007193],[-116.08582,34.00655],[-116.084876,34.006218],[-116.08422,34.005889],[-116.083581,34.005483],[-116.082764,34.004788],[-116.08227,34.004298],[-116.081419,34.003378],[-116.080269,34.001774],[-116.080002,34.001248],[-116.079739,34.000491],[-116.079483,34.000015],[-116.079057,33.999609],[-116.078223,33.99911],[-116.077788,33.998782],[-116.077437,33.99836],[-116.076766,33.997298],[-116.07657,33.996902],[-116.076429,33.996457],[-116.076065,33.994315],[-116.075756,33.993553],[-116.07544,33.993046]]}},{"type":"Feature","properties":{"kind":"road","name":"Park Boulevard","surface":"asphalt"},"geometry":{"type":"LineString","coordinates":[[-116.115275,34.006075],[-116.113876,34.006543],[-116.11326,34.006793],[-116.111256,34.007825],[-116.105744,34.009973],[-116.105289,34.010092],[-116.10442,34.010238],[-116.102346,34.010339],[-116.100663,34.010207],[-116.100116,34.010165],[-116.099398,34.010157],[-116.098086,34.010132],[-116.096352,34.009962],[-116.095351,34.009785],[-116.093909,34.009274],[-116.093429,34.009073],[-116.092776,34.008816],[-116.091156,34.008392],[-116.089473,34.007662]]}},{"type":"Feature","properties":{"kind":"road","name":"Park Boulevard","surface":"asphalt"},"geometry":{"type":"LineString","coordinates":[[-116.07544,33.993046],[-116.074211,33.991596],[-116.073801,33.991222],[-116.073394,33.99101],[-116.072859,33.990879],[-116.072491,33.99087],[-116.07192,33.990953],[-116.070249,33.991189],[-116.069488,33.991498],[-116.068517,33.992013],[-116.068376,33.992089],[-116.068306,33.99213],[-116.065474,33.993863],[-116.064177,33.99485],[-116.062855,33.995651],[-116.062061,33.996197],[-116.060657,33.997417],[-116.060271,33.997696],[-116.05997,33.997886],[-116.059752,33.998021],[-116.059512,33.998158],[-116.057382,33.999558]]}},{"type":"Feature","properties":{"kind":"trail","surface":"dirt"},"geometry":{"type":"LineString","coordinates":[[-116.156303,34.022794],[-116.155855,34.022987],[-116.155355,34.02304]]}},{"type":"Feature","properties":{"kind":"track"},"geometry":{"type":"LineString","coordinates":[[-116.270853,34.095827],[-116.270816,34.095771],[-116.270914,34.094932],[-116.271031,34.094764],[-116.271059,34.094512],[-116.271136,34.094304],[-116.271226,34.09427]]}},{"type":"Feature","properties":{"kind":"track"},"geometry":{"type":"LineString","coordinates":[[-116.271283,34.095866],[-116.271243,34.096208],[-116.271284,34.097273],[-116.271185,34.097591],[-116.271234,34.09768],[-116.271302,34.097714]]}},{"type":"Feature","properties":{"kind":"track"},"geometry":{"type":"LineString","coordinates":[[-116.274371,34.095842],[-116.27413,34.095602],[-116.27398,34.095563],[-116.273779,34.095849]]}},{"type":"Feature","properties":{"kind":"trail","name":"Barker Dam Trail","surface":"dirt"},"geometry":{"type":"LineString","coordinates":[[-116.154669,34.023864],[-116.155014,34.023369],[-116.155355,34.02304],[-116.156131,34.022182],[-116.156222,34.021975]]}},{"type":"Feature","properties":{"kind":"trail","name":"Barker Dam Trail"},"geometry":{"type":"LineString","coordinates":[[-116.153885,34.023742],[-116.153627,34.023734],[-116.153356,34.023656],[-116.152788,34.023267],[-116.151884,34.023516],[-116.151605,34.023574],[-116.151456,34.023545],[-116.150948,34.023549],[-116.150776,34.023692],[-116.150502,34.02382],[-116.150083,34.023935],[-116.148738,34.024094],[-116.148397,34.024223],[-116.147716,34.024378],[-116.147217,34.024868],[-116.147123,34.02511],[-116.147185,34.02531],[-116.147147,34.025414],[-116.147201,34.025797],[-116.146981,34.026263]]}},{"type":"Feature","properties":{"kind":"trail"},"geometry":{"type":"LineString","coordinates":[[-116.278396,34.114159],[-116.27794,34.113898],[-116.277361,34.113867]]}},{"type":"Feature","properties":{"kind":"trail"},"geometry":{"type":"LineString","coordinates":[[-116.27443,34.111593],[-116.274135,34.111339],[-116.273776,34.111157],[-116.27354,34.110948],[-116.273502,34.110688],[-116.273534,34.110588],[-116.273765,34.110438],[-116.273733,34.110283],[-116.273867,34.110162],[-116.274141,34.110144],[-116.274387,34.11002],[-116.274527,34.110034]]}},{"type":"Feature","properties":{"kind":"trail"},"geometry":{"type":"LineString","coordinates":[[-116.272238,34.111525],[-116.27192,34.11117],[-116.271989,34.110993],[-116.27179,34.110645],[-116.271858,34.110498],[-116.272088,34.110471],[-116.272124,34.11042],[-116.271994,34.110202],[-116.271841,34.110213],[-116.271786,34.110307],[-116.271705,34.110323],[-116.271627,34.110216],[-116.271563,34.110202],[-116.271455,34.110307],[-116.271209,34.110391],[-116.271335,34.110552],[-116.271339,34.110619],[-116.271261,34.110673],[-116.271095,34.1106],[-116.270943,34.110603],[-116.270884,34.110552],[-116.270927,34.110493],[-116.270907,34.110423],[-116.270709,34.110216],[-116.270524,34.110143],[-116.270381,34.110184],[-116.270375,34.110299],[-116.270154,34.110428],[-116.269976,34.110447],[-116.269843,34.110407],[-116.269574,34.110509],[-116.269554,34.11042],[-116.269596,34.110318],[-116.269544,34.110216],[-116.269298,34.11017],[-116.269068,34.110224],[-116.268824,34.110544],[-116.26872,34.110584],[-116.268552,34.110565],[-116.268337,34.110659],[-116.268315,34.110724],[-116.268383,34.110807],[-116.268394,34.110931]]}},{"type":"Feature","properties":{"kind":"track"},"geometry":{"type":"LineString","coordinates":[[-116.278337,34.110514],[-116.278248,34.110631],[-116.27811,34.11063],[-116.278031,34.110546],[-116.278033,34.110522]]}},{"type":"Feature","properties":{"kind":"track"},"geometry":{"type":"LineString","coordinates":[[-116.278248,34.110631],[-116.278319,34.110737],[-116.278313,34.110867],[-116.278369,34.110981],[-116.278686,34.111245],[-116.278833,34.111445],[-116.278821,34.111554],[-116.27864,34.111628],[-116.278762,34.111708],[-116.278643,34.111826],[-116.278669,34.111944],[-116.278574,34.112126],[-116.278688,34.112443],[-116.278856,34.112529],[-116.279116,34.112806],[-116.279576,34.11297],[-116.279664,34.112999],[-116.280112,34.112921],[-116.280196,34.112875],[-116.280076,34.11283],[-116.280112,34.112921]]}},{"type":"Feature","properties":{"kind":"trail","name":"Good Manor"},"geometry":{"type":"LineString","coordinates":[[-116.278031,34.110546],[-116.277933,34.110611],[-116.277909,34.110686],[-116.278,34.110955],[-116.277961,34.111046],[-116.277984,34.11114],[-116.278042,34.111213],[-116.278004,34.111304],[-116.278032,34.111435],[-116.277945,34.111535],[-116.277941,34.11164],[-116.278048,34.111737],[-116.27812,34.112043],[-116.278192,34.112106],[-116.278396,34.112137],[-116.278551,34.112306],[-116.278551,34.112349],[-116.278464,34.112395],[-116.278269,34.112381],[-116.278259,34.112451],[-116.278276,34.112529],[-116.278493,34.112658],[-116.278573,34.112768],[-116.278421,34.112838],[-116.278068,34.112808],[-116.277993,34.112733],[-116.277773,34.112698],[-116.277604,34.112552],[-116.27739,34.112545],[-116.277208,34.112426],[-116.276971,34.112674],[-116.276939,34.112792],[-116.276958,34.112867],[-116.277143,34.112961],[-116.277218,34.113079],[-116.277095,34.113203],[-116.276919,34.113222],[-116.276725,34.113332],[-116.276695,34.113582],[-116.27677,34.113719],[-116.276748,34.113761]]}},{"type":"Feature","properties":{"kind":"trail","name":"Bad Manor"},"geometry":{"type":"LineString","coordinates":[[-116.275525,34.112809],[-116.275463,34.11287],[-116.275436,34.113088],[-116.275242,34.113128],[-116.275102,34.113015],[-116.274849,34.11312],[-116.274801,34.112953],[-116.27496,34.11258],[-116.274934,34.112502],[-116.274749,34.112411],[-116.27447,34.112483],[-116.274489,34.112752],[-116.274428,34.112937],[-116.274551,34.113407],[-116.274528,34.113469],[-116.274428,34.113472],[-116.274333,34.113367],[-116.274217,34.113461],[-116.273993,34.113445],[-116.274174,34.112948],[-116.274071,34.112918],[-116.273934,34.113074],[-116.273902,34.112999],[-116.27396,34.112926],[-116.273963,34.112771],[-116.273847,34.112687],[-116.273753,34.112687],[-116.273444,34.113015],[-116.273337,34.113071],[-116.273204,34.113112],[-116.27313,34.113061],[-116.27298,34.113071],[-116.272993,34.113273],[-116.272776,34.113313],[-116.272763,34.11337],[-116.272802,34.113493],[-116.27301,34.113636],[-116.273165,34.11385],[-116.27337,34.113961],[-116.273649,34.114006],[-116.27373,34.114253],[-116.273905,34.114304],[-116.274093,34.114495],[-116.274301,34.114519],[-116.274852,34.114361],[-116.274904,34.114326],[-116.274823,34.114159],[-116.275025,34.114141],[-116.2752,34.114202],[-116.275634,34.114554],[-116.275607,34.114666]]}},{"type":"Feature","properties":{"kind":"trail","name":"Bad Manor"},"geometry":{"type":"LineString","coordinates":[[-116.276336,34.113129],[-116.276082,34.113102],[-116.276018,34.113005],[-116.276002,34.112862],[-116.275905,34.112809],[-116.27568,34.11276],[-116.275525,34.112809]]}},{"type":"Feature","properties":{"kind":"trail"},"geometry":{"type":"LineString","coordinates":[[-116.271563,34.110202],[-116.271526,34.110068],[-116.271588,34.109968],[-116.272036,34.10995]]}},{"type":"Feature","properties":{"kind":"trail","surface":"ground"},"geometry":{"type":"LineString","coordinates":[[-116.141873,34.025167],[-116.142021,34.025149],[-116.142302,34.025085],[-116.142291,34.025036],[-116.142421,34.024982]]}},{"type":"Feature","properties":{"kind":"trail","surface":"ground"},"geometry":{"type":"LineString","coordinates":[[-116.14199,34.025048],[-116.142021,34.025149]]}},{"type":"Feature","properties":{"kind":"trail","name":"Face Rock Trail","surface":"dirt"},"geometry":{"type":"LineString","coordinates":[[-116.060086,33.997913],[-116.06013,33.99815],[-116.060106,33.998682],[-116.060296,33.998786],[-116.060184,33.998964],[-116.060299,33.999029],[-116.060302,33.999124],[-116.060098,33.99924],[-116.059819,33.999313],[-116.059663,33.999448],[-116.059382,33.999507],[-116.059245,33.999651],[-116.059205,33.999814],[-116.059119,33.999874],[-116.059127,33.999958],[-116.059299,34.000027],[-116.059406,34.000221],[-116.059524,34.000316],[-116.059653,34.000568],[-116.059886,34.000546],[-116.060103,34.000619],[-116.06018,34.000756],[-116.060467,34.000881],[-116.060714,34.001079],[-116.060771,34.001316],[-116.060736,34.002062],[-116.060899,34.002268],[-116.060855,34.00235],[-116.060729,34.002401],[-116.060528,34.002762]]}},{"type":"Feature","properties":{"kind":"trail","name":"Skull Rock Nature Trail","surface":"asphalt"},"geometry":{"type":"LineString","coordinates":[[-116.059849,33.997857],[-116.059905,33.99787],[-116.05997,33.997886],[-116.06003,33.9979],[-116.060086,33.997913]]}},{"type":"Feature","properties":{"kind":"trail","name":"Skull Rock Nature Trail","surface":"fine_gravel"},"geometry":{"type":"LineString","coordinates":[[-116.060086,33.997913],[-116.060235,33.99798],[-116.060486,33.997979],[-116.060676,33.998035],[-116.060875,33.998279],[-116.061104,33.998344],[-116.061245,33.998265],[-116.061443,33.998021],[-116.06151,33.997779],[-116.061711,33.997613],[-116.061824,33.997602],[-116.062731,33.997048],[-116.063291,33.996902],[-116.064766,33.997003],[-116.064881,33.997],[-116.065088,33.996894],[-116.065181,33.996706],[-116.065389,33.996553],[-116.066068,33.996259],[-116.066234,33.995886],[-116.066325,33.995837],[-116.066329,33.995763],[-116.06643,33.995665],[-116.066497,33.995404],[-116.066436,33.995016],[-116.066325,33.994811],[-116.066255,33.994568],[-116.066112,33.994521],[-116.066087,33.994339],[-116.065995,33.994229],[-116.066006,33.99418],[-116.066334,33.994076],[-116.066486,33.993895],[-116.0666,33.993848],[-116.066778,33.993549],[-116.067266,33.993393],[-116.067339,33.993334],[-116.067325,33.993209],[-116.067362,33.993169],[-116.067909,33.992832],[-116.068271,33.992381],[-116.068408,33.992328],[-116.068427,33.992237],[-116.068376,33.992089]]}},{"type":"Feature","properties":{"kind":"road"},"geometry":{"type":"LineString","coordinates":[[-116.285507,34.094884],[-116.285003,34.094818]]}},{"type":"Feature","properties":{"kind":"road"},"geometry":{"type":"LineString","coordinates":[[-116.285497,34.096833],[-116.285979,34.097078],[-116.286099,34.097447],[-116.286028,34.097917],[-116.285803,34.097972],[-116.285485,34.097875]]}},{"type":"Feature","properties":{"kind":"road"},"geometry":{"type":"LineString","coordinates":[[-116.285485,34.097875],[-116.285098,34.098065],[-116.285047,34.098127],[-116.285072,34.09821],[-116.285296,34.098376],[-116.285499,34.098391]]}},{"type":"Feature","properties":{"kind":"road"},"geometry":{"type":"LineString","coordinates":[[-116.285506,34.100129],[-116.285195,34.100258],[-116.285157,34.100258],[-116.284807,34.100211]]}},{"type":"Feature","properties":{"kind":"track","surface":"unpaved"},"geometry":{"type":"LineString","coordinates":[[-116.283335,34.103183],[-116.283755,34.103292],[-116.284563,34.103255],[-116.28475,34.10327],[-116.284864,34.10334],[-116.285007,34.10362],[-116.285013,34.103831],[-116.284947,34.104132],[-116.284985,34.10423],[-116.285565,34.105059]]}},{"type":"Feature","properties":{"kind":"track","surface":"unpaved"},"geometry":{"type":"LineString","coordinates":[[-116.297629,34.101267],[-116.297816,34.101493],[-116.297854,34.101594],[-116.297824,34.101667],[-116.297682,34.101702],[-116.297665,34.101603],[-116.297816,34.101493]]}},{"type":"Feature","properties":{"kind":"trail"},"geometry":{"type":"LineString","coordinates":[[-116.057697,34.007116],[-116.057231,34.006219]]}},{"type":"Feature","properties":{"kind":"road","surface":"unpaved"},"geometry":{"type":"LineString","coordinates":[[-116.28973,34.098444],[-116.289637,34.098443],[-116.289237,34.098446],[-116.289124,34.098402],[-116.289115,34.098141],[-116.289216,34.098102],[-116.289333,34.098137],[-116.289637,34.098443]]}},{"type":"Feature","properties":{"kind":"road","surface":"unpaved"},"geometry":{"type":"LineString","coordinates":[[-116.295532,34.099447],[-116.29546,34.099721],[-116.295359,34.099784],[-116.295245,34.099692],[-116.29518,34.099455]]}},{"type":"Feature","properties":{"kind":"road","surface":"unpaved"},"geometry":{"type":"LineString","coordinates":[[-116.297339,34.099457],[-116.297366,34.099111],[-116.297142,34.098926],[-116.297021,34.098895],[-116.296965,34.098903],[-116.296818,34.099125],[-116.296806,34.099347],[-116.296846,34.099442]]}},{"type":"Feature","properties":{"kind":"track"},"geometry":{"type":"LineString","coordinates":[[-116.300794,34.09199],[-116.301335,34.092002],[-116.301606,34.091759],[-116.301727,34.091759],[-116.301799,34.091826],[-116.301797,34.091926],[-116.301746,34.091972],[-116.301568,34.092031],[-116.301335,34.092002]]}},{"type":"Feature","properties":{"kind":"road","surface":"unpaved"},"geometry":{"type":"LineString","coordinates":[[-116.303678,34.091603],[-116.303926,34.091986]]}},{"type":"Feature","properties":{"kind":"trail","name":"Approach to Conan's Corridor","surface":"unpaved"},"geometry":{"type":"LineString","coordinates":[[-116.066325,33.994811],[-116.066415,33.994825],[-116.066732,33.994714],[-116.066871,33.994799],[-116.067043,33.994812],[-116.067126,33.994705],[-116.06748,33.994485],[-116.067606,33.994474],[-116.067941,33.99493],[-116.067958,33.995039]]}},{"type":"Feature","properties":{"kind":"trail","name":"Climbing access: the old woman, and the blob"},"geometry":{"type":"LineString","coordinates":[[-116.163372,34.015707],[-116.163453,34.015726],[-116.163512,34.015829],[-116.163737,34.015967],[-116.164215,34.016589],[-116.1643,34.016963],[-116.16425,34.017066],[-116.164472,34.01714],[-116.164692,34.017425],[-116.164928,34.017563],[-116.165014,34.017705],[-116.165143,34.017785],[-116.165336,34.018341]]}},{"type":"Feature","properties":{"kind":"road","surface":"unpaved"},"geometry":{"type":"LineString","coordinates":[[-116.287634,34.099492],[-116.28766,34.099967],[-116.287845,34.100068]]}},{"type":"Feature","properties":{"kind":"road","name":"Buttonwood Road","surface":"unpaved"},"geometry":{"type":"LineString","coordinates":[[-116.294106,34.099479],[-116.294135,34.099204],[-116.294223,34.098809],[-116.29422,34.098758],[-116.294163,34.09845],[-116.294141,34.097851],[-116.294225,34.097557]]}},{"type":"Feature","properties":{"kind":"road","surface":"unpaved"},"geometry":{"type":"LineString","coordinates":[[-116.292047,34.099459],[-116.292127,34.099284],[-116.292272,34.099145],[-116.292362,34.098996],[-116.292657,34.098964],[-116.29287,34.099129],[-116.292868,34.099467]]}},{"type":"Feature","properties":{"kind":"road","surface":"unpaved"},"geometry":{"type":"LineString","coordinates":[[-116.29239,34.099463],[-116.292385,34.099205],[-116.292272,34.099145]]}},{"type":"Feature","properties":{"kind":"track"},"geometry":{"type":"LineString","coordinates":[[-116.30481,34.118806],[-116.304612,34.118572],[-116.304245,34.118603]]}},{"type":"Feature","properties":{"kind":"track"},"geometry":{"type":"LineString","coordinates":[[-116.303732,34.118808],[-116.303928,34.118859],[-116.30414,34.118845],[-116.304245,34.118603],[-116.304166,34.118458],[-116.304154,34.11823],[-116.304238,34.117864],[-116.304294,34.117629],[-116.304285,34.117472],[-116.303993,34.117012],[-116.303748,34.116287],[-116.30375,34.116171]]}},{"type":"Feature","properties":{"kind":"track"},"geometry":{"type":"LineString","coordinates":[[-116.302023,34.115412],[-116.302173,34.115475],[-116.302726,34.115999],[-116.303269,34.116012],[-116.30375,34.116171],[-116.304226,34.116207],[-116.304718,34.115888],[-116.3048,34.115958]]}},{"type":"Feature","properties":{"kind":"track"},"geometry":{"type":"LineString","coordinates":[[-116.304294,34.117629],[-116.304165,34.117616],[-116.303853,34.117764],[-116.303651,34.117871],[-116.303465,34.117846],[-116.303495,34.117762],[-116.303558,34.117739],[-116.303853,34.117764]]}},{"type":"Feature","properties":{"kind":"track"},"geometry":{"type":"LineString","coordinates":[[-116.304238,34.117864],[-116.304445,34.11795],[-116.304522,34.118175],[-116.304463,34.118253],[-116.304154,34.11823]]}},{"type":"Feature","properties":{"kind":"track"},"geometry":{"type":"LineString","coordinates":[[-116.303072,34.114119],[-116.302864,34.11388],[-116.302724,34.113791],[-116.302699,34.113711],[-116.30293,34.113081],[-116.302747,34.11278],[-116.302712,34.11257]]}},{"type":"Feature","properties":{"kind":"track"},"geometry":{"type":"LineString","coordinates":[[-116.303527,34.112566],[-116.303532,34.112743],[-116.303586,34.112843],[-116.303712,34.112901],[-116.304176,34.112969],[-116.304325,34.11325],[-116.30448,34.113557],[-116.304576,34.113578],[-116.304606,34.113503],[-116.304524,34.113371],[-116.304325,34.11325]]}},{"type":"Feature","properties":{"kind":"track"},"geometry":{"type":"LineString","coordinates":[[-116.302587,34.11257],[-116.302584,34.112231],[-116.302711,34.112103]]}},{"type":"Feature","properties":{"kind":"track"},"geometry":{"type":"LineString","coordinates":[[-116.300821,34.114388],[-116.30093,34.114292],[-116.300937,34.114175],[-116.300816,34.11397],[-116.300679,34.11396]]}},{"type":"Feature","properties":{"kind":"track"},"geometry":{"type":"LineString","coordinates":[[-116.300816,34.11397],[-116.301266,34.113932],[-116.301652,34.113648],[-116.301683,34.113542],[-116.30177,34.113353],[-116.301719,34.11332],[-116.301616,34.113384],[-116.301628,34.113491],[-116.301683,34.113542]]}},{"type":"Feature","properties":{"kind":"trail"},"geometry":{"type":"LineString","coordinates":[[-116.292329,34.115477],[-116.292248,34.115182],[-116.292004,34.114745],[-116.291743,34.114464],[-116.291584,34.114399],[-116.291336,34.114401],[-116.291135,34.114308],[-116.290837,34.114315],[-116.290634,34.114256],[-116.290442,34.114117]]}},{"type":"Feature","properties":{"kind":"track"},"geometry":{"type":"LineString","coordinates":[[-116.306097,34.109609],[-116.303338,34.109629],[-116.303082,34.109541],[-116.302862,34.109329],[-116.302643,34.109259]]}},{"type":"Feature","properties":{"kind":"track"},"geometry":{"type":"LineString","coordinates":[[-116.306155,34.109698],[-116.305098,34.109706],[-116.304777,34.109662],[-116.303086,34.109703],[-116.30237,34.109959],[-116.301947,34.1098],[-116.301541,34.109959],[-116.301326,34.109886],[-116.30119,34.109745],[-116.300965,34.109772],[-116.30094,34.109999]]}},{"type":"Feature","properties":{"kind":"road","surface":"concrete"},"geometry":{"type":"LineString","coordinates":[[-116.304515,34.104707],[-116.304187,34.104571],[-116.303994,34.104607],[-116.303821,34.104738]]}},{"type":"Feature","properties":{"kind":"road","surface":"concrete"},"geometry":{"type":"LineString","coordinates":[[-116.304361,34.10439],[-116.303892,34.104484],[-116.303874,34.104582],[-116.303994,34.104607]]}},{"type":"Feature","properties":{"kind":"track"},"geometry":{"type":"LineString","coordinates":[[-116.304326,34.104331],[-116.304846,34.104068],[-116.304944,34.103848],[-116.304941,34.103695],[-116.304869,34.103678],[-116.304864,34.103752]]}},{"type":"Feature","properties":{"kind":"track","surface":"unpaved"},"geometry":{"type":"LineString","coordinates":[[-116.303548,34.102382],[-116.304022,34.102195],[-116.304352,34.10207],[-116.304464,34.102074],[-116.304586,34.102148],[-116.304508,34.102188],[-116.304022,34.102195]]}},{"type":"Feature","properties":{"kind":"track","surface":"unpaved"},"geometry":{"type":"LineString","coordinates":[[-116.301548,34.100732],[-116.301694,34.100827],[-116.301863,34.100844],[-116.302107,34.100741]]}},{"type":"Feature","properties":{"kind":"road","surface":"unpaved"},"geometry":{"type":"LineString","coordinates":[[-116.302905,34.100322],[-116.302592,34.100324],[-116.302418,34.10023],[-116.302341,34.100238]]}},{"type":"Feature","properties":{"kind":"road","surface":"concrete"},"geometry":{"type":"LineString","coordinates":[[-116.30415,34.100722],[-116.304395,34.100849],[-116.304469,34.100821],[-116.304471,34.100721]]}},{"type":"Feature","properties":{"kind":"track","surface":"unpaved"},"geometry":{"type":"LineString","coordinates":[[-116.304177,34.099807],[-116.304239,34.100037],[-116.304293,34.100099],[-116.304538,34.100094],[-116.304598,34.100141],[-116.304527,34.100422],[-116.304256,34.100537]]}},{"type":"Feature","properties":{"kind":"track","surface":"unpaved"},"geometry":{"type":"LineString","coordinates":[[-116.304256,34.100722],[-116.304256,34.100537],[-116.304239,34.100037]]}},{"type":"Feature","properties":{"kind":"road","surface":"unpaved"},"geometry":{"type":"LineString","coordinates":[[-116.303791,34.099809],[-116.303985,34.099635],[-116.304081,34.099618],[-116.304585,34.099695]]}},{"type":"Feature","properties":{"kind":"track"},"geometry":{"type":"LineString","coordinates":[[-116.302873,34.098966],[-116.302774,34.09892],[-116.302375,34.098919],[-116.302126,34.09899]]}},{"type":"Feature","properties":{"kind":"track","surface":"unpaved"},"geometry":{"type":"LineString","coordinates":[[-116.298422,34.099508],[-116.29844,34.098153],[-116.298436,34.097724],[-116.298429,34.096833],[-116.298494,34.095942]]}},{"type":"Feature","properties":{"kind":"track","surface":"unpaved"},"geometry":{"type":"LineString","coordinates":[[-116.30121,34.097915],[-116.29844,34.098153],[-116.297482,34.098232]]}},{"type":"Feature","properties":{"kind":"track","surface":"unpaved"},"geometry":{"type":"LineString","coordinates":[[-116.298429,34.096833],[-116.297491,34.096814],[-116.296324,34.09679]]}},{"type":"Feature","properties":{"kind":"track","surface":"unpaved"},"geometry":{"type":"LineString","coordinates":[[-116.298436,34.097724],[-116.297484,34.097717],[-116.296843,34.097713]]}},{"type":"Feature","properties":{"kind":"track","surface":"unpaved"},"geometry":{"type":"LineString","coordinates":[[-116.297482,34.098232],[-116.297484,34.097717],[-116.297491,34.096814],[-116.297491,34.096446],[-116.297356,34.095909]]}},{"type":"Feature","properties":{"kind":"track"},"geometry":{"type":"LineString","coordinates":[[-116.288899,34.09322],[-116.288748,34.093034],[-116.288483,34.092945],[-116.288115,34.092612],[-116.287938,34.092618],[-116.287901,34.092374],[-116.288056,34.092412],[-116.288142,34.092512],[-116.288115,34.092612]]}},{"type":"Feature","properties":{"kind":"road","surface":"unpaved"},"geometry":{"type":"LineString","coordinates":[[-116.285514,34.093404],[-116.286374,34.093547],[-116.286544,34.093536],[-116.286668,34.093345],[-116.286749,34.093307],[-116.286901,34.093322],[-116.286979,34.093468],[-116.286859,34.093621],[-116.286731,34.09365],[-116.286374,34.093547]]}},{"type":"Feature","properties":{"kind":"road","surface":"unpaved"},"geometry":{"type":"LineString","coordinates":[[-116.285513,34.093228],[-116.285655,34.093158],[-116.286402,34.093108],[-116.286494,34.092979],[-116.286494,34.092876],[-116.286452,34.092756],[-116.28637,34.092742]]}},{"type":"Feature","properties":{"kind":"road","surface":"unpaved"},"geometry":{"type":"LineString","coordinates":[[-116.281334,34.093558],[-116.281416,34.092812],[-116.281385,34.092672]]}},{"type":"Feature","properties":{"kind":"track"},"geometry":{"type":"LineString","coordinates":[[-116.281385,34.092672],[-116.28141,34.092487],[-116.281481,34.092396],[-116.281703,34.092367],[-116.281849,34.092444],[-116.281829,34.09261],[-116.281672,34.092706],[-116.28157,34.0927]]}},{"type":"Feature","properties":{"kind":"road","surface":"unpaved"},"geometry":{"type":"LineString","coordinates":[[-116.281015,34.093561],[-116.280936,34.093063],[-116.280692,34.0931],[-116.280637,34.093594]]}},{"type":"Feature","properties":{"kind":"road","surface":"unpaved"},"geometry":{"type":"LineString","coordinates":[[-116.28252,34.093627],[-116.282596,34.093989]]}},{"type":"Feature","properties":{"kind":"road","surface":"unpaved"},"geometry":{"type":"LineString","coordinates":[[-116.283316,34.094106],[-116.282697,34.094165],[-116.282672,34.094272],[-116.282753,34.0943],[-116.282791,34.094449]]}},{"type":"Feature","properties":{"kind":"trail"},"geometry":{"type":"LineString","coordinates":[[-116.282697,34.094165],[-116.282596,34.093989]]}},{"type":"Feature","properties":{"kind":"road","surface":"unpaved"},"geometry":{"type":"LineString","coordinates":[[-116.28332,34.094456],[-116.282791,34.094449],[-116.282702,34.094646],[-116.282535,34.094696]]}},{"type":"Feature","properties":{"kind":"track"},"geometry":{"type":"LineString","coordinates":[[-116.283334,34.092571],[-116.282636,34.092418]]}},{"type":"Feature","properties":{"kind":"road","surface":"unpaved"},"geometry":{"type":"LineString","coordinates":[[-116.280558,34.093603],[-116.280399,34.093267],[-116.280136,34.093248],[-116.280103,34.09348],[-116.280173,34.09365]]}},{"type":"Feature","properties":{"kind":"road","surface":"unpaved"},"geometry":{"type":"LineString","coordinates":[[-116.279934,34.093682],[-116.279743,34.093386],[-116.279577,34.093358],[-116.279507,34.093429],[-116.279505,34.093739]]}},{"type":"Feature","properties":{"kind":"road","surface":"unpaved"},"geometry":{"type":"LineString","coordinates":[[-116.281496,34.093836],[-116.28157,34.093752],[-116.281739,34.093746],[-116.281808,34.093765],[-116.281803,34.093817]]}},{"type":"Feature","properties":{"kind":"road","surface":"unpaved"},"geometry":{"type":"LineString","coordinates":[[-116.281739,34.093746],[-116.281752,34.09358]]}},{"type":"Feature","properties":{"kind":"road","surface":"unpaved"},"geometry":{"type":"LineString","coordinates":[[-116.280907,34.093758],[-116.280928,34.093567]]}},{"type":"Feature","properties":{"kind":"track"},"geometry":{"type":"LineString","coordinates":[[-116.280766,34.094031],[-116.280694,34.094034],[-116.280672,34.09359]]}},{"type":"Feature","properties":{"kind":"road","surface":"unpaved"},"geometry":{"type":"LineString","coordinates":[[-116.279059,34.093776],[-116.279067,34.094124],[-116.279307,34.094323],[-116.279605,34.094402],[-116.279605,34.094502]]}},{"type":"Feature","properties":{"kind":"road","surface":"unpaved"},"geometry":{"type":"LineString","coordinates":[[-116.277809,34.093651],[-116.277941,34.093911],[-116.278112,34.093957]]}},{"type":"Feature","properties":{"kind":"road","surface":"unpaved"},"geometry":{"type":"LineString","coordinates":[[-116.277585,34.094066],[-116.277033,34.093742],[-116.276904,34.093777],[-116.276775,34.094042]]}},{"type":"Feature","properties":{"kind":"road","surface":"unpaved"},"geometry":{"type":"LineString","coordinates":[[-116.276288,34.09404],[-116.27626,34.093711],[-116.275936,34.093734]]}},{"type":"Feature","properties":{"kind":"road","surface":"unpaved"},"geometry":{"type":"LineString","coordinates":[[-116.273813,34.093084],[-116.273767,34.092985],[-116.273674,34.092929],[-116.2736,34.092972],[-116.273586,34.093098]]}},{"type":"Feature","properties":{"kind":"road","surface":"unpaved"},"geometry":{"type":"LineString","coordinates":[[-116.272245,34.093131],[-116.272151,34.092997],[-116.272049,34.092972],[-116.27199,34.09301],[-116.271973,34.09312]]}},{"type":"Feature","properties":{"kind":"road","surface":"unpaved"},"geometry":{"type":"LineString","coordinates":[[-116.273267,34.093109],[-116.273313,34.092903],[-116.273275,34.092713]]}},{"type":"Feature","properties":{"kind":"road","surface":"unpaved"},"geometry":{"type":"LineString","coordinates":[[-116.271209,34.093348],[-116.271127,34.093343],[-116.270942,34.093224],[-116.270688,34.093189],[-116.270595,34.092997]]}},{"type":"Feature","properties":{"kind":"road","surface":"unpaved"},"geometry":{"type":"LineString","coordinates":[[-116.268963,34.093065],[-116.269345,34.092484]]}},{"type":"Feature","properties":{"kind":"track"},"geometry":{"type":"LineString","coordinates":[[-116.265772,34.094161],[-116.266329,34.094197],[-116.266421,34.094261]]}},{"type":"Feature","properties":{"kind":"road","surface":"unpaved"},"geometry":{"type":"LineString","coordinates":[[-116.268974,34.093996],[-116.269167,34.093948],[-116.269193,34.093834],[-116.269095,34.093763],[-116.268973,34.093746]]}},{"type":"Feature","properties":{"kind":"road","surface":"unpaved"},"geometry":{"type":"LineString","coordinates":[[-116.269095,34.093763],[-116.269199,34.093674],[-116.269395,34.093649],[-116.26955,34.093664],[-116.26963,34.093741],[-116.269637,34.093938],[-116.269167,34.093948]]}},{"type":"Feature","properties":{"kind":"road","surface":"asphalt"},"geometry":{"type":"LineString","coordinates":[[-116.268974,34.093996],[-116.268819,34.093955],[-116.268773,34.09389],[-116.268809,34.093756],[-116.268973,34.093642]]}},{"type":"Feature","properties":{"kind":"road","surface":"asphalt"},"geometry":{"type":"LineString","coordinates":[[-116.268773,34.09389],[-116.268652,34.093895]]}},{"type":"Feature","properties":{"kind":"road","surface":"unpaved"},"geometry":{"type":"LineString","coordinates":[[-116.268975,34.094718],[-116.26879,34.094659],[-116.268869,34.094503],[-116.268975,34.094487]]}},{"type":"Feature","properties":{"kind":"road","surface":"unpaved"},"geometry":{"type":"LineString","coordinates":[[-116.268976,34.094796],[-116.269152,34.094768],[-116.269384,34.094583],[-116.269417,34.09449],[-116.269367,34.094433],[-116.269243,34.094417],[-116.268974,34.094171]]}},{"type":"Feature","properties":{"kind":"road","surface":"unpaved"},"geometry":{"type":"LineString","coordinates":[[-116.283859,34.090476],[-116.283853,34.090134],[-116.283721,34.089924],[-116.283699,34.089825],[-116.283757,34.08972],[-116.283942,34.089756],[-116.283936,34.089919],[-116.283853,34.090134]]}},{"type":"Feature","properties":{"kind":"road","surface":"concrete"},"geometry":{"type":"LineString","coordinates":[[-116.291628,34.087702],[-116.291554,34.087284],[-116.291629,34.086993],[-116.291692,34.086986]]}},{"type":"Feature","properties":{"kind":"road","surface":"unpaved"},"geometry":{"type":"LineString","coordinates":[[-116.287258,34.090476],[-116.28731,34.090361],[-116.287408,34.090347],[-116.287536,34.090483]]}},{"type":"Feature","properties":{"kind":"track","surface":"unpaved"},"geometry":{"type":"LineString","coordinates":[[-116.291979,34.092407],[-116.291111,34.092274],[-116.290918,34.092257],[-116.290872,34.092254]]}},{"type":"Feature","properties":{"kind":"road","surface":"unpaved"},"geometry":{"type":"LineString","coordinates":[[-116.290918,34.092257],[-116.290822,34.092428]]}},{"type":"Feature","properties":{"kind":"road","surface":"unpaved"},"geometry":{"type":"LineString","coordinates":[[-116.291111,34.092274],[-116.29103,34.092189],[-116.290928,34.091886],[-116.290709,34.091833],[-116.290512,34.09185],[-116.290495,34.091906],[-116.290672,34.092233],[-116.290872,34.092254]]}},{"type":"Feature","properties":{"kind":"road","surface":"unpaved"},"geometry":{"type":"LineString","coordinates":[[-116.293119,34.093622],[-116.293146,34.093421],[-116.293228,34.093351],[-116.29335,34.093356],[-116.29351,34.093437],[-116.293628,34.09359],[-116.293721,34.093634],[-116.293796,34.093587],[-116.29384,34.093481]]}},{"type":"Feature","properties":{"kind":"track","surface":"unpaved"},"geometry":{"type":"LineString","coordinates":[[-116.293146,34.093421],[-116.293153,34.093067],[-116.29329,34.092551],[-116.293129,34.092142]]}},{"type":"Feature","properties":{"kind":"road","surface":"asphalt"},"geometry":{"type":"LineString","coordinates":[[-116.291986,34.090281],[-116.291733,34.090012]]}},{"type":"Feature","properties":{"kind":"road","surface":"asphalt"},"geometry":{"type":"LineString","coordinates":[[-116.291682,34.090044],[-116.291733,34.090012],[-116.291829,34.089951]]}},{"type":"Feature","properties":{"kind":"track","surface":"unpaved"},"geometry":{"type":"LineString","coordinates":[[-116.291011,34.09046],[-116.291011,34.090075],[-116.291044,34.089967],[-116.291196,34.089784],[-116.291625,34.089728],[-116.291996,34.090012]]}},{"type":"Feature","properties":{"kind":"road","surface":"unpaved"},"geometry":{"type":"LineString","coordinates":[[-116.292027,34.089099],[-116.291851,34.088948],[-116.291796,34.088821],[-116.291899,34.088654],[-116.292088,34.088639]]}},{"type":"Feature","properties":{"kind":"road","surface":"unpaved"},"geometry":{"type":"LineString","coordinates":[[-116.29284,34.088625],[-116.292856,34.088787],[-116.29258,34.089102],[-116.292618,34.089186],[-116.292809,34.089211]]}},{"type":"Feature","properties":{"kind":"road","surface":"unpaved"},"geometry":{"type":"LineString","coordinates":[[-116.29467,34.09446],[-116.294539,34.094046],[-116.294523,34.093924],[-116.294605,34.093575],[-116.294549,34.093531],[-116.294338,34.093651],[-116.294297,34.093751],[-116.294374,34.093918],[-116.294539,34.094046]]}},{"type":"Feature","properties":{"kind":"track"},"geometry":{"type":"LineString","coordinates":[[-116.298002,34.094934],[-116.297706,34.095254]]}},{"type":"Feature","properties":{"kind":"road","surface":"concrete"},"geometry":{"type":"LineString","coordinates":[[-116.297206,34.094991],[-116.297206,34.094877],[-116.297019,34.09466],[-116.296962,34.09444],[-116.297006,34.094269],[-116.297155,34.094072],[-116.297323,34.094066],[-116.29732,34.094233]]}},{"type":"Feature","properties":{"kind":"road","surface":"unpaved"},"geometry":{"type":"LineString","coordinates":[[-116.295753,34.094485],[-116.295687,34.094264],[-116.295716,34.094095],[-116.295918,34.093821],[-116.295995,34.093664]]}},{"type":"Feature","properties":{"kind":"road","surface":"unpaved"},"geometry":{"type":"LineString","coordinates":[[-116.295918,34.093821],[-116.295871,34.093715],[-116.29581,34.093691],[-116.295702,34.093678],[-116.295591,34.093737],[-116.295564,34.094055],[-116.295687,34.094264]]}},{"type":"Feature","properties":{"kind":"road","surface":"unpaved"},"geometry":{"type":"LineString","coordinates":[[-116.295261,34.094483],[-116.29522,34.094068],[-116.295103,34.093796],[-116.295103,34.093595]]}},{"type":"Feature","properties":{"kind":"road","surface":"unpaved"},"geometry":{"type":"LineString","coordinates":[[-116.301366,34.098084],[-116.301376,34.097954],[-116.301405,34.097727],[-116.301505,34.097444]]}},{"type":"Feature","properties":{"kind":"road","surface":"unpaved"},"geometry":{"type":"LineString","coordinates":[[-116.301376,34.097954],[-116.301833,34.097971],[-116.301923,34.097877],[-116.301852,34.097784],[-116.30159,34.097789],[-116.301405,34.097727]]}},{"type":"Feature","properties":{"kind":"track","surface":"unpaved"},"geometry":{"type":"LineString","coordinates":[[-116.300682,34.092198],[-116.300748,34.092354],[-116.301097,34.09268],[-116.301228,34.092898],[-116.301349,34.093386],[-116.30158,34.093453],[-116.302897,34.093455]]}},{"type":"Feature","properties":{"kind":"track","surface":"unpaved"},"geometry":{"type":"LineString","coordinates":[[-116.300723,34.097446],[-116.300761,34.097218],[-116.300892,34.097077],[-116.301551,34.097038],[-116.301686,34.09697],[-116.30173,34.096798],[-116.301663,34.096383]]}},{"type":"Feature","properties":{"kind":"track"},"geometry":{"type":"LineString","coordinates":[[-116.302895,34.095303],[-116.302565,34.095301],[-116.301949,34.095295],[-116.300908,34.095286]]}},{"type":"Feature","properties":{"kind":"road","surface":"unpaved"},"geometry":{"type":"LineString","coordinates":[[-116.302895,34.095275],[-116.302752,34.095191],[-116.302165,34.09519],[-116.302117,34.095118],[-116.302137,34.094991]]}},{"type":"Feature","properties":{"kind":"track","surface":"unpaved"},"geometry":{"type":"LineString","coordinates":[[-116.296221,34.106364],[-116.296321,34.106139],[-116.295876,34.105944]]}},{"type":"Feature","properties":{"kind":"road","surface":"unpaved"},"geometry":{"type":"LineString","coordinates":[[-116.29571,34.10486],[-116.295665,34.10493],[-116.295711,34.105027],[-116.296107,34.105191]]}},{"type":"Feature","properties":{"kind":"road","surface":"unpaved"},"geometry":{"type":"LineString","coordinates":[[-116.296268,34.103812],[-116.296324,34.103964],[-116.296385,34.104525],[-116.29667,34.104619]]}},{"type":"Feature","properties":{"kind":"track","surface":"unpaved"},"geometry":{"type":"LineString","coordinates":[[-116.296657,34.103696],[-116.296442,34.103572],[-116.29627,34.103532]]}},{"type":"Feature","properties":{"kind":"road","surface":"unpaved"},"geometry":{"type":"LineString","coordinates":[[-116.295229,34.103105],[-116.295073,34.102963],[-116.294844,34.102854],[-116.294779,34.102895],[-116.294757,34.103117]]}},{"type":"Feature","properties":{"kind":"road","surface":"unpaved"},"geometry":{"type":"LineString","coordinates":[[-116.294975,34.103126],[-116.294731,34.103312],[-116.294753,34.103352]]}},{"type":"Feature","properties":{"kind":"road","surface":"unpaved"},"geometry":{"type":"LineString","coordinates":[[-116.294491,34.103493],[-116.29435,34.103176]]}},{"type":"Feature","properties":{"kind":"road","surface":"unpaved"},"geometry":{"type":"LineString","coordinates":[[-116.29627,34.102652],[-116.295981,34.102862],[-116.295898,34.10299],[-116.29618,34.10311]]}},{"type":"Feature","properties":{"kind":"track","surface":"unpaved"},"geometry":{"type":"LineString","coordinates":[[-116.295359,34.099784],[-116.295418,34.099909],[-116.295636,34.100131]]}},{"type":"Feature","properties":{"kind":"track","surface":"unpaved"},"geometry":{"type":"LineString","coordinates":[[-116.296261,34.101111],[-116.295874,34.101095],[-116.295808,34.101155],[-116.295819,34.101273]]}},{"type":"Feature","properties":{"kind":"road","surface":"unpaved"},"geometry":{"type":"LineString","coordinates":[[-116.297836,34.099759],[-116.297876,34.099483]]}},{"type":"Feature","properties":{"kind":"road","name":"Border Avenue","surface":"unpaved"},"geometry":{"type":"LineString","coordinates":[[-116.300641,34.100871],[-116.300597,34.101086],[-116.300558,34.101149],[-116.300468,34.101158]]}},{"type":"Feature","properties":{"kind":"road","surface":"unpaved"},"geometry":{"type":"LineString","coordinates":[[-116.300248,34.102374],[-116.300447,34.102328],[-116.300447,34.10219]]}},{"type":"Feature","properties":{"kind":"road","surface":"unpaved"},"geometry":{"type":"LineString","coordinates":[[-116.299159,34.101288],[-116.299465,34.101272],[-116.299813,34.101171],[-116.299989,34.101237]]}},{"type":"Feature","properties":{"kind":"track"},"geometry":{"type":"LineString","coordinates":[[-116.285468,34.103073],[-116.286159,34.103048]]}},{"type":"Feature","properties":{"kind":"trail","surface":"unpaved"},"geometry":{"type":"LineString","coordinates":[[-116.286159,34.103048],[-116.286262,34.103139],[-116.286549,34.103249],[-116.286792,34.103566],[-116.286878,34.103768],[-116.287175,34.10392],[-116.28717,34.104197],[-116.287137,34.104247],[-116.287002,34.104255],[-116.286976,34.104319],[-116.28707,34.104406],[-116.286974,34.104698],[-116.287025,34.105011],[-116.287158,34.105363],[-116.28727,34.105465],[-116.287261,34.105529],[-116.286908,34.105919],[-116.28681,34.106197]]}},{"type":"Feature","properties":{"kind":"road","surface":"unpaved"},"geometry":{"type":"LineString","coordinates":[[-116.285511,34.100005],[-116.285658,34.100009],[-116.285795,34.099951]]}},{"type":"Feature","properties":{"kind":"track"},"geometry":{"type":"LineString","coordinates":[[-116.285195,34.100258],[-116.284912,34.100403],[-116.284802,34.100401],[-116.284556,34.100288],[-116.284532,34.100128],[-116.284707,34.099924],[-116.285046,34.099941],[-116.285184,34.10004],[-116.285157,34.100258]]}},{"type":"Feature","properties":{"kind":"track","surface":"unpaved"},"geometry":{"type":"LineString","coordinates":[[-116.283324,34.100267],[-116.283519,34.100223],[-116.283548,34.100139],[-116.283323,34.099985]]}},{"type":"Feature","properties":{"kind":"road","surface":"unpaved"},"geometry":{"type":"LineString","coordinates":[[-116.291942,34.100651],[-116.29132,34.100526],[-116.29125,34.100448]]}},{"type":"Feature","properties":{"kind":"track","surface":"unpaved"},"geometry":{"type":"LineString","coordinates":[[-116.291383,34.099469],[-116.291231,34.100039],[-116.29125,34.100448]]}},{"type":"Feature","properties":{"kind":"road","surface":"unpaved"},"geometry":{"type":"LineString","coordinates":[[-116.291942,34.100651],[-116.292157,34.100631],[-116.292257,34.100549],[-116.292296,34.100242],[-116.291988,34.100118]]}},{"type":"Feature","properties":{"kind":"road","surface":"unpaved"},"geometry":{"type":"LineString","coordinates":[[-116.29243,34.100533],[-116.292257,34.100549]]}},{"type":"Feature","properties":{"kind":"road","surface":"unpaved"},"geometry":{"type":"LineString","coordinates":[[-116.292157,34.100631],[-116.292412,34.10068],[-116.292566,34.100569],[-116.292689,34.100042],[-116.293011,34.099469]]}},{"type":"Feature","properties":{"kind":"road","surface":"unpaved"},"geometry":{"type":"LineString","coordinates":[[-116.292689,34.100042],[-116.292296,34.100242]]}},{"type":"Feature","properties":{"kind":"road","surface":"unpaved"},"geometry":{"type":"LineString","coordinates":[[-116.294135,34.099204],[-116.2943,34.099087],[-116.294298,34.098917],[-116.294223,34.098809]]}},{"type":"Feature","properties":{"kind":"road","surface":"unpaved"},"geometry":{"type":"LineString","coordinates":[[-116.29422,34.098758],[-116.293934,34.098541],[-116.293906,34.098394],[-116.293974,34.098357],[-116.294163,34.09845]]}},{"type":"Feature","properties":{"kind":"road","surface":"unpaved"},"geometry":{"type":"LineString","coordinates":[[-116.293424,34.099473],[-116.293455,34.0992]]}},{"type":"Feature","properties":{"kind":"road","surface":"unpaved"},"geometry":{"type":"LineString","coordinates":[[-116.290209,34.099491],[-116.2901,34.099285],[-116.289912,34.099192],[-116.289731,34.099174]]}},{"type":"Feature","properties":{"kind":"road","surface":"unpaved"},"geometry":{"type":"LineString","coordinates":[[-116.28909,34.09949],[-116.289101,34.099363],[-116.289228,34.099235],[-116.289235,34.099103],[-116.289131,34.09898],[-116.289047,34.098998],[-116.289048,34.099053]]}},{"type":"Feature","properties":{"kind":"road","surface":"unpaved"},"geometry":{"type":"LineString","coordinates":[[-116.288376,34.099479],[-116.28832,34.099133]]}},{"type":"Feature","properties":{"kind":"road","surface":"unpaved"},"geometry":{"type":"LineString","coordinates":[[-116.287607,34.099116],[-116.287828,34.099075],[-116.288155,34.099034],[-116.288199,34.098943],[-116.288047,34.098921],[-116.287828,34.099075]]}},{"type":"Feature","properties":{"kind":"track","surface":"unpaved"},"geometry":{"type":"LineString","coordinates":[[-116.289391,34.096858],[-116.289431,34.096485],[-116.289551,34.096038],[-116.289325,34.095909]]}},{"type":"Feature","properties":{"kind":"road","surface":"unpaved"},"geometry":{"type":"LineString","coordinates":[[-116.286615,34.099502],[-116.28606,34.099462],[-116.285488,34.099455],[-116.283467,34.099469],[-116.283322,34.09955]]}},{"type":"Feature","properties":{"kind":"track","surface":"unpaved"},"geometry":{"type":"LineString","coordinates":[[-116.282172,34.099538],[-116.282104,34.099834],[-116.282102,34.101589],[-116.282063,34.101832],[-116.282134,34.102321],[-116.282095,34.10272],[-116.282126,34.103118]]}},{"type":"Feature","properties":{"kind":"road","name":"Wagon Wheel Road","surface":"unpaved"},"geometry":{"type":"LineString","coordinates":[[-116.283335,34.103068],[-116.284745,34.103071],[-116.285468,34.103073]]}},{"type":"Feature","properties":{"kind":"road","surface":"unpaved"},"geometry":{"type":"LineString","coordinates":[[-116.266578,34.09977],[-116.266528,34.100092],[-116.266365,34.100409]]}},{"type":"Feature","properties":{"kind":"road","surface":"unpaved"},"geometry":{"type":"LineString","coordinates":[[-116.270201,34.101814],[-116.270229,34.101838],[-116.270429,34.101952],[-116.270674,34.101998]]}},{"type":"Feature","properties":{"kind":"road","surface":"unpaved"},"geometry":{"type":"LineString","coordinates":[[-116.270229,34.101838],[-116.27025,34.102002],[-116.270192,34.10203],[-116.270112,34.10196],[-116.270095,34.101655]]}},{"type":"Feature","properties":{"kind":"road","surface":"unpaved"},"geometry":{"type":"LineString","coordinates":[[-116.268238,34.102248],[-116.268399,34.102391],[-116.268606,34.102416],[-116.268698,34.10235]]}},{"type":"Feature","properties":{"kind":"track"},"geometry":{"type":"LineString","coordinates":[[-116.269968,34.101517],[-116.269853,34.101513],[-116.269736,34.101303]]}},{"type":"Feature","properties":{"kind":"trail"},"geometry":{"type":"LineString","coordinates":[[-116.269853,34.101513],[-116.269354,34.101689],[-116.26897,34.101706],[-116.268312,34.101388],[-116.267947,34.101399]]}},{"type":"Feature","properties":{"kind":"road","surface":"unpaved"},"geometry":{"type":"LineString","coordinates":[[-116.268399,34.102391],[-116.268232,34.102369],[-116.268238,34.102248]]}},{"type":"Feature","properties":{"kind":"road","surface":"unpaved"},"geometry":{"type":"LineString","coordinates":[[-116.267942,34.101277],[-116.267742,34.101427],[-116.267437,34.101403]]}},{"type":"Feature","properties":{"kind":"road","surface":"unpaved"},"geometry":{"type":"LineString","coordinates":[[-116.266734,34.101266],[-116.266417,34.101127],[-116.266346,34.101066],[-116.266325,34.100932]]}},{"type":"Feature","properties":{"kind":"road","surface":"unpaved"},"geometry":{"type":"LineString","coordinates":[[-116.267936,34.100973],[-116.267597,34.101032],[-116.267559,34.101149],[-116.267602,34.101221]]}},{"type":"Feature","properties":{"kind":"road","surface":"unpaved"},"geometry":{"type":"LineString","coordinates":[[-116.268023,34.099209],[-116.267843,34.099231],[-116.267827,34.099094]]}},{"type":"Feature","properties":{"kind":"road","surface":"unpaved"},"geometry":{"type":"LineString","coordinates":[[-116.26794,34.095999],[-116.267585,34.095946],[-116.267293,34.09598],[-116.267181,34.096046],[-116.267193,34.096141]]}},{"type":"Feature","properties":{"kind":"road","surface":"unpaved"},"geometry":{"type":"LineString","coordinates":[[-116.268743,34.099466],[-116.269512,34.099438],[-116.269559,34.099361],[-116.269489,34.099288]]}},{"type":"Feature","properties":{"kind":"road","surface":"unpaved"},"geometry":{"type":"LineString","coordinates":[[-116.271185,34.097591],[-116.27114,34.097421],[-116.270974,34.097279],[-116.270779,34.097268],[-116.270687,34.097327],[-116.270716,34.097566],[-116.270891,34.097639],[-116.271234,34.09768]]}},{"type":"Feature","properties":{"kind":"road","surface":"unpaved"},"geometry":{"type":"LineString","coordinates":[[-116.27246,34.097701],[-116.272382,34.097743],[-116.272339,34.097852],[-116.272376,34.098447],[-116.272302,34.098618],[-116.272134,34.098718],[-116.271861,34.098774],[-116.271669,34.098923],[-116.271562,34.098898]]}},{"type":"Feature","properties":{"kind":"road","surface":"unpaved"},"geometry":{"type":"LineString","coordinates":[[-116.272938,34.097703],[-116.272563,34.098385],[-116.272615,34.098463],[-116.272811,34.09854],[-116.273112,34.098377],[-116.273192,34.09828],[-116.273348,34.097704]]}},{"type":"Feature","properties":{"kind":"road","surface":"unpaved"},"geometry":{"type":"LineString","coordinates":[[-116.274528,34.098573],[-116.274332,34.098666],[-116.273944,34.09888]]}},{"type":"Feature","properties":{"kind":"road","surface":"unpaved"},"geometry":{"type":"LineString","coordinates":[[-116.274528,34.098765],[-116.274332,34.098666]]}},{"type":"Feature","properties":{"kind":"road","surface":"unpaved"},"geometry":{"type":"LineString","coordinates":[[-116.265776,34.095956],[-116.265812,34.09597],[-116.266082,34.096081],[-116.266142,34.095997],[-116.266071,34.095926],[-116.265812,34.09597]]}},{"type":"Feature","properties":{"kind":"road","surface":"concrete"},"geometry":{"type":"LineString","coordinates":[[-116.26588,34.096497],[-116.265908,34.09656],[-116.265996,34.096564],[-116.266003,34.096615]]}},{"type":"Feature","properties":{"kind":"track"},"geometry":{"type":"LineString","coordinates":[[-116.26694,34.120525],[-116.267785,34.120681],[-116.268056,34.12059]]}},{"type":"Feature","properties":{"kind":"track"},"geometry":{"type":"LineString","coordinates":[[-116.266919,34.12223],[-116.266925,34.122285],[-116.267018,34.122407],[-116.267305,34.122429],[-116.267651,34.122301],[-116.268062,34.122254],[-116.268013,34.121799],[-116.268335,34.121495]]}},{"type":"Feature","properties":{"kind":"track"},"geometry":{"type":"LineString","coordinates":[[-116.267018,34.122407],[-116.266814,34.122343],[-116.266772,34.122312]]}},{"type":"Feature","properties":{"kind":"track"},"geometry":{"type":"LineString","coordinates":[[-116.266814,34.122343],[-116.266769,34.123573],[-116.266805,34.124111]]}},{"type":"Feature","properties":{"kind":"track"},"geometry":{"type":"LineString","coordinates":[[-116.274545,34.124626],[-116.274525,34.124107],[-116.274558,34.123576],[-116.274681,34.123283],[-116.274855,34.123121],[-116.275182,34.12252],[-116.27499,34.121826],[-116.27514,34.121447],[-116.275284,34.121306]]}},{"type":"Feature","properties":{"kind":"road","name":"Mojave Ranch Road","surface":"unpaved"},"geometry":{"type":"LineString","coordinates":[[-116.273326,34.123662],[-116.273488,34.123906],[-116.27351,34.124102],[-116.27349,34.125932]]}},{"type":"Feature","properties":{"kind":"track","surface":"unpaved"},"geometry":{"type":"LineString","coordinates":[[-116.27148,34.122285],[-116.271706,34.122257],[-116.271921,34.122311]]}},{"type":"Feature","properties":{"kind":"track","surface":"unpaved"},"geometry":{"type":"LineString","coordinates":[[-116.271863,34.122439],[-116.271921,34.122311],[-116.272045,34.122296],[-116.272238,34.122356],[-116.272346,34.122495],[-116.272371,34.122636],[-116.272273,34.122982],[-116.27228,34.124094]]}},{"type":"Feature","properties":{"kind":"road","surface":"unpaved"},"geometry":{"type":"LineString","coordinates":[[-116.271186,34.124911],[-116.271032,34.124675],[-116.271064,34.124556],[-116.271186,34.124467]]}},{"type":"Feature","properties":{"kind":"road","surface":"unpaved"},"geometry":{"type":"LineString","coordinates":[[-116.269105,34.124647],[-116.26887,34.124506],[-116.268664,34.12444],[-116.268123,34.124419],[-116.268059,34.124355],[-116.268077,34.124227],[-116.268157,34.124166],[-116.268632,34.124185],[-116.268787,34.124251],[-116.26887,34.124506]]}},{"type":"Feature","properties":{"kind":"road","surface":"unpaved"},"geometry":{"type":"LineString","coordinates":[[-116.268787,34.124251],[-116.269109,34.124176]]}},{"type":"Feature","properties":{"kind":"road","surface":"unpaved"},"geometry":{"type":"LineString","coordinates":[[-116.269418,34.124396],[-116.269106,34.124519]]}},{"type":"Feature","properties":{"kind":"road","surface":"unpaved"},"geometry":{"type":"LineString","coordinates":[[-116.269101,34.12292],[-116.26934,34.122882],[-116.269869,34.122944],[-116.269997,34.122858],[-116.270052,34.122749],[-116.270011,34.122663],[-116.269784,34.122619],[-116.269595,34.122692],[-116.26934,34.122882]]}},{"type":"Feature","properties":{"kind":"road","surface":"unpaved"},"geometry":{"type":"LineString","coordinates":[[-116.271286,34.122679],[-116.270826,34.122595],[-116.27066,34.12248],[-116.270629,34.122294]]}},{"type":"Feature","properties":{"kind":"road","surface":"unpaved"},"geometry":{"type":"LineString","coordinates":[[-116.27066,34.12248],[-116.270473,34.122499],[-116.270202,34.122731],[-116.270225,34.122812],[-116.270336,34.122807]]}},{"type":"Feature","properties":{"kind":"road","surface":"unpaved"},"geometry":{"type":"LineString","coordinates":[[-116.270127,34.121248],[-116.270118,34.121203],[-116.270166,34.121062],[-116.270301,34.121096],[-116.27026,34.121187],[-116.270118,34.121203]]}},{"type":"Feature","properties":{"kind":"road","surface":"unpaved"},"geometry":{"type":"LineString","coordinates":[[-116.268335,34.121495],[-116.268367,34.121244],[-116.268482,34.12124],[-116.268495,34.121382],[-116.268335,34.121495]]}},{"type":"Feature","properties":{"kind":"road","surface":"unpaved"},"geometry":{"type":"LineString","coordinates":[[-116.266925,34.122285],[-116.267146,34.122236],[-116.2672,34.122169],[-116.267218,34.122017],[-116.267138,34.121983],[-116.266919,34.122072]]}},{"type":"Feature","properties":{"kind":"road","surface":"unpaved"},"geometry":{"type":"LineString","coordinates":[[-116.265856,34.122321],[-116.265952,34.122227],[-116.266065,34.122193],[-116.266198,34.122214],[-116.266251,34.122317]]}},{"type":"Feature","properties":{"kind":"road","surface":"unpaved"},"geometry":{"type":"LineString","coordinates":[[-116.265801,34.122321],[-116.265799,34.122288],[-116.26578,34.122055],[-116.265658,34.122026],[-116.265607,34.122108],[-116.265637,34.122178],[-116.265799,34.122288]]}},{"type":"Feature","properties":{"kind":"road","surface":"unpaved"},"geometry":{"type":"LineString","coordinates":[[-116.265855,34.122961],[-116.265483,34.122631]]}},{"type":"Feature","properties":{"kind":"road","surface":"asphalt"},"geometry":{"type":"LineString","coordinates":[[-116.264679,34.124139],[-116.264666,34.123701],[-116.264546,34.123712]]}},{"type":"Feature","properties":{"kind":"track"},"geometry":{"type":"LineString","coordinates":[[-116.264546,34.123712],[-116.264335,34.12373],[-116.264062,34.123538],[-116.264081,34.123379],[-116.263942,34.123371],[-116.263934,34.123445],[-116.264062,34.123538]]}},{"type":"Feature","properties":{"kind":"road","surface":"unpaved"},"geometry":{"type":"LineString","coordinates":[[-116.291928,34.098554],[-116.29229,34.098538],[-116.292403,34.098479],[-116.292396,34.098406],[-116.2923,34.098362],[-116.292079,34.098407],[-116.291938,34.098359]]}},{"type":"Feature","properties":{"kind":"road","surface":"unpaved"},"geometry":{"type":"LineString","coordinates":[[-116.291948,34.098016],[-116.292268,34.098004],[-116.292529,34.097892],[-116.292675,34.097942],[-116.292794,34.098006],[-116.292865,34.098136],[-116.292842,34.098195],[-116.292723,34.098218],[-116.29264,34.098148],[-116.2927,34.098026],[-116.292675,34.097942]]}},{"type":"Feature","properties":{"kind":"track"},"geometry":{"type":"LineString","coordinates":[[-116.292723,34.098218],[-116.292403,34.098479]]}},{"type":"Feature","properties":{"kind":"road","surface":"unpaved"},"geometry":{"type":"LineString","coordinates":[[-116.292349,34.097574],[-116.292558,34.097516],[-116.292577,34.097469],[-116.292494,34.097408],[-116.292393,34.097421],[-116.292349,34.097574]]}},{"type":"Feature","properties":{"kind":"road","surface":"unpaved"},"geometry":{"type":"LineString","coordinates":[[-116.294225,34.097557],[-116.294239,34.097537],[-116.294435,34.097416]]}},{"type":"Feature","properties":{"kind":"trail"},"geometry":{"type":"LineString","coordinates":[[-116.294239,34.097537],[-116.293841,34.097442]]}},{"type":"Feature","properties":{"kind":"road","surface":"concrete"},"geometry":{"type":"LineString","coordinates":[[-116.294012,34.097041],[-116.293935,34.097347],[-116.293841,34.097442],[-116.293821,34.097444],[-116.293657,34.097457],[-116.293551,34.097398],[-116.293545,34.0973],[-116.293611,34.097209],[-116.293717,34.097235],[-116.293821,34.097444]]}},{"type":"Feature","properties":{"kind":"track"},"geometry":{"type":"LineString","coordinates":[[-116.294012,34.097041],[-116.29414,34.095077],[-116.294119,34.094889],[-116.293931,34.094473],[-116.293918,34.094401],[-116.293982,34.094298]]}},{"type":"Feature","properties":{"kind":"track","surface":"unpaved"},"geometry":{"type":"LineString","coordinates":[[-116.289772,34.094369],[-116.289859,34.094551],[-116.289912,34.094844],[-116.290101,34.094948]]}},{"type":"Feature","properties":{"kind":"road","surface":"unpaved"},"geometry":{"type":"LineString","coordinates":[[-116.28606,34.099462],[-116.286065,34.099331]]}},{"type":"Feature","properties":{"kind":"road","surface":"unpaved"},"geometry":{"type":"LineString","coordinates":[[-116.285489,34.099346],[-116.28565,34.099318],[-116.285685,34.099201],[-116.285492,34.099087]]}},{"type":"Feature","properties":{"kind":"road","surface":"unpaved"},"geometry":{"type":"LineString","coordinates":[[-116.286615,34.099502],[-116.286577,34.099442],[-116.286591,34.099179]]}},{"type":"Feature","properties":{"kind":"track","surface":"unpaved"},"geometry":{"type":"LineString","coordinates":[[-116.285098,34.098065],[-116.284762,34.097954],[-116.284615,34.097963],[-116.284447,34.098045],[-116.284384,34.098221],[-116.284402,34.098929]]}},{"type":"Feature","properties":{"kind":"road","surface":"unpaved"},"geometry":{"type":"LineString","coordinates":[[-116.285209,34.095914],[-116.285051,34.09606],[-116.284927,34.096092],[-116.28478,34.096017],[-116.284734,34.09592]]}},{"type":"Feature","properties":{"kind":"trail"},"geometry":{"type":"LineString","coordinates":[[-116.284927,34.096092],[-116.28495,34.096215]]}},{"type":"Feature","properties":{"kind":"road","surface":"unpaved"},"geometry":{"type":"LineString","coordinates":[[-116.285501,34.096401],[-116.285799,34.096435],[-116.285932,34.09654],[-116.286075,34.096567]]}},{"type":"Feature","properties":{"kind":"road","surface":"unpaved"},"geometry":{"type":"LineString","coordinates":[[-116.286006,34.095911],[-116.285972,34.096183],[-116.285799,34.096435]]}},{"type":"Feature","properties":{"kind":"road","surface":"unpaved"},"geometry":{"type":"LineString","coordinates":[[-116.285099,34.095915],[-116.285023,34.095855],[-116.285004,34.095744],[-116.284998,34.095642]]}},{"type":"Feature","properties":{"kind":"road","surface":"unpaved"},"geometry":{"type":"LineString","coordinates":[[-116.284528,34.095922],[-116.284695,34.095727],[-116.285004,34.095744],[-116.28514,34.095745]]}},{"type":"Feature","properties":{"kind":"road","surface":"unpaved"},"geometry":{"type":"LineString","coordinates":[[-116.283325,34.09504],[-116.283085,34.09509],[-116.282936,34.09529],[-116.28277,34.095375]]}},{"type":"Feature","properties":{"kind":"road","surface":"concrete"},"geometry":{"type":"LineString","coordinates":[[-116.28267,34.095278],[-116.28277,34.095375],[-116.282836,34.095584],[-116.282693,34.09563]]}},{"type":"Feature","properties":{"kind":"road","surface":"unpaved"},"geometry":{"type":"LineString","coordinates":[[-116.283332,34.096149],[-116.282962,34.096045],[-116.28288,34.095883]]}},{"type":"Feature","properties":{"kind":"road","surface":"unpaved"},"geometry":{"type":"LineString","coordinates":[[-116.283329,34.096691],[-116.283729,34.096555],[-116.283758,34.09642]]}},{"type":"Feature","properties":{"kind":"road","surface":"unpaved"},"geometry":{"type":"LineString","coordinates":[[-116.283324,34.097614],[-116.283736,34.097566],[-116.283979,34.09752]]}},{"type":"Feature","properties":{"kind":"road","surface":"unpaved"},"geometry":{"type":"LineString","coordinates":[[-116.283801,34.097327],[-116.28375,34.097445],[-116.283736,34.097566]]}},{"type":"Feature","properties":{"kind":"road","surface":"unpaved"},"geometry":{"type":"LineString","coordinates":[[-116.28375,34.097445],[-116.28371,34.097401],[-116.283326,34.097347]]}},{"type":"Feature","properties":{"kind":"road","surface":"unpaved"},"geometry":{"type":"LineString","coordinates":[[-116.284745,34.103071],[-116.284739,34.102843]]}},{"type":"Feature","properties":{"kind":"road","surface":"unpaved"},"geometry":{"type":"LineString","coordinates":[[-116.283353,34.105274],[-116.283156,34.105386],[-116.283014,34.105356],[-116.283086,34.105176],[-116.283346,34.105057]]}},{"type":"Feature","properties":{"kind":"road","surface":"unpaved"},"geometry":{"type":"LineString","coordinates":[[-116.281719,34.104907],[-116.281604,34.105063],[-116.281531,34.105125],[-116.281094,34.105256],[-116.28107,34.106267],[-116.281526,34.106378],[-116.28163,34.106353]]}},{"type":"Feature","properties":{"kind":"road","surface":"unpaved"},"geometry":{"type":"LineString","coordinates":[[-116.281353,34.095892],[-116.28076,34.095843],[-116.279955,34.095847],[-116.279703,34.095848],[-116.279112,34.095843],[-116.279085,34.095843],[-116.278417,34.095833],[-116.278385,34.095833],[-116.277129,34.095837],[-116.276887,34.095837],[-116.276835,34.095838],[-116.275646,34.095841],[-116.275493,34.095841],[-116.275104,34.095842],[-116.274371,34.095842],[-116.273779,34.095849],[-116.273513,34.095871]]}},{"type":"Feature","properties":{"kind":"road","name":"Single Tree Road","surface":"unpaved"},"geometry":{"type":"LineString","coordinates":[[-116.273513,34.095871],[-116.273814,34.095917],[-116.27415,34.095919],[-116.274558,34.095924],[-116.275235,34.095916],[-116.275472,34.095913],[-116.275647,34.095911],[-116.276069,34.095912],[-116.276893,34.095913],[-116.277704,34.095915],[-116.27785,34.095915],[-116.278342,34.095916],[-116.278419,34.095916],[-116.279111,34.095917],[-116.280351,34.095919],[-116.280613,34.09592],[-116.281164,34.095911],[-116.281353,34.095892]]}},{"type":"Feature","properties":{"kind":"road","name":"Single Tree Road","surface":"unpaved"},"geometry":{"type":"LineString","coordinates":[[-116.268613,34.095856],[-116.268978,34.095871],[-116.270504,34.095884],[-116.27074,34.095883],[-116.271283,34.095866]]}},{"type":"Feature","properties":{"kind":"track","surface":"unpaved"},"geometry":{"type":"LineString","coordinates":[[-116.281164,34.095911],[-116.281124,34.096318],[-116.281172,34.096684],[-116.281192,34.096751],[-116.281346,34.097414],[-116.281507,34.097576],[-116.282026,34.097621],[-116.282082,34.097489],[-116.282091,34.097151],[-116.281949,34.097014],[-116.281498,34.096772],[-116.281172,34.096684]]}},{"type":"Feature","properties":{"kind":"road","surface":"unpaved"},"geometry":{"type":"LineString","coordinates":[[-116.281192,34.096751],[-116.281554,34.097367],[-116.281629,34.097429],[-116.281776,34.097451]]}},{"type":"Feature","properties":{"kind":"road","surface":"unpaved"},"geometry":{"type":"LineString","coordinates":[[-116.283327,34.097052],[-116.283163,34.097081],[-116.283046,34.097327],[-116.28299,34.097358],[-116.282655,34.097268],[-116.282574,34.097271],[-116.282558,34.097315]]}},{"type":"Feature","properties":{"kind":"road","surface":"unpaved"},"geometry":{"type":"LineString","coordinates":[[-116.282655,34.097268],[-116.282691,34.097155]]}},{"type":"Feature","properties":{"kind":"trail"},"geometry":{"type":"LineString","coordinates":[[-116.281949,34.097014],[-116.281998,34.096624],[-116.282063,34.096484],[-116.281982,34.096403],[-116.281906,34.096406],[-116.281866,34.096428],[-116.28188,34.096533],[-116.281998,34.096624]]}},{"type":"Feature","properties":{"kind":"track","surface":"unpaved"},"geometry":{"type":"LineString","coordinates":[[-116.283324,34.098757],[-116.282779,34.09873],[-116.282713,34.098652],[-116.28269,34.098509],[-116.282818,34.098278],[-116.283322,34.09803]]}},{"type":"Feature","properties":{"kind":"road","surface":"unpaved"},"geometry":{"type":"LineString","coordinates":[[-116.281635,34.09589],[-116.281626,34.095756],[-116.281569,34.095497],[-116.281447,34.095457],[-116.281335,34.095497],[-116.281321,34.095725],[-116.281626,34.095756]]}},{"type":"Feature","properties":{"kind":"road","surface":"unpaved"},"geometry":{"type":"LineString","coordinates":[[-116.279703,34.095848],[-116.279426,34.095559],[-116.279351,34.095539],[-116.279209,34.095579],[-116.279126,34.095675],[-116.279085,34.095843]]}},{"type":"Feature","properties":{"kind":"track"},"geometry":{"type":"LineString","coordinates":[[-116.279111,34.095917],[-116.279112,34.095843]]}},{"type":"Feature","properties":{"kind":"track"},"geometry":{"type":"LineString","coordinates":[[-116.279955,34.095847],[-116.279963,34.094977]]}},{"type":"Feature","properties":{"kind":"track"},"geometry":{"type":"LineString","coordinates":[[-116.280607,34.096322],[-116.280579,34.096103],[-116.280613,34.09592]]}},{"type":"Feature","properties":{"kind":"track","surface":"unpaved"},"geometry":{"type":"LineString","coordinates":[[-116.280351,34.095919],[-116.279989,34.096737],[-116.278971,34.096685],[-116.27889,34.096601],[-116.278877,34.096325],[-116.278932,34.096182],[-116.279111,34.095917]]}},{"type":"Feature","properties":{"kind":"road","surface":"unpaved"},"geometry":{"type":"LineString","coordinates":[[-116.28076,34.095843],[-116.280679,34.095565],[-116.280618,34.095501],[-116.280491,34.095473]]}},{"type":"Feature","properties":{"kind":"road","surface":"unpaved"},"geometry":{"type":"LineString","coordinates":[[-116.279963,34.094977],[-116.279936,34.094882],[-116.279904,34.094767],[-116.279752,34.09472],[-116.279743,34.094786],[-116.279936,34.094882]]}},{"type":"Feature","properties":{"kind":"road","surface":"unpaved"},"geometry":{"type":"LineString","coordinates":[[-116.279302,34.096391],[-116.279207,34.096274],[-116.278968,34.096281],[-116.278932,34.096182]]}},{"type":"Feature","properties":{"kind":"road","surface":"unpaved"},"geometry":{"type":"LineString","coordinates":[[-116.278385,34.095833],[-116.278248,34.095685],[-116.278199,34.095498],[-116.278241,34.095372],[-116.27822,34.09525],[-116.27815,34.095188],[-116.278036,34.095198],[-116.278019,34.095306],[-116.278199,34.095498]]}},{"type":"Feature","properties":{"kind":"track"},"geometry":{"type":"LineString","coordinates":[[-116.278417,34.095833],[-116.278419,34.095916]]}},{"type":"Feature","properties":{"kind":"track","surface":"unpaved"},"geometry":{"type":"LineString","coordinates":[[-116.278342,34.095916],[-116.278029,34.096446],[-116.278009,34.097015],[-116.277838,34.096736],[-116.27785,34.095915]]}},{"type":"Feature","properties":{"kind":"road","surface":"unpaved"},"geometry":{"type":"LineString","coordinates":[[-116.277704,34.095915],[-116.277483,34.096218],[-116.277312,34.096298],[-116.277115,34.096266]]}},{"type":"Feature","properties":{"kind":"road","surface":"unpaved"},"geometry":{"type":"LineString","coordinates":[[-116.277483,34.096218],[-116.277413,34.096401],[-116.277417,34.096527]]}},{"type":"Feature","properties":{"kind":"road","surface":"unpaved"},"geometry":{"type":"LineString","coordinates":[[-116.278009,34.097015],[-116.278022,34.097124],[-116.278126,34.09737],[-116.278195,34.097374],[-116.278193,34.097271],[-116.278022,34.097124]]}},{"type":"Feature","properties":{"kind":"track","surface":"unpaved"},"geometry":{"type":"LineString","coordinates":[[-116.278009,34.097015],[-116.278269,34.09705],[-116.278496,34.097229],[-116.278488,34.097563],[-116.278637,34.097591],[-116.278676,34.0975],[-116.278496,34.097229]]}},{"type":"Feature","properties":{"kind":"road","surface":"unpaved"},"geometry":{"type":"LineString","coordinates":[[-116.277129,34.095837],[-116.277048,34.095621],[-116.276952,34.095564],[-116.276847,34.095586],[-116.276835,34.095838]]}},{"type":"Feature","properties":{"kind":"track"},"geometry":{"type":"LineString","coordinates":[[-116.276893,34.095913],[-116.276887,34.095837]]}},{"type":"Feature","properties":{"kind":"track"},"geometry":{"type":"LineString","coordinates":[[-116.275638,34.095092],[-116.276523,34.095095],[-116.27664,34.095],[-116.276673,34.094041]]}},{"type":"Feature","properties":{"kind":"track"},"geometry":{"type":"LineString","coordinates":[[-116.27664,34.095],[-116.276642,34.095098],[-116.27682,34.095373],[-116.276847,34.095586]]}},{"type":"Feature","properties":{"kind":"road","surface":"unpaved"},"geometry":{"type":"LineString","coordinates":[[-116.275843,34.09542],[-116.275642,34.095418]]}},{"type":"Feature","properties":{"kind":"track"},"geometry":{"type":"LineString","coordinates":[[-116.277776,34.094015],[-116.277444,34.094323],[-116.277271,34.094402],[-116.277011,34.094319],[-116.276804,34.094042]]}},{"type":"Feature","properties":{"kind":"road","surface":"unpaved"},"geometry":{"type":"LineString","coordinates":[[-116.275636,34.094901],[-116.275345,34.094908]]}},{"type":"Feature","properties":{"kind":"road","surface":"unpaved"},"geometry":{"type":"LineString","coordinates":[[-116.275243,34.094898],[-116.27512,34.094882],[-116.275087,34.094836],[-116.275161,34.094082]]}},{"type":"Feature","properties":{"kind":"road","surface":"unpaved"},"geometry":{"type":"LineString","coordinates":[[-116.275493,34.095841],[-116.275446,34.095589],[-116.275337,34.095458],[-116.275121,34.095354],[-116.274869,34.095473],[-116.274836,34.095652],[-116.27506,34.095727],[-116.275104,34.095842]]}},{"type":"Feature","properties":{"kind":"road","surface":"unpaved"},"geometry":{"type":"LineString","coordinates":[[-116.275337,34.095458],[-116.275131,34.095527],[-116.27506,34.095727]]}},{"type":"Feature","properties":{"kind":"road","surface":"unpaved"},"geometry":{"type":"LineString","coordinates":[[-116.275235,34.095916],[-116.275275,34.096249],[-116.275413,34.096301],[-116.275495,34.096226],[-116.275472,34.095913]]}},{"type":"Feature","properties":{"kind":"road","surface":"unpaved"},"geometry":{"type":"LineString","coordinates":[[-116.276069,34.095912],[-116.276038,34.096252],[-116.276129,34.096472],[-116.27616,34.096918],[-116.276303,34.096985],[-116.276374,34.096907],[-116.27637,34.096817],[-116.276129,34.096472]]}},{"type":"Feature","properties":{"kind":"track"},"geometry":{"type":"LineString","coordinates":[[-116.276303,34.096985],[-116.276152,34.097209]]}},{"type":"Feature","properties":{"kind":"road","surface":"unpaved"},"geometry":{"type":"LineString","coordinates":[[-116.274545,34.094654],[-116.27458,34.094777],[-116.27467,34.094799],[-116.274676,34.094726],[-116.274545,34.094654]]}},{"type":"Feature","properties":{"kind":"road","surface":"unpaved"},"geometry":{"type":"LineString","coordinates":[[-116.282104,34.099834],[-116.282227,34.100237],[-116.282359,34.100359]]}},{"type":"Feature","properties":{"kind":"road","surface":"unpaved"},"geometry":{"type":"LineString","coordinates":[[-116.28333,34.101297],[-116.282933,34.101291],[-116.282707,34.101112],[-116.282565,34.101118]]}},{"type":"Feature","properties":{"kind":"road","surface":"unpaved"},"geometry":{"type":"LineString","coordinates":[[-116.283331,34.101832],[-116.283077,34.101909],[-116.283002,34.102042],[-116.28301,34.102173],[-116.283053,34.102337],[-116.283128,34.102427],[-116.283333,34.102525]]}},{"type":"Feature","properties":{"kind":"road","surface":"unpaved"},"geometry":{"type":"LineString","coordinates":[[-116.28301,34.102173],[-116.28263,34.102236],[-116.282565,34.102308],[-116.282579,34.102406]]}},{"type":"Feature","properties":{"kind":"road","surface":"unpaved"},"geometry":{"type":"LineString","coordinates":[[-116.283334,34.102662],[-116.283023,34.102872],[-116.282877,34.103049],[-116.282874,34.103131]]}},{"type":"Feature","properties":{"kind":"road","surface":"unpaved"},"geometry":{"type":"LineString","coordinates":[[-116.282877,34.103049],[-116.282767,34.102985],[-116.282567,34.10299],[-116.282382,34.103122]]}},{"type":"Feature","properties":{"kind":"track","surface":"unpaved"},"geometry":{"type":"LineString","coordinates":[[-116.282655,34.102722],[-116.28248,34.102689],[-116.282095,34.10272]]}},{"type":"Feature","properties":{"kind":"road","surface":"unpaved"},"geometry":{"type":"LineString","coordinates":[[-116.28334,34.104223],[-116.282812,34.104302],[-116.282723,34.104264],[-116.282688,34.104176],[-116.282769,34.104081],[-116.282944,34.104005],[-116.283338,34.103923]]}},{"type":"Feature","properties":{"kind":"road","surface":"unpaved"},"geometry":{"type":"LineString","coordinates":[[-116.281325,34.099531],[-116.281289,34.099365],[-116.281756,34.099178],[-116.281781,34.099117],[-116.281622,34.098994],[-116.281289,34.099365]]}},{"type":"Feature","properties":{"kind":"road","surface":"unpaved"},"geometry":{"type":"LineString","coordinates":[[-116.280593,34.099527],[-116.280648,34.099233],[-116.280765,34.099085]]}},{"type":"Feature","properties":{"kind":"road","surface":"unpaved"},"geometry":{"type":"LineString","coordinates":[[-116.279705,34.099521],[-116.27964,34.099375],[-116.279487,34.099356],[-116.279444,34.099497],[-116.279444,34.099519]]}},{"type":"Feature","properties":{"kind":"track","surface":"unpaved"},"geometry":{"type":"LineString","coordinates":[[-116.279444,34.099497],[-116.279296,34.099345],[-116.279223,34.099192],[-116.279196,34.098952]]}},{"type":"Feature","properties":{"kind":"track"},"geometry":{"type":"LineString","coordinates":[[-116.279487,34.099356],[-116.279296,34.099345]]}},{"type":"Feature","properties":{"kind":"track","surface":"unpaved"},"geometry":{"type":"LineString","coordinates":[[-116.278861,34.099516],[-116.278881,34.098959],[-116.279013,34.098901],[-116.279196,34.098952],[-116.279387,34.098861],[-116.279584,34.098871],[-116.279628,34.098812],[-116.279548,34.098761],[-116.279387,34.098861]]}},{"type":"Feature","properties":{"kind":"road","surface":"unpaved"},"geometry":{"type":"LineString","coordinates":[[-116.278057,34.099511],[-116.278061,34.099317],[-116.278279,34.099256],[-116.278273,34.099038],[-116.278157,34.099021],[-116.278061,34.099076],[-116.278061,34.099317]]}},{"type":"Feature","properties":{"kind":"road","surface":"unpaved"},"geometry":{"type":"LineString","coordinates":[[-116.277079,34.099513],[-116.277017,34.099176],[-116.276858,34.099065],[-116.276795,34.099112],[-116.276689,34.099515]]}},{"type":"Feature","properties":{"kind":"road","surface":"unpaved"},"geometry":{"type":"LineString","coordinates":[[-116.274757,34.097438],[-116.274718,34.097315],[-116.274537,34.097241]]}},{"type":"Feature","properties":{"kind":"road","surface":"unpaved"},"geometry":{"type":"LineString","coordinates":[[-116.274528,34.098549],[-116.274775,34.098566],[-116.274911,34.098509],[-116.274971,34.098413],[-116.274925,34.098341],[-116.274651,34.0984],[-116.274528,34.098356]]}},{"type":"Feature","properties":{"kind":"road","surface":"unpaved"},"geometry":{"type":"LineString","coordinates":[[-116.276336,34.099517],[-116.276261,34.099435],[-116.276097,34.099376],[-116.276008,34.099402],[-116.275983,34.099519]]}},{"type":"Feature","properties":{"kind":"road","surface":"unpaved"},"geometry":{"type":"LineString","coordinates":[[-116.275791,34.099519],[-116.275775,34.099058]]}},{"type":"Feature","properties":{"kind":"road","surface":"unpaved"},"geometry":{"type":"LineString","coordinates":[[-116.274527,34.099155],[-116.274725,34.099121],[-116.274769,34.099014],[-116.274726,34.098939],[-116.274527,34.09886]]}},{"type":"Feature","properties":{"kind":"road","surface":"unpaved"},"geometry":{"type":"LineString","coordinates":[[-116.271283,34.095866],[-116.270853,34.095827],[-116.26898,34.095825],[-116.268613,34.095856]]}},{"type":"Feature","properties":{"kind":"road","surface":"unpaved"},"geometry":{"type":"LineString","coordinates":[[-116.268528,34.095853],[-116.268406,34.095697],[-116.268323,34.095557]]}},{"type":"Feature","properties":{"kind":"road","surface":"unpaved"},"geometry":{"type":"LineString","coordinates":[[-116.268233,34.095548],[-116.268176,34.095564],[-116.268176,34.09564],[-116.268406,34.095697]]}},{"type":"Feature","properties":{"kind":"road","surface":"unpaved"},"geometry":{"type":"LineString","coordinates":[[-116.273198,34.095862],[-116.273127,34.095505],[-116.273156,34.095456]]}},{"type":"Feature","properties":{"kind":"road","surface":"unpaved"},"geometry":{"type":"LineString","coordinates":[[-116.271226,34.09427],[-116.271296,34.094636],[-116.271486,34.094611]]}},{"type":"Feature","properties":{"kind":"road","surface":"unpaved"},"geometry":{"type":"LineString","coordinates":[[-116.271218,34.094166],[-116.27111,34.094185],[-116.270788,34.094109],[-116.270657,34.094129],[-116.270594,34.094199],[-116.270588,34.09435],[-116.270703,34.094472],[-116.271059,34.094512]]}},{"type":"Feature","properties":{"kind":"road","surface":"unpaved"},"geometry":{"type":"LineString","coordinates":[[-116.274538,34.097172],[-116.274101,34.097272],[-116.273975,34.097395],[-116.27395,34.097516],[-116.274178,34.097707]]}},{"type":"Feature","properties":{"kind":"track"},"geometry":{"type":"LineString","coordinates":[[-116.273814,34.095917],[-116.273851,34.09607],[-116.273959,34.096114],[-116.274058,34.096081],[-116.27415,34.095919]]}},{"type":"Feature","properties":{"kind":"road","surface":"unpaved"},"geometry":{"type":"LineString","coordinates":[[-116.2729,34.095863],[-116.272925,34.096041],[-116.273208,34.09607],[-116.273486,34.09587]]}},{"type":"Feature","properties":{"kind":"road","surface":"unpaved"},"geometry":{"type":"LineString","coordinates":[[-116.273208,34.09607],[-116.273173,34.096398],[-116.273065,34.09646],[-116.272945,34.096414]]}},{"type":"Feature","properties":{"kind":"road","surface":"unpaved"},"geometry":{"type":"LineString","coordinates":[[-116.272056,34.097705],[-116.271822,34.09754],[-116.271766,34.09745]]}},{"type":"Feature","properties":{"kind":"road","surface":"unpaved"},"geometry":{"type":"LineString","coordinates":[[-116.27146,34.097712],[-116.271546,34.097505],[-116.271766,34.09745],[-116.271895,34.097348],[-116.271817,34.097234]]}},{"type":"Feature","properties":{"kind":"road","surface":"unpaved"},"geometry":{"type":"LineString","coordinates":[[-116.270504,34.095884],[-116.270528,34.096033],[-116.270584,34.096051],[-116.27074,34.095883]]}},{"type":"Feature","properties":{"kind":"road","surface":"unpaved"},"geometry":{"type":"LineString","coordinates":[[-116.280578,34.099527],[-116.280591,34.099815],[-116.280586,34.099945],[-116.280429,34.099924],[-116.280435,34.099856],[-116.280591,34.099815]]}},{"type":"Feature","properties":{"kind":"track","surface":"unpaved"},"geometry":{"type":"LineString","coordinates":[[-116.279977,34.099523],[-116.279983,34.100242],[-116.280025,34.100435]]}},{"type":"Feature","properties":{"kind":"road","surface":"unpaved"},"geometry":{"type":"LineString","coordinates":[[-116.280025,34.100435],[-116.280191,34.100524],[-116.280494,34.100588],[-116.280511,34.100665],[-116.28043,34.100686],[-116.280191,34.100524]]}},{"type":"Feature","properties":{"kind":"road","surface":"unpaved"},"geometry":{"type":"LineString","coordinates":[[-116.278861,34.099516],[-116.278841,34.099652],[-116.278532,34.10024],[-116.278518,34.100397],[-116.27864,34.100403],[-116.27866,34.100334],[-116.278532,34.10024]]}},{"type":"Feature","properties":{"kind":"road","surface":"unpaved"},"geometry":{"type":"LineString","coordinates":[[-116.277338,34.099512],[-116.277332,34.099764],[-116.27738,34.099821],[-116.277485,34.099838],[-116.277571,34.099802],[-116.277687,34.099511]]}},{"type":"Feature","properties":{"kind":"road","surface":"unpaved"},"geometry":{"type":"LineString","coordinates":[[-116.277211,34.099513],[-116.277061,34.100229],[-116.276895,34.10039],[-116.276888,34.100498],[-116.277068,34.100532],[-116.277151,34.100493],[-116.277164,34.100413],[-116.277061,34.100229]]}},{"type":"Feature","properties":{"kind":"road","surface":"unpaved"},"geometry":{"type":"LineString","coordinates":[[-116.274904,34.099504],[-116.274971,34.099857],[-116.275199,34.100102],[-116.275293,34.100279],[-116.275401,34.100342],[-116.275475,34.100337],[-116.275537,34.100251],[-116.275427,34.099986],[-116.275492,34.099665],[-116.275611,34.099518]]}},{"type":"Feature","properties":{"kind":"road","surface":"unpaved"},"geometry":{"type":"LineString","coordinates":[[-116.274546,34.099965],[-116.274328,34.100338],[-116.274272,34.10052],[-116.274199,34.1007],[-116.274192,34.100972],[-116.274331,34.101012],[-116.274389,34.100947],[-116.274385,34.100811],[-116.274272,34.10052]]}},{"type":"Feature","properties":{"kind":"road","surface":"unpaved"},"geometry":{"type":"LineString","coordinates":[[-116.274192,34.100972],[-116.274086,34.101024],[-116.274025,34.101129]]}},{"type":"Feature","properties":{"kind":"road","surface":"unpaved"},"geometry":{"type":"LineString","coordinates":[[-116.274539,34.101271],[-116.274641,34.101669],[-116.274915,34.101554]]}},{"type":"Feature","properties":{"kind":"road","surface":"unpaved"},"geometry":{"type":"LineString","coordinates":[[-116.275384,34.103091],[-116.27516,34.102922],[-116.275,34.102887],[-116.274835,34.1031]]}},{"type":"Feature","properties":{"kind":"road","surface":"unpaved"},"geometry":{"type":"LineString","coordinates":[[-116.275853,34.103089],[-116.275935,34.102449],[-116.275928,34.10227],[-116.275869,34.102161],[-116.275765,34.102152],[-116.275735,34.102218],[-116.275935,34.102449]]}},{"type":"Feature","properties":{"kind":"track"},"geometry":{"type":"LineString","coordinates":[[-116.275735,34.102218],[-116.275658,34.102029],[-116.275641,34.101784],[-116.276008,34.101503],[-116.276024,34.101447]]}},{"type":"Feature","properties":{"kind":"track","surface":"unpaved"},"geometry":{"type":"LineString","coordinates":[[-116.277196,34.103095],[-116.277065,34.102851],[-116.277063,34.102683]]}},{"type":"Feature","properties":{"kind":"road","surface":"concrete"},"geometry":{"type":"LineString","coordinates":[[-116.277947,34.103099],[-116.27796,34.103059],[-116.278108,34.102667],[-116.278586,34.102705],[-116.27865,34.102751]]}},{"type":"Feature","properties":{"kind":"road","surface":"unpaved"},"geometry":{"type":"LineString","coordinates":[[-116.278712,34.103102],[-116.278728,34.102856],[-116.278682,34.102789],[-116.27865,34.102751],[-116.278653,34.102409]]}},{"type":"Feature","properties":{"kind":"track","surface":"unpaved"},"geometry":{"type":"LineString","coordinates":[[-116.278653,34.102409],[-116.278662,34.102347],[-116.278797,34.102138],[-116.278799,34.101871],[-116.278734,34.1017],[-116.278682,34.101654],[-116.278528,34.101548],[-116.278454,34.101484],[-116.278407,34.101341]]}},{"type":"Feature","properties":{"kind":"track","surface":"unpaved"},"geometry":{"type":"LineString","coordinates":[[-116.278662,34.102347],[-116.278629,34.102086]]}},{"type":"Feature","properties":{"kind":"track","surface":"unpaved"},"geometry":{"type":"LineString","coordinates":[[-116.278655,34.101934],[-116.278682,34.101654],[-116.278682,34.10162]]}},{"type":"Feature","properties":{"kind":"track","surface":"unpaved"},"geometry":{"type":"LineString","coordinates":[[-116.278528,34.101548],[-116.278356,34.101734]]}},{"type":"Feature","properties":{"kind":"track","surface":"unpaved"},"geometry":{"type":"LineString","coordinates":[[-116.278734,34.1017],[-116.27882,34.101548],[-116.278816,34.101411],[-116.278657,34.101341],[-116.278407,34.101341],[-116.277942,34.101374],[-116.277872,34.101403],[-116.277809,34.101511],[-116.277844,34.10208],[-116.277795,34.102861],[-116.277828,34.102963],[-116.27796,34.103059]]}},{"type":"Feature","properties":{"kind":"trail"},"geometry":{"type":"LineString","coordinates":[[-116.278655,34.101934],[-116.278623,34.101901],[-116.278602,34.101892],[-116.278332,34.101898],[-116.278289,34.101895],[-116.278268,34.101909]]}},{"type":"Feature","properties":{"kind":"trail"},"geometry":{"type":"LineString","coordinates":[[-116.278268,34.101909],[-116.278206,34.101902]]}},{"type":"Feature","properties":{"kind":"trail"},"geometry":{"type":"LineString","coordinates":[[-116.27814,34.10195],[-116.278206,34.101902],[-116.278356,34.101734]]}},{"type":"Feature","properties":{"kind":"trail"},"geometry":{"type":"LineString","coordinates":[[-116.278312,34.101711],[-116.278356,34.101734],[-116.278441,34.101773],[-116.278553,34.101843],[-116.278602,34.101892]]}},{"type":"Feature","properties":{"kind":"trail"},"geometry":{"type":"LineString","coordinates":[[-116.278289,34.101895],[-116.278305,34.101809],[-116.278441,34.101773]]}},{"type":"Feature","properties":{"kind":"trail"},"geometry":{"type":"LineString","coordinates":[[-116.278623,34.101901],[-116.278554,34.101785]]}},{"type":"Feature","properties":{"kind":"trail"},"geometry":{"type":"LineString","coordinates":[[-116.278553,34.101843],[-116.278554,34.101785]]}},{"type":"Feature","properties":{"kind":"trail"},"geometry":{"type":"LineString","coordinates":[[-116.278564,34.102005],[-116.278353,34.101982],[-116.278332,34.101898]]}},{"type":"Feature","properties":{"kind":"road","surface":"unpaved"},"geometry":{"type":"LineString","coordinates":[[-116.278896,34.103103],[-116.278885,34.103016],[-116.278974,34.102864],[-116.279113,34.102858],[-116.279145,34.102796]]}},{"type":"Feature","properties":{"kind":"track"},"geometry":{"type":"LineString","coordinates":[[-116.278974,34.102864],[-116.278682,34.102789]]}},{"type":"Feature","properties":{"kind":"track"},"geometry":{"type":"LineString","coordinates":[[-116.278885,34.103016],[-116.278682,34.102789]]}},{"type":"Feature","properties":{"kind":"road","surface":"unpaved"},"geometry":{"type":"LineString","coordinates":[[-116.280889,34.103113],[-116.280861,34.102849],[-116.280772,34.102708],[-116.280762,34.102636],[-116.280756,34.102601]]}},{"type":"Feature","properties":{"kind":"road","surface":"unpaved"},"geometry":{"type":"LineString","coordinates":[[-116.280772,34.102708],[-116.28053,34.102659]]}},{"type":"Feature","properties":{"kind":"track","surface":"unpaved"},"geometry":{"type":"LineString","coordinates":[[-116.280762,34.102636],[-116.280875,34.102536],[-116.280886,34.102421],[-116.280948,34.102311],[-116.280978,34.102078],[-116.280907,34.101933],[-116.280817,34.101891],[-116.280707,34.101977],[-116.280705,34.102111],[-116.280764,34.102352],[-116.280886,34.102421]]}},{"type":"Feature","properties":{"kind":"road","surface":"unpaved"},"geometry":{"type":"LineString","coordinates":[[-116.281604,34.105063],[-116.281501,34.104907]]}},{"type":"Feature","properties":{"kind":"road","surface":"unpaved"},"geometry":{"type":"LineString","coordinates":[[-116.281501,34.104907],[-116.281552,34.104737],[-116.281634,34.104671],[-116.281886,34.104658],[-116.282052,34.104908]]}},{"type":"Feature","properties":{"kind":"road","surface":"unpaved"},"geometry":{"type":"LineString","coordinates":[[-116.281634,34.104671],[-116.281621,34.104632],[-116.28161,34.104456],[-116.28175,34.104446],[-116.281769,34.104517],[-116.281621,34.104632]]}},{"type":"Feature","properties":{"kind":"road","surface":"unpaved"},"geometry":{"type":"LineString","coordinates":[[-116.280404,34.10492],[-116.280391,34.104813],[-116.280381,34.104731]]}},{"type":"Feature","properties":{"kind":"road","surface":"unpaved"},"geometry":{"type":"LineString","coordinates":[[-116.280391,34.104813],[-116.280125,34.104755],[-116.280056,34.104797]]}},{"type":"Feature","properties":{"kind":"road","surface":"unpaved"},"geometry":{"type":"LineString","coordinates":[[-116.280051,34.104912],[-116.280056,34.104797],[-116.280091,34.104619],[-116.280199,34.104584]]}},{"type":"Feature","properties":{"kind":"road","surface":"unpaved"},"geometry":{"type":"LineString","coordinates":[[-116.279438,34.103106],[-116.279348,34.103561],[-116.279316,34.1036],[-116.279112,34.103618],[-116.2791,34.103685],[-116.279317,34.103726],[-116.279348,34.103561]]}},{"type":"Feature","properties":{"kind":"road","surface":"unpaved"},"geometry":{"type":"LineString","coordinates":[[-116.277797,34.103098],[-116.277807,34.103329],[-116.277953,34.103517],[-116.278223,34.103603],[-116.278453,34.103505],[-116.278586,34.103102]]}},{"type":"Feature","properties":{"kind":"road","surface":"concrete"},"geometry":{"type":"LineString","coordinates":[[-116.277996,34.103633],[-116.277953,34.103517]]}},{"type":"Feature","properties":{"kind":"trail"},"geometry":{"type":"LineString","coordinates":[[-116.277708,34.104896],[-116.277748,34.104781],[-116.277991,34.10463]]}},{"type":"Feature","properties":{"kind":"track","surface":"unpaved"},"geometry":{"type":"LineString","coordinates":[[-116.278453,34.103505],[-116.278327,34.103715],[-116.2783,34.104122],[-116.278176,34.104446],[-116.278104,34.104564],[-116.277991,34.10463],[-116.277868,34.10461],[-116.277833,34.104531],[-116.277825,34.103702]]}},{"type":"Feature","properties":{"kind":"road","surface":"unpaved"},"geometry":{"type":"LineString","coordinates":[[-116.277009,34.104896],[-116.277017,34.104826],[-116.277038,34.104646],[-116.276887,34.104554],[-116.276861,34.104614],[-116.277017,34.104826]]}},{"type":"Feature","properties":{"kind":"road","surface":"unpaved"},"geometry":{"type":"LineString","coordinates":[[-116.275586,34.104487],[-116.275732,34.104447],[-116.275778,34.104317],[-116.275739,34.10425],[-116.275591,34.104201]]}},{"type":"Feature","properties":{"kind":"track"},"geometry":{"type":"LineString","coordinates":[[-116.27622,34.104895],[-116.276164,34.104739],[-116.276252,34.104505],[-116.276173,34.104352],[-116.275734,34.10418],[-116.275591,34.104184]]}},{"type":"Feature","properties":{"kind":"road","surface":"unpaved"},"geometry":{"type":"LineString","coordinates":[[-116.276433,34.103091],[-116.276313,34.103457],[-116.276368,34.103701],[-116.275679,34.10369],[-116.2756,34.103648]]}},{"type":"Feature","properties":{"kind":"track"},"geometry":{"type":"LineString","coordinates":[[-116.280628,34.106451],[-116.28011,34.106374],[-116.279961,34.106274],[-116.279986,34.105019],[-116.280082,34.104912]]}},{"type":"Feature","properties":{"kind":"road","surface":"unpaved"},"geometry":{"type":"LineString","coordinates":[[-116.27938,34.104895],[-116.279293,34.104997],[-116.27924,34.105993],[-116.279107,34.106114]]}},{"type":"Feature","properties":{"kind":"road","surface":"unpaved"},"geometry":{"type":"LineString","coordinates":[[-116.27945,34.106098],[-116.27924,34.105993]]}},{"type":"Feature","properties":{"kind":"road","surface":"concrete"},"geometry":{"type":"LineString","coordinates":[[-116.278178,34.105872],[-116.278114,34.10579],[-116.277932,34.105772]]}},{"type":"Feature","properties":{"kind":"track"},"geometry":{"type":"LineString","coordinates":[[-116.277795,34.104896],[-116.277749,34.105148],[-116.277765,34.105464],[-116.277798,34.105697],[-116.277932,34.105772],[-116.27798,34.105737],[-116.277985,34.105648],[-116.277765,34.105464]]}},{"type":"Feature","properties":{"kind":"track","surface":"unpaved"},"geometry":{"type":"LineString","coordinates":[[-116.27668,34.104896],[-116.277001,34.105447],[-116.277114,34.105787],[-116.277391,34.106049],[-116.27744,34.10581],[-116.277627,34.105487],[-116.277615,34.10511],[-116.277671,34.104896]]}},{"type":"Feature","properties":{"kind":"road","surface":"unpaved"},"geometry":{"type":"LineString","coordinates":[[-116.277391,34.106049],[-116.277414,34.106243]]}},{"type":"Feature","properties":{"kind":"track","surface":"unpaved"},"geometry":{"type":"LineString","coordinates":[[-116.27563,34.104892],[-116.275657,34.105257],[-116.275652,34.105394],[-116.275642,34.105566]]}},{"type":"Feature","properties":{"kind":"road","surface":"unpaved"},"geometry":{"type":"LineString","coordinates":[[-116.275642,34.105566],[-116.275605,34.105966],[-116.275583,34.106174],[-116.275779,34.106229],[-116.275605,34.105966]]}},{"type":"Feature","properties":{"kind":"track","surface":"unpaved"},"geometry":{"type":"LineString","coordinates":[[-116.275779,34.106229],[-116.276049,34.106175],[-116.276265,34.106],[-116.276322,34.105782],[-116.276206,34.105522],[-116.276386,34.104895]]}},{"type":"Feature","properties":{"kind":"road","surface":"unpaved"},"geometry":{"type":"LineString","coordinates":[[-116.275657,34.105257],[-116.275361,34.105378],[-116.275115,34.105589],[-116.275061,34.105753],[-116.275085,34.105837],[-116.275267,34.105886],[-116.275652,34.105394]]}},{"type":"Feature","properties":{"kind":"road","surface":"unpaved"},"geometry":{"type":"LineString","coordinates":[[-116.274431,34.104894],[-116.274425,34.105018],[-116.274415,34.10512],[-116.274061,34.105396]]}},{"type":"Feature","properties":{"kind":"road","surface":"unpaved"},"geometry":{"type":"LineString","coordinates":[[-116.274425,34.105018],[-116.274286,34.105062],[-116.274068,34.105044],[-116.273967,34.105103]]}},{"type":"Feature","properties":{"kind":"road","surface":"unpaved"},"geometry":{"type":"LineString","coordinates":[[-116.273158,34.104912],[-116.272927,34.105125],[-116.272896,34.105376],[-116.272819,34.105569]]}},{"type":"Feature","properties":{"kind":"road","surface":"unpaved"},"geometry":{"type":"LineString","coordinates":[[-116.273029,34.105504],[-116.272896,34.105376]]}},{"type":"Feature","properties":{"kind":"road","surface":"unpaved"},"geometry":{"type":"LineString","coordinates":[[-116.272717,34.104516],[-116.272692,34.104256],[-116.272757,34.10419],[-116.272813,34.104203],[-116.272717,34.104516]]}},{"type":"Feature","properties":{"kind":"road","surface":"unpaved"},"geometry":{"type":"LineString","coordinates":[[-116.272813,34.104203],[-116.272671,34.104027]]}},{"type":"Feature","properties":{"kind":"road","surface":"unpaved"},"geometry":{"type":"LineString","coordinates":[[-116.275601,34.103574],[-116.275339,34.103454],[-116.275291,34.103365],[-116.275314,34.103223],[-116.275398,34.103091]]}},{"type":"Feature","properties":{"kind":"road","surface":"unpaved"},"geometry":{"type":"LineString","coordinates":[[-116.273478,34.104894],[-116.273465,34.10476],[-116.273509,34.10468]]}},{"type":"Feature","properties":{"kind":"road","surface":"unpaved"},"geometry":{"type":"LineString","coordinates":[[-116.274017,34.104894],[-116.273891,34.104788],[-116.273734,34.104798],[-116.273697,34.104894]]}},{"type":"Feature","properties":{"kind":"road","surface":"unpaved"},"geometry":{"type":"LineString","coordinates":[[-116.273955,34.103624],[-116.273999,34.103306],[-116.274005,34.103161]]}},{"type":"Feature","properties":{"kind":"road","surface":"unpaved"},"geometry":{"type":"LineString","coordinates":[[-116.273999,34.103306],[-116.274089,34.103352],[-116.274201,34.103333],[-116.274279,34.103162]]}},{"type":"Feature","properties":{"kind":"road","surface":"unpaved"},"geometry":{"type":"LineString","coordinates":[[-116.274245,34.103162],[-116.274229,34.1029],[-116.274167,34.102872]]}},{"type":"Feature","properties":{"kind":"road","surface":"unpaved"},"geometry":{"type":"LineString","coordinates":[[-116.273137,34.103434],[-116.272917,34.10344],[-116.272802,34.103347]]}},{"type":"Feature","properties":{"kind":"road","surface":"unpaved"},"geometry":{"type":"LineString","coordinates":[[-116.272917,34.10344],[-116.272846,34.103487],[-116.272913,34.103574],[-116.273137,34.103434]]}},{"type":"Feature","properties":{"kind":"road","surface":"concrete"},"geometry":{"type":"LineString","coordinates":[[-116.293921,34.088676],[-116.293792,34.088295],[-116.293595,34.088012]]}},{"type":"Feature","properties":{"kind":"road","surface":"unpaved"},"geometry":{"type":"LineString","coordinates":[[-116.293025,34.088624],[-116.293268,34.088417],[-116.293421,34.088313],[-116.293442,34.088271],[-116.293389,34.088197],[-116.293297,34.088234],[-116.293268,34.088417]]}},{"type":"Feature","properties":{"kind":"road","surface":"unpaved"},"geometry":{"type":"LineString","coordinates":[[-116.294043,34.088668],[-116.294678,34.088713],[-116.294739,34.088627],[-116.294694,34.088566]]}},{"type":"Feature","properties":{"kind":"road","surface":"unpaved"},"geometry":{"type":"LineString","coordinates":[[-116.296315,34.090467],[-116.29632,34.090117],[-116.29635,34.089741],[-116.296367,34.089569],[-116.296385,34.089195]]}},{"type":"Feature","properties":{"kind":"road","surface":"unpaved"},"geometry":{"type":"LineString","coordinates":[[-116.296385,34.089195],[-116.296353,34.088936],[-116.296235,34.088874]]}},{"type":"Feature","properties":{"kind":"road","surface":"unpaved"},"geometry":{"type":"LineString","coordinates":[[-116.29635,34.089741],[-116.296238,34.089562],[-116.296295,34.089527],[-116.296367,34.089569]]}},{"type":"Feature","properties":{"kind":"road","surface":"unpaved"},"geometry":{"type":"LineString","coordinates":[[-116.296238,34.089562],[-116.296173,34.089346]]}},{"type":"Feature","properties":{"kind":"road","surface":"unpaved"},"geometry":{"type":"LineString","coordinates":[[-116.29632,34.090117],[-116.296177,34.090067]]}},{"type":"Feature","properties":{"kind":"road","surface":"unpaved"},"geometry":{"type":"LineString","coordinates":[[-116.295471,34.090468],[-116.295704,34.090288],[-116.295794,34.090327],[-116.29583,34.090471]]}},{"type":"Feature","properties":{"kind":"road","surface":"concrete"},"geometry":{"type":"LineString","coordinates":[[-116.293883,34.090145],[-116.293804,34.090255],[-116.293652,34.090467]]}},{"type":"Feature","properties":{"kind":"road","surface":"concrete"},"geometry":{"type":"LineString","coordinates":[[-116.293909,34.090277],[-116.293804,34.090255]]}},{"type":"Feature","properties":{"kind":"road","surface":"unpaved"},"geometry":{"type":"LineString","coordinates":[[-116.293366,34.090467],[-116.293261,34.090349],[-116.29332,34.09011],[-116.293509,34.089933]]}},{"type":"Feature","properties":{"kind":"road","surface":"unpaved"},"geometry":{"type":"LineString","coordinates":[[-116.293261,34.090349],[-116.293168,34.090467]]}},{"type":"Feature","properties":{"kind":"road","surface":"unpaved"},"geometry":{"type":"LineString","coordinates":[[-116.296301,34.091722],[-116.296073,34.091629],[-116.296031,34.091553],[-116.296301,34.091649]]}},{"type":"Feature","properties":{"kind":"road","surface":"unpaved"},"geometry":{"type":"LineString","coordinates":[[-116.294249,34.09222],[-116.294345,34.09193],[-116.294663,34.091946],[-116.294688,34.091946]]}},{"type":"Feature","properties":{"kind":"road","surface":"unpaved"},"geometry":{"type":"LineString","coordinates":[[-116.294345,34.09193],[-116.294391,34.091712],[-116.294483,34.091606]]}},{"type":"Feature","properties":{"kind":"trail"},"geometry":{"type":"LineString","coordinates":[[-116.294663,34.091946],[-116.294639,34.091709]]}},{"type":"Feature","properties":{"kind":"road","surface":"unpaved"},"geometry":{"type":"LineString","coordinates":[[-116.291978,34.09259],[-116.292187,34.092512],[-116.292242,34.092402],[-116.292136,34.09231],[-116.291997,34.092292]]}},{"type":"Feature","properties":{"kind":"road","surface":"unpaved"},"geometry":{"type":"LineString","coordinates":[[-116.294918,34.090467],[-116.294633,34.091007],[-116.294397,34.091001],[-116.294353,34.090968],[-116.294369,34.090886]]}},{"type":"Feature","properties":{"kind":"road","surface":"unpaved"},"geometry":{"type":"LineString","coordinates":[[-116.29373,34.090617],[-116.293569,34.090467]]}},{"type":"Feature","properties":{"kind":"road","surface":"unpaved"},"geometry":{"type":"LineString","coordinates":[[-116.292027,34.090825],[-116.292164,34.090678],[-116.292194,34.090547],[-116.292195,34.090467]]}},{"type":"Feature","properties":{"kind":"road","surface":"unpaved"},"geometry":{"type":"LineString","coordinates":[[-116.292194,34.090547],[-116.29247,34.090549],[-116.292538,34.090467]]}},{"type":"Feature","properties":{"kind":"road","surface":"unpaved"},"geometry":{"type":"LineString","coordinates":[[-116.29203,34.090891],[-116.291838,34.090719],[-116.29188,34.090618],[-116.292017,34.090573]]}},{"type":"Feature","properties":{"kind":"road","surface":"unpaved"},"geometry":{"type":"LineString","coordinates":[[-116.2916,34.090582],[-116.291607,34.090464]]}},{"type":"Feature","properties":{"kind":"road","surface":"unpaved"},"geometry":{"type":"LineString","coordinates":[[-116.297209,34.092214],[-116.297167,34.092401],[-116.297068,34.092528],[-116.29694,34.092431],[-116.296915,34.092212]]}},{"type":"Feature","properties":{"kind":"road","surface":"unpaved"},"geometry":{"type":"LineString","coordinates":[[-116.300959,34.091623],[-116.301038,34.091474],[-116.301652,34.091155],[-116.301773,34.091215],[-116.301789,34.091615]]}},{"type":"Feature","properties":{"kind":"track","surface":"unpaved"},"geometry":{"type":"LineString","coordinates":[[-116.303078,34.09014],[-116.303009,34.089877],[-116.302589,34.089853],[-116.302554,34.089674],[-116.302918,34.089577],[-116.303268,34.089614]]}},{"type":"Feature","properties":{"kind":"track","surface":"unpaved"},"geometry":{"type":"LineString","coordinates":[[-116.304799,34.089787],[-116.304038,34.089435],[-116.303571,34.089319],[-116.303253,34.089388],[-116.302701,34.089306],[-116.302076,34.088996]]}},{"type":"Feature","properties":{"kind":"trail"},"geometry":{"type":"LineString","coordinates":[[-116.302076,34.088996],[-116.301707,34.088658],[-116.301707,34.088549],[-116.301801,34.088471],[-116.302138,34.088394],[-116.302381,34.088406],[-116.302853,34.088548],[-116.302914,34.088477],[-116.302551,34.088248],[-116.30203,34.088124],[-116.301445,34.087876],[-116.301092,34.087882],[-116.300812,34.08757],[-116.300922,34.087231],[-116.301104,34.087068],[-116.3017,34.086847],[-116.302015,34.086509],[-116.302492,34.086257],[-116.303038,34.086039],[-116.303313,34.086046],[-116.30341,34.086007],[-116.303606,34.085591],[-116.304153,34.085403],[-116.304482,34.085138]]}},{"type":"Feature","properties":{"kind":"road","surface":"unpaved"},"geometry":{"type":"LineString","coordinates":[[-116.302565,34.095301],[-116.302406,34.095432],[-116.302226,34.095453],[-116.302135,34.095437],[-116.301949,34.095295]]}},{"type":"Feature","properties":{"kind":"track","surface":"unpaved"},"geometry":{"type":"LineString","coordinates":[[-116.303571,34.089319],[-116.303741,34.089276],[-116.303881,34.089298],[-116.304304,34.089447]]}},{"type":"Feature","properties":{"kind":"track","surface":"unpaved"},"geometry":{"type":"LineString","coordinates":[[-116.302701,34.089306],[-116.303419,34.089214],[-116.303657,34.08906]]}},{"type":"Feature","properties":{"kind":"road","surface":"unpaved"},"geometry":{"type":"LineString","coordinates":[[-116.289446,34.095907],[-116.28908,34.095607]]}},{"type":"Feature","properties":{"kind":"road","surface":"unpaved"},"geometry":{"type":"LineString","coordinates":[[-116.288104,34.095149],[-116.287661,34.095093]]}},{"type":"Feature","properties":{"kind":"track","surface":"unpaved"},"geometry":{"type":"LineString","coordinates":[[-116.287742,34.095892],[-116.287673,34.095799],[-116.287677,34.095577],[-116.287742,34.0955],[-116.287661,34.095093],[-116.287637,34.094412],[-116.28769,34.094328],[-116.287954,34.094281],[-116.288181,34.094305],[-116.28871,34.094082],[-116.289056,34.094177],[-116.289776,34.094116]]}},{"type":"Feature","properties":{"kind":"road","surface":"unpaved"},"geometry":{"type":"LineString","coordinates":[[-116.302895,34.095203],[-116.303179,34.095081],[-116.303255,34.094955],[-116.3032,34.094741],[-116.302896,34.094731]]}},{"type":"Feature","properties":{"kind":"road","surface":"unpaved"},"geometry":{"type":"LineString","coordinates":[[-116.304859,34.096088],[-116.304705,34.095885],[-116.304612,34.095639],[-116.304562,34.095573],[-116.304484,34.095571],[-116.304454,34.095633],[-116.304578,34.096001],[-116.304859,34.096088]]}},{"type":"Feature","properties":{"kind":"road","surface":"unpaved"},"geometry":{"type":"LineString","coordinates":[[-116.304959,34.096514],[-116.304684,34.096377],[-116.304634,34.096227],[-116.304537,34.096144],[-116.304212,34.096131],[-116.304102,34.096199],[-116.304328,34.096319],[-116.304574,34.096324],[-116.304684,34.096377]]}},{"type":"Feature","properties":{"kind":"track","surface":"unpaved"},"geometry":{"type":"LineString","coordinates":[[-116.304102,34.096199],[-116.30376,34.096355],[-116.303634,34.096356],[-116.30349,34.096214],[-116.303389,34.096192],[-116.302894,34.096196]]}},{"type":"Feature","properties":{"kind":"track","surface":"unpaved"},"geometry":{"type":"LineString","coordinates":[[-116.303634,34.096356],[-116.303657,34.096591],[-116.303576,34.09666]]}},{"type":"Feature","properties":{"kind":"road","surface":"unpaved"},"geometry":{"type":"LineString","coordinates":[[-116.304971,34.097036],[-116.305925,34.096495],[-116.30611,34.096493],[-116.306089,34.096172]]}},{"type":"Feature","properties":{"kind":"track","surface":"unpaved"},"geometry":{"type":"LineString","coordinates":[[-116.304924,34.098209],[-116.305331,34.097947],[-116.305678,34.097863]]}},{"type":"Feature","properties":{"kind":"road","surface":"unpaved"},"geometry":{"type":"LineString","coordinates":[[-116.304924,34.098209],[-116.304608,34.097544],[-116.304307,34.097195]]}},{"type":"Feature","properties":{"kind":"road","surface":"unpaved"},"geometry":{"type":"LineString","coordinates":[[-116.304307,34.097195],[-116.304245,34.097142],[-116.304174,34.097164],[-116.304098,34.097419],[-116.303961,34.097496],[-116.303858,34.097378],[-116.303886,34.09722]]}},{"type":"Feature","properties":{"kind":"trail"},"geometry":{"type":"LineString","coordinates":[[-116.148217,33.98389],[-116.14847,33.983978],[-116.148684,33.983995],[-116.148973,33.983936],[-116.149122,33.983841]]}},{"type":"Feature","properties":{"kind":"trail","name":"Discovery Trail","surface":"unpaved"},"geometry":{"type":"LineString","coordinates":[[-116.059205,33.999814],[-116.059599,33.999816],[-116.059806,33.999665],[-116.059875,33.999661],[-116.060079,33.999879],[-116.060387,33.999864],[-116.060638,33.999672],[-116.061426,33.999419],[-116.061834,33.999363],[-116.062354,33.999128],[-116.06267,33.99871],[-116.06266,33.99847],[-116.062585,33.998418],[-116.062281,33.998429],[-116.062232,33.998295],[-116.062324,33.998232],[-116.06232,33.998148],[-116.062224,33.998018],[-116.062137,33.997987],[-116.062031,33.997718],[-116.061824,33.997602]]}},{"type":"Feature","properties":{"kind":"road"},"geometry":{"type":"LineString","coordinates":[[-116.126788,34.120989],[-116.126766,34.12091],[-116.126776,34.120737],[-116.126941,34.120727],[-116.127167,34.120787],[-116.127206,34.120745],[-116.127169,34.120697],[-116.126941,34.120727]]}},{"type":"Feature","properties":{"kind":"road"},"geometry":{"type":"LineString","coordinates":[[-116.126766,34.12091],[-116.126941,34.120914]]}},{"type":"Feature","properties":{"kind":"road","surface":"unpaved"},"geometry":{"type":"LineString","coordinates":[[-116.135464,34.122708],[-116.135174,34.12242],[-116.135052,34.121999],[-116.134633,34.121821],[-116.134375,34.121846],[-116.13427,34.1218],[-116.134227,34.12144],[-116.134089,34.121282],[-116.13416,34.121051]]}},{"type":"Feature","properties":{"kind":"trail"},"geometry":{"type":"LineString","coordinates":[[-116.292329,34.115477],[-116.292954,34.116104],[-116.293102,34.116652],[-116.293292,34.116983],[-116.293791,34.117483],[-116.293912,34.117696],[-116.294156,34.119012],[-116.294231,34.119241],[-116.294419,34.119295],[-116.294459,34.119405],[-116.29443,34.119468],[-116.294185,34.119628],[-116.294046,34.119827],[-116.294041,34.120331],[-116.294102,34.120467],[-116.294054,34.120669],[-116.293831,34.1209],[-116.293475,34.121642],[-116.293065,34.121955],[-116.293051,34.122194],[-116.292732,34.122514],[-116.292716,34.122854],[-116.292837,34.122981],[-116.292909,34.12318],[-116.292802,34.123474],[-116.292802,34.123827],[-116.292592,34.124119],[-116.292386,34.12459],[-116.29234,34.12521],[-116.292542,34.126556],[-116.292552,34.127075],[-116.292453,34.127628],[-116.291962,34.128462],[-116.291812,34.128811],[-116.291713,34.129235],[-116.291332,34.130134],[-116.291216,34.13057],[-116.290779,34.1315],[-116.2906,34.132146],[-116.290556,34.132483],[-116.290627,34.133083],[-116.29039,34.134069],[-116.290291,34.134222],[-116.288112,34.134834]]}},{"type":"Feature","properties":{"kind":"trail"},"geometry":{"type":"LineString","coordinates":[[-116.284994,34.112112],[-116.284803,34.112289],[-116.284757,34.112421],[-116.28475,34.112573],[-116.284941,34.112989]]}},{"type":"Feature","properties":{"kind":"trail"},"geometry":{"type":"LineString","coordinates":[[-116.283246,34.113244],[-116.283732,34.112847],[-116.283854,34.112432],[-116.284017,34.112151]]}},{"type":"Feature","properties":{"kind":"trail"},"geometry":{"type":"LineString","coordinates":[[-116.283416,34.112532],[-116.28367,34.112708],[-116.283732,34.112847]]}},{"type":"Feature","properties":{"kind":"track"},"geometry":{"type":"LineString","coordinates":[[-116.256546,34.120564],[-116.256459,34.120668],[-116.256319,34.120733],[-116.255837,34.121343]]}},{"type":"Feature","properties":{"kind":"track"},"geometry":{"type":"LineString","coordinates":[[-116.256319,34.120733],[-116.256303,34.120564]]}},{"type":"Feature","properties":{"kind":"track"},"geometry":{"type":"LineString","coordinates":[[-116.260265,34.122301],[-116.260525,34.12231],[-116.260894,34.122288],[-116.260958,34.122235],[-116.261038,34.122078],[-116.261007,34.121926],[-116.260886,34.12189],[-116.260746,34.121943],[-116.260524,34.121902],[-116.260257,34.121965]]}},{"type":"Feature","properties":{"kind":"track"},"geometry":{"type":"LineString","coordinates":[[-116.260746,34.121943],[-116.260525,34.12231]]}},{"type":"Feature","properties":{"kind":"track"},"geometry":{"type":"LineString","coordinates":[[-116.260245,34.121392],[-116.260573,34.121417],[-116.260808,34.121381],[-116.261064,34.121258]]}},{"type":"Feature","properties":{"kind":"road","name":"Jumbo Rock Campground Road","surface":"asphalt"},"geometry":{"type":"LineString","coordinates":[[-116.064585,33.991979],[-116.064598,33.992014],[-116.064651,33.992047],[-116.064774,33.992105],[-116.064812,33.992123],[-116.064846,33.992139],[-116.064888,33.992154],[-116.065053,33.992136],[-116.065131,33.992024]]}},{"type":"Feature","properties":{"kind":"road","surface":"unpaved"},"geometry":{"type":"LineString","coordinates":[[-116.255853,34.125051],[-116.255624,34.124944],[-116.255395,34.124846],[-116.255255,34.124711],[-116.255297,34.124656],[-116.255542,34.124593],[-116.255607,34.124595],[-116.25585,34.124614]]}},{"type":"Feature","properties":{"kind":"road","surface":"unpaved"},"geometry":{"type":"LineString","coordinates":[[-116.255255,34.124711],[-116.254618,34.124308],[-116.254636,34.124187],[-116.255496,34.124365],[-116.255542,34.124593]]}},{"type":"Feature","properties":{"kind":"road","surface":"unpaved"},"geometry":{"type":"LineString","coordinates":[[-116.255607,34.124595],[-116.255624,34.124944]]}},{"type":"Feature","properties":{"kind":"road","surface":"unpaved"},"geometry":{"type":"LineString","coordinates":[[-116.255851,34.124857],[-116.256166,34.124743],[-116.256584,34.124694],[-116.25666,34.124657],[-116.256689,34.124468]]}},{"type":"Feature","properties":{"kind":"road","surface":"unpaved"},"geometry":{"type":"LineString","coordinates":[[-116.26027,34.123687],[-116.260652,34.12366],[-116.260728,34.12372],[-116.260675,34.123853],[-116.260313,34.124001]]}},{"type":"Feature","properties":{"kind":"trail","name":"Wall Street Mill Trail"},"geometry":{"type":"LineString","coordinates":[[-116.13346,34.037017],[-116.133503,34.036704],[-116.133493,34.036526]]}},{"type":"Feature","properties":{"kind":"trail","name":"Wall Street Mill Trail"},"geometry":{"type":"LineString","coordinates":[[-116.133481,34.037274],[-116.13346,34.037017]]}},{"type":"Feature","properties":{"kind":"trail","name":"Barker Dam Trail"},"geometry":{"type":"LineString","coordinates":[[-116.154669,34.023864],[-116.153885,34.023742]]}},{"type":"Feature","properties":{"kind":"trail","name":"Wall Street Mill Trail","surface":"ground"},"geometry":{"type":"LineString","coordinates":[[-116.141873,34.025167],[-116.14169,34.025433],[-116.141689,34.025631]]}},{"type":"Feature","properties":{"kind":"trail","name":"Wall Street Mill Trail","surface":"ground"},"geometry":{"type":"LineString","coordinates":[[-116.141689,34.025631],[-116.141362,34.025689],[-116.141049,34.025904],[-116.140949,34.026034],[-116.140775,34.026472]]}},{"type":"Feature","properties":{"kind":"trail","name":"Creosote Trail"},"geometry":{"type":"LineString","coordinates":[[-116.243193,34.067075],[-116.242907,34.067171],[-116.242714,34.067299],[-116.242537,34.06729],[-116.242423,34.067413],[-116.242007,34.067535],[-116.241943,34.06761],[-116.241639,34.067583],[-116.241478,34.067637],[-116.241127,34.067569],[-116.240769,34.067641],[-116.24035,34.067792],[-116.239794,34.068157],[-116.239718,34.068395],[-116.239753,34.068524],[-116.239679,34.06872],[-116.239745,34.068959],[-116.239625,34.069253],[-116.239596,34.069527],[-116.23964,34.069858],[-116.239563,34.070146],[-116.239449,34.070187],[-116.239299,34.070121],[-116.239199,34.07015],[-116.239192,34.070579],[-116.239082,34.070812],[-116.239058,34.071012],[-116.238909,34.071152],[-116.238912,34.071314],[-116.238728,34.071756],[-116.238534,34.071953],[-116.238371,34.072047],[-116.237798,34.072753],[-116.237516,34.072944]]}},{"type":"Feature","properties":{"kind":"trail","name":"Samuelson West Trail"},"geometry":{"type":"LineString","coordinates":[[-116.245247,34.058345],[-116.245728,34.058327],[-116.245969,34.058454],[-116.246079,34.058451],[-116.246706,34.058269],[-116.247001,34.058243],[-116.247175,34.0581],[-116.247355,34.058074],[-116.247455,34.057987],[-116.24785,34.05798],[-116.248818,34.057768],[-116.249044,34.057673],[-116.249212,34.057524],[-116.249668,34.057491],[-116.250078,34.057524],[-116.250326,34.057295],[-116.250616,34.057231],[-116.250786,34.057093],[-116.251193,34.056535],[-116.251237,34.056427],[-116.251212,34.056318],[-116.251163,34.056279],[-116.250666,34.056269],[-116.250565,34.056223],[-116.250306,34.055976],[-116.250244,34.055776],[-116.250063,34.055669],[-116.249961,34.055524],[-116.249705,34.055376],[-116.249416,34.055371],[-116.248825,34.055223],[-116.247969,34.054709],[-116.247091,34.054094],[-116.246892,34.053819],[-116.246881,34.053736],[-116.246526,34.053325],[-116.246347,34.053233],[-116.246207,34.053229],[-116.246044,34.053022],[-116.246077,34.05287],[-116.245862,34.052793],[-116.245691,34.052663],[-116.24553,34.05247],[-116.245481,34.05222],[-116.245199,34.052064],[-116.244975,34.051654],[-116.244458,34.051149],[-116.244371,34.050846],[-116.243932,34.050215],[-116.243365,34.049736]]}},{"type":"Feature","properties":{"kind":"trail","name":"Mary Trail"},"geometry":{"type":"LineString","coordinates":[[-116.251212,34.056318],[-116.251583,34.056265],[-116.252272,34.05648],[-116.252715,34.056287],[-116.252923,34.056298],[-116.253341,34.056215],[-116.254132,34.056277],[-116.254357,34.056356],[-116.25467,34.056376],[-116.25496,34.056294],[-116.255526,34.056282],[-116.255906,34.056139],[-116.25599,34.056042],[-116.256245,34.055934],[-116.256683,34.055891],[-116.25693,34.056022],[-116.257147,34.056282],[-116.258168,34.056623],[-116.258294,34.05674],[-116.258717,34.056946],[-116.259815,34.057158],[-116.260381,34.057516],[-116.260838,34.057679],[-116.26141,34.057732],[-116.261654,34.057861],[-116.261891,34.05789],[-116.262217,34.058066],[-116.262744,34.05821],[-116.263084,34.058453],[-116.263229,34.05843],[-116.263289,34.058374],[-116.263845,34.058512],[-116.264071,34.058719],[-116.264286,34.058833],[-116.264345,34.058956],[-116.264607,34.059094],[-116.264909,34.059155],[-116.265127,34.059283],[-116.265234,34.059426],[-116.265788,34.059576],[-116.266241,34.059832],[-116.266329,34.059929],[-116.266477,34.059913],[-116.266804,34.060024],[-116.266943,34.060189],[-116.267109,34.060264],[-116.267141,34.060342],[-116.267044,34.060755],[-116.26713,34.060898],[-116.267103,34.060993],[-116.267272,34.061515],[-116.267264,34.06168],[-116.267549,34.06226],[-116.267553,34.062383],[-116.267393,34.062582],[-116.267418,34.062711],[-116.267302,34.062858],[-116.267355,34.062969],[-116.267376,34.063242],[-116.267347,34.063453],[-116.267488,34.064056],[-116.267254,34.064482],[-116.267282,34.064892],[-116.26761,34.065838],[-116.267731,34.066376],[-116.268002,34.067003],[-116.268203,34.06725],[-116.268315,34.067556],[-116.268301,34.067718],[-116.268511,34.067954],[-116.268576,34.068098],[-116.268885,34.068198],[-116.26907,34.068342],[-116.269644,34.068595],[-116.270003,34.068639],[-116.270223,34.06883],[-116.270432,34.069372],[-116.271076,34.069741],[-116.271437,34.070271],[-116.27189,34.070642],[-116.272025,34.070843],[-116.272184,34.070967],[-116.272511,34.071528],[-116.272651,34.071865],[-116.273151,34.072314],[-116.273343,34.072658],[-116.27381,34.073141],[-116.273982,34.073552],[-116.274197,34.073791],[-116.274291,34.07405],[-116.274479,34.074291]]}},{"type":"Feature","properties":{"kind":"trail"},"geometry":{"type":"LineString","coordinates":[[-116.177475,34.025312],[-116.177492,34.025202],[-116.178077,34.02492]]}},{"type":"Feature","properties":{"kind":"trail"},"geometry":{"type":"LineString","coordinates":[[-116.15154,33.985032],[-116.152129,33.98494],[-116.152412,33.984823],[-116.152671,33.98478],[-116.15273,33.984677],[-116.152773,33.984526],[-116.152615,33.984116],[-116.152537,33.983992]]}},{"type":"Feature","properties":{"kind":"trail"},"geometry":{"type":"LineString","coordinates":[[-116.152615,33.984116],[-116.152395,33.984265],[-116.152379,33.98418],[-116.152325,33.984271],[-116.152336,33.984358]]}},{"type":"Feature","properties":{"kind":"trail"},"geometry":{"type":"LineString","coordinates":[[-116.152412,33.984823],[-116.15214,33.984723],[-116.151939,33.984489],[-116.151877,33.984334],[-116.151917,33.984109],[-116.151783,33.984067],[-116.151735,33.983978]]}},{"type":"Feature","properties":{"kind":"trail"},"geometry":{"type":"LineString","coordinates":[[-116.158979,34.025012],[-116.158665,34.02512],[-116.158634,34.025147]]}},{"type":"Feature","properties":{"kind":"trail"},"geometry":{"type":"LineString","coordinates":[[-116.15848,34.024813],[-116.158206,34.024981]]}},{"type":"Feature","properties":{"kind":"trail"},"geometry":{"type":"LineString","coordinates":[[-116.157905,34.024664],[-116.157845,34.024753],[-116.157796,34.024823]]}},{"type":"Feature","properties":{"kind":"trail"},"geometry":{"type":"LineString","coordinates":[[-116.15859,34.024858],[-116.158528,34.024965],[-116.158542,34.025107],[-116.158665,34.02512]]}},{"type":"Feature","properties":{"kind":"trail"},"geometry":{"type":"LineString","coordinates":[[-116.158528,34.024965],[-116.158428,34.025001],[-116.158418,34.025047]]}},{"type":"Feature","properties":{"kind":"trail"},"geometry":{"type":"LineString","coordinates":[[-116.158681,34.024896],[-116.158653,34.024751],[-116.158578,34.024795],[-116.15859,34.024858]]}},{"type":"Feature","properties":{"kind":"trail"},"geometry":{"type":"LineString","coordinates":[[-116.156455,34.024801],[-116.156202,34.024939],[-116.156192,34.024978],[-116.156053,34.024997]]}},{"type":"Feature","properties":{"kind":"trail"},"geometry":{"type":"LineString","coordinates":[[-116.154302,34.024239],[-116.154802,34.024362],[-116.155068,34.024522]]}},{"type":"Feature","properties":{"kind":"trail","name":"Astrodome Approach Trail"},"geometry":{"type":"LineString","coordinates":[[-116.14467,34.030234],[-116.144568,34.030669],[-116.144702,34.03081],[-116.144662,34.030918],[-116.144806,34.030996],[-116.144988,34.030931],[-116.145184,34.031115],[-116.145289,34.031342],[-116.145253,34.031507],[-116.145364,34.031839],[-116.145386,34.032093],[-116.145585,34.032177],[-116.145549,34.032301],[-116.145426,34.032355],[-116.14551,34.032907],[-116.14552,34.033371],[-116.145393,34.033696],[-116.145318,34.034079],[-116.145549,34.03469],[-116.145504,34.034825],[-116.145618,34.035401],[-116.145419,34.035395],[-116.145174,34.035495],[-116.144927,34.035887],[-116.14494,34.036106],[-116.145253,34.036595],[-116.145171,34.037025],[-116.145373,34.037211],[-116.145442,34.037482],[-116.145331,34.037614],[-116.145266,34.038079],[-116.145514,34.038141],[-116.14569,34.038133],[-116.145843,34.038254],[-116.145924,34.038165],[-116.146065,34.038292],[-116.146348,34.038303],[-116.146805,34.038576],[-116.147137,34.038681],[-116.147203,34.038773],[-116.14731,34.038811]]}},{"type":"Feature","properties":{"kind":"trail","name":"x-country route"},"geometry":{"type":"LineString","coordinates":[[-116.241405,34.006079],[-116.24087,34.006616],[-116.240495,34.006775],[-116.239942,34.006793],[-116.2387,34.006665],[-116.238472,34.006545],[-116.237959,34.006489],[-116.237818,34.006388],[-116.23766,34.006137],[-116.23751,34.006021],[-116.237146,34.005912],[-116.2361,34.005075],[-116.235849,34.004952],[-116.235265,34.004796],[-116.235031,34.004793],[-116.234561,34.004917],[-116.234224,34.005125],[-116.234062,34.005519],[-116.233822,34.005783],[-116.233432,34.00598],[-116.233301,34.006185],[-116.233192,34.006241],[-116.233078,34.00659],[-116.23299,34.006622],[-116.233011,34.006722],[-116.23242,34.007325],[-116.232241,34.007697],[-116.232084,34.007837],[-116.231416,34.00816],[-116.230475,34.008479],[-116.229887,34.009735],[-116.22955,34.010114],[-116.229108,34.010796],[-116.228876,34.010979],[-116.228513,34.011117],[-116.228338,34.011313],[-116.227318,34.012029],[-116.226998,34.01265],[-116.226988,34.013014],[-116.226857,34.01345]]}},{"type":"Feature","properties":{"kind":"road","surface":"dirt"},"geometry":{"type":"LineString","coordinates":[[-116.238422,34.122446],[-116.239569,34.122385],[-116.239793,34.12257]]}},{"type":"Feature","properties":{"kind":"road"},"geometry":{"type":"LineString","coordinates":[[-116.238428,34.123491],[-116.238962,34.123501]]}},{"type":"Feature","properties":{"kind":"road","name":"Single Tree Road","surface":"unpaved"},"geometry":{"type":"LineString","coordinates":[[-116.273513,34.095871],[-116.273486,34.09587],[-116.273198,34.095862],[-116.2729,34.095863],[-116.271283,34.095866]]}},{"type":"Feature","properties":{"kind":"road","name":"Single Tree Road","surface":"unpaved"},"geometry":{"type":"LineString","coordinates":[[-116.268613,34.095856],[-116.268528,34.095853],[-116.268125,34.095856],[-116.268014,34.095928]]}},{"type":"Feature","properties":{"kind":"track","name":"Single Tree Road","surface":"unpaved"},"geometry":{"type":"LineString","coordinates":[[-116.291928,34.095957],[-116.291703,34.095909],[-116.290893,34.095907],[-116.290609,34.095842],[-116.290258,34.095917],[-116.289774,34.095903],[-116.289446,34.095907]]}},{"type":"Feature","properties":{"kind":"road","name":"Turtle Road","surface":"unpaved"},"geometry":{"type":"LineString","coordinates":[[-116.283322,34.09955],[-116.285502,34.099559],[-116.286615,34.099502]]}},{"type":"Feature","properties":{"kind":"track","surface":"unpaved"},"geometry":{"type":"LineString","coordinates":[[-116.280087,34.103109],[-116.280046,34.103215],[-116.280053,34.103462],[-116.280128,34.103586],[-116.280283,34.103584],[-116.280053,34.103462]]}},{"type":"Feature","properties":{"kind":"trail"},"geometry":{"type":"LineString","coordinates":[[-116.150296,33.980218],[-116.149871,33.979971],[-116.14948,33.980112]]}},{"type":"Feature","properties":{"kind":"trail"},"geometry":{"type":"LineString","coordinates":[[-116.151835,33.982184],[-116.151741,33.982273],[-116.151657,33.98249],[-116.151691,33.98334],[-116.151953,33.983481]]}},{"type":"Feature","properties":{"kind":"trail"},"geometry":{"type":"LineString","coordinates":[[-116.150541,33.97877],[-116.15099,33.979264],[-116.15127,33.979653],[-116.15138,33.979968],[-116.151399,33.980373],[-116.151198,33.981025],[-116.151236,33.981223],[-116.151547,33.981525],[-116.1516,33.981726],[-116.151835,33.982184],[-116.152666,33.982845]]}},{"type":"Feature","properties":{"kind":"trail"},"geometry":{"type":"LineString","coordinates":[[-116.127555,33.958717],[-116.127068,33.958641],[-116.126878,33.958503],[-116.12687,33.958378]]}},{"type":"Feature","properties":{"kind":"trail"},"geometry":{"type":"LineString","coordinates":[[-116.157941,33.96395],[-116.15756,33.963435],[-116.158721,33.962521],[-116.158954,33.961604],[-116.158927,33.961475],[-116.158627,33.961233],[-116.158694,33.96089],[-116.158576,33.960483],[-116.158678,33.960268],[-116.158701,33.959978]]}},{"type":"Feature","properties":{"kind":"trail"},"geometry":{"type":"LineString","coordinates":[[-116.159171,33.957802],[-116.159072,33.957727],[-116.158997,33.957561],[-116.159177,33.957352]]}},{"type":"Feature","properties":{"kind":"trail"},"geometry":{"type":"LineString","coordinates":[[-116.158924,33.959376],[-116.158926,33.959154],[-116.159106,33.959234]]}},{"type":"Feature","properties":{"kind":"trail"},"geometry":{"type":"LineString","coordinates":[[-116.117279,33.957389],[-116.11705,33.957424],[-116.116819,33.957399],[-116.116186,33.957192],[-116.115875,33.95695],[-116.115599,33.956641],[-116.115564,33.956387],[-116.115622,33.956271]]}},{"type":"Feature","properties":{"kind":"trail"},"geometry":{"type":"LineString","coordinates":[[-116.125574,33.963429],[-116.125,33.96305],[-116.12437,33.962975],[-116.123707,33.962659],[-116.123579,33.962552],[-116.122994,33.961751],[-116.122401,33.961386],[-116.122237,33.96101],[-116.12172,33.960605],[-116.121612,33.960265],[-116.121419,33.960027],[-116.121143,33.9598],[-116.120751,33.95976],[-116.120483,33.959675],[-116.119778,33.959282],[-116.119478,33.958983],[-116.118968,33.958647],[-116.118563,33.958196],[-116.118028,33.957722]]}},{"type":"Feature","properties":{"kind":"trail"},"geometry":{"type":"LineString","coordinates":[[-116.087595,33.983029],[-116.087717,33.982807],[-116.08775,33.98262],[-116.087691,33.982278],[-116.087846,33.981833],[-116.087809,33.981664],[-116.088109,33.981308],[-116.088468,33.980378],[-116.088806,33.980067],[-116.088887,33.97992],[-116.088876,33.979715],[-116.08923,33.979319],[-116.089407,33.978884],[-116.089386,33.978359],[-116.089439,33.978141],[-116.089733,33.977626],[-116.089562,33.977373],[-116.089545,33.977223]]}},{"type":"Feature","properties":{"kind":"trail"},"geometry":{"type":"LineString","coordinates":[[-116.073919,33.983192],[-116.074729,33.9826]]}},{"type":"Feature","properties":{"kind":"trail"},"geometry":{"type":"LineString","coordinates":[[-116.062097,33.974728],[-116.06148,33.975013],[-116.060949,33.975374],[-116.06059,33.975752],[-116.060552,33.975912],[-116.060284,33.976139]]}},{"type":"Feature","properties":{"kind":"trail"},"geometry":{"type":"LineString","coordinates":[[-116.059956,33.973641],[-116.059973,33.974204],[-116.060198,33.974617],[-116.060209,33.974951],[-116.060273,33.975178],[-116.060064,33.97548]]}},{"type":"Feature","properties":{"kind":"trail"},"geometry":{"type":"LineString","coordinates":[[-116.132548,33.960643],[-116.132355,33.960625],[-116.132103,33.960707],[-116.131927,33.960665],[-116.131594,33.960693],[-116.131302,33.96062],[-116.131175,33.960538],[-116.131144,33.960465],[-116.131239,33.960227],[-116.131152,33.960062],[-116.130904,33.959983],[-116.130606,33.960035],[-116.130387,33.959982],[-116.129867,33.959782],[-116.129689,33.959615],[-116.129199,33.959358],[-116.128955,33.959316]]}},{"type":"Feature","properties":{"kind":"trail"},"geometry":{"type":"LineString","coordinates":[[-116.134627,33.963718],[-116.13472,33.963596],[-116.134711,33.963442],[-116.134354,33.962951],[-116.134145,33.962464],[-116.133764,33.961846],[-116.133629,33.961391],[-116.133603,33.960985],[-116.133516,33.960716],[-116.133413,33.960592],[-116.133135,33.960524],[-116.132958,33.960601],[-116.132548,33.960643],[-116.13248,33.960734],[-116.132493,33.960799],[-116.132661,33.961021],[-116.132654,33.961167],[-116.132732,33.961323]]}},{"type":"Feature","properties":{"kind":"trail"},"geometry":{"type":"LineString","coordinates":[[-116.07192,33.990953],[-116.07198,33.990734],[-116.072176,33.990536],[-116.072798,33.990254],[-116.072874,33.990155],[-116.072874,33.990056],[-116.072483,33.989555],[-116.071946,33.988439],[-116.07175,33.988171],[-116.070933,33.987634],[-116.069417,33.986278],[-116.067884,33.985565],[-116.06699,33.985269],[-116.066479,33.985177],[-116.065619,33.984923],[-116.063882,33.984887],[-116.063524,33.985113],[-116.063107,33.985283],[-116.06223,33.985283],[-116.062085,33.985226]]}},{"type":"Feature","properties":{"kind":"trail"},"geometry":{"type":"LineString","coordinates":[[-116.062085,33.985226],[-116.061885,33.984896],[-116.061864,33.984006],[-116.061606,33.983641],[-116.061494,33.983543],[-116.061038,33.983365],[-116.060898,33.983245],[-116.060753,33.983236],[-116.060458,33.983321],[-116.060367,33.983277],[-116.060292,33.983152],[-116.060153,33.983103]]}},{"type":"Feature","properties":{"kind":"trail"},"geometry":{"type":"LineString","coordinates":[[-116.062085,33.985226],[-116.061746,33.985287],[-116.060775,33.985807],[-116.060517,33.985861],[-116.060303,33.985865],[-116.06019,33.985799],[-116.060153,33.98571],[-116.059943,33.985607],[-116.059632,33.985532],[-116.0593,33.985549],[-116.058822,33.985447]]}},{"type":"Feature","properties":{"kind":"trail"},"geometry":{"type":"LineString","coordinates":[[-116.163331,33.977547],[-116.163851,33.977227],[-116.164676,33.976842],[-116.164921,33.976716]]}},{"type":"Feature","properties":{"kind":"trail"},"geometry":{"type":"LineString","coordinates":[[-116.162902,34.018708],[-116.162929,34.01921],[-116.163082,34.019562],[-116.162966,34.019593],[-116.162871,34.019685],[-116.162792,34.0197],[-116.162744,34.019779],[-116.16243,34.019866],[-116.162116,34.019858],[-116.161921,34.01991],[-116.161799,34.019853],[-116.161662,34.019923]]}},{"type":"Feature","properties":{"kind":"trail"},"geometry":{"type":"LineString","coordinates":[[-116.162871,34.019685],[-116.162786,34.019822],[-116.162607,34.019879],[-116.162367,34.020074],[-116.162021,34.02051],[-116.162021,34.020623],[-116.1621,34.02079]]}},{"type":"Feature","properties":{"kind":"trail"},"geometry":{"type":"LineString","coordinates":[[-116.162021,34.020623],[-116.161876,34.020483],[-116.161884,34.020297],[-116.161807,34.020081],[-116.161662,34.019923]]}},{"type":"Feature","properties":{"kind":"trail","name":"O'Kelley Approach"},"geometry":{"type":"LineString","coordinates":[[-116.170554,34.032085],[-116.170769,34.032034],[-116.171149,34.032345],[-116.171401,34.032451],[-116.171648,34.032445],[-116.171759,34.032508],[-116.171867,34.032495],[-116.171928,34.032328],[-116.172061,34.032263],[-116.172049,34.032151]]}},{"type":"Feature","properties":{"kind":"trail","name":"Big Pine Spur"},"geometry":{"type":"LineString","coordinates":[[-116.207587,34.088732],[-116.207565,34.089057],[-116.20763,34.089224],[-116.207623,34.089516],[-116.207728,34.089721],[-116.207906,34.089888],[-116.2083,34.090041],[-116.208668,34.090517],[-116.208557,34.090831],[-116.208422,34.090938],[-116.208341,34.091107],[-116.208221,34.091223],[-116.208062,34.091778],[-116.208019,34.092176],[-116.208086,34.092478],[-116.208223,34.092597],[-116.208319,34.092894],[-116.208442,34.093092],[-116.208422,34.093526],[-116.208471,34.093709],[-116.208586,34.093868],[-116.208615,34.094463],[-116.208665,34.094544]]}},{"type":"Feature","properties":{"kind":"trail"},"geometry":{"type":"LineString","coordinates":[[-116.183482,34.045507],[-116.183695,34.045839],[-116.184106,34.046281],[-116.184195,34.046714],[-116.184173,34.047021],[-116.18405,34.047168],[-116.184075,34.047579],[-116.184043,34.047689],[-116.184122,34.047911],[-116.184073,34.048227],[-116.183997,34.048477],[-116.183795,34.048827],[-116.183874,34.049112],[-116.183881,34.049473]]}},{"type":"Feature","properties":{"kind":"trail"},"geometry":{"type":"LineString","coordinates":[[-116.185096,34.040634],[-116.185153,34.040789]]}},{"type":"Feature","properties":{"kind":"trail"},"geometry":{"type":"LineString","coordinates":[[-116.180453,34.050626],[-116.180614,34.050884],[-116.18094,34.051255],[-116.181027,34.051446],[-116.181004,34.05171],[-116.18127,34.051901],[-116.181408,34.051941],[-116.181641,34.052236],[-116.182039,34.052148],[-116.182053,34.052035],[-116.181933,34.051886],[-116.181632,34.051667],[-116.181369,34.051572],[-116.18094,34.051255]]}},{"type":"Feature","properties":{"kind":"trail"},"geometry":{"type":"LineString","coordinates":[[-116.179947,34.051864],[-116.179295,34.051941],[-116.179007,34.052019],[-116.178765,34.052006],[-116.178525,34.052065],[-116.178325,34.052176],[-116.177329,34.052296],[-116.177066,34.052276],[-116.176845,34.052357],[-116.17614,34.052406],[-116.176008,34.052469],[-116.175644,34.052415],[-116.175386,34.052545],[-116.174907,34.052362],[-116.17458,34.052403],[-116.17438,34.052359],[-116.174176,34.052457]]}},{"type":"Feature","properties":{"kind":"trail"},"geometry":{"type":"LineString","coordinates":[[-116.179533,34.052646],[-116.179772,34.052869],[-116.179882,34.052895],[-116.180359,34.053276],[-116.180717,34.053323],[-116.180948,34.053418],[-116.181398,34.053447],[-116.181566,34.053709],[-116.181531,34.05393],[-116.181062,34.054025],[-116.180852,34.053978],[-116.180625,34.053871],[-116.180579,34.0538],[-116.180586,34.053637],[-116.180908,34.053492],[-116.180948,34.053418]]}},{"type":"Feature","properties":{"kind":"trail"},"geometry":{"type":"LineString","coordinates":[[-116.179175,34.053446],[-116.179648,34.053599],[-116.180265,34.053627],[-116.180579,34.0538]]}},{"type":"Feature","properties":{"kind":"trail"},"geometry":{"type":"LineString","coordinates":[[-116.171838,34.065575],[-116.171717,34.065969],[-116.171726,34.066201],[-116.171208,34.066894],[-116.171067,34.067327],[-116.170953,34.067431],[-116.171187,34.067902],[-116.171169,34.06801],[-116.171101,34.068102],[-116.170868,34.068128],[-116.170424,34.06839],[-116.170463,34.068589]]}},{"type":"Feature","properties":{"kind":"trail"},"geometry":{"type":"LineString","coordinates":[[-116.06991,34.041695],[-116.069638,34.041886],[-116.069566,34.042025],[-116.069262,34.042113],[-116.069104,34.042267],[-116.068872,34.042767],[-116.068671,34.04363],[-116.068523,34.043765]]}},{"type":"Feature","properties":{"kind":"road","name":"El Sol Avenue"},"geometry":{"type":"LineString","coordinates":[[-116.083578,34.128032],[-116.083585,34.124456]]}},{"type":"Feature","properties":{"kind":"road","name":"Estrella Avenue"},"geometry":{"type":"LineString","coordinates":[[-116.086303,34.124421],[-116.086324,34.128032]]}},{"type":"Feature","properties":{"kind":"road","surface":"paved"},"geometry":{"type":"LineString","coordinates":[[-116.185451,34.04105],[-116.185607,34.040821]]}},{"type":"Feature","properties":{"kind":"trail","sac":"hiking","surface":"ground"},"geometry":{"type":"LineString","coordinates":[[-116.155146,34.097267],[-116.154632,34.097178],[-116.154446,34.097102],[-116.15353,34.0966],[-116.153013,34.096378],[-116.152897,34.096337],[-116.152594,34.096212],[-116.152278,34.096133],[-116.151495,34.096328],[-116.151409,34.096497],[-116.151485,34.096539],[-116.151544,34.096659],[-116.15152,34.096747],[-116.15127,34.096816]]}},{"type":"Feature","properties":{"kind":"trail","sac":"hiking","surface":"ground"},"geometry":{"type":"LineString","coordinates":[[-116.152897,34.096337],[-116.15273,34.096372],[-116.152548,34.096479],[-116.152392,34.096546]]}},{"type":"Feature","properties":{"kind":"trail","sac":"hiking","surface":"ground"},"geometry":{"type":"LineString","coordinates":[[-116.152897,34.092901],[-116.153143,34.093026],[-116.15272,34.093324],[-116.152566,34.09352],[-116.152446,34.093913],[-116.152392,34.094653],[-116.152267,34.094908],[-116.152264,34.095369],[-116.152367,34.095708],[-116.152278,34.096133]]}},{"type":"Feature","properties":{"kind":"trail","sac":"hiking","surface":"ground"},"geometry":{"type":"LineString","coordinates":[[-116.167467,34.095999],[-116.167165,34.096056],[-116.166753,34.096444],[-116.166484,34.096582],[-116.165959,34.096717],[-116.165616,34.09665],[-116.165338,34.096688],[-116.165115,34.096794]]}},{"type":"Feature","properties":{"kind":"trail","sac":"hiking","surface":"ground"},"geometry":{"type":"LineString","coordinates":[[-116.167411,34.097117],[-116.167333,34.097039],[-116.166899,34.097082],[-116.166215,34.096915],[-116.165959,34.096717]]}},{"type":"Feature","properties":{"kind":"road","surface":"ground"},"geometry":{"type":"LineString","coordinates":[[-116.157642,34.094755],[-116.1576,34.094809],[-116.15759,34.09501],[-116.157738,34.095752],[-116.157792,34.096168]]}},{"type":"Feature","properties":{"kind":"trail","surface":"sand"},"geometry":{"type":"LineString","coordinates":[[-116.156554,34.097126],[-116.15659,34.097008],[-116.156339,34.09685],[-116.156245,34.096633],[-116.156258,34.096443],[-116.156195,34.096261],[-116.156081,34.096136],[-116.156103,34.096079],[-116.156201,34.096054],[-116.15665,34.096082],[-116.156731,34.096044],[-116.156849,34.095719],[-116.157738,34.095752]]}},{"type":"Feature","properties":{"kind":"trail"},"geometry":{"type":"LineString","coordinates":[[-116.156849,34.095719],[-116.15702,34.095373],[-116.157379,34.095096],[-116.15759,34.09501]]}},{"type":"Feature","properties":{"kind":"trail"},"geometry":{"type":"LineString","coordinates":[[-116.153013,34.096378],[-116.152903,34.096479],[-116.152929,34.096594],[-116.152776,34.096655],[-116.152673,34.096903],[-116.152489,34.097021],[-116.152288,34.097024],[-116.151787,34.097142],[-116.151322,34.097009],[-116.15127,34.096816],[-116.151293,34.096652],[-116.151409,34.096497]]}},{"type":"Feature","properties":{"kind":"trail"},"geometry":{"type":"LineString","coordinates":[[-116.152548,34.096479],[-116.152594,34.096212]]}},{"type":"Feature","properties":{"kind":"road"},"geometry":{"type":"LineString","coordinates":[[-116.153159,34.092166],[-116.152885,34.092565],[-116.152817,34.092695],[-116.152822,34.092782]]}},{"type":"Feature","properties":{"kind":"trail","sac":"hiking","surface":"ground"},"geometry":{"type":"LineString","coordinates":[[-116.154414,34.092747],[-116.154228,34.092859],[-116.15374,34.092895],[-116.153143,34.093026]]}},{"type":"Feature","properties":{"kind":"trail","sac":"difficult_alpine_hiking","surface":"ground"},"geometry":{"type":"LineString","coordinates":[[-116.147555,34.000057],[-116.147439,34.000181],[-116.147232,34.000508],[-116.14681,34.000923]]}},{"type":"Feature","properties":{"kind":"trail","name":"Dairy Queen Left Approach"},"geometry":{"type":"LineString","coordinates":[[-116.176408,34.021797],[-116.176554,34.021767],[-116.176723,34.021598],[-116.176838,34.021629],[-116.176956,34.021439]]}},{"type":"Feature","properties":{"kind":"trail"},"geometry":{"type":"LineString","coordinates":[[-116.176815,34.022216],[-116.176696,34.022208],[-116.176448,34.021969]]}},{"type":"Feature","properties":{"kind":"trail"},"geometry":{"type":"LineString","coordinates":[[-116.177365,34.022187],[-116.177518,34.02219],[-116.177486,34.022236],[-116.177541,34.022258],[-116.177488,34.0223],[-116.177386,34.022252],[-116.177365,34.022187],[-116.177263,34.022097],[-116.177121,34.022064],[-116.177122,34.022149],[-116.17706,34.022181],[-116.177045,34.022251],[-116.176985,34.022308],[-116.177,34.022366],[-116.177121,34.02247],[-116.177272,34.022512]]}},{"type":"Feature","properties":{"kind":"trail"},"geometry":{"type":"LineString","coordinates":[[-116.176972,34.022038],[-116.177121,34.022064]]}},{"type":"Feature","properties":{"kind":"trail"},"geometry":{"type":"LineString","coordinates":[[-116.176884,34.022311],[-116.177009,34.022201],[-116.177045,34.022251]]}},{"type":"Feature","properties":{"kind":"trail","name":"Hemingway West Approach"},"geometry":{"type":"LineString","coordinates":[[-116.177971,34.023369],[-116.177963,34.023301],[-116.177831,34.023214],[-116.177656,34.022965],[-116.177649,34.023001],[-116.177333,34.023097],[-116.177163,34.023042],[-116.17715,34.02292],[-116.176843,34.023177]]}},{"type":"Feature","properties":{"kind":"trail","name":"Copenhagen Approach"},"geometry":{"type":"LineString","coordinates":[[-116.180657,34.024014],[-116.180355,34.023939],[-116.18016,34.023539],[-116.179773,34.023317],[-116.179465,34.023416],[-116.179277,34.023303],[-116.178829,34.023309]]}},{"type":"Feature","properties":{"kind":"trail"},"geometry":{"type":"LineString","coordinates":[[-116.177514,34.024126],[-116.177603,34.023978],[-116.177582,34.023827],[-116.17765,34.023817]]}},{"type":"Feature","properties":{"kind":"track"},"geometry":{"type":"LineString","coordinates":[[-116.16785,34.042858],[-116.168484,34.04341],[-116.16869,34.043984],[-116.168774,34.044264],[-116.169212,34.044685],[-116.169599,34.045341],[-116.169653,34.04553],[-116.16964,34.045711],[-116.169421,34.045772],[-116.169252,34.045676],[-116.169231,34.045502],[-116.169272,34.0454],[-116.1695,34.045405],[-116.169599,34.045341]]}},{"type":"Feature","properties":{"kind":"trail","name":"Barker Dam Nature","sac":"hiking","surface":"unpaved"},"geometry":{"type":"LineString","coordinates":[[-116.147809,34.028872],[-116.147611,34.028712],[-116.147205,34.028184],[-116.147105,34.027794],[-116.146772,34.027119],[-116.146758,34.027033],[-116.146942,34.026427],[-116.146981,34.026263]]}},{"type":"Feature","properties":{"kind":"trail"},"geometry":{"type":"LineString","coordinates":[[-116.148099,34.029055],[-116.147809,34.028872]]}},{"type":"Feature","properties":{"kind":"trail"},"geometry":{"type":"LineString","coordinates":[[-116.265698,34.110604],[-116.265752,34.110633],[-116.266023,34.110844],[-116.266529,34.110772],[-116.266915,34.110855],[-116.267281,34.11083],[-116.267418,34.11088],[-116.267625,34.111049],[-116.26799,34.110854],[-116.268113,34.110901],[-116.268342,34.11089],[-116.268394,34.110931],[-116.26854,34.111091],[-116.268588,34.111277],[-116.268681,34.111366],[-116.268731,34.111534],[-116.268878,34.111754],[-116.268995,34.111898],[-116.269171,34.111936],[-116.269241,34.112098],[-116.269538,34.112349],[-116.269612,34.112474],[-116.269762,34.112535],[-116.269778,34.112603],[-116.270124,34.112943],[-116.270595,34.113234],[-116.270828,34.113759],[-116.270784,34.1139],[-116.270803,34.114148],[-116.270712,34.114284],[-116.270749,34.114511]]}},{"type":"Feature","properties":{"kind":"trail"},"geometry":{"type":"LineString","coordinates":[[-116.265778,34.110888],[-116.265752,34.110633]]}},{"type":"Feature","properties":{"kind":"trail"},"geometry":{"type":"LineString","coordinates":[[-116.271399,34.114592],[-116.271223,34.114447],[-116.270869,34.114331],[-116.270803,34.114148]]}},{"type":"Feature","properties":{"kind":"trail"},"geometry":{"type":"LineString","coordinates":[[-116.276127,34.114667],[-116.276017,34.114729],[-116.276017,34.114864],[-116.275764,34.114961],[-116.275787,34.115184],[-116.275664,34.115123],[-116.275584,34.115138],[-116.275507,34.115336],[-116.275391,34.115327],[-116.275305,34.115178],[-116.275205,34.115141],[-116.275151,34.115313],[-116.274944,34.115386],[-116.274564,34.115363],[-116.274499,34.115164],[-116.274288,34.115284],[-116.273943,34.115351],[-116.273985,34.115196],[-116.273709,34.11499],[-116.273008,34.114824],[-116.272789,34.11467],[-116.272566,34.114614],[-116.272447,34.114453]]}},{"type":"Feature","properties":{"kind":"trail","name":"Hoodoo Hill"},"geometry":{"type":"LineString","coordinates":[[-116.275507,34.115336],[-116.275648,34.115442],[-116.276053,34.115518],[-116.276184,34.115705],[-116.276308,34.11578],[-116.276064,34.115757],[-116.276055,34.115821],[-116.276446,34.115959],[-116.276414,34.116019],[-116.276157,34.116051],[-116.276327,34.116256],[-116.27629,34.116331],[-116.276143,34.116217],[-116.275968,34.116186],[-116.275745,34.116057],[-116.275607,34.116066],[-116.275816,34.116282],[-116.276106,34.116407],[-116.276168,34.116463],[-116.276193,34.11659],[-116.276097,34.116606],[-116.276048,34.116534],[-116.27598,34.116537],[-116.27594,34.116712],[-116.275796,34.116895],[-116.27572,34.116885],[-116.275628,34.116753],[-116.275582,34.116769],[-116.275632,34.116949],[-116.27577,34.11716],[-116.275617,34.117153],[-116.275457,34.117075],[-116.275287,34.117185],[-116.275288,34.117302],[-116.275233,34.117349],[-116.275136,34.117318],[-116.274959,34.117348],[-116.274935,34.117283],[-116.275062,34.117195],[-116.274984,34.117191],[-116.274627,34.11723],[-116.27434,34.117406],[-116.274285,34.117484],[-116.274244,34.117755],[-116.274004,34.117975],[-116.273965,34.118285],[-116.274018,34.118415],[-116.273798,34.118467],[-116.273782,34.118508],[-116.273906,34.118631],[-116.27383,34.11883],[-116.273775,34.118862],[-116.273699,34.11884],[-116.273606,34.118692],[-116.273418,34.118574],[-116.273239,34.118584],[-116.273121,34.118503],[-116.272852,34.118473],[-116.27279,34.118514],[-116.272731,34.118744],[-116.272692,34.118747],[-116.27262,34.118565],[-116.272429,34.118489],[-116.272445,34.118391],[-116.272636,34.11829],[-116.272807,34.118111],[-116.272878,34.117608],[-116.272623,34.117292],[-116.272473,34.11721],[-116.272335,34.117213],[-116.271962,34.117072],[-116.27188,34.116996],[-116.271834,34.116851],[-116.271846,34.116659],[-116.271687,34.116304],[-116.271419,34.115993]]}},{"type":"Feature","properties":{"kind":"trail","name":"Django"},"geometry":{"type":"LineString","coordinates":[[-116.275227,34.109838],[-116.275413,34.109482],[-116.2756,34.109412],[-116.275708,34.109434],[-116.275989,34.109643],[-116.276384,34.109731],[-116.277209,34.109789],[-116.277414,34.109863],[-116.277891,34.109926],[-116.27809,34.109801],[-116.278429,34.109887],[-116.278794,34.109874],[-116.27891,34.109717],[-116.279212,34.109732],[-116.279201,34.109645],[-116.279452,34.109715],[-116.279564,34.109552],[-116.27989,34.109498],[-116.280073,34.109333],[-116.280228,34.109409],[-116.280518,34.109341],[-116.280637,34.109401],[-116.280773,34.109558]]}},{"type":"Feature","properties":{"kind":"trail"},"geometry":{"type":"LineString","coordinates":[[-116.282605,34.110117],[-116.282265,34.10968]]}},{"type":"Feature","properties":{"kind":"trail","name":"Haggis"},"geometry":{"type":"LineString","coordinates":[[-116.282713,34.110292],[-116.283311,34.110201],[-116.283543,34.110248],[-116.283894,34.110174],[-116.284106,34.110232],[-116.284192,34.110374],[-116.284295,34.110395],[-116.284362,34.110349],[-116.284335,34.110164],[-116.284366,34.110128],[-116.284636,34.109999],[-116.284779,34.109836],[-116.284865,34.109868],[-116.285131,34.110165],[-116.285128,34.110234],[-116.285007,34.110392],[-116.285032,34.110461],[-116.285137,34.110504],[-116.285195,34.110476],[-116.285219,34.110346],[-116.285305,34.110298],[-116.285529,34.110357],[-116.285847,34.110259],[-116.286016,34.110321],[-116.286173,34.110166],[-116.286283,34.110177],[-116.28647,34.110289],[-116.286824,34.110163],[-116.287007,34.110238],[-116.287369,34.11027],[-116.28772,34.110128],[-116.287797,34.110006],[-116.288182,34.109857],[-116.288502,34.109918],[-116.288705,34.109819],[-116.288851,34.110051],[-116.288915,34.110042],[-116.289235,34.109694],[-116.289555,34.109541],[-116.289711,34.10961],[-116.289837,34.109783],[-116.28999,34.109865],[-116.290099,34.110044],[-116.290216,34.110056],[-116.290291,34.109942],[-116.290399,34.109969]]}},{"type":"Feature","properties":{"kind":"trail","surface":"unpaved"},"geometry":{"type":"LineString","coordinates":[[-116.289446,34.108823],[-116.289383,34.108459],[-116.289161,34.10835],[-116.28896,34.108355],[-116.288799,34.108256],[-116.288864,34.108057],[-116.28886,34.107878],[-116.288602,34.107726],[-116.288629,34.107375],[-116.288673,34.10733],[-116.288622,34.107282],[-116.2886,34.10701],[-116.288497,34.106848],[-116.288021,34.10642],[-116.287685,34.106273],[-116.287548,34.106281],[-116.287392,34.106363],[-116.287308,34.106279],[-116.286898,34.106168],[-116.28681,34.106197],[-116.286625,34.106507]]}},{"type":"Feature","properties":{"kind":"trail","name":"Scout's"},"geometry":{"type":"LineString","coordinates":[[-116.290391,34.109802],[-116.290488,34.109556],[-116.290706,34.109402],[-116.290711,34.109225],[-116.290798,34.109155],[-116.290912,34.10916],[-116.291016,34.109231],[-116.291111,34.109533],[-116.291207,34.109625],[-116.291648,34.109666],[-116.292089,34.109602],[-116.292389,34.109353],[-116.292582,34.109029],[-116.292526,34.108864],[-116.292675,34.108719],[-116.292654,34.108608],[-116.292752,34.108585],[-116.292916,34.108727],[-116.292832,34.108916],[-116.292898,34.108997],[-116.293016,34.108971],[-116.293094,34.108819],[-116.293516,34.108826],[-116.293527,34.10898],[-116.293734,34.109417],[-116.29411,34.109569],[-116.294192,34.109554],[-116.294189,34.109469],[-116.294119,34.109407],[-116.293965,34.1094],[-116.293944,34.109235],[-116.294207,34.109092],[-116.294244,34.109011],[-116.294396,34.108933],[-116.294473,34.108821],[-116.294546,34.108835],[-116.2947,34.109073],[-116.295007,34.10901],[-116.29516,34.109196],[-116.295066,34.109319],[-116.295074,34.10945],[-116.295235,34.109607],[-116.295483,34.109742],[-116.295543,34.109686],[-116.295527,34.109585],[-116.295591,34.10945],[-116.295492,34.109365],[-116.295604,34.109321],[-116.295623,34.109253],[-116.29554,34.10907],[-116.295546,34.108814],[-116.295905,34.108786],[-116.296372,34.108513],[-116.296537,34.108551],[-116.296688,34.108705]]}},{"type":"Feature","properties":{"kind":"trail"},"geometry":{"type":"LineString","coordinates":[[-116.296994,34.109092],[-116.29718,34.109202],[-116.29777,34.10929],[-116.298799,34.109347],[-116.298961,34.110043],[-116.299016,34.110097],[-116.299338,34.110104],[-116.299531,34.110373],[-116.299683,34.110446],[-116.299736,34.110525],[-116.300096,34.111431],[-116.300101,34.111535],[-116.299992,34.111728],[-116.299999,34.11193],[-116.300025,34.112002],[-116.300363,34.112236],[-116.300349,34.112581]]}},{"type":"Feature","properties":{"kind":"trail"},"geometry":{"type":"LineString","coordinates":[[-116.298799,34.109347],[-116.299748,34.109513],[-116.300804,34.109609],[-116.300965,34.109772]]}},{"type":"Feature","properties":{"kind":"trail"},"geometry":{"type":"LineString","coordinates":[[-116.300349,34.112581],[-116.300323,34.112489],[-116.300178,34.112401],[-116.299189,34.112159],[-116.298832,34.11193],[-116.298602,34.111887],[-116.298379,34.111779],[-116.298214,34.111769],[-116.297658,34.111516],[-116.297,34.111289]]}},{"type":"Feature","properties":{"kind":"trail","name":"Desert Tortoise Trail"},"geometry":{"type":"LineString","coordinates":[[-116.295732,34.113765],[-116.296006,34.113652],[-116.296138,34.113689],[-116.29649,34.113965],[-116.297051,34.114142],[-116.297264,34.114068],[-116.297339,34.113987],[-116.297518,34.113985],[-116.297786,34.114061],[-116.298148,34.114298],[-116.298474,34.114231],[-116.298591,34.11424],[-116.298754,34.114369],[-116.298892,34.114346],[-116.299096,34.114243],[-116.299165,34.114122],[-116.29911,34.113795],[-116.299543,34.113566],[-116.299927,34.113031],[-116.300533,34.11276],[-116.300659,34.112581]]}},{"type":"Feature","properties":{"kind":"trail"},"geometry":{"type":"LineString","coordinates":[[-116.156273,34.023916],[-116.156632,34.02397],[-116.156809,34.024082],[-116.156851,34.02424],[-116.156796,34.024347],[-116.156674,34.025056],[-116.156841,34.025445],[-116.156975,34.025328],[-116.15736,34.025453],[-116.157499,34.025467],[-116.157604,34.025378],[-116.157741,34.025438],[-116.157934,34.025432],[-116.15821,34.025298],[-116.158218,34.025383],[-116.158339,34.025427],[-116.158347,34.025516],[-116.158484,34.025558],[-116.158722,34.025429],[-116.158789,34.02532],[-116.15891,34.025247],[-116.159287,34.025213]]}},{"type":"Feature","properties":{"kind":"trail"},"geometry":{"type":"LineString","coordinates":[[-116.157845,34.024753],[-116.157631,34.024574],[-116.157342,34.024472],[-116.157252,34.024506],[-116.156996,34.024462],[-116.156796,34.024347]]}},{"type":"Feature","properties":{"kind":"trail"},"geometry":{"type":"LineString","coordinates":[[-116.154159,34.024389],[-116.154078,34.024593],[-116.154352,34.025175],[-116.154484,34.025359],[-116.154724,34.025505],[-116.154883,34.025546],[-116.155138,34.025708],[-116.155276,34.025681],[-116.155296,34.02562],[-116.155385,34.025694],[-116.155467,34.025676],[-116.155559,34.025729],[-116.155574,34.02562],[-116.155425,34.025423],[-116.155347,34.025343],[-116.155265,34.025346]]}},{"type":"Feature","properties":{"kind":"trail"},"geometry":{"type":"LineString","coordinates":[[-116.154883,34.025546],[-116.154918,34.02539],[-116.154824,34.025313],[-116.154867,34.025218],[-116.154796,34.025151],[-116.154642,34.025123],[-116.154727,34.024911]]}},{"type":"Feature","properties":{"kind":"trail"},"geometry":{"type":"LineString","coordinates":[[-116.156841,34.025445],[-116.156984,34.025802],[-116.157059,34.025875],[-116.157327,34.025842],[-116.157327,34.025767],[-116.157429,34.025746],[-116.157464,34.025682]]}},{"type":"Feature","properties":{"kind":"trail","sac":"difficult_alpine_hiking","surface":"ground"},"geometry":{"type":"LineString","coordinates":[[-116.146893,34.000989],[-116.147226,34.000578],[-116.147232,34.000508]]}},{"type":"Feature","properties":{"kind":"trail"},"geometry":{"type":"LineString","coordinates":[[-116.147342,34.000118],[-116.147439,34.000181]]}},{"type":"Feature","properties":{"kind":"track","name":"Anaconda Drive","surface":"unpaved"},"geometry":{"type":"LineString","coordinates":[[-116.300608,34.100145],[-116.301116,34.100747]]}},{"type":"Feature","properties":{"kind":"road","name":"Anaconda Drive","surface":"unpaved"},"geometry":{"type":"LineString","coordinates":[[-116.300618,34.099643],[-116.300608,34.100145]]}},{"type":"Feature","properties":{"kind":"road","name":"Border Avenue","surface":"unpaved"},"geometry":{"type":"LineString","coordinates":[[-116.300608,34.100145],[-116.3006,34.100576]]}},{"type":"Feature","properties":{"kind":"road","name":"Border Avenue","surface":"unpaved"},"geometry":{"type":"LineString","coordinates":[[-116.300641,34.100871],[-116.3006,34.100576]]}},{"type":"Feature","properties":{"kind":"trail"},"geometry":{"type":"LineString","coordinates":[[-116.158986,34.022798],[-116.159118,34.022783],[-116.159451,34.022596],[-116.159597,34.0225],[-116.159652,34.022402],[-116.159748,34.022391],[-116.15982,34.0223],[-116.15998,34.022228],[-116.160162,34.021997],[-116.160281,34.02196],[-116.160564,34.022047],[-116.160865,34.022315],[-116.160928,34.022436],[-116.161056,34.023044],[-116.161061,34.02318],[-116.160988,34.023263],[-116.160874,34.023313],[-116.160782,34.023297],[-116.160778,34.023229],[-116.160404,34.022961],[-116.160336,34.02278],[-116.160185,34.022663],[-116.160162,34.022436],[-116.159451,34.022596]]}},{"type":"Feature","properties":{"kind":"trail"},"geometry":{"type":"LineString","coordinates":[[-116.160162,34.022436],[-116.160299,34.022337]]}},{"type":"Feature","properties":{"kind":"trail"},"geometry":{"type":"LineString","coordinates":[[-116.179019,34.023458],[-116.179124,34.023454],[-116.179535,34.023716],[-116.179795,34.02395],[-116.179958,34.023981],[-116.180122,34.024132],[-116.180122,34.024206],[-116.180017,34.024226],[-116.180162,34.02432],[-116.17999,34.024636]]}},{"type":"Feature","properties":{"kind":"trail","name":"Rock Garden approach"},"geometry":{"type":"LineString","coordinates":[[-116.179773,34.023317],[-116.179548,34.023032],[-116.179191,34.022772],[-116.179146,34.022556],[-116.179038,34.022538],[-116.178856,34.022336],[-116.178235,34.02185],[-116.177727,34.021572]]}},{"type":"Feature","properties":{"kind":"trail"},"geometry":{"type":"LineString","coordinates":[[-116.180487,34.024714],[-116.180415,34.02469],[-116.180268,34.02455],[-116.18017,34.024542],[-116.17999,34.024636],[-116.179917,34.02471]]}},{"type":"Feature","properties":{"kind":"trail","name":"Copenhagen Approach"},"geometry":{"type":"LineString","coordinates":[[-116.179019,34.023458],[-116.178859,34.023434],[-116.17881,34.023369],[-116.178829,34.023309],[-116.178773,34.023229],[-116.178706,34.023272],[-116.178636,34.023254],[-116.178489,34.023098],[-116.178118,34.023018],[-116.178034,34.022873]]}},{"type":"Feature","properties":{"kind":"trail"},"geometry":{"type":"LineString","coordinates":[[-116.180122,34.024132],[-116.180355,34.023939]]}},{"type":"Feature","properties":{"kind":"trail"},"geometry":{"type":"LineString","coordinates":[[-116.156202,34.024939],[-116.155784,34.024769],[-116.155446,34.024555],[-116.15521,34.024482],[-116.155068,34.024522]]}},{"type":"Feature","properties":{"kind":"trail"},"geometry":{"type":"LineString","coordinates":[[-116.156287,34.024424],[-116.156194,34.024254],[-116.155751,34.023918]]}},{"type":"Feature","properties":{"kind":"trail"},"geometry":{"type":"LineString","coordinates":[[-116.158234,34.02393],[-116.157644,34.023978],[-116.157465,34.023956],[-116.157282,34.02387],[-116.157161,34.023887],[-116.156991,34.02414],[-116.156851,34.02424]]}},{"type":"Feature","properties":{"kind":"trail","name":"Mindless Mound Approach"},"geometry":{"type":"LineString","coordinates":[[-116.179503,34.025855],[-116.179364,34.025887],[-116.178926,34.026136],[-116.178614,34.026202],[-116.178455,34.026011],[-116.17845,34.025916],[-116.178003,34.025463],[-116.177942,34.02541]]}},{"type":"Feature","properties":{"kind":"trail","name":"Approach to Banana Cracks"},"geometry":{"type":"LineString","coordinates":[[-116.178003,34.025463],[-116.177934,34.025487],[-116.177989,34.02561],[-116.17788,34.025636],[-116.177801,34.025734],[-116.177721,34.025676]]}},{"type":"Feature","properties":{"kind":"trail","name":"Approach to Hunk Rock"},"geometry":{"type":"LineString","coordinates":[[-116.142539,34.026137],[-116.142363,34.026205],[-116.142296,34.026456],[-116.142168,34.02656],[-116.142152,34.02671],[-116.142019,34.026799],[-116.14189,34.026708],[-116.141733,34.026692],[-116.141609,34.026995],[-116.141712,34.027447]]}},{"type":"Feature","properties":{"kind":"trail","name":"Approach to Hunk Rock"},"geometry":{"type":"LineString","coordinates":[[-116.141609,34.026995],[-116.141372,34.026986],[-116.141188,34.02712],[-116.140991,34.02706],[-116.14094,34.026991]]}},{"type":"Feature","properties":{"kind":"trail","name":"Approach to Banana Cracks East Face"},"geometry":{"type":"LineString","coordinates":[[-116.176949,34.025187],[-116.176868,34.025524],[-116.177085,34.0259],[-116.177525,34.025847],[-116.177617,34.025759]]}},{"type":"Feature","properties":{"kind":"trail","name":"Approach to Red Bull"},"geometry":{"type":"LineString","coordinates":[[-116.177085,34.0259],[-116.177352,34.026136],[-116.177318,34.026233],[-116.177352,34.026315],[-116.177474,34.026358],[-116.177828,34.026321]]}},{"type":"Feature","properties":{"kind":"trail","name":"Approach to Lost Horse Wall - Left"},"geometry":{"type":"LineString","coordinates":[[-116.179573,34.021591],[-116.179499,34.021772],[-116.179293,34.021982],[-116.179744,34.02232],[-116.180038,34.022477],[-116.180188,34.022454],[-116.180335,34.022341],[-116.180603,34.022249],[-116.180925,34.02219],[-116.180699,34.022135],[-116.18067,34.022033],[-116.180508,34.022022],[-116.180362,34.021922],[-116.180165,34.021941],[-116.180085,34.021826]]}},{"type":"Feature","properties":{"kind":"trail","name":"Desert Queen Mine Trail","surface":"dirt"},"geometry":{"type":"LineString","coordinates":[[-116.077665,34.023564],[-116.077496,34.023641],[-116.07719,34.023772],[-116.076377,34.023972],[-116.075677,34.023941],[-116.075022,34.023953],[-116.074427,34.024091],[-116.074229,34.024156],[-116.073791,34.024388],[-116.073631,34.024388],[-116.073256,34.024475],[-116.073209,34.02444],[-116.073253,34.024367],[-116.073631,34.024388]]}},{"type":"Feature","properties":{"kind":"trail","name":"Playhouse approach"},"geometry":{"type":"LineString","coordinates":[[-116.17331,34.022359],[-116.173638,34.022266],[-116.174439,34.022211],[-116.175395,34.021972],[-116.175481,34.021936]]}},{"type":"Feature","properties":{"kind":"trail","name":"Hemingway-Playhouse Connector"},"geometry":{"type":"LineString","coordinates":[[-116.176244,34.023499],[-116.176205,34.02341],[-116.176207,34.022998],[-116.176119,34.022676],[-116.175717,34.022415],[-116.175395,34.021972]]}},{"type":"Feature","properties":{"kind":"trail","name":"Approach to Dihedral Rock Northeast Face"},"geometry":{"type":"LineString","coordinates":[[-116.172777,34.021769],[-116.172795,34.021689],[-116.172732,34.021636],[-116.172104,34.021221],[-116.172,34.020861],[-116.171938,34.020848],[-116.171706,34.020606],[-116.171637,34.020334],[-116.171467,34.020048],[-116.17146,34.019901]]}},{"type":"Feature","properties":{"kind":"trail"},"geometry":{"type":"LineString","coordinates":[[-116.17146,34.019901],[-116.171356,34.019847],[-116.171295,34.019632],[-116.171483,34.019575],[-116.171605,34.019473],[-116.1718,34.019437],[-116.17187,34.019488]]}},{"type":"Feature","properties":{"kind":"trail","name":"Approach to Snickers North Face"},"geometry":{"type":"LineString","coordinates":[[-116.154558,34.024007],[-116.154341,34.024057],[-116.153785,34.024467],[-116.1536,34.024804],[-116.153392,34.024945],[-116.153235,34.025026],[-116.152894,34.025032],[-116.152563,34.025201],[-116.151996,34.025321],[-116.15159,34.025487],[-116.15119,34.025579],[-116.150958,34.025448],[-116.150752,34.025473],[-116.150623,34.02537],[-116.150586,34.025254]]}},{"type":"Feature","properties":{"kind":"trail","name":"Approach to Little Hunk Northeast Face"},"geometry":{"type":"LineString","coordinates":[[-116.153929,34.027721],[-116.153804,34.027821],[-116.15341,34.027958],[-116.152748,34.027905],[-116.152674,34.027886],[-116.152431,34.027652],[-116.152241,34.027619],[-116.152126,34.027524]]}},{"type":"Feature","properties":{"kind":"trail","name":"Approach to Little Hunk - West Face"},"geometry":{"type":"LineString","coordinates":[[-116.153929,34.027721],[-116.153758,34.027765],[-116.153536,34.027628],[-116.153221,34.027231],[-116.153007,34.027071],[-116.152864,34.026849]]}},{"type":"Feature","properties":{"kind":"trail","name":"Mounds Approach"},"geometry":{"type":"LineString","coordinates":[[-116.153916,34.02547],[-116.153876,34.025637],[-116.153558,34.025991],[-116.15324,34.026088],[-116.153146,34.026002],[-116.15308,34.02581],[-116.152985,34.025699],[-116.152985,34.025602],[-116.152851,34.025563],[-116.152699,34.025625],[-116.15159,34.025487]]}},{"type":"Feature","properties":{"kind":"trail","name":"Approach to Deep Throat"},"geometry":{"type":"LineString","coordinates":[[-116.15119,34.025579],[-116.151119,34.025673],[-116.151182,34.025758],[-116.151374,34.025858],[-116.15186,34.025881],[-116.152021,34.025934]]}},{"type":"Feature","properties":{"kind":"trail","name":"Pixie Rock Approach","surface":"unpaved"},"geometry":{"type":"LineString","coordinates":[[-116.157629,34.094666],[-116.157442,34.094644],[-116.157086,34.094446],[-116.156657,34.094324],[-116.156519,34.094308],[-116.156153,34.094421]]}},{"type":"Feature","properties":{"kind":"trail","name":"Approach to Poker Face"},"geometry":{"type":"LineString","coordinates":[[-116.151315,34.027998],[-116.151387,34.02805],[-116.151622,34.028026],[-116.15169,34.028082],[-116.151775,34.028078],[-116.152271,34.027914],[-116.152455,34.028035],[-116.15267,34.028089],[-116.153226,34.028134],[-116.153313,34.028103],[-116.15341,34.027958]]}},{"type":"Feature","properties":{"kind":"trail"},"geometry":{"type":"LineString","coordinates":[[-116.15267,34.028089],[-116.152731,34.028032],[-116.152748,34.027905]]}},{"type":"Feature","properties":{"kind":"trail","name":"Bigfoot Trail"},"geometry":{"type":"LineString","coordinates":[[-116.274241,34.076473],[-116.274484,34.076827],[-116.273896,34.077125],[-116.273494,34.077111],[-116.272243,34.077253],[-116.27179,34.076909],[-116.271616,34.076829],[-116.271166,34.076776],[-116.270644,34.076565],[-116.269763,34.07662],[-116.26843,34.076191],[-116.268163,34.076141],[-116.26797,34.076166],[-116.267814,34.076249],[-116.267767,34.076327],[-116.267559,34.076952],[-116.267419,34.077204],[-116.267128,34.077382],[-116.267076,34.077581],[-116.267015,34.077645],[-116.266506,34.077761],[-116.265941,34.077777],[-116.265433,34.077917],[-116.264776,34.078731],[-116.264181,34.079134],[-116.264116,34.079228],[-116.264035,34.079573],[-116.263432,34.079748],[-116.263295,34.079951],[-116.263275,34.080339],[-116.26313,34.080535],[-116.263105,34.080684],[-116.262965,34.080843],[-116.262528,34.080939],[-116.262197,34.08092],[-116.261622,34.081018],[-116.261181,34.081002],[-116.26047,34.081177],[-116.260244,34.081179],[-116.258961,34.081122],[-116.258291,34.080968],[-116.257931,34.080951],[-116.257044,34.080936],[-116.25636,34.081118],[-116.255931,34.081098],[-116.255747,34.08104],[-116.255507,34.080574],[-116.255314,34.080355],[-116.254956,34.080228],[-116.254733,34.080546],[-116.254513,34.080578],[-116.254353,34.080492],[-116.254038,34.0806],[-116.253528,34.080464],[-116.253298,34.080256],[-116.253006,34.080134],[-116.252965,34.079984],[-116.25285,34.079846],[-116.252543,34.079818],[-116.252551,34.079667],[-116.252479,34.079549],[-116.252495,34.079398],[-116.252594,34.079323],[-116.252445,34.079319],[-116.252377,34.079245],[-116.252114,34.078712],[-116.252103,34.078653],[-116.252755,34.078211],[-116.252766,34.077983],[-116.252689,34.077731],[-116.252602,34.077672],[-116.25221,34.077605],[-116.252059,34.077465],[-116.25164,34.077397],[-116.25151,34.077321],[-116.25148,34.077229],[-116.251389,34.077224],[-116.251261,34.077095],[-116.250782,34.077042],[-116.250613,34.077097],[-116.250265,34.076841],[-116.24998,34.07689],[-116.249668,34.076679],[-116.24955,34.07665],[-116.249515,34.07654],[-116.249402,34.076424],[-116.249236,34.076363],[-116.249076,34.076422],[-116.248671,34.076207],[-116.248053,34.075662],[-116.247423,34.075462],[-116.247349,34.075322],[-116.247162,34.07523],[-116.246926,34.075012],[-116.246768,34.074961],[-116.246667,34.074815],[-116.246615,34.074617],[-116.246341,34.074515],[-116.245668,34.073987],[-116.245413,34.073869],[-116.245226,34.073617],[-116.245281,34.073567],[-116.245248,34.073523],[-116.245306,34.073394],[-116.245071,34.073249],[-116.245088,34.073171],[-116.244902,34.072988],[-116.244787,34.072714],[-116.244573,34.072504],[-116.244604,34.072387],[-116.244499,34.072246],[-116.244271,34.072075],[-116.244044,34.072043],[-116.243943,34.071957],[-116.2438,34.071568],[-116.24383,34.071377],[-116.243715,34.071246],[-116.243648,34.070995],[-116.243704,34.070823],[-116.243546,34.070487],[-116.243662,34.070262],[-116.243471,34.069565],[-116.243506,34.069425],[-116.243576,34.069392],[-116.243547,34.069195],[-116.243578,34.069094],[-116.243499,34.068846],[-116.243435,34.068778],[-116.243399,34.06824],[-116.243441,34.06814],[-116.24334,34.067845],[-116.243398,34.067649],[-116.243193,34.067075],[-116.243162,34.066971],[-116.243261,34.066768],[-116.24342,34.066671],[-116.243431,34.066485],[-116.243543,34.06643],[-116.243938,34.066026],[-116.243945,34.06591],[-116.244008,34.065865],[-116.244003,34.065537],[-116.244162,34.065304],[-116.244166,34.06517],[-116.24417,34.064818],[-116.244099,34.064718],[-116.244154,34.064462],[-116.244103,34.064218],[-116.243853,34.063896],[-116.243876,34.063758],[-116.243792,34.063671],[-116.243766,34.063563],[-116.243846,34.063207],[-116.244099,34.062849],[-116.244119,34.06245],[-116.244248,34.061991],[-116.244591,34.061291],[-116.244498,34.061024],[-116.244504,34.060887],[-116.244621,34.060746],[-116.244616,34.060303],[-116.244733,34.060248],[-116.244645,34.059996],[-116.24468,34.059824],[-116.2446,34.059607],[-116.244751,34.059357],[-116.244977,34.059194],[-116.245154,34.05852],[-116.245247,34.058345],[-116.245398,34.058036],[-116.245314,34.057272],[-116.245144,34.056994],[-116.244932,34.056847],[-116.244892,34.056747],[-116.245065,34.056399],[-116.245059,34.055546],[-116.244964,34.055423],[-116.24494,34.055273],[-116.245018,34.055154],[-116.245105,34.054329],[-116.244988,34.054123],[-116.244971,34.053947],[-116.244993,34.053799],[-116.245158,34.053519],[-116.245164,34.053278],[-116.244756,34.052975],[-116.244684,34.052713],[-116.244324,34.052252],[-116.244157,34.051921],[-116.243752,34.051682],[-116.24352,34.051463],[-116.243443,34.051299],[-116.24333,34.050747],[-116.243365,34.049736],[-116.243345,34.049535],[-116.242854,34.04896],[-116.242647,34.048648],[-116.242545,34.048368],[-116.242569,34.048149]]}},{"type":"Feature","properties":{"kind":"trail","surface":"unpaved"},"geometry":{"type":"LineString","coordinates":[[-116.062716,33.992175],[-116.062493,33.992372],[-116.062331,33.992667]]}},{"type":"Feature","properties":{"kind":"track","name":"Queen Valley Road","surface":"unpaved"},"geometry":{"type":"LineString","coordinates":[[-116.140363,34.024712],[-116.139282,34.025168],[-116.138263,34.025802],[-116.137405,34.026191],[-116.136933,34.026353],[-116.135683,34.026238],[-116.13495,34.025968],[-116.134583,34.025926],[-116.134079,34.025517],[-116.13369,34.025324],[-116.13344,34.025295],[-116.132164,34.025259],[-116.131356,34.025335],[-116.130868,34.025482],[-116.129965,34.025645],[-116.129714,34.025766],[-116.128882,34.026015],[-116.128608,34.026012]]}},{"type":"Feature","properties":{"kind":"trail","name":"Trail to Varnished Wall"},"geometry":{"type":"LineString","coordinates":[[-116.1563,34.093439],[-116.156203,34.093707],[-116.156022,34.093772],[-116.155307,34.094417],[-116.155178,34.094365],[-116.155022,34.094196],[-116.154924,34.094211]]}},{"type":"Feature","properties":{"kind":"road"},"geometry":{"type":"LineString","coordinates":[[-116.156742,34.022898],[-116.156999,34.022733]]}},{"type":"Feature","properties":{"kind":"trail","name":"Approach to Hunk Rock"},"geometry":{"type":"LineString","coordinates":[[-116.142019,34.026799],[-116.142159,34.026875],[-116.142273,34.027053],[-116.142438,34.02737],[-116.142434,34.027491],[-116.142524,34.027657],[-116.142652,34.027711],[-116.143039,34.027565],[-116.143171,34.02747],[-116.143276,34.027123]]}},{"type":"Feature","properties":{"kind":"trail"},"geometry":{"type":"LineString","coordinates":[[-116.150139,33.983792],[-116.150059,33.98381],[-116.149906,33.984011],[-116.149567,33.984214],[-116.149434,33.984365],[-116.149339,33.984369]]}},{"type":"Feature","properties":{"kind":"road","name":"1"},"geometry":{"type":"LineString","coordinates":[[-116.06723,33.991686],[-116.06726,33.991602]]}},{"type":"Feature","properties":{"kind":"road","name":"2"},"geometry":{"type":"LineString","coordinates":[[-116.067099,33.991661],[-116.067119,33.991576]]}},{"type":"Feature","properties":{"kind":"road","name":"3"},"geometry":{"type":"LineString","coordinates":[[-116.066899,33.991652],[-116.066812,33.991571]]}},{"type":"Feature","properties":{"kind":"road","name":"4"},"geometry":{"type":"LineString","coordinates":[[-116.066584,33.991687],[-116.066525,33.991595]]}},{"type":"Feature","properties":{"kind":"road","name":"6"},"geometry":{"type":"LineString","coordinates":[[-116.066504,33.991718],[-116.066424,33.991642]]}},{"type":"Feature","properties":{"kind":"road","name":"7"},"geometry":{"type":"LineString","coordinates":[[-116.066463,33.991742],[-116.066381,33.991679]]}},{"type":"Feature","properties":{"kind":"road","name":"8"},"geometry":{"type":"LineString","coordinates":[[-116.066423,33.991774],[-116.066339,33.991715]]}},{"type":"Feature","properties":{"kind":"road","name":"9"},"geometry":{"type":"LineString","coordinates":[[-116.066386,33.991804],[-116.066312,33.991745]]}},{"type":"Feature","properties":{"kind":"road","name":"10"},"geometry":{"type":"LineString","coordinates":[[-116.066,33.992035],[-116.065965,33.99195]]}},{"type":"Feature","properties":{"kind":"road","name":"11"},"geometry":{"type":"LineString","coordinates":[[-116.065898,33.992057],[-116.065883,33.991959]]}},{"type":"Feature","properties":{"kind":"road","name":"17"},"geometry":{"type":"LineString","coordinates":[[-116.064274,33.991734],[-116.064325,33.991677]]}},{"type":"Feature","properties":{"kind":"road","name":"18"},"geometry":{"type":"LineString","coordinates":[[-116.064244,33.99171],[-116.06429,33.991653]]}},{"type":"Feature","properties":{"kind":"road","name":"19"},"geometry":{"type":"LineString","coordinates":[[-116.06419,33.99169],[-116.064219,33.991617]]}},{"type":"Feature","properties":{"kind":"road","name":"20"},"geometry":{"type":"LineString","coordinates":[[-116.064155,33.991689],[-116.064154,33.991608]]}},{"type":"Feature","properties":{"kind":"road","name":"21"},"geometry":{"type":"LineString","coordinates":[[-116.064106,33.991694],[-116.064083,33.991616]]}},{"type":"Feature","properties":{"kind":"road","name":"22"},"geometry":{"type":"LineString","coordinates":[[-116.064048,33.991711],[-116.064014,33.991643]]}},{"type":"Feature","properties":{"kind":"road","name":"23"},"geometry":{"type":"LineString","coordinates":[[-116.063895,33.991792],[-116.063809,33.991742]]}},{"type":"Feature","properties":{"kind":"road","name":"12"},"geometry":{"type":"LineString","coordinates":[[-116.065172,33.992029],[-116.06518,33.991933]]}},{"type":"Feature","properties":{"kind":"road","name":"13"},"geometry":{"type":"LineString","coordinates":[[-116.065091,33.992019],[-116.065112,33.991927]]}},{"type":"Feature","properties":{"kind":"road","name":"14"},"geometry":{"type":"LineString","coordinates":[[-116.065024,33.992011],[-116.06504,33.991921]]}},{"type":"Feature","properties":{"kind":"road","name":"15"},"geometry":{"type":"LineString","coordinates":[[-116.064955,33.992005],[-116.064968,33.99191]]}},{"type":"Feature","properties":{"kind":"road","name":"16"},"geometry":{"type":"LineString","coordinates":[[-116.064901,33.992001],[-116.064915,33.991909]]}},{"type":"Feature","properties":{"kind":"road","name":"26"},"geometry":{"type":"LineString","coordinates":[[-116.063304,33.991697],[-116.063346,33.991671]]}},{"type":"Feature","properties":{"kind":"road","name":"25"},"geometry":{"type":"LineString","coordinates":[[-116.06336,33.99177],[-116.063292,33.991803]]}},{"type":"Feature","properties":{"kind":"road","name":"27"},"geometry":{"type":"LineString","coordinates":[[-116.062897,33.99132],[-116.062952,33.991262]]}},{"type":"Feature","properties":{"kind":"road","name":"28"},"geometry":{"type":"LineString","coordinates":[[-116.062854,33.991292],[-116.062911,33.991236]]}},{"type":"Feature","properties":{"kind":"road","name":"29"},"geometry":{"type":"LineString","coordinates":[[-116.062812,33.991267],[-116.062862,33.991203]]}},{"type":"Feature","properties":{"kind":"road","name":"30"},"geometry":{"type":"LineString","coordinates":[[-116.062764,33.991242],[-116.0628,33.991174]]}},{"type":"Feature","properties":{"kind":"road","name":"31"},"geometry":{"type":"LineString","coordinates":[[-116.062725,33.991227],[-116.062751,33.991159]]}},{"type":"Feature","properties":{"kind":"road","name":"32"},"geometry":{"type":"LineString","coordinates":[[-116.062666,33.991205],[-116.062684,33.991135]]}},{"type":"Feature","properties":{"kind":"road","name":"33"},"geometry":{"type":"LineString","coordinates":[[-116.062306,33.991265],[-116.062251,33.991195]]}},{"type":"Feature","properties":{"kind":"road","name":"36"},"geometry":{"type":"LineString","coordinates":[[-116.062148,33.991345],[-116.062126,33.991262]]}},{"type":"Feature","properties":{"kind":"road","name":"34"},"geometry":{"type":"LineString","coordinates":[[-116.062331,33.991254],[-116.062368,33.991314]]}},{"type":"Feature","properties":{"kind":"road","name":"35"},"geometry":{"type":"LineString","coordinates":[[-116.062221,33.99131],[-116.062276,33.991368]]}},{"type":"Feature","properties":{"kind":"road","name":"37"},"geometry":{"type":"LineString","coordinates":[[-116.061873,33.991491],[-116.061931,33.991554]]}},{"type":"Feature","properties":{"kind":"road","name":"38"},"geometry":{"type":"LineString","coordinates":[[-116.061824,33.991524],[-116.06188,33.991585]]}},{"type":"Feature","properties":{"kind":"road","name":"39"},"geometry":{"type":"LineString","coordinates":[[-116.061763,33.991564],[-116.061824,33.99162]]}},{"type":"Feature","properties":{"kind":"road","name":"40"},"geometry":{"type":"LineString","coordinates":[[-116.061724,33.991585],[-116.061686,33.99154]]}},{"type":"Feature","properties":{"kind":"road","name":"41"},"geometry":{"type":"LineString","coordinates":[[-116.061572,33.991709],[-116.061528,33.991682]]}},{"type":"Feature","properties":{"kind":"road","name":"45"},"geometry":{"type":"LineString","coordinates":[[-116.06112,33.991144],[-116.061146,33.991212]]}},{"type":"Feature","properties":{"kind":"road","name":"46"},"geometry":{"type":"LineString","coordinates":[[-116.061195,33.991132],[-116.061223,33.991197]]}},{"type":"Feature","properties":{"kind":"road","name":"47"},"geometry":{"type":"LineString","coordinates":[[-116.061329,33.991068],[-116.061396,33.991109]]}},{"type":"Feature","properties":{"kind":"road"},"geometry":{"type":"LineString","coordinates":[[-116.061353,33.991043],[-116.061421,33.991077]]}},{"type":"Feature","properties":{"kind":"road","name":"49"},"geometry":{"type":"LineString","coordinates":[[-116.061371,33.99101],[-116.061448,33.991044]]}},{"type":"Feature","properties":{"kind":"road","name":"50"},"geometry":{"type":"LineString","coordinates":[[-116.061352,33.990922],[-116.061415,33.990879]]}},{"type":"Feature","properties":{"kind":"road","name":"51"},"geometry":{"type":"LineString","coordinates":[[-116.061328,33.990893],[-116.061384,33.990838]]}},{"type":"Feature","properties":{"kind":"road","name":"52"},"geometry":{"type":"LineString","coordinates":[[-116.061284,33.99087],[-116.061328,33.990808]]}},{"type":"Feature","properties":{"kind":"road","name":"53"},"geometry":{"type":"LineString","coordinates":[[-116.061246,33.990861],[-116.061268,33.990788]]}},{"type":"Feature","properties":{"kind":"road","name":"54"},"geometry":{"type":"LineString","coordinates":[[-116.061198,33.99086],[-116.06121,33.990778]]}},{"type":"Feature","properties":{"kind":"road","name":"55"},"geometry":{"type":"LineString","coordinates":[[-116.060488,33.990521],[-116.06055,33.990473]]}},{"type":"Feature","properties":{"kind":"road","name":"56"},"geometry":{"type":"LineString","coordinates":[[-116.060455,33.990494],[-116.060506,33.990439]]}},{"type":"Feature","properties":{"kind":"road","name":"57"},"geometry":{"type":"LineString","coordinates":[[-116.060406,33.990477],[-116.06043,33.99041]]}},{"type":"Feature","properties":{"kind":"road","name":"58"},"geometry":{"type":"LineString","coordinates":[[-116.060339,33.990472],[-116.060341,33.990401]]}},{"type":"Feature","properties":{"kind":"road","name":"59"},"geometry":{"type":"LineString","coordinates":[[-116.060281,33.990481],[-116.060251,33.990439]]}},{"type":"Feature","properties":{"kind":"road","name":"60"},"geometry":{"type":"LineString","coordinates":[[-116.060239,33.990498],[-116.060215,33.990461]]}},{"type":"Feature","properties":{"kind":"road","name":"61"},"geometry":{"type":"LineString","coordinates":[[-116.060125,33.990667],[-116.060181,33.990691]]}},{"type":"Feature","properties":{"kind":"road","name":"62"},"geometry":{"type":"LineString","coordinates":[[-116.060109,33.990699],[-116.060015,33.99067]]}},{"type":"Feature","properties":{"kind":"road","name":"63"},"geometry":{"type":"LineString","coordinates":[[-116.060091,33.99074],[-116.060005,33.990713]]}},{"type":"Feature","properties":{"kind":"road","name":"64"},"geometry":{"type":"LineString","coordinates":[[-116.060075,33.99078],[-116.059989,33.99075]]}},{"type":"Feature","properties":{"kind":"road","name":"65"},"geometry":{"type":"LineString","coordinates":[[-116.059799,33.991044],[-116.059783,33.990961]]}},{"type":"Feature","properties":{"kind":"road","name":"66"},"geometry":{"type":"LineString","coordinates":[[-116.059759,33.991048],[-116.05974,33.99097]]}},{"type":"Feature","properties":{"kind":"road","name":"67"},"geometry":{"type":"LineString","coordinates":[[-116.059711,33.99106],[-116.059696,33.990977]]}},{"type":"Feature","properties":{"kind":"road","name":"68"},"geometry":{"type":"LineString","coordinates":[[-116.059254,33.991301],[-116.059193,33.991221]]}},{"type":"Feature","properties":{"kind":"road","name":"69"},"geometry":{"type":"LineString","coordinates":[[-116.059202,33.991324],[-116.059147,33.991245]]}},{"type":"Feature","properties":{"kind":"road","name":"70"},"geometry":{"type":"LineString","coordinates":[[-116.05914,33.991359],[-116.059087,33.991276]]}},{"type":"Feature","properties":{"kind":"road","name":"71"},"geometry":{"type":"LineString","coordinates":[[-116.058737,33.99157],[-116.058699,33.991513]]}},{"type":"Feature","properties":{"kind":"road","name":"72"},"geometry":{"type":"LineString","coordinates":[[-116.058281,33.991338],[-116.058374,33.99129]]}},{"type":"Feature","properties":{"kind":"road","name":"73"},"geometry":{"type":"LineString","coordinates":[[-116.058247,33.991289],[-116.058315,33.991242]]}},{"type":"Feature","properties":{"kind":"road","name":"74"},"geometry":{"type":"LineString","coordinates":[[-116.058167,33.991284],[-116.058143,33.991178]]}},{"type":"Feature","properties":{"kind":"road","name":"77"},"geometry":{"type":"LineString","coordinates":[[-116.058332,33.991921],[-116.058281,33.991976]]}},{"type":"Feature","properties":{"kind":"road","name":"78"},"geometry":{"type":"LineString","coordinates":[[-116.058438,33.991962],[-116.058445,33.992034]]}},{"type":"Feature","properties":{"kind":"road","name":"79"},"geometry":{"type":"LineString","coordinates":[[-116.058544,33.991942],[-116.058619,33.991981]]}},{"type":"Feature","properties":{"kind":"road","name":"80"},"geometry":{"type":"LineString","coordinates":[[-116.05907,33.991397],[-116.059124,33.991457]]}},{"type":"Feature","properties":{"kind":"road","name":"81"},"geometry":{"type":"LineString","coordinates":[[-116.059348,33.991254],[-116.059388,33.991308]]}},{"type":"Feature","properties":{"kind":"road","name":"82"},"geometry":{"type":"LineString","coordinates":[[-116.060084,33.991099],[-116.060057,33.991151]]}},{"type":"Feature","properties":{"kind":"road","name":"83"},"geometry":{"type":"LineString","coordinates":[[-116.060326,33.991241],[-116.060272,33.991279]]}},{"type":"Feature","properties":{"kind":"road","name":"84"},"geometry":{"type":"LineString","coordinates":[[-116.060462,33.991405],[-116.060392,33.991441]]}},{"type":"Feature","properties":{"kind":"road","name":"85"},"geometry":{"type":"LineString","coordinates":[[-116.060604,33.991643],[-116.06055,33.991675]]}},{"type":"Feature","properties":{"kind":"road","name":"86"},"geometry":{"type":"LineString","coordinates":[[-116.060681,33.991727],[-116.060634,33.991765]]}},{"type":"Feature","properties":{"kind":"road","name":"87"},"geometry":{"type":"LineString","coordinates":[[-116.060779,33.991785],[-116.060744,33.991838]]}},{"type":"Feature","properties":{"kind":"road","name":"88"},"geometry":{"type":"LineString","coordinates":[[-116.061047,33.991908],[-116.060999,33.99196]]}},{"type":"Feature","properties":{"kind":"road","name":"89"},"geometry":{"type":"LineString","coordinates":[[-116.061177,33.991978],[-116.061126,33.992037]]}},{"type":"Feature","properties":{"kind":"road","name":"90"},"geometry":{"type":"LineString","coordinates":[[-116.061424,33.992109],[-116.06147,33.992072]]}},{"type":"Feature","properties":{"kind":"road","name":"91"},"geometry":{"type":"LineString","coordinates":[[-116.061603,33.9923],[-116.061657,33.992266]]}},{"type":"Feature","properties":{"kind":"road","name":"92"},"geometry":{"type":"LineString","coordinates":[[-116.061865,33.992554],[-116.06191,33.992501]]}},{"type":"Feature","properties":{"kind":"road","name":"93"},"geometry":{"type":"LineString","coordinates":[[-116.062066,33.992635],[-116.062095,33.99258]]}},{"type":"Feature","properties":{"kind":"road","name":"94"},"geometry":{"type":"LineString","coordinates":[[-116.0628,33.992673],[-116.062772,33.992602]]}},{"type":"Feature","properties":{"kind":"road","name":"95"},"geometry":{"type":"LineString","coordinates":[[-116.062621,33.992878],[-116.062553,33.992958]]}},{"type":"Feature","properties":{"kind":"road","name":"96"},"geometry":{"type":"LineString","coordinates":[[-116.062671,33.99297],[-116.062679,33.993071]]}},{"type":"Feature","properties":{"kind":"road","name":"97"},"geometry":{"type":"LineString","coordinates":[[-116.062808,33.993019],[-116.06289,33.993109]]}},{"type":"Feature","properties":{"kind":"road","name":"98"},"geometry":{"type":"LineString","coordinates":[[-116.063035,33.992896],[-116.062944,33.992823]]}},{"type":"Feature","properties":{"kind":"road","name":"99"},"geometry":{"type":"LineString","coordinates":[[-116.063122,33.992833],[-116.063193,33.992866]]}},{"type":"Feature","properties":{"kind":"road","name":"100"},"geometry":{"type":"LineString","coordinates":[[-116.063149,33.992804],[-116.063219,33.992834]]}},{"type":"Feature","properties":{"kind":"road","name":"101"},"geometry":{"type":"LineString","coordinates":[[-116.063197,33.992713],[-116.063275,33.992741]]}},{"type":"Feature","properties":{"kind":"road","name":"104"},"geometry":{"type":"LineString","coordinates":[[-116.063177,33.992762],[-116.063255,33.992795]]}},{"type":"Feature","properties":{"kind":"road","name":"102"},"geometry":{"type":"LineString","coordinates":[[-116.063234,33.992544],[-116.063336,33.992553]]}},{"type":"Feature","properties":{"kind":"road","name":"103"},"geometry":{"type":"LineString","coordinates":[[-116.063216,33.992613],[-116.0631,33.992647]]}},{"type":"Feature","properties":{"kind":"road","name":"106"},"geometry":{"type":"LineString","coordinates":[[-116.063253,33.992429],[-116.063356,33.992435]]}},{"type":"Feature","properties":{"kind":"road","name":"105"},"geometry":{"type":"LineString","coordinates":[[-116.063242,33.992506],[-116.063345,33.992524]]}},{"type":"Feature","properties":{"kind":"road","name":"107"},"geometry":{"type":"LineString","coordinates":[[-116.063247,33.992469],[-116.063349,33.992481]]}},{"type":"Feature","properties":{"kind":"road","name":"108"},"geometry":{"type":"LineString","coordinates":[[-116.063205,33.992367],[-116.063135,33.992302]]}},{"type":"Feature","properties":{"kind":"road","name":"109"},"geometry":{"type":"LineString","coordinates":[[-116.063243,33.992333],[-116.063172,33.99227]]}},{"type":"Feature","properties":{"kind":"road","name":"110"},"geometry":{"type":"LineString","coordinates":[[-116.063279,33.9923],[-116.063207,33.992243]]}},{"type":"Feature","properties":{"kind":"road","name":"111"},"geometry":{"type":"LineString","coordinates":[[-116.064598,33.992014],[-116.064546,33.99205]]}},{"type":"Feature","properties":{"kind":"road","name":"112"},"geometry":{"type":"LineString","coordinates":[[-116.064651,33.992047],[-116.064618,33.992088]]}},{"type":"Feature","properties":{"kind":"road","name":"113"},"geometry":{"type":"LineString","coordinates":[[-116.064774,33.992105],[-116.064728,33.992172]]}},{"type":"Feature","properties":{"kind":"road","name":"114"},"geometry":{"type":"LineString","coordinates":[[-116.064812,33.992123],[-116.064766,33.992189]]}},{"type":"Feature","properties":{"kind":"road","name":"115"},"geometry":{"type":"LineString","coordinates":[[-116.064846,33.992139],[-116.064801,33.992205]]}},{"type":"Feature","properties":{"kind":"road","name":"116"},"geometry":{"type":"LineString","coordinates":[[-116.064888,33.992154],[-116.064843,33.992221]]}},{"type":"Feature","properties":{"kind":"road","name":"117"},"geometry":{"type":"LineString","coordinates":[[-116.065661,33.992118],[-116.065576,33.992153],[-116.065591,33.992198]]}},{"type":"Feature","properties":{"kind":"road","name":"118"},"geometry":{"type":"LineString","coordinates":[[-116.065851,33.99238],[-116.065929,33.992345]]}},{"type":"Feature","properties":{"kind":"road","name":"119"},"geometry":{"type":"LineString","coordinates":[[-116.065889,33.992432],[-116.065896,33.992529]]}},{"type":"Feature","properties":{"kind":"road","name":"120"},"geometry":{"type":"LineString","coordinates":[[-116.066137,33.992466],[-116.066129,33.992576]]}},{"type":"Feature","properties":{"kind":"road","name":"121"},"geometry":{"type":"LineString","coordinates":[[-116.066068,33.992247],[-116.066011,33.99227]]}},{"type":"Feature","properties":{"kind":"road","name":"122"},"geometry":{"type":"LineString","coordinates":[[-116.066457,33.991747],[-116.06653,33.991839]]}},{"type":"Feature","properties":{"kind":"road","name":"123"},"geometry":{"type":"LineString","coordinates":[[-116.066746,33.991664],[-116.066754,33.991712]]}},{"type":"Feature","properties":{"kind":"road","name":"124"},"geometry":{"type":"LineString","coordinates":[[-116.066868,33.991655],[-116.066874,33.991709]]}},{"type":"Feature","properties":{"kind":"road","name":"5"},"geometry":{"type":"LineString","coordinates":[[-116.066541,33.991703],[-116.066476,33.991618]]}},{"type":"Feature","properties":{"kind":"road","name":"24"},"geometry":{"type":"LineString","coordinates":[[-116.063863,33.99182],[-116.063789,33.991771]]}},{"type":"Feature","properties":{"kind":"road","name":"44"},"geometry":{"type":"LineString","coordinates":[[-116.06088,33.991178],[-116.060849,33.991146]]}},{"type":"Feature","properties":{"kind":"road","name":"43"},"geometry":{"type":"LineString","coordinates":[[-116.060695,33.991351],[-116.060655,33.991314]]}},{"type":"Feature","properties":{"kind":"road","name":"42"},"geometry":{"type":"LineString","coordinates":[[-116.060695,33.991351],[-116.060746,33.991392]]}},{"type":"Feature","properties":{"kind":"road","name":"75"},"geometry":{"type":"LineString","coordinates":[[-116.058133,33.991314],[-116.057996,33.99123]]}},{"type":"Feature","properties":{"kind":"road","name":"76"},"geometry":{"type":"LineString","coordinates":[[-116.058147,33.991384],[-116.058066,33.99143]]}},{"type":"Feature","properties":{"kind":"road","name":"G1"},"geometry":{"type":"LineString","coordinates":[[-116.120658,33.999143],[-116.120701,33.999061]]}},{"type":"Feature","properties":{"kind":"road","name":"G2"},"geometry":{"type":"LineString","coordinates":[[-116.12001,33.999512],[-116.120165,33.999353]]}},{"type":"Feature","properties":{"kind":"road","name":"G3"},"geometry":{"type":"LineString","coordinates":[[-116.119451,33.999477],[-116.119283,33.999288]]}},{"type":"Feature","properties":{"kind":"road","name":"G4"},"geometry":{"type":"LineString","coordinates":[[-116.119438,34.000148],[-116.119418,34.000263]]}},{"type":"Feature","properties":{"kind":"road","name":"G5"},"geometry":{"type":"LineString","coordinates":[[-116.119952,33.999958],[-116.119896,33.999881]]}},{"type":"Feature","properties":{"kind":"road","name":"1"},"geometry":{"type":"LineString","coordinates":[[-116.154777,33.984042],[-116.154605,33.98401]]}},{"type":"Feature","properties":{"kind":"road","name":"2"},"geometry":{"type":"LineString","coordinates":[[-116.154778,33.983832],[-116.154688,33.983802]]}},{"type":"Feature","properties":{"kind":"road","name":"3"},"geometry":{"type":"LineString","coordinates":[[-116.154784,33.983787],[-116.154698,33.983752]]}},{"type":"Feature","properties":{"kind":"road","name":"4"},"geometry":{"type":"LineString","coordinates":[[-116.154804,33.983743],[-116.154716,33.983709]]}},{"type":"Feature","properties":{"kind":"road","name":"5"},"geometry":{"type":"LineString","coordinates":[[-116.154987,33.983168],[-116.154852,33.983077]]}},{"type":"Feature","properties":{"kind":"road","name":"6"},"geometry":{"type":"LineString","coordinates":[[-116.155002,33.983058],[-116.1549,33.983006]]}},{"type":"Feature","properties":{"kind":"road","name":"7"},"geometry":{"type":"LineString","coordinates":[[-116.155008,33.983005],[-116.154919,33.982964]]}},{"type":"Feature","properties":{"kind":"road","name":"8"},"geometry":{"type":"LineString","coordinates":[[-116.15504,33.982849],[-116.154942,33.982802]]}},{"type":"Feature","properties":{"kind":"road","name":"35?"},"geometry":{"type":"LineString","coordinates":[[-116.155692,33.983002],[-116.155501,33.98288]]}},{"type":"Feature","properties":{"kind":"road","name":"34?"},"geometry":{"type":"LineString","coordinates":[[-116.155588,33.983124],[-116.155573,33.982999]]}},{"type":"Feature","properties":{"kind":"road","name":"33?"},"geometry":{"type":"LineString","coordinates":[[-116.155483,33.983195],[-116.155464,33.983092]]}},{"type":"Feature","properties":{"kind":"road","name":"32ABC CYCLE"},"geometry":{"type":"LineString","coordinates":[[-116.155333,33.983278],[-116.155324,33.98322]]}},{"type":"Feature","properties":{"kind":"road","name":"equstrian trailer parking?"},"geometry":{"type":"LineString","coordinates":[[-116.154999,33.983265],[-116.155197,33.98294],[-116.155174,33.982856],[-116.155072,33.982768]]}},{"type":"Feature","properties":{"kind":"road","name":"9"},"geometry":{"type":"LineString","coordinates":[[-116.154891,33.982519],[-116.15477,33.982528]]}},{"type":"Feature","properties":{"kind":"road","name":"10"},"geometry":{"type":"LineString","coordinates":[[-116.154785,33.982297],[-116.154672,33.982291]]}},{"type":"Feature","properties":{"kind":"road","name":"11"},"geometry":{"type":"LineString","coordinates":[[-116.154579,33.981882],[-116.154506,33.98195]]}},{"type":"Feature","properties":{"kind":"road","name":"13"},"geometry":{"type":"LineString","coordinates":[[-116.15421,33.981855],[-116.154232,33.981923]]}},{"type":"Feature","properties":{"kind":"road","name":"12"},"geometry":{"type":"LineString","coordinates":[[-116.154418,33.981831],[-116.154396,33.981902]]}},{"type":"Feature","properties":{"kind":"road","name":"14"},"geometry":{"type":"LineString","coordinates":[[-116.153982,33.981919],[-116.15397,33.982013]]}},{"type":"Feature","properties":{"kind":"road","name":"15"},"geometry":{"type":"LineString","coordinates":[[-116.153782,33.982224],[-116.153876,33.982223]]}},{"type":"Feature","properties":{"kind":"road","name":"16"},"geometry":{"type":"LineString","coordinates":[[-116.153806,33.982308],[-116.153891,33.982289]]}},{"type":"Feature","properties":{"kind":"road","name":"17"},"geometry":{"type":"LineString","coordinates":[[-116.153857,33.98244],[-116.15375,33.982475]]}},{"type":"Feature","properties":{"kind":"road","name":"18"},"geometry":{"type":"LineString","coordinates":[[-116.153864,33.982459],[-116.153998,33.982461]]}},{"type":"Feature","properties":{"kind":"road","name":"19"},"geometry":{"type":"LineString","coordinates":[[-116.153933,33.982632],[-116.153838,33.982689]]}},{"type":"Feature","properties":{"kind":"road","name":"20"},"geometry":{"type":"LineString","coordinates":[[-116.15396,33.982694],[-116.153858,33.982748]]}},{"type":"Feature","properties":{"kind":"road","name":"21"},"geometry":{"type":"LineString","coordinates":[[-116.15399,33.982781],[-116.154072,33.98274]]}},{"type":"Feature","properties":{"kind":"road","name":"22"},"geometry":{"type":"LineString","coordinates":[[-116.154006,33.982847],[-116.154093,33.982782]]}},{"type":"Feature","properties":{"kind":"road","name":"23"},"geometry":{"type":"LineString","coordinates":[[-116.153997,33.982801],[-116.153904,33.982868]]}},{"type":"Feature","properties":{"kind":"road","name":"24"},"geometry":{"type":"LineString","coordinates":[[-116.154019,33.9831],[-116.154104,33.983128]]}},{"type":"Feature","properties":{"kind":"road","name":"25"},"geometry":{"type":"LineString","coordinates":[[-116.154013,33.98325],[-116.154126,33.983289]]}},{"type":"Feature","properties":{"kind":"road","name":"26"},"geometry":{"type":"LineString","coordinates":[[-116.153994,33.983391],[-116.154081,33.983518]]}},{"type":"Feature","properties":{"kind":"road","name":"27"},"geometry":{"type":"LineString","coordinates":[[-116.153932,33.983765],[-116.154079,33.983773]]}},{"type":"Feature","properties":{"kind":"road","name":"28"},"geometry":{"type":"LineString","coordinates":[[-116.153949,33.983835],[-116.154081,33.983836]]}},{"type":"Feature","properties":{"kind":"road","name":"29"},"geometry":{"type":"LineString","coordinates":[[-116.154032,33.984049],[-116.15414,33.984035]]}},{"type":"Feature","properties":{"kind":"road","name":"30"},"geometry":{"type":"LineString","coordinates":[[-116.154179,33.984249],[-116.154264,33.984184]]}},{"type":"Feature","properties":{"kind":"road","name":"31"},"geometry":{"type":"LineString","coordinates":[[-116.154512,33.984302],[-116.154492,33.984193]]}},{"type":"Feature","properties":{"kind":"trail","name":"To Headstone Rock"},"geometry":{"type":"LineString","coordinates":[[-116.153942,33.983808],[-116.152862,33.983894],[-116.152615,33.984116]]}},{"type":"Feature","properties":{"kind":"road","name":"1"},"geometry":{"type":"LineString","coordinates":[[-116.161629,34.016326],[-116.161576,34.016418]]}},{"type":"Feature","properties":{"kind":"road","name":"2"},"geometry":{"type":"LineString","coordinates":[[-116.161842,34.016405],[-116.161762,34.016491]]}},{"type":"Feature","properties":{"kind":"road","name":"3"},"geometry":{"type":"LineString","coordinates":[[-116.162046,34.016751],[-116.162135,34.016666]]}},{"type":"Feature","properties":{"kind":"road","name":"5"},"geometry":{"type":"LineString","coordinates":[[-116.162046,34.016751],[-116.161848,34.016827]]}},{"type":"Feature","properties":{"kind":"road","name":"6"},"geometry":{"type":"LineString","coordinates":[[-116.162066,34.016774],[-116.162014,34.016899]]}},{"type":"Feature","properties":{"kind":"road","name":"7"},"geometry":{"type":"LineString","coordinates":[[-116.162102,34.016782],[-116.162089,34.016898]]}},{"type":"Feature","properties":{"kind":"road","name":"8"},"geometry":{"type":"LineString","coordinates":[[-116.16234,34.016771],[-116.162346,34.016863]]}},{"type":"Feature","properties":{"kind":"road","name":"9"},"geometry":{"type":"LineString","coordinates":[[-116.163041,34.017003],[-116.162918,34.017016]]}},{"type":"Feature","properties":{"kind":"road","name":"10"},"geometry":{"type":"LineString","coordinates":[[-116.163067,34.017165],[-116.16296,34.017176]]}},{"type":"Feature","properties":{"kind":"road","name":"11"},"geometry":{"type":"LineString","coordinates":[[-116.163152,34.01748],[-116.163022,34.017479]]}},{"type":"Feature","properties":{"kind":"road","name":"12"},"geometry":{"type":"LineString","coordinates":[[-116.163036,34.017756],[-116.162924,34.017718]]}},{"type":"Feature","properties":{"kind":"road","name":"13"},"geometry":{"type":"LineString","coordinates":[[-116.162443,34.018047],[-116.162374,34.017982]]}},{"type":"Feature","properties":{"kind":"road","name":"14"},"geometry":{"type":"LineString","coordinates":[[-116.162451,34.018177],[-116.162385,34.018199]]}},{"type":"Feature","properties":{"kind":"road","name":"15"},"geometry":{"type":"LineString","coordinates":[[-116.162611,34.018501],[-116.162542,34.018584]]}},{"type":"Feature","properties":{"kind":"road","name":"16"},"geometry":{"type":"LineString","coordinates":[[-116.162874,34.018714],[-116.162896,34.018795]]}},{"type":"Feature","properties":{"kind":"road","name":"17"},"geometry":{"type":"LineString","coordinates":[[-116.162926,34.018699],[-116.162943,34.018787]]}},{"type":"Feature","properties":{"kind":"road","name":"18"},"geometry":{"type":"LineString","coordinates":[[-116.162992,34.018645],[-116.163036,34.018721]]}},{"type":"Feature","properties":{"kind":"road","name":"19"},"geometry":{"type":"LineString","coordinates":[[-116.163211,34.018402],[-116.163303,34.018481]]}},{"type":"Feature","properties":{"kind":"road","name":"20"},"geometry":{"type":"LineString","coordinates":[[-116.163274,34.018357],[-116.163358,34.018422]]}},{"type":"Feature","properties":{"kind":"road","name":"21"},"geometry":{"type":"LineString","coordinates":[[-116.163332,34.018314],[-116.163419,34.018374]]}},{"type":"Feature","properties":{"kind":"road","name":"22"},"geometry":{"type":"LineString","coordinates":[[-116.163566,34.017836],[-116.163642,34.017856]]}},{"type":"Feature","properties":{"kind":"road","name":"23"},"geometry":{"type":"LineString","coordinates":[[-116.163458,34.017586],[-116.163552,34.017567]]}},{"type":"Feature","properties":{"kind":"road","name":"24"},"geometry":{"type":"LineString","coordinates":[[-116.163406,34.017323],[-116.16349,34.01728]]}},{"type":"Feature","properties":{"kind":"road","name":"25"},"geometry":{"type":"LineString","coordinates":[[-116.163402,34.017119],[-116.1635,34.017111]]}},{"type":"Feature","properties":{"kind":"road","name":"26"},"geometry":{"type":"LineString","coordinates":[[-116.163385,34.017047],[-116.163477,34.01703]]}},{"type":"Feature","properties":{"kind":"road","name":"28"},"geometry":{"type":"LineString","coordinates":[[-116.163152,34.016668],[-116.163254,34.016652]]}},{"type":"Feature","properties":{"kind":"road","name":"27"},"geometry":{"type":"LineString","coordinates":[[-116.163348,34.016968],[-116.16344,34.016942]]}},{"type":"Feature","properties":{"kind":"road","name":"29"},"geometry":{"type":"LineString","coordinates":[[-116.163086,34.01659],[-116.163201,34.016572]]}},{"type":"Feature","properties":{"kind":"road","name":"30"},"geometry":{"type":"LineString","coordinates":[[-116.16302,34.016434],[-116.163127,34.016417]]}},{"type":"Feature","properties":{"kind":"road","name":"31"},"geometry":{"type":"LineString","coordinates":[[-116.163005,34.016357],[-116.163119,34.01635]]}},{"type":"Feature","properties":{"kind":"road","name":"32"},"geometry":{"type":"LineString","coordinates":[[-116.160887,34.016398],[-116.160936,34.016467]]}},{"type":"Feature","properties":{"kind":"road","name":"33"},"geometry":{"type":"LineString","coordinates":[[-116.160705,34.016542],[-116.160786,34.016598]]}},{"type":"Feature","properties":{"kind":"road","name":"34"},"geometry":{"type":"LineString","coordinates":[[-116.160506,34.016731],[-116.160539,34.016846]]}},{"type":"Feature","properties":{"kind":"road","name":"36"},"geometry":{"type":"LineString","coordinates":[[-116.160055,34.017086],[-116.160155,34.01718]]}},{"type":"Feature","properties":{"kind":"road","name":"37"},"geometry":{"type":"LineString","coordinates":[[-116.160082,34.017756],[-116.160151,34.017692]]}},{"type":"Feature","properties":{"kind":"road","name":"38"},"geometry":{"type":"LineString","coordinates":[[-116.160116,34.017776],[-116.160187,34.017721]]}},{"type":"Feature","properties":{"kind":"road","name":"39"},"geometry":{"type":"LineString","coordinates":[[-116.160217,34.017889],[-116.160307,34.017868]]}},{"type":"Feature","properties":{"kind":"road","name":"40"},"geometry":{"type":"LineString","coordinates":[[-116.160293,34.018388],[-116.160399,34.018338]]}},{"type":"Feature","properties":{"kind":"road","name":"41"},"geometry":{"type":"LineString","coordinates":[[-116.160589,34.018588],[-116.160655,34.018514]]}},{"type":"Feature","properties":{"kind":"road","name":"42"},"geometry":{"type":"LineString","coordinates":[[-116.160763,34.018751],[-116.16085,34.018707]]}},{"type":"Feature","properties":{"kind":"road","name":"43"},"geometry":{"type":"LineString","coordinates":[[-116.160821,34.018814],[-116.160904,34.018765]]}},{"type":"Feature","properties":{"kind":"road","name":"44"},"geometry":{"type":"LineString","coordinates":[[-116.161391,34.0189],[-116.161361,34.018842]]}},{"type":"Feature","properties":{"kind":"road","name":"45"},"geometry":{"type":"LineString","coordinates":[[-116.161506,34.018979],[-116.161615,34.019022]]}},{"type":"Feature","properties":{"kind":"road","name":"G1"},"geometry":{"type":"LineString","coordinates":[[-116.156815,34.097151],[-116.156857,34.097065]]}},{"type":"Feature","properties":{"kind":"road","name":"G3"},"geometry":{"type":"LineString","coordinates":[[-116.158673,34.097413],[-116.158656,34.097297]]}},{"type":"Feature","properties":{"kind":"road","name":"G4"},"geometry":{"type":"LineString","coordinates":[[-116.159296,34.097329],[-116.159285,34.097212]]}},{"type":"Feature","properties":{"kind":"road","name":"G5"},"geometry":{"type":"LineString","coordinates":[[-116.160916,34.097101],[-116.160882,34.097006]]}},{"type":"Feature","properties":{"kind":"road","name":"G6"},"geometry":{"type":"LineString","coordinates":[[-116.161182,34.09703],[-116.161147,34.096931]]}},{"type":"Feature","properties":{"kind":"road","name":"G7"},"geometry":{"type":"LineString","coordinates":[[-116.162314,34.096839],[-116.162297,34.096745]]}},{"type":"Feature","properties":{"kind":"road","name":"G8"},"geometry":{"type":"LineString","coordinates":[[-116.162497,34.096817],[-116.162479,34.096721]]}},{"type":"Feature","properties":{"kind":"road","name":"G9"},"geometry":{"type":"LineString","coordinates":[[-116.163741,34.096709],[-116.163732,34.096607]]}},{"type":"Feature","properties":{"kind":"road","name":"G10"},"geometry":{"type":"LineString","coordinates":[[-116.1642,34.096663],[-116.164198,34.096554]]}},{"type":"Feature","properties":{"kind":"road","name":"G11"},"geometry":{"type":"LineString","coordinates":[[-116.164943,34.096691],[-116.164985,34.09661]]}},{"type":"Feature","properties":{"kind":"road","name":"G12"},"geometry":{"type":"LineString","coordinates":[[-116.165148,34.096886],[-116.165283,34.096878]]}},{"type":"Feature","properties":{"kind":"road","name":"G13"},"geometry":{"type":"LineString","coordinates":[[-116.165104,34.096961],[-116.165199,34.097015]]}},{"type":"Feature","properties":{"kind":"road","name":"40"},"geometry":{"type":"LineString","coordinates":[[-116.158289,34.094854],[-116.158295,34.094936]]}},{"type":"Feature","properties":{"kind":"road","name":"41"},"geometry":{"type":"LineString","coordinates":[[-116.158549,34.094883],[-116.158539,34.09496]]}},{"type":"Feature","properties":{"kind":"road","name":"42"},"geometry":{"type":"LineString","coordinates":[[-116.158711,34.094892],[-116.158736,34.094965]]}},{"type":"Feature","properties":{"kind":"road","name":"43"},"geometry":{"type":"LineString","coordinates":[[-116.158784,34.094867],[-116.158866,34.094926]]}},{"type":"Feature","properties":{"kind":"road","name":"44"},"geometry":{"type":"LineString","coordinates":[[-116.158825,34.09483],[-116.158922,34.09487]]}},{"type":"Feature","properties":{"kind":"road","name":"45"},"geometry":{"type":"LineString","coordinates":[[-116.15884,34.094757],[-116.158943,34.094778]]}},{"type":"Feature","properties":{"kind":"road","name":"46"},"geometry":{"type":"LineString","coordinates":[[-116.159287,34.094481],[-116.159158,34.094491]]}},{"type":"Feature","properties":{"kind":"road","name":"47"},"geometry":{"type":"LineString","coordinates":[[-116.159322,34.094629],[-116.159235,34.094665]]}},{"type":"Feature","properties":{"kind":"road","name":"48"},"geometry":{"type":"LineString","coordinates":[[-116.159378,34.094684],[-116.159316,34.094762]]}},{"type":"Feature","properties":{"kind":"road","name":"49"},"geometry":{"type":"LineString","coordinates":[[-116.159454,34.094707],[-116.159423,34.094802]]}},{"type":"Feature","properties":{"kind":"road","name":"50"},"geometry":{"type":"LineString","coordinates":[[-116.159534,34.094698],[-116.159644,34.094754]]}},{"type":"Feature","properties":{"kind":"road","name":"52"},"geometry":{"type":"LineString","coordinates":[[-116.159798,34.09445],[-116.159817,34.094601]]}},{"type":"Feature","properties":{"kind":"road","name":"51"},"geometry":{"type":"LineString","coordinates":[[-116.159563,34.09467],[-116.159671,34.094719]]}},{"type":"Feature","properties":{"kind":"road","name":"53"},"geometry":{"type":"LineString","coordinates":[[-116.160321,34.094263],[-116.160348,34.094388]]}},{"type":"Feature","properties":{"kind":"road","name":"54"},"geometry":{"type":"LineString","coordinates":[[-116.16073,34.094177],[-116.160676,34.094245]]}},{"type":"Feature","properties":{"kind":"road","name":"55"},"geometry":{"type":"LineString","coordinates":[[-116.160862,34.094143],[-116.160923,34.094202]]}},{"type":"Feature","properties":{"kind":"road","name":"56"},"geometry":{"type":"LineString","coordinates":[[-116.160903,34.094103],[-116.160971,34.094157]]}},{"type":"Feature","properties":{"kind":"road","name":"57"},"geometry":{"type":"LineString","coordinates":[[-116.160933,34.094039],[-116.161015,34.094033]]}},{"type":"Feature","properties":{"kind":"road","name":"58"},"geometry":{"type":"LineString","coordinates":[[-116.160904,34.093947],[-116.16098,34.093916]]}},{"type":"Feature","properties":{"kind":"road","name":"59"},"geometry":{"type":"LineString","coordinates":[[-116.160812,34.093837],[-116.160918,34.093792]]}},{"type":"Feature","properties":{"kind":"road","name":"62"},"geometry":{"type":"LineString","coordinates":[[-116.160314,34.093823],[-116.160445,34.093825]]}},{"type":"Feature","properties":{"kind":"road","name":"61"},"geometry":{"type":"LineString","coordinates":[[-116.160571,34.093386],[-116.160495,34.09341]]}},{"type":"Feature","properties":{"kind":"road","name":"60"},"geometry":{"type":"LineString","coordinates":[[-116.160549,34.0933],[-116.160625,34.093247]]}},{"type":"Feature","properties":{"kind":"road","name":"63"},"geometry":{"type":"LineString","coordinates":[[-116.161349,34.093331],[-116.161309,34.093402]]}},{"type":"Feature","properties":{"kind":"road","name":"64"},"geometry":{"type":"LineString","coordinates":[[-116.161412,34.093341],[-116.161406,34.093412]]}},{"type":"Feature","properties":{"kind":"road","name":"65"},"geometry":{"type":"LineString","coordinates":[[-116.161478,34.093333],[-116.161485,34.093403]]}},{"type":"Feature","properties":{"kind":"road","name":"66"},"geometry":{"type":"LineString","coordinates":[[-116.161543,34.09331],[-116.161598,34.093384]]}},{"type":"Feature","properties":{"kind":"road","name":"67"},"geometry":{"type":"LineString","coordinates":[[-116.161669,34.093239],[-116.16171,34.093323]]}},{"type":"Feature","properties":{"kind":"road","name":"68"},"geometry":{"type":"LineString","coordinates":[[-116.161771,34.093176],[-116.161823,34.093229]]}},{"type":"Feature","properties":{"kind":"road","name":"69"},"geometry":{"type":"LineString","coordinates":[[-116.162218,34.093062],[-116.1622,34.09315]]}},{"type":"Feature","properties":{"kind":"road","name":"70"},"geometry":{"type":"LineString","coordinates":[[-116.162349,34.093071],[-116.162325,34.09316]]}},{"type":"Feature","properties":{"kind":"road","name":"71"},"geometry":{"type":"LineString","coordinates":[[-116.162487,34.093103],[-116.162437,34.093181]]}},{"type":"Feature","properties":{"kind":"road","name":"72"},"geometry":{"type":"LineString","coordinates":[[-116.162602,34.09315],[-116.162556,34.093235]]}},{"type":"Feature","properties":{"kind":"road","name":"73"},"geometry":{"type":"LineString","coordinates":[[-116.162859,34.093275],[-116.162828,34.093355]]}},{"type":"Feature","properties":{"kind":"road","name":"74"},"geometry":{"type":"LineString","coordinates":[[-116.163022,34.093328],[-116.162987,34.093405]]}},{"type":"Feature","properties":{"kind":"road","name":"75"},"geometry":{"type":"LineString","coordinates":[[-116.163129,34.093354],[-116.163088,34.09345]]}},{"type":"Feature","properties":{"kind":"road","name":"76"},"geometry":{"type":"LineString","coordinates":[[-116.163384,34.093458],[-116.163373,34.093561]]}},{"type":"Feature","properties":{"kind":"road","name":"77"},"geometry":{"type":"LineString","coordinates":[[-116.163798,34.093684],[-116.16373,34.093749]]}},{"type":"Feature","properties":{"kind":"road","name":"78"},"geometry":{"type":"LineString","coordinates":[[-116.163919,34.093824],[-116.163891,34.093857]]}},{"type":"Feature","properties":{"kind":"road","name":"79"},"geometry":{"type":"LineString","coordinates":[[-116.163996,34.093857],[-116.163977,34.093891]]}},{"type":"Feature","properties":{"kind":"road","name":"80"},"geometry":{"type":"LineString","coordinates":[[-116.164082,34.093882],[-116.164067,34.093919]]}},{"type":"Feature","properties":{"kind":"road","name":"81"},"geometry":{"type":"LineString","coordinates":[[-116.16441,34.09395],[-116.164414,34.094035]]}},{"type":"Feature","properties":{"kind":"road","name":"82"},"geometry":{"type":"LineString","coordinates":[[-116.164835,34.094048],[-116.164803,34.094113]]}},{"type":"Feature","properties":{"kind":"road","name":"83"},"geometry":{"type":"LineString","coordinates":[[-116.16493,34.094081],[-116.164901,34.094139]]}},{"type":"Feature","properties":{"kind":"road","name":"84"},"geometry":{"type":"LineString","coordinates":[[-116.165049,34.094122],[-116.165101,34.094228]]}},{"type":"Feature","properties":{"kind":"road","name":"85"},"geometry":{"type":"LineString","coordinates":[[-116.165556,34.094267],[-116.16551,34.094322]]}},{"type":"Feature","properties":{"kind":"road","name":"86"},"geometry":{"type":"LineString","coordinates":[[-116.165736,34.094375],[-116.16569,34.094425]]}},{"type":"Feature","properties":{"kind":"road","name":"87"},"geometry":{"type":"LineString","coordinates":[[-116.165971,34.094658],[-116.165854,34.094653]]}},{"type":"Feature","properties":{"kind":"road","name":"88"},"geometry":{"type":"LineString","coordinates":[[-116.165949,34.09469],[-116.16593,34.094742]]}},{"type":"Feature","properties":{"kind":"road","name":"89"},"geometry":{"type":"LineString","coordinates":[[-116.16603,34.094603],[-116.166089,34.094651]]}},{"type":"Feature","properties":{"kind":"road","name":"90"},"geometry":{"type":"LineString","coordinates":[[-116.166062,34.094564],[-116.166114,34.094465]]}},{"type":"Feature","properties":{"kind":"road","name":"91"},"geometry":{"type":"LineString","coordinates":[[-116.164584,34.093723],[-116.164684,34.093691]]}},{"type":"Feature","properties":{"kind":"road","name":"92"},"geometry":{"type":"LineString","coordinates":[[-116.164576,34.093688],[-116.16466,34.093658]]}},{"type":"Feature","properties":{"kind":"road","name":"93"},"geometry":{"type":"LineString","coordinates":[[-116.16456,34.093652],[-116.164635,34.093624]]}},{"type":"Feature","properties":{"kind":"road","name":"94"},"geometry":{"type":"LineString","coordinates":[[-116.164131,34.093214],[-116.164207,34.093169]]}},{"type":"Feature","properties":{"kind":"road","name":"95"},"geometry":{"type":"LineString","coordinates":[[-116.163988,34.09312],[-116.164024,34.093039]]}},{"type":"Feature","properties":{"kind":"road","name":"96"},"geometry":{"type":"LineString","coordinates":[[-116.163666,34.093043],[-116.163683,34.092966]]}},{"type":"Feature","properties":{"kind":"road","name":"97"},"geometry":{"type":"LineString","coordinates":[[-116.163616,34.093036],[-116.163634,34.092957]]}},{"type":"Feature","properties":{"kind":"road","name":"98"},"geometry":{"type":"LineString","coordinates":[[-116.163572,34.093032],[-116.163588,34.092953]]}},{"type":"Feature","properties":{"kind":"road","name":"99"},"geometry":{"type":"LineString","coordinates":[[-116.163532,34.093027],[-116.163549,34.092947]]}},{"type":"Feature","properties":{"kind":"road","name":"100"},"geometry":{"type":"LineString","coordinates":[[-116.163498,34.093024],[-116.163509,34.092948]]}},{"type":"Feature","properties":{"kind":"road","name":"101"},"geometry":{"type":"LineString","coordinates":[[-116.163461,34.093023],[-116.16347,34.092945]]}},{"type":"Feature","properties":{"kind":"road","name":"32"},"geometry":{"type":"LineString","coordinates":[[-116.157234,34.092047],[-116.157225,34.092171]]}},{"type":"Feature","properties":{"kind":"road","name":"33"},"geometry":{"type":"LineString","coordinates":[[-116.157802,34.092216],[-116.157719,34.0923]]}},{"type":"Feature","properties":{"kind":"road","name":"34"},"geometry":{"type":"LineString","coordinates":[[-116.158184,34.092366],[-116.158105,34.092458]]}},{"type":"Feature","properties":{"kind":"road","name":"35"},"geometry":{"type":"LineString","coordinates":[[-116.158434,34.092528],[-116.158314,34.092605]]}},{"type":"Feature","properties":{"kind":"road","name":"36"},"geometry":{"type":"LineString","coordinates":[[-116.158606,34.09272],[-116.158467,34.092797]]}},{"type":"Feature","properties":{"kind":"road","name":"37"},"geometry":{"type":"LineString","coordinates":[[-116.158611,34.093059],[-116.15855,34.092981]]}},{"type":"Feature","properties":{"kind":"road","name":"38"},"geometry":{"type":"LineString","coordinates":[[-116.158339,34.093137],[-116.158289,34.09305]]}},{"type":"Feature","properties":{"kind":"road","name":"39"},"geometry":{"type":"LineString","coordinates":[[-116.158123,34.093139],[-116.158081,34.093054]]}},{"type":"Feature","properties":{"kind":"road","name":"31"},"geometry":{"type":"LineString","coordinates":[[-116.156566,34.092096],[-116.15659,34.092241]]}},{"type":"Feature","properties":{"kind":"road","name":"21"},"geometry":{"type":"LineString","coordinates":[[-116.155904,34.092491],[-116.155902,34.092439],[-116.155811,34.092383]]}},{"type":"Feature","properties":{"kind":"road","name":"20"},"geometry":{"type":"LineString","coordinates":[[-116.155405,34.092226],[-116.155434,34.092337]]}},{"type":"Feature","properties":{"kind":"road","name":"19"},"geometry":{"type":"LineString","coordinates":[[-116.155274,34.092251],[-116.155297,34.092353]]}},{"type":"Feature","properties":{"kind":"road","name":"1"},"geometry":{"type":"LineString","coordinates":[[-116.156006,34.093116],[-116.155948,34.093233]]}},{"type":"Feature","properties":{"kind":"road","name":"2"},"geometry":{"type":"LineString","coordinates":[[-116.155814,34.093052],[-116.155775,34.093179]]}},{"type":"Feature","properties":{"kind":"road","name":"3"},"geometry":{"type":"LineString","coordinates":[[-116.155666,34.093005],[-116.155556,34.093086]]}},{"type":"Feature","properties":{"kind":"road","name":"4"},"geometry":{"type":"LineString","coordinates":[[-116.155309,34.092889],[-116.155277,34.092941]]}},{"type":"Feature","properties":{"kind":"road","name":"5"},"geometry":{"type":"LineString","coordinates":[[-116.155281,34.092879],[-116.155301,34.092829]]}},{"type":"Feature","properties":{"kind":"road","name":"6"},"geometry":{"type":"LineString","coordinates":[[-116.154801,34.092827],[-116.154777,34.092947]]}},{"type":"Feature","properties":{"kind":"road","name":"7"},"geometry":{"type":"LineString","coordinates":[[-116.154479,34.092773],[-116.154421,34.092922]]}},{"type":"Feature","properties":{"kind":"road","name":"12"},"geometry":{"type":"LineString","coordinates":[[-116.152817,34.092695],[-116.152689,34.092707]]}},{"type":"Feature","properties":{"kind":"road","name":"11"},"geometry":{"type":"LineString","coordinates":[[-116.152783,34.092905],[-116.152691,34.092946]]}},{"type":"Feature","properties":{"kind":"road","name":"10"},"geometry":{"type":"LineString","coordinates":[[-116.152875,34.092937],[-116.152942,34.093025]]}},{"type":"Feature","properties":{"kind":"road","name":"9"},"geometry":{"type":"LineString","coordinates":[[-116.152898,34.092849],[-116.15298,34.092863]]}},{"type":"Feature","properties":{"kind":"road","name":"8"},"geometry":{"type":"LineString","coordinates":[[-116.152859,34.092788],[-116.152904,34.092717]]}},{"type":"Feature","properties":{"kind":"road","name":"13"},"geometry":{"type":"LineString","coordinates":[[-116.152746,34.091937],[-116.152686,34.09202]]}},{"type":"Feature","properties":{"kind":"road","name":"14"},"geometry":{"type":"LineString","coordinates":[[-116.152547,34.091827],[-116.152491,34.091918]]}},{"type":"Feature","properties":{"kind":"road","name":"15"},"geometry":{"type":"LineString","coordinates":[[-116.152071,34.091785],[-116.152116,34.091842]]}},{"type":"Feature","properties":{"kind":"road","name":"16"},"geometry":{"type":"LineString","coordinates":[[-116.151983,34.091828],[-116.151983,34.091921]]}},{"type":"Feature","properties":{"kind":"road","name":"17"},"geometry":{"type":"LineString","coordinates":[[-116.151939,34.091825],[-116.151917,34.091916]]}},{"type":"Feature","properties":{"kind":"road","name":"18"},"geometry":{"type":"LineString","coordinates":[[-116.151889,34.091811],[-116.151854,34.091918]]}},{"type":"Feature","properties":{"kind":"trail"},"geometry":{"type":"LineString","coordinates":[[-116.154104,33.983128],[-116.154214,33.983281],[-116.154946,33.983505]]}},{"type":"Feature","properties":{"kind":"trail"},"geometry":{"type":"LineString","coordinates":[[-116.163736,33.99487],[-116.163862,33.994889],[-116.16394,33.995004],[-116.164154,33.996163],[-116.164166,33.996402],[-116.164065,33.996782],[-116.164122,33.997207],[-116.16411,33.997563],[-116.16458,33.998169]]}},{"type":"Feature","properties":{"kind":"trail"},"geometry":{"type":"LineString","coordinates":[[-116.163862,33.994889],[-116.163902,33.994679],[-116.164454,33.994655],[-116.165257,33.994389],[-116.166962,33.994374]]}},{"type":"Feature","properties":{"kind":"trail"},"geometry":{"type":"LineString","coordinates":[[-116.165176,33.98405],[-116.165659,33.984004],[-116.165983,33.983919],[-116.166447,33.983953]]}},{"type":"Feature","properties":{"kind":"road","surface":"dirt"},"geometry":{"type":"LineString","coordinates":[[-116.159557,34.123215],[-116.15951,34.12311],[-116.159439,34.123086],[-116.158908,34.123035],[-116.15846,34.12306],[-116.1581,34.123118],[-116.158068,34.123168]]}},{"type":"Feature","properties":{"kind":"road","surface":"dirt"},"geometry":{"type":"LineString","coordinates":[[-116.159439,34.123086],[-116.159539,34.12292],[-116.159574,34.121862],[-116.159691,34.121509]]}},{"type":"Feature","properties":{"kind":"road","surface":"dirt"},"geometry":{"type":"LineString","coordinates":[[-116.159259,34.121463],[-116.159691,34.121509],[-116.159843,34.121567],[-116.159904,34.121779]]}},{"type":"Feature","properties":{"kind":"track"},"geometry":{"type":"LineString","coordinates":[[-116.180332,34.124266],[-116.180411,34.122818],[-116.18015,34.122002],[-116.179879,34.12193]]}},{"type":"Feature","properties":{"kind":"track","surface":"dirt"},"geometry":{"type":"LineString","coordinates":[[-116.18465,34.127848],[-116.184705,34.126021],[-116.18467,34.124341]]}},{"type":"Feature","properties":{"kind":"track","surface":"dirt"},"geometry":{"type":"LineString","coordinates":[[-116.19676,34.127905],[-116.196783,34.126127],[-116.196855,34.125998],[-116.197735,34.125276],[-116.197834,34.12515],[-116.197883,34.124984],[-116.197843,34.124351],[-116.197695,34.124073],[-116.197655,34.123833],[-116.197789,34.123011],[-116.197686,34.122745],[-116.197507,34.122519],[-116.19749,34.122393]]}},{"type":"Feature","properties":{"kind":"track","surface":"unpaged"},"geometry":{"type":"LineString","coordinates":[[-116.219338,34.124244],[-116.218914,34.124],[-116.218817,34.123858],[-116.21873,34.12373],[-116.218637,34.123301],[-116.218654,34.122509],[-116.21856,34.12182],[-116.218462,34.121476],[-116.218498,34.121188],[-116.218699,34.120917],[-116.218713,34.120577]]}},{"type":"Feature","properties":{"kind":"track","surface":"dirt"},"geometry":{"type":"LineString","coordinates":[[-116.201121,34.127917],[-116.201,34.12774],[-116.200927,34.127367],[-116.200745,34.127193],[-116.200513,34.126743],[-116.20053,34.125967],[-116.200627,34.125561],[-116.20053,34.125141],[-116.200485,34.124634],[-116.20055,34.12413],[-116.200542,34.123935],[-116.200392,34.123421],[-116.200428,34.123243],[-116.200294,34.122968],[-116.200254,34.12276],[-116.199998,34.122387],[-116.199978,34.122206],[-116.199722,34.121856],[-116.199731,34.121783],[-116.199848,34.121786],[-116.200221,34.121947],[-116.200911,34.122028],[-116.201223,34.121907],[-116.201763,34.121846],[-116.201933,34.121772],[-116.202291,34.121474],[-116.20253,34.121406],[-116.203083,34.121079],[-116.203228,34.120908],[-116.203281,34.120766],[-116.203539,34.120588],[-116.203841,34.120604],[-116.204053,34.120792],[-116.204842,34.12104],[-116.204962,34.121121],[-116.205604,34.12102],[-116.206349,34.121288],[-116.206456,34.121465],[-116.206427,34.121599]]}},{"type":"Feature","properties":{"kind":"track","surface":"dirt"},"geometry":{"type":"LineString","coordinates":[[-116.10734,34.127935],[-116.107217,34.127567],[-116.107004,34.127142],[-116.10701,34.127001],[-116.10738,34.125959],[-116.107415,34.12575],[-116.107284,34.125128],[-116.107073,34.124778],[-116.106974,34.124421],[-116.107011,34.124337],[-116.107413,34.124055],[-116.107624,34.124068],[-116.107581,34.124308],[-116.107806,34.124609]]}},{"type":"Feature","properties":{"kind":"track","surface":"dirt"},"geometry":{"type":"LineString","coordinates":[[-116.097742,34.12552],[-116.0962,34.125217],[-116.095153,34.124355],[-116.094456,34.123884]]}},{"type":"Feature","properties":{"kind":"track","surface":"unpaved"},"geometry":{"type":"LineString","coordinates":[[-116.07466,34.124525],[-116.07463,34.122187]]}},{"type":"Feature","properties":{"kind":"track","surface":"dirt"},"geometry":{"type":"LineString","coordinates":[[-116.087837,34.12447],[-116.087933,34.124404],[-116.088273,34.124315],[-116.088322,34.124247],[-116.088326,34.123878],[-116.08832,34.123262],[-116.088345,34.123203],[-116.088438,34.123175],[-116.088586,34.123218]]}},{"type":"Feature","properties":{"kind":"track","surface":"dirt"},"geometry":{"type":"LineString","coordinates":[[-116.088326,34.123878],[-116.088383,34.123708],[-116.088924,34.123349],[-116.08954,34.123162],[-116.089873,34.123211],[-116.090533,34.123162],[-116.091165,34.123257],[-116.091744,34.123025],[-116.091847,34.123038]]}},{"type":"Feature","properties":{"kind":"track","surface":"dirt"},"geometry":{"type":"LineString","coordinates":[[-116.084133,34.124438],[-116.084111,34.123865],[-116.083979,34.122971],[-116.083816,34.122251],[-116.083876,34.122105],[-116.084046,34.122055],[-116.084162,34.12189],[-116.084126,34.121502],[-116.084026,34.121498],[-116.083881,34.121579],[-116.083916,34.121685],[-116.083876,34.122105]]}},{"type":"Feature","properties":{"kind":"track","surface":"dirt"},"geometry":{"type":"LineString","coordinates":[[-116.079444,34.124546],[-116.079493,34.124459],[-116.079457,34.121843],[-116.079524,34.121595],[-116.079627,34.121454],[-116.079622,34.121358],[-116.079515,34.121254],[-116.079502,34.121114],[-116.079421,34.120984],[-116.079157,34.120877],[-116.078742,34.12091]]}},{"type":"Feature","properties":{"kind":"track","surface":"dirt"},"geometry":{"type":"LineString","coordinates":[[-116.084308,34.124297],[-116.084335,34.12337],[-116.084532,34.123095],[-116.084947,34.122668],[-116.084939,34.122342],[-116.084835,34.122203]]}},{"type":"Feature","properties":{"kind":"road","surface":"unpaved"},"geometry":{"type":"LineString","coordinates":[[-116.156194,34.093175],[-116.1563,34.093439]]}},{"type":"Feature","properties":{"kind":"road","surface":"unpaved"},"geometry":{"type":"LineString","coordinates":[[-116.1563,34.093439],[-116.156576,34.093599]]}},{"type":"Feature","properties":{"kind":"trail"},"geometry":{"type":"LineString","coordinates":[[-116.163581,33.990114],[-116.163462,33.990232],[-116.163593,33.990381],[-116.163582,33.99049],[-116.16346,33.99056]]}},{"type":"Feature","properties":{"kind":"trail","sac":"demanding_mountain_hiking","surface":"earth"},"geometry":{"type":"LineString","coordinates":[[-116.163061,33.990047],[-116.163273,33.99023],[-116.163036,33.990328]]}},{"type":"Feature","properties":{"kind":"trail"},"geometry":{"type":"LineString","coordinates":[[-116.147576,33.999082],[-116.14766,33.999165]]}},{"type":"Feature","properties":{"kind":"trail"},"geometry":{"type":"LineString","coordinates":[[-116.146724,33.99999],[-116.146759,34.000096],[-116.146859,34.000179]]}},{"type":"Feature","properties":{"kind":"trail"},"geometry":{"type":"LineString","coordinates":[[-116.148474,33.997352],[-116.148223,33.997166],[-116.148068,33.997135],[-116.14719,33.99724],[-116.146949,33.997366]]}},{"type":"Feature","properties":{"kind":"trail"},"geometry":{"type":"LineString","coordinates":[[-116.145171,33.998559],[-116.145235,33.998472],[-116.145548,33.998475],[-116.145747,33.998388],[-116.146175,33.997909],[-116.146258,33.997599],[-116.146383,33.997416],[-116.146702,33.997339],[-116.146949,33.997366]]}},{"type":"Feature","properties":{"kind":"trail","sac":"demanding_alpine_hiking"},"geometry":{"type":"LineString","coordinates":[[-116.179779,34.024541],[-116.179873,34.024426],[-116.18021,34.024724],[-116.180202,34.024811],[-116.180359,34.02486]]}},{"type":"Feature","properties":{"kind":"road","surface":"unpaved"},"geometry":{"type":"LineString","coordinates":[[-116.275658,34.124996],[-116.275553,34.124927],[-116.275416,34.124917],[-116.275419,34.124807],[-116.275329,34.124735],[-116.274975,34.124734],[-116.274838,34.124823],[-116.274556,34.12486]]}},{"type":"Feature","properties":{"kind":"road","surface":"unpaved"},"geometry":{"type":"LineString","coordinates":[[-116.275621,34.124311],[-116.27591,34.124041],[-116.275932,34.123907]]}},{"type":"Feature","properties":{"kind":"road","surface":"unpaved"},"geometry":{"type":"LineString","coordinates":[[-116.275179,34.123937],[-116.275049,34.123696],[-116.275236,34.123473],[-116.275388,34.123265],[-116.275349,34.123199],[-116.275209,34.123317],[-116.275236,34.123473]]}},{"type":"Feature","properties":{"kind":"road","surface":"unpaved"},"geometry":{"type":"LineString","coordinates":[[-116.273326,34.123662],[-116.273407,34.123272],[-116.273643,34.123004]]}},{"type":"Feature","properties":{"kind":"road","surface":"unpaved"},"geometry":{"type":"LineString","coordinates":[[-116.269108,34.123964],[-116.268918,34.12396],[-116.268548,34.123924],[-116.26844,34.123886],[-116.268406,34.123792],[-116.268452,34.123649],[-116.268538,34.123591],[-116.268891,34.123617],[-116.268965,34.123688],[-116.269106,34.123735]]}},{"type":"Feature","properties":{"kind":"road","surface":"unpaved"},"geometry":{"type":"LineString","coordinates":[[-116.268918,34.12396],[-116.268965,34.123688]]}},{"type":"Feature","properties":{"kind":"road","surface":"unpaved"},"geometry":{"type":"LineString","coordinates":[[-116.260242,34.120817],[-116.259365,34.120781]]}},{"type":"Feature","properties":{"kind":"road","surface":"unpaved"},"geometry":{"type":"LineString","coordinates":[[-116.258918,34.120803],[-116.258517,34.120768],[-116.25839,34.120815],[-116.258078,34.121099]]}},{"type":"Feature","properties":{"kind":"road","surface":"unpaved"},"geometry":{"type":"LineString","coordinates":[[-116.25839,34.120815],[-116.258088,34.120611]]}},{"type":"Feature","properties":{"kind":"road","surface":"unpaved"},"geometry":{"type":"LineString","coordinates":[[-116.242748,34.12074],[-116.242163,34.120783],[-116.241982,34.120713]]}},{"type":"Feature","properties":{"kind":"road","surface":"unpaved"},"geometry":{"type":"LineString","coordinates":[[-116.232353,34.121043],[-116.232293,34.1209],[-116.232042,34.1208],[-116.231819,34.120605]]}},{"type":"Feature","properties":{"kind":"road","surface":"unpaved"},"geometry":{"type":"LineString","coordinates":[[-116.261645,34.12418],[-116.261675,34.124657],[-116.261988,34.124685],[-116.262179,34.124601],[-116.262239,34.124364],[-116.262226,34.124182]]}},{"type":"Feature","properties":{"kind":"road"},"geometry":{"type":"LineString","coordinates":[[-116.260636,34.124176],[-116.26065,34.124567],[-116.260699,34.124682],[-116.261201,34.124661],[-116.261262,34.124524],[-116.261276,34.124178]]}},{"type":"Feature","properties":{"kind":"road"},"geometry":{"type":"LineString","coordinates":[[-116.260699,34.124682],[-116.260326,34.124713]]}},{"type":"Feature","properties":{"kind":"track","name":"La Collina"},"geometry":{"type":"LineString","coordinates":[[-116.294043,34.088668],[-116.294391,34.088536],[-116.294694,34.088566],[-116.295063,34.088679],[-116.295436,34.088558]]}},{"type":"Feature","properties":{"kind":"track","name":"Anaconda Drive","surface":"unpaved"},"geometry":{"type":"LineString","coordinates":[[-116.301116,34.100747],[-116.301548,34.100732],[-116.301627,34.100622],[-116.301728,34.100606],[-116.302107,34.100741]]}},{"type":"Feature","properties":{"kind":"track","name":"Anacona Drive","surface":"dirt"},"geometry":{"type":"LineString","coordinates":[[-116.304471,34.100721],[-116.304878,34.100718],[-116.305015,34.100646]]}},{"type":"Feature","properties":{"kind":"track","name":"Rocky Ridge Road","surface":"unpaved"},"geometry":{"type":"LineString","coordinates":[[-116.300587,34.102433],[-116.300248,34.102374]]}},{"type":"Feature","properties":{"kind":"road","name":"Larkspur Avenue","surface":"unpaved"},"geometry":{"type":"LineString","coordinates":[[-116.296273,34.103094],[-116.29627,34.103532],[-116.296268,34.103812],[-116.296125,34.104009],[-116.295989,34.104773],[-116.295887,34.104857],[-116.29571,34.10486],[-116.295546,34.104766],[-116.295478,34.104779],[-116.29542,34.104809],[-116.295352,34.10499]]}},{"type":"Feature","properties":{"kind":"road","name":"Wagon Wheel Road","surface":"unpaved"},"geometry":{"type":"LineString","coordinates":[[-116.294107,34.103167],[-116.29435,34.103176],[-116.294757,34.103117],[-116.294975,34.103126],[-116.295229,34.103105],[-116.29618,34.10311],[-116.296273,34.103094]]}},{"type":"Feature","properties":{"kind":"road","name":"Stoney Creek View","surface":"unpaved"},"geometry":{"type":"LineString","coordinates":[[-116.274545,34.124626],[-116.274601,34.124408]]}},{"type":"Feature","properties":{"kind":"trail"},"geometry":{"type":"LineString","coordinates":[[-116.152885,34.092565],[-116.15311,34.092561],[-116.153221,34.092476],[-116.153571,34.092542],[-116.153869,34.092463]]}},{"type":"Feature","properties":{"kind":"track"},"geometry":{"type":"LineString","coordinates":[[-116.142309,34.096754],[-116.142416,34.096721],[-116.14246,34.096652],[-116.142423,34.096539],[-116.1423,34.096432],[-116.142184,34.096412]]}},{"type":"Feature","properties":{"kind":"trail"},"geometry":{"type":"LineString","coordinates":[[-116.154233,33.981626],[-116.154501,33.981694]]}},{"type":"Feature","properties":{"kind":"track","surface":"ground"},"geometry":{"type":"LineString","coordinates":[[-116.137289,33.942484],[-116.138689,33.944163],[-116.140709,33.949158],[-116.140778,33.949421],[-116.141158,33.953543],[-116.141635,33.957591]]}},{"type":"Feature","properties":{"kind":"trail","name":"Copper Mountain View"},"geometry":{"type":"LineString","coordinates":[[-116.231566,34.088224],[-116.231549,34.088348],[-116.231368,34.088502],[-116.231296,34.088767],[-116.231128,34.08897],[-116.231096,34.089075],[-116.231183,34.089232],[-116.231179,34.089406],[-116.231326,34.089547],[-116.231292,34.089683],[-116.231354,34.089906],[-116.231262,34.090114],[-116.231149,34.090207]]}},{"type":"Feature","properties":{"kind":"trail"},"geometry":{"type":"LineString","coordinates":[[-116.23042,34.086012],[-116.230552,34.086037],[-116.230674,34.08625],[-116.230846,34.086212],[-116.230965,34.086279],[-116.231028,34.086388],[-116.231316,34.086215]]}},{"type":"Feature","properties":{"kind":"road","name":"Juniper Flats Road"},"geometry":{"type":"LineString","coordinates":[[-116.164665,33.976736],[-116.164921,33.976716],[-116.165017,33.976692],[-116.165513,33.976391]]}},{"type":"Feature","properties":{"kind":"trail"},"geometry":{"type":"LineString","coordinates":[[-116.229013,33.979265],[-116.228782,33.979363]]}},{"type":"Feature","properties":{"kind":"track"},"geometry":{"type":"LineString","coordinates":[[-116.219919,34.120578],[-116.220066,34.120732],[-116.220034,34.120805],[-116.219155,34.120963],[-116.219101,34.121009],[-116.219101,34.121092]]}},{"type":"Feature","properties":{"kind":"track"},"geometry":{"type":"LineString","coordinates":[[-116.143311,34.099007],[-116.143144,34.100072],[-116.143163,34.100433],[-116.14305,34.100759],[-116.142718,34.10141],[-116.142752,34.101705],[-116.143855,34.103245],[-116.144029,34.103871],[-116.144059,34.104194],[-116.144027,34.104737],[-116.143912,34.104836],[-116.143752,34.104843],[-116.14361,34.104758],[-116.143089,34.104864],[-116.142729,34.104845]]}},{"type":"Feature","properties":{"kind":"track"},"geometry":{"type":"LineString","coordinates":[[-116.237792,34.044695],[-116.238501,34.044771],[-116.239748,34.044578],[-116.241299,34.044675],[-116.24215,34.044453],[-116.243001,34.044143],[-116.243899,34.044027],[-116.245053,34.044027],[-116.246406,34.044114],[-116.248263,34.044094]]}},{"type":"Feature","properties":{"kind":"trail"},"geometry":{"type":"LineString","coordinates":[[-116.119059,33.999784],[-116.118925,33.999479],[-116.118991,33.999308],[-116.118998,33.99889],[-116.118936,33.998628],[-116.11851,33.998272],[-116.118451,33.998134],[-116.118317,33.997994],[-116.118,33.997915],[-116.117609,33.997599],[-116.117539,33.997448],[-116.117593,33.997323],[-116.11784,33.997137],[-116.11792,33.996923],[-116.117877,33.996754],[-116.117695,33.996483],[-116.117555,33.995704],[-116.117421,33.995473],[-116.117502,33.994781],[-116.117384,33.994334],[-116.117325,33.994228],[-116.117158,33.994122],[-116.117027,33.993904],[-116.116817,33.993235],[-116.116975,33.992183],[-116.1166,33.990491],[-116.116444,33.988834],[-116.11653,33.988245],[-116.116419,33.986161],[-116.116323,33.985707],[-116.116333,33.985298],[-116.116462,33.985058],[-116.117181,33.984595],[-116.117621,33.984212],[-116.11805,33.983438],[-116.119059,33.98262],[-116.119606,33.982095],[-116.119928,33.981935],[-116.120582,33.98189],[-116.120872,33.98181]]}},{"type":"Feature","properties":{"kind":"trail"},"geometry":{"type":"LineString","coordinates":[[-116.117502,33.994781],[-116.118231,33.99417],[-116.118489,33.994023],[-116.118647,33.994067],[-116.118695,33.994124]]}},{"type":"Feature","properties":{"kind":"road","name":"Queen Valley Road","surface":"dirt"},"geometry":{"type":"LineString","coordinates":[[-116.142781,34.024059],[-116.142489,34.024],[-116.141272,34.024349],[-116.140363,34.024712]]}},{"type":"Feature","properties":{"kind":"trail","surface":"ground"},"geometry":{"type":"LineString","coordinates":[[-116.14253,34.026111],[-116.141945,34.025985],[-116.141597,34.025961],[-116.141464,34.026038],[-116.141187,34.026503],[-116.140972,34.026563],[-116.140959,34.026729]]}},{"type":"Feature","properties":{"kind":"road","surface":"unpaved"},"geometry":{"type":"LineString","coordinates":[[-116.214358,34.124255],[-116.214321,34.125768],[-116.214267,34.125932],[-116.214132,34.125956],[-116.213751,34.125861],[-116.213545,34.125655],[-116.21348,34.125653],[-116.213333,34.125813],[-116.21336,34.125912],[-116.213502,34.125959],[-116.213696,34.125919],[-116.213751,34.125861]]}},{"type":"Feature","properties":{"kind":"road","surface":"unpaved"},"geometry":{"type":"LineString","coordinates":[[-116.213835,34.12425],[-116.213815,34.124438],[-116.213746,34.124529],[-116.213458,34.124612]]}},{"type":"Feature","properties":{"kind":"road","surface":"unpaved"},"geometry":{"type":"LineString","coordinates":[[-116.216441,34.124989],[-116.21605,34.124975],[-116.215806,34.124958],[-116.215654,34.124877],[-116.215848,34.124701],[-116.21605,34.124975]]}},{"type":"Feature","properties":{"kind":"road","surface":"unpaved"},"geometry":{"type":"LineString","coordinates":[[-116.215848,34.124701],[-116.215866,34.124247]]}},{"type":"Feature","properties":{"kind":"road","surface":"unpaved"},"geometry":{"type":"LineString","coordinates":[[-116.214267,34.125932],[-116.214622,34.126006],[-116.215169,34.126001],[-116.215262,34.125969],[-116.215306,34.125865],[-116.215368,34.125021],[-116.215329,34.124871],[-116.215249,34.124813],[-116.21489,34.124885],[-116.214635,34.124787],[-116.214526,34.124634],[-116.21458,34.124514],[-116.21491,34.124473],[-116.214882,34.124252]]}},{"type":"Feature","properties":{"kind":"trail"},"geometry":{"type":"LineString","coordinates":[[-116.17002,34.110084],[-116.16995,34.109674],[-116.169853,34.109534],[-116.169873,34.109235],[-116.170031,34.108966]]}},{"type":"Feature","properties":{"kind":"trail"},"geometry":{"type":"LineString","coordinates":[[-116.172956,34.110073],[-116.173199,34.109334],[-116.173201,34.109111],[-116.17308,34.108902],[-116.172925,34.108458],[-116.172916,34.108433]]}},{"type":"Feature","properties":{"kind":"trail"},"geometry":{"type":"LineString","coordinates":[[-116.172916,34.108433],[-116.17269,34.107667],[-116.17301,34.107161],[-116.172427,34.106292],[-116.17182,34.106245]]}},{"type":"Feature","properties":{"kind":"trail"},"geometry":{"type":"LineString","coordinates":[[-116.193737,34.083177],[-116.194125,34.083275],[-116.194379,34.083508],[-116.194642,34.083556],[-116.194956,34.083935]]}},{"type":"Feature","properties":{"kind":"trail"},"geometry":{"type":"LineString","coordinates":[[-116.192408,34.085345],[-116.192735,34.085584],[-116.193013,34.085605],[-116.193436,34.085838],[-116.193585,34.086128]]}},{"type":"Feature","properties":{"kind":"trail"},"geometry":{"type":"LineString","coordinates":[[-116.193965,34.078961],[-116.194432,34.078699],[-116.195017,34.078604],[-116.195165,34.078412],[-116.19559,34.078635]]}},{"type":"Feature","properties":{"kind":"trail"},"geometry":{"type":"LineString","coordinates":[[-116.178325,34.052176],[-116.178081,34.052017]]}},{"type":"Feature","properties":{"kind":"trail"},"geometry":{"type":"LineString","coordinates":[[-116.15677,33.98843],[-116.156892,33.98847],[-116.157125,33.988399],[-116.157773,33.988336],[-116.158038,33.988415],[-116.158376,33.988289],[-116.158691,33.988274]]}},{"type":"Feature","properties":{"kind":"trail"},"geometry":{"type":"LineString","coordinates":[[-116.155629,33.989019],[-116.155376,33.988884],[-116.15537,33.988751],[-116.155304,33.988675]]}},{"type":"Feature","properties":{"kind":"trail"},"geometry":{"type":"LineString","coordinates":[[-116.154189,33.98872],[-116.153602,33.988619]]}},{"type":"Feature","properties":{"kind":"trail"},"geometry":{"type":"LineString","coordinates":[[-116.168156,34.018358],[-116.168637,34.018338],[-116.168823,34.018287]]}},{"type":"Feature","properties":{"kind":"trail"},"geometry":{"type":"LineString","coordinates":[[-116.168156,34.018358],[-116.167663,34.018403],[-116.167379,34.018346],[-116.166885,34.018406],[-116.16662,34.018298],[-116.166218,34.018357],[-116.165883,34.018265],[-116.165581,34.018241],[-116.165336,34.018341]]}},{"type":"Feature","properties":{"kind":"trail"},"geometry":{"type":"LineString","coordinates":[[-116.165336,34.018341],[-116.165359,34.018551],[-116.165571,34.01878],[-116.165764,34.019085],[-116.165751,34.01932]]}},{"type":"Feature","properties":{"kind":"trail"},"geometry":{"type":"LineString","coordinates":[[-116.172921,34.021903],[-116.173784,34.021245],[-116.173894,34.02098],[-116.173786,34.020671],[-116.173029,34.019712],[-116.17236,34.018992]]}},{"type":"Feature","properties":{"kind":"trail"},"geometry":{"type":"LineString","coordinates":[[-116.179488,34.028126],[-116.179267,34.028095],[-116.178242,34.027332],[-116.178031,34.027135],[-116.177834,34.026786],[-116.177607,34.02668],[-116.177264,34.026687],[-116.177116,34.026779]]}},{"type":"Feature","properties":{"kind":"trail"},"geometry":{"type":"LineString","coordinates":[[-116.177834,34.026786],[-116.178646,34.026752],[-116.178698,34.026629],[-116.178614,34.026202]]}},{"type":"Feature","properties":{"kind":"trail"},"geometry":{"type":"LineString","coordinates":[[-116.181094,34.030372],[-116.181295,34.030213],[-116.181483,34.029801],[-116.181999,34.029356],[-116.182295,34.028908],[-116.182718,34.02848]]}},{"type":"Feature","properties":{"kind":"trail"},"geometry":{"type":"LineString","coordinates":[[-116.181295,34.030213],[-116.181707,34.030133],[-116.182098,34.030136]]}},{"type":"Feature","properties":{"kind":"trail"},"geometry":{"type":"LineString","coordinates":[[-116.181875,34.032951],[-116.18259,34.032936],[-116.18333,34.032824],[-116.183663,34.032824],[-116.184215,34.032694],[-116.184778,34.032931],[-116.184889,34.033088]]}},{"type":"Feature","properties":{"kind":"trail"},"geometry":{"type":"LineString","coordinates":[[-116.182679,34.036701],[-116.181674,34.036494]]}},{"type":"Feature","properties":{"kind":"trail"},"geometry":{"type":"LineString","coordinates":[[-116.184161,34.038685],[-116.184474,34.038437],[-116.185072,34.038147],[-116.185224,34.037866],[-116.185368,34.037712],[-116.186123,34.037506],[-116.186494,34.037632],[-116.186862,34.037869]]}},{"type":"Feature","properties":{"kind":"trail"},"geometry":{"type":"LineString","coordinates":[[-116.186356,34.040424],[-116.186474,34.040271],[-116.186644,34.039815],[-116.186178,34.039222]]}},{"type":"Feature","properties":{"kind":"trail"},"geometry":{"type":"LineString","coordinates":[[-116.190622,34.039726],[-116.190624,34.039813],[-116.190408,34.039913],[-116.189562,34.039995]]}},{"type":"Feature","properties":{"kind":"trail"},"geometry":{"type":"LineString","coordinates":[[-116.190352,34.039771],[-116.189584,34.039312],[-116.188594,34.038891],[-116.188371,34.038606],[-116.188215,34.038498],[-116.187486,34.038275],[-116.186862,34.037869]]}},{"type":"Feature","properties":{"kind":"trail"},"geometry":{"type":"LineString","coordinates":[[-116.198135,34.040419],[-116.198479,34.040506],[-116.198642,34.040655],[-116.199258,34.040916],[-116.199403,34.041051],[-116.199604,34.041127],[-116.199746,34.041162],[-116.200298,34.04108],[-116.200521,34.041437],[-116.200748,34.04156],[-116.201049,34.041563],[-116.201356,34.041397],[-116.201562,34.041155]]}},{"type":"Feature","properties":{"kind":"trail"},"geometry":{"type":"LineString","coordinates":[[-116.220673,34.056004],[-116.220522,34.056348],[-116.220242,34.056693],[-116.219868,34.056859],[-116.219692,34.056866],[-116.219285,34.056775],[-116.219131,34.056836],[-116.218642,34.057329],[-116.217924,34.05757],[-116.217544,34.057513],[-116.217368,34.05769],[-116.217257,34.057943]]}},{"type":"Feature","properties":{"kind":"trail"},"geometry":{"type":"LineString","coordinates":[[-116.227014,34.061294],[-116.227523,34.060263],[-116.228257,34.059146],[-116.228974,34.058173],[-116.230687,34.056054],[-116.232637,34.05394],[-116.233072,34.052721],[-116.232989,34.052422],[-116.232965,34.051823],[-116.232989,34.05121],[-116.233086,34.050579]]}},{"type":"Feature","properties":{"kind":"trail"},"geometry":{"type":"LineString","coordinates":[[-116.226867,34.061184],[-116.226906,34.060705],[-116.226801,34.059814]]}},{"type":"Feature","properties":{"kind":"trail"},"geometry":{"type":"LineString","coordinates":[[-116.240857,34.077876],[-116.241069,34.077611],[-116.241358,34.077502],[-116.2418,34.077204],[-116.242209,34.077054],[-116.242265,34.076982],[-116.242589,34.07695],[-116.242739,34.076886],[-116.243417,34.077075]]}},{"type":"Feature","properties":{"kind":"trail"},"geometry":{"type":"LineString","coordinates":[[-116.120401,34.003563],[-116.120777,34.003786],[-116.121199,34.004363],[-116.120804,34.004597]]}},{"type":"Feature","properties":{"kind":"trail"},"geometry":{"type":"LineString","coordinates":[[-116.142943,34.08661],[-116.143306,34.086708],[-116.143431,34.086658],[-116.143527,34.086478]]}},{"type":"Feature","properties":{"kind":"trail"},"geometry":{"type":"LineString","coordinates":[[-116.149014,33.983632],[-116.148906,33.98369]]}},{"type":"Feature","properties":{"kind":"trail"},"geometry":{"type":"LineString","coordinates":[[-116.149571,33.983564],[-116.14979,33.983262],[-116.149885,33.983213]]}},{"type":"Feature","properties":{"kind":"trail"},"geometry":{"type":"LineString","coordinates":[[-116.168053,34.043522],[-116.167743,34.043477]]}},{"type":"Feature","properties":{"kind":"trail"},"geometry":{"type":"LineString","coordinates":[[-116.151456,34.023545],[-116.153392,34.024945],[-116.153914,34.025359]]}},{"type":"Feature","properties":{"kind":"trail"},"geometry":{"type":"LineString","coordinates":[[-116.153567,34.06862],[-116.153143,34.068677],[-116.152128,34.068978],[-116.152135,34.069055],[-116.152221,34.069134],[-116.15218,34.069284],[-116.152239,34.069471]]}},{"type":"Feature","properties":{"kind":"trail"},"geometry":{"type":"LineString","coordinates":[[-116.18255,34.020604],[-116.182834,34.020505],[-116.183104,34.020296],[-116.183254,34.020269],[-116.183465,34.020073]]}},{"type":"Feature","properties":{"kind":"trail"},"geometry":{"type":"LineString","coordinates":[[-116.182112,34.021088],[-116.182038,34.020996],[-116.182021,34.020608],[-116.181929,34.020497],[-116.181899,34.020108],[-116.181439,34.019644],[-116.181357,34.019337],[-116.181169,34.019092],[-116.181128,34.018749],[-116.180789,34.018187],[-116.180464,34.017767],[-116.18021,34.017544],[-116.180076,34.01714],[-116.179771,34.01665],[-116.179748,34.016428],[-116.179576,34.01606],[-116.179329,34.015592],[-116.178979,34.015164],[-116.178817,34.014921],[-116.178537,34.014777],[-116.17817,34.014209],[-116.177987,34.014133],[-116.177304,34.013522],[-116.177282,34.013373],[-116.176896,34.012904],[-116.17675,34.012464],[-116.175908,34.011977],[-116.175329,34.011537],[-116.175299,34.011461],[-116.174464,34.01108],[-116.174115,34.011093],[-116.173122,34.010897],[-116.173063,34.01089],[-116.173025,34.011027],[-116.172863,34.011226]]}},{"type":"Feature","properties":{"kind":"trail"},"geometry":{"type":"LineString","coordinates":[[-116.173122,34.010897],[-116.173259,34.010452],[-116.173097,34.010239],[-116.172657,34.010073],[-116.171888,34.009622],[-116.171101,34.009263]]}},{"type":"Feature","properties":{"kind":"trail"},"geometry":{"type":"LineString","coordinates":[[-116.173259,34.010452],[-116.173525,34.009829],[-116.174335,34.009289],[-116.174719,34.008718]]}},{"type":"Feature","properties":{"kind":"trail"},"geometry":{"type":"LineString","coordinates":[[-116.174464,34.01108],[-116.174627,34.011008],[-116.176147,34.011433],[-116.176656,34.011504],[-116.177764,34.011878],[-116.17823,34.011677],[-116.178778,34.011328],[-116.178912,34.011183],[-116.178961,34.010993],[-116.178681,34.010021],[-116.178396,34.009748],[-116.177747,34.009552],[-116.177299,34.009558],[-116.17712,34.00944],[-116.176627,34.009404],[-116.176334,34.009316],[-116.175984,34.009498],[-116.175531,34.009832],[-116.175438,34.010342],[-116.174981,34.010757],[-116.174627,34.011008]]}},{"type":"Feature","properties":{"kind":"trail"},"geometry":{"type":"LineString","coordinates":[[-116.17823,34.011677],[-116.178636,34.011728],[-116.178749,34.011845],[-116.179002,34.012417]]}},{"type":"Feature","properties":{"kind":"trail"},"geometry":{"type":"LineString","coordinates":[[-116.18073,34.01066],[-116.180491,34.01085],[-116.179548,34.011674],[-116.179323,34.011936],[-116.179229,34.012169],[-116.179002,34.012417],[-116.178896,34.012896],[-116.178906,34.01325],[-116.179112,34.013673],[-116.179216,34.013791],[-116.179217,34.014322],[-116.179048,34.014797],[-116.179035,34.015077],[-116.178979,34.015164]]}},{"type":"Feature","properties":{"kind":"trail"},"geometry":{"type":"LineString","coordinates":[[-116.179216,34.013791],[-116.179525,34.013919],[-116.180098,34.013931],[-116.180421,34.013873],[-116.180834,34.013593],[-116.181135,34.013534],[-116.181215,34.013244]]}},{"type":"Feature","properties":{"kind":"trail"},"geometry":{"type":"LineString","coordinates":[[-116.120781,33.999524],[-116.120785,33.999384],[-116.120717,33.999243]]}},{"type":"Feature","properties":{"kind":"trail"},"geometry":{"type":"LineString","coordinates":[[-116.120785,33.999384],[-116.120628,33.999438]]}},{"type":"Feature","properties":{"kind":"road","name":"G6"},"geometry":{"type":"LineString","coordinates":[[-116.12199,34.000292],[-116.121955,34.000334],[-116.121781,34.000231],[-116.12182,34.000175]]}},{"type":"Feature","properties":{"kind":"trail","name":"Saddle Rock","surface":"dirt"},"geometry":{"type":"LineString","coordinates":[[-116.14084,33.993888],[-116.140828,33.994079],[-116.140875,33.994252],[-116.140704,33.994313],[-116.140752,33.994332],[-116.140685,33.994472],[-116.140772,33.994643],[-116.140843,33.994656],[-116.14096,33.994852],[-116.140955,33.994936],[-116.141101,33.995084],[-116.141184,33.995077],[-116.141403,33.995173],[-116.141491,33.995159],[-116.141714,33.995293],[-116.141875,33.995313],[-116.142148,33.995478],[-116.142223,33.995616],[-116.142373,33.995689],[-116.142354,33.995818],[-116.143345,33.996218],[-116.143446,33.99643],[-116.143593,33.99656],[-116.143686,33.996812],[-116.143878,33.997109],[-116.144151,33.997377],[-116.144208,33.997538],[-116.144343,33.997639],[-116.144415,33.997817],[-116.144832,33.998266]]}},{"type":"Feature","properties":{"kind":"trail","name":"Saddle Rock","surface":"dirt"},"geometry":{"type":"LineString","coordinates":[[-116.144896,33.998311],[-116.145067,33.998448]]}},{"type":"Feature","properties":{"kind":"trail","name":"Saddle Rock","surface":"asphalt"},"geometry":{"type":"LineString","coordinates":[[-116.144832,33.998266],[-116.144863,33.998289],[-116.144896,33.998311]]}},{"type":"Feature","properties":{"kind":"trail"},"geometry":{"type":"LineString","coordinates":[[-116.139617,33.994971],[-116.139882,33.994908],[-116.140228,33.9949],[-116.140424,33.994764],[-116.140512,33.994635],[-116.140772,33.994643]]}},{"type":"Feature","properties":{"kind":"trail"},"geometry":{"type":"LineString","coordinates":[[-116.146602,33.985336],[-116.14686,33.985236],[-116.147054,33.984822]]}},{"type":"Feature","properties":{"kind":"trail"},"geometry":{"type":"LineString","coordinates":[[-116.258464,34.08881],[-116.258717,34.088751],[-116.259502,34.088771],[-116.260465,34.088445],[-116.260768,34.088564],[-116.260975,34.088706],[-116.261104,34.088929],[-116.26129,34.089098],[-116.261392,34.089224],[-116.261633,34.089372],[-116.261771,34.089388],[-116.262632,34.089833],[-116.262895,34.08992],[-116.263202,34.090233],[-116.263885,34.090518],[-116.264889,34.091034],[-116.265184,34.091292],[-116.266037,34.091715],[-116.266623,34.091953],[-116.266741,34.091957],[-116.266962,34.091859]]}},{"type":"Feature","properties":{"kind":"trail","name":"West Entrance boulder"},"geometry":{"type":"LineString","coordinates":[[-116.26129,34.089098],[-116.261537,34.089061],[-116.261538,34.089148],[-116.261392,34.089224]]}},{"type":"Feature","properties":{"kind":"trail","name":"White Cliffs of Dover"},"geometry":{"type":"LineString","coordinates":[[-116.198947,34.029311],[-116.199044,34.029471],[-116.198851,34.029721],[-116.198667,34.029741],[-116.198979,34.030332],[-116.199429,34.030673],[-116.200671,34.032567],[-116.200976,34.032787],[-116.20129,34.033744]]}},{"type":"Feature","properties":{"kind":"trail"},"geometry":{"type":"LineString","coordinates":[[-116.17116,34.010417],[-116.171242,34.010253],[-116.171372,34.010181],[-116.171906,34.010245],[-116.173063,34.01089]]}},{"type":"Feature","properties":{"kind":"trail"},"geometry":{"type":"LineString","coordinates":[[-116.17116,34.010417],[-116.170944,34.010378],[-116.170357,34.010485],[-116.169842,34.010705],[-116.169611,34.010957],[-116.169007,34.011049],[-116.168516,34.011328],[-116.168189,34.011575],[-116.168092,34.011729]]}},{"type":"Feature","properties":{"kind":"trail"},"geometry":{"type":"LineString","coordinates":[[-116.164202,34.014682],[-116.164155,34.014712],[-116.164119,34.014735]]}},{"type":"Feature","properties":{"kind":"road"},"geometry":{"type":"LineString","coordinates":[[-116.138715,34.028092],[-116.138464,34.02776]]}},{"type":"Feature","properties":{"kind":"trail","name":"California Riding and Hiking Trail","sac":"hiking"},"geometry":{"type":"LineString","coordinates":[[-116.022725,33.987845],[-116.023543,33.987059],[-116.023736,33.986626],[-116.02391,33.985821],[-116.023988,33.985705],[-116.024608,33.98534],[-116.025346,33.98512],[-116.026105,33.984573],[-116.027635,33.983077],[-116.027741,33.982889],[-116.027942,33.982649],[-116.028095,33.982541],[-116.028404,33.982121],[-116.029146,33.981608],[-116.029245,33.98143],[-116.029983,33.980581],[-116.030455,33.980191],[-116.030873,33.980031],[-116.031415,33.979698],[-116.031573,33.979544],[-116.032118,33.979215],[-116.032469,33.978917],[-116.032904,33.978672],[-116.033668,33.977899],[-116.034505,33.977152],[-116.034859,33.976637],[-116.035495,33.976048],[-116.036297,33.975714],[-116.037724,33.974838],[-116.038,33.974613],[-116.039076,33.973984],[-116.039507,33.973826],[-116.039923,33.973516],[-116.040124,33.973443],[-116.041495,33.972622],[-116.042458,33.972277],[-116.042601,33.972123],[-116.042968,33.971984],[-116.043647,33.971629],[-116.044135,33.971477],[-116.044768,33.971135],[-116.045847,33.970352],[-116.047002,33.96971],[-116.049705,33.970618],[-116.050403,33.97068],[-116.050964,33.970819],[-116.051218,33.970952],[-116.052744,33.971423],[-116.053949,33.971646],[-116.055172,33.971988],[-116.055492,33.972038],[-116.056806,33.972559],[-116.057006,33.972687],[-116.05832,33.973185],[-116.059956,33.973641],[-116.06106,33.974107],[-116.062097,33.974728],[-116.063093,33.975415],[-116.063792,33.976014],[-116.064826,33.976384],[-116.066355,33.977123],[-116.066844,33.977567],[-116.067177,33.978065],[-116.067278,33.978137],[-116.067606,33.97879],[-116.067937,33.97922],[-116.069176,33.97975],[-116.069727,33.980109],[-116.070201,33.980508],[-116.070528,33.980663],[-116.071002,33.981082],[-116.07151,33.981392],[-116.07182,33.98171],[-116.072706,33.982399],[-116.073178,33.982683],[-116.073416,33.982927],[-116.073919,33.983192],[-116.074258,33.983407],[-116.074588,33.983703],[-116.074888,33.983841],[-116.075665,33.983932],[-116.076504,33.984179],[-116.077294,33.984289],[-116.078275,33.984607],[-116.079444,33.984894],[-116.080604,33.984982],[-116.080878,33.984964],[-116.082046,33.985268],[-116.082223,33.985241],[-116.083195,33.984674],[-116.083788,33.984402],[-116.086135,33.983508],[-116.086309,33.983407],[-116.087595,33.983029],[-116.088824,33.982464],[-116.089213,33.982204],[-116.090281,33.98169],[-116.090724,33.981378],[-116.091382,33.98068],[-116.091659,33.9805],[-116.093021,33.980051],[-116.093524,33.980102],[-116.093914,33.980003],[-116.094595,33.979921],[-116.095367,33.97977],[-116.096247,33.979522],[-116.099669,33.978837],[-116.100096,33.97879],[-116.100345,33.978677],[-116.10061,33.978479],[-116.101216,33.978256],[-116.10192,33.977804],[-116.102477,33.977614],[-116.102819,33.977395],[-116.103592,33.977105],[-116.10444,33.976453],[-116.104669,33.976114],[-116.105298,33.975726],[-116.105595,33.975478],[-116.105951,33.975341],[-116.10658,33.97498],[-116.107986,33.973999],[-116.109083,33.973424],[-116.1097,33.972841],[-116.110359,33.972453],[-116.111516,33.971896],[-116.112539,33.971247],[-116.112835,33.971137],[-116.113499,33.970698],[-116.113997,33.970294],[-116.114614,33.969574],[-116.114893,33.969433],[-116.115189,33.96945],[-116.115381,33.969313],[-116.115457,33.969089],[-116.115792,33.96886],[-116.116068,33.968513],[-116.116278,33.968369],[-116.116483,33.968113],[-116.117317,33.967396],[-116.11789,33.966971],[-116.118165,33.966906],[-116.11841,33.966664],[-116.119206,33.966208],[-116.119915,33.965976],[-116.12025,33.965814],[-116.120947,33.965625],[-116.12248,33.964992],[-116.123218,33.964264],[-116.123476,33.964077],[-116.124629,33.963841],[-116.125574,33.963429],[-116.126339,33.963271],[-116.127832,33.962428],[-116.128136,33.962065],[-116.128282,33.961524],[-116.128288,33.96132],[-116.12849,33.960941],[-116.128857,33.960709],[-116.12923,33.960646],[-116.129435,33.960508],[-116.129533,33.960492],[-116.129759,33.960267],[-116.130232,33.960478],[-116.130415,33.960723],[-116.130539,33.9608],[-116.131363,33.961045],[-116.132185,33.961011],[-116.132732,33.961323],[-116.132936,33.96131],[-116.133308,33.961501],[-116.133452,33.961779],[-116.133825,33.962111],[-116.134587,33.963489],[-116.134627,33.963718],[-116.134689,33.963939],[-116.13486,33.964122],[-116.135149,33.964293],[-116.135361,33.964355],[-116.136145,33.9643],[-116.137143,33.964076],[-116.137911,33.963983],[-116.138587,33.964017],[-116.138949,33.964107],[-116.139087,33.964186],[-116.139235,33.964372],[-116.14007,33.965866],[-116.140422,33.96675],[-116.14101,33.967576],[-116.141676,33.968125],[-116.142409,33.968999],[-116.142448,33.969181],[-116.142348,33.969555],[-116.142358,33.969797],[-116.142606,33.970665],[-116.142995,33.970939],[-116.143472,33.971195],[-116.143909,33.971713],[-116.145123,33.972953],[-116.145352,33.973143],[-116.146128,33.973625],[-116.146921,33.974499],[-116.147216,33.975047],[-116.14804,33.976293],[-116.148552,33.976766],[-116.149225,33.977236],[-116.14954,33.977622],[-116.150196,33.978255],[-116.150541,33.97877],[-116.152572,33.979056],[-116.153522,33.979051],[-116.154015,33.979176],[-116.154123,33.979536],[-116.154112,33.98146],[-116.154153,33.981575],[-116.154233,33.981626],[-116.155155,33.980995],[-116.155707,33.980467],[-116.156122,33.980259],[-116.157001,33.980017],[-116.159053,33.979189],[-116.159748,33.979089],[-116.162671,33.97773],[-116.162987,33.977606],[-116.163331,33.977547],[-116.163973,33.977784],[-116.164818,33.977735]]}},{"type":"Feature","properties":{"kind":"trail","name":"California Riding and Hiking Trail","sac":"hiking"},"geometry":{"type":"LineString","coordinates":[[-116.164818,33.977735],[-116.164858,33.977729],[-116.164894,33.977725]]}},{"type":"Feature","properties":{"kind":"trail","surface":"dirt"},"geometry":{"type":"LineString","coordinates":[[-116.055489,34.009051],[-116.056035,34.008855],[-116.056186,34.008864]]}},{"type":"Feature","properties":{"kind":"road"},"geometry":{"type":"LineString","coordinates":[[-116.225412,34.1209],[-116.225417,34.120834],[-116.225101,34.121024],[-116.225053,34.120998],[-116.224981,34.120847],[-116.224858,34.120821],[-116.225001,34.120764],[-116.225068,34.120672],[-116.225056,34.120613],[-116.224929,34.120655],[-116.224648,34.120636],[-116.224568,34.120551],[-116.224484,34.120724]]}},{"type":"Feature","properties":{"kind":"trail"},"geometry":{"type":"LineString","coordinates":[[-116.218817,34.123858],[-116.219235,34.122943],[-116.219473,34.122867],[-116.219559,34.122749],[-116.219525,34.122453],[-116.219676,34.122349],[-116.219904,34.122372],[-116.220409,34.122596],[-116.220905,34.122599]]}},{"type":"Feature","properties":{"kind":"trail"},"geometry":{"type":"LineString","coordinates":[[-116.110385,34.117406],[-116.110346,34.117325],[-116.110411,34.117172],[-116.110394,34.117092],[-116.110143,34.116874],[-116.110088,34.116732],[-116.109364,34.116689],[-116.108977,34.116439],[-116.108277,34.11646],[-116.107609,34.116405],[-116.107201,34.116267],[-116.106887,34.115791],[-116.106917,34.115445],[-116.107049,34.115327],[-116.107164,34.115091]]}},{"type":"Feature","properties":{"kind":"trail"},"geometry":{"type":"LineString","coordinates":[[-116.105957,34.115406],[-116.105813,34.115288],[-116.105813,34.115015]]}},{"type":"Feature","properties":{"kind":"trail"},"geometry":{"type":"LineString","coordinates":[[-116.102988,34.122227],[-116.101612,34.122905],[-116.101511,34.123086],[-116.102002,34.123686],[-116.101822,34.123954],[-116.102272,34.124336],[-116.102598,34.124388],[-116.103542,34.124936],[-116.103635,34.125274],[-116.104214,34.125864],[-116.104067,34.126298],[-116.104339,34.126787],[-116.104729,34.12701],[-116.105305,34.126953],[-116.106051,34.126978],[-116.106683,34.12712]]}},{"type":"Feature","properties":{"kind":"road"},"geometry":{"type":"LineString","coordinates":[[-116.064736,34.128197],[-116.064613,34.124725],[-116.063087,34.12469]]}},{"type":"Feature","properties":{"kind":"trail"},"geometry":{"type":"LineString","coordinates":[[-116.170598,34.01367],[-116.170812,34.014322],[-116.170807,34.014473],[-116.170577,34.014544]]}},{"type":"Feature","properties":{"kind":"trail"},"geometry":{"type":"LineString","coordinates":[[-116.16987,34.01334],[-116.169838,34.013941]]}},{"type":"Feature","properties":{"kind":"trail"},"geometry":{"type":"LineString","coordinates":[[-116.169417,34.014784],[-116.169719,34.014627],[-116.170182,34.014871],[-116.170391,34.015032],[-116.17065,34.015132],[-116.170719,34.015118],[-116.170839,34.015192],[-116.170932,34.015338],[-116.171141,34.015369]]}},{"type":"Feature","properties":{"kind":"trail"},"geometry":{"type":"LineString","coordinates":[[-116.171042,34.015455],[-116.171141,34.015369],[-116.171431,34.015239],[-116.171396,34.014917],[-116.171188,34.014758],[-116.171146,34.014521],[-116.170812,34.014322]]}},{"type":"Feature","properties":{"kind":"trail"},"geometry":{"type":"LineString","coordinates":[[-116.168612,34.014448],[-116.168484,34.014544],[-116.168445,34.014664],[-116.168066,34.01452]]}},{"type":"Feature","properties":{"kind":"trail"},"geometry":{"type":"LineString","coordinates":[[-116.062345,34.020157],[-116.062306,34.020137],[-116.062312,34.019906],[-116.062422,34.019642],[-116.062438,34.019241],[-116.062379,34.018954],[-116.062291,34.01885],[-116.061936,34.018594],[-116.061306,34.018427],[-116.061,34.018134],[-116.060813,34.017767],[-116.060541,34.017578],[-116.060423,34.0174],[-116.060102,34.017085],[-116.059576,34.016936],[-116.059483,34.016836],[-116.059373,34.016831],[-116.059082,34.016938],[-116.058952,34.016829],[-116.05889,34.0169],[-116.058813,34.016909],[-116.058315,34.016553],[-116.058232,34.016244],[-116.058114,34.016042],[-116.057674,34.015711],[-116.057569,34.015301],[-116.057336,34.015028],[-116.05736,34.014815],[-116.05732,34.01467],[-116.057433,34.01449],[-116.057438,34.01433],[-116.05728,34.014237],[-116.05712,34.014054],[-116.056907,34.013999],[-116.056783,34.013894],[-116.05676,34.013816]]}},{"type":"Feature","properties":{"kind":"trail"},"geometry":{"type":"LineString","coordinates":[[-116.140512,34.086164],[-116.14038,34.086169],[-116.140133,34.086012],[-116.139621,34.085974],[-116.139503,34.085781],[-116.139245,34.085611],[-116.139222,34.085527],[-116.139106,34.085481],[-116.138908,34.085571],[-116.138772,34.085489],[-116.138924,34.085131],[-116.138853,34.085044]]}},{"type":"Feature","properties":{"kind":"trail"},"geometry":{"type":"LineString","coordinates":[[-116.140384,34.085332],[-116.139865,34.085439],[-116.139752,34.08537],[-116.139612,34.085368],[-116.13906,34.085195],[-116.138952,34.085051],[-116.138853,34.085044],[-116.138763,34.084822],[-116.138894,34.084393],[-116.140008,34.083906],[-116.140008,34.083716],[-116.140599,34.083526],[-116.14077,34.083425],[-116.141655,34.083508],[-116.142171,34.083436]]}},{"type":"Feature","properties":{"kind":"trail"},"geometry":{"type":"LineString","coordinates":[[-116.180415,34.02469],[-116.180359,34.02486],[-116.180304,34.025023],[-116.179946,34.025174],[-116.179707,34.025374]]}},{"type":"Feature","properties":{"kind":"trail"},"geometry":{"type":"LineString","coordinates":[[-116.179707,34.025374],[-116.17975,34.025574],[-116.179842,34.025644],[-116.17992,34.025828],[-116.179878,34.025871],[-116.179919,34.025901]]}},{"type":"Feature","properties":{"kind":"road","name":"Rocking Chair Road"},"geometry":{"type":"LineString","coordinates":[[-116.266312,34.09983],[-116.266149,34.100001],[-116.266015,34.100027],[-116.265955,34.099957]]}},{"type":"Feature","properties":{"kind":"road","name":"Rocking Chair Road"},"geometry":{"type":"LineString","coordinates":[[-116.267946,34.099473],[-116.266842,34.099637],[-116.266578,34.09977],[-116.266312,34.09983]]}},{"type":"Feature","properties":{"kind":"road","name":"Jumbo Rock Campground Road","surface":"asphalt"},"geometry":{"type":"LineString","coordinates":[[-116.058362,33.991682],[-116.058224,33.991403]]}},{"type":"Feature","properties":{"kind":"road","name":"Jumbo Rock Campground Road","surface":"asphalt"},"geometry":{"type":"LineString","coordinates":[[-116.058726,33.991576],[-116.058362,33.991682],[-116.058295,33.991809],[-116.058332,33.991921],[-116.058438,33.991962],[-116.058544,33.991942],[-116.058726,33.991576]]}},{"type":"Feature","properties":{"kind":"road","name":"Ryan Mountain Campground Road","surface":"unpaved"},"geometry":{"type":"LineString","coordinates":[[-116.154776,33.984261],[-116.15491,33.98468],[-116.155229,33.985191],[-116.155336,33.98545],[-116.155293,33.985817],[-116.155031,33.986301],[-116.15496,33.986575],[-116.154964,33.986848],[-116.155204,33.98733],[-116.15524,33.987515],[-116.155151,33.988095],[-116.155146,33.988447]]}},{"type":"Feature","properties":{"kind":"trail"},"geometry":{"type":"LineString","coordinates":[[-116.20129,34.033744],[-116.201295,34.033565],[-116.201367,34.033512],[-116.201398,34.033315],[-116.201664,34.033515]]}},{"type":"Feature","properties":{"kind":"road","surface":"asphalt"},"geometry":{"type":"LineString","coordinates":[[-116.163703,33.988901],[-116.163776,33.988816]]}},{"type":"Feature","properties":{"kind":"road","surface":"asphalt"},"geometry":{"type":"LineString","coordinates":[[-116.163886,33.988944],[-116.163776,33.988816],[-116.163822,33.988673],[-116.163891,33.988629],[-116.164212,33.988592]]}},{"type":"Feature","properties":{"kind":"road","surface":"asphalt"},"geometry":{"type":"LineString","coordinates":[[-116.16393,33.989161],[-116.163886,33.988944]]}},{"type":"Feature","properties":{"kind":"road","name":"35"},"geometry":{"type":"LineString","coordinates":[[-116.160095,34.017047],[-116.160195,34.017151]]}},{"type":"Feature","properties":{"kind":"road","name":"Hidden Valley Campground Road","surface":"asphalt"},"geometry":{"type":"LineString","coordinates":[[-116.163051,34.016562],[-116.163015,34.016477]]}},{"type":"Feature","properties":{"kind":"road","name":"Hidden Valley Campground Road","surface":"asphalt"},"geometry":{"type":"LineString","coordinates":[[-116.163015,34.016477],[-116.16302,34.016434],[-116.163005,34.016357],[-116.162916,34.016297],[-116.162766,34.016304]]}},{"type":"Feature","properties":{"kind":"trail","surface":"dirt"},"geometry":{"type":"LineString","coordinates":[[-116.185627,34.040713],[-116.185287,34.04072],[-116.185153,34.040789],[-116.185095,34.04093],[-116.185131,34.041042],[-116.185254,34.041137],[-116.185434,34.041152],[-116.18571,34.041155]]}},{"type":"Feature","properties":{"kind":"trail"},"geometry":{"type":"LineString","coordinates":[[-116.185434,34.041152],[-116.185434,34.041049]]}},{"type":"Feature","properties":{"kind":"trail"},"geometry":{"type":"LineString","coordinates":[[-116.136278,34.002715],[-116.136293,34.002634],[-116.136315,34.002531]]}},{"type":"Feature","properties":{"kind":"trail"},"geometry":{"type":"LineString","coordinates":[[-116.135721,34.002614],[-116.135929,34.00255],[-116.136315,34.002531],[-116.13647,34.002557],[-116.137071,34.002764]]}},{"type":"Feature","properties":{"kind":"trail"},"geometry":{"type":"LineString","coordinates":[[-116.136787,34.002869],[-116.136278,34.002715],[-116.135984,34.002727],[-116.13578,34.002794]]}},{"type":"Feature","properties":{"kind":"trail"},"geometry":{"type":"LineString","coordinates":[[-116.136278,34.002715],[-116.136313,34.002782]]}},{"type":"Feature","properties":{"kind":"track","name":"O'Dell Road","surface":"sand"},"geometry":{"type":"LineString","coordinates":[[-116.107886,34.035134],[-116.107981,34.035134],[-116.108004,34.035057],[-116.107921,34.035021],[-116.107842,34.03506],[-116.107869,34.035118],[-116.107886,34.035134]]}},{"type":"Feature","properties":{"kind":"road"},"geometry":{"type":"LineString","coordinates":[[-116.152822,34.092782],[-116.152783,34.092905],[-116.152875,34.092937],[-116.152897,34.092901],[-116.152898,34.092849],[-116.152859,34.092788],[-116.152822,34.092782]]}},{"type":"Feature","properties":{"kind":"road"},"geometry":{"type":"LineString","coordinates":[[-116.152108,34.091718],[-116.152071,34.091785],[-116.151983,34.091828],[-116.151939,34.091825],[-116.151889,34.091811],[-116.151888,34.091704]]}},{"type":"Feature","properties":{"kind":"road","name":"22"},"geometry":{"type":"LineString","coordinates":[[-116.155904,34.092491],[-116.155789,34.092488]]}},{"type":"Feature","properties":{"kind":"road"},"geometry":{"type":"LineString","coordinates":[[-116.156047,34.092556],[-116.155904,34.092491]]}},{"type":"Feature","properties":{"kind":"road","name":"27"},"geometry":{"type":"LineString","coordinates":[[-116.156136,34.092696],[-116.156067,34.092721]]}},{"type":"Feature","properties":{"kind":"road","name":"23"},"geometry":{"type":"LineString","coordinates":[[-116.1566,34.093318],[-116.156647,34.093235]]}},{"type":"Feature","properties":{"kind":"road","name":"24"},"geometry":{"type":"LineString","coordinates":[[-116.156415,34.093232],[-116.156514,34.093132]]}},{"type":"Feature","properties":{"kind":"road","name":"25"},"geometry":{"type":"LineString","coordinates":[[-116.156356,34.092953],[-116.15625,34.093004]]}},{"type":"Feature","properties":{"kind":"road","name":"26"},"geometry":{"type":"LineString","coordinates":[[-116.156253,34.092839],[-116.156178,34.092877]]}},{"type":"Feature","properties":{"kind":"road","name":"28"},"geometry":{"type":"LineString","coordinates":[[-116.156137,34.092575],[-116.156047,34.092556]]}},{"type":"Feature","properties":{"kind":"road","name":"29"},"geometry":{"type":"LineString","coordinates":[[-116.156161,34.092524],[-116.156066,34.092504]]}},{"type":"Feature","properties":{"kind":"road","name":"30"},"geometry":{"type":"LineString","coordinates":[[-116.156544,34.092243],[-116.156506,34.092107]]}},{"type":"Feature","properties":{"kind":"road","name":"G2"},"geometry":{"type":"LineString","coordinates":[[-116.157258,34.09736],[-116.157335,34.097246]]}},{"type":"Feature","properties":{"kind":"road","name":"G2"},"geometry":{"type":"LineString","coordinates":[[-116.157501,34.097462],[-116.157559,34.097349]]}},{"type":"Feature","properties":{"kind":"road","surface":"unpaved"},"geometry":{"type":"LineString","coordinates":[[-116.140653,34.085795],[-116.140611,34.085641]]}},{"type":"Feature","properties":{"kind":"trail"},"geometry":{"type":"LineString","coordinates":[[-116.074427,34.024091],[-116.074258,34.02403],[-116.074175,34.023769],[-116.073669,34.023334],[-116.073343,34.022859],[-116.073295,34.022822],[-116.07299,34.022857],[-116.072867,34.022798]]}},{"type":"Feature","properties":{"kind":"trail","name":"Johnny Lang Connector"},"geometry":{"type":"LineString","coordinates":[[-116.202827,34.041406],[-116.203307,34.040721],[-116.203662,34.039847],[-116.203972,34.039393],[-116.204151,34.039024],[-116.204232,34.038512],[-116.204459,34.037858],[-116.204493,34.037399],[-116.204722,34.037133],[-116.204929,34.036478],[-116.205163,34.036193],[-116.20576,34.035878],[-116.206642,34.035834],[-116.207042,34.035596],[-116.207283,34.035631],[-116.207693,34.035945],[-116.207879,34.035956],[-116.209148,34.035556],[-116.209264,34.035438],[-116.209559,34.035295],[-116.209734,34.035058],[-116.209833,34.035023],[-116.210145,34.034443],[-116.210149,34.034146],[-116.210486,34.033855],[-116.210867,34.033033],[-116.210984,34.032913],[-116.211426,34.032808],[-116.211611,34.032718],[-116.212081,34.03233],[-116.212215,34.032289],[-116.212249,34.032131],[-116.212354,34.031964],[-116.2125,34.031852],[-116.212736,34.031492],[-116.212931,34.031304],[-116.213123,34.031252],[-116.213454,34.031411],[-116.213678,34.031409],[-116.213539,34.031014],[-116.213324,34.030723],[-116.213141,34.030283],[-116.213155,34.030119],[-116.213317,34.029726],[-116.213443,34.028684],[-116.213552,34.028481],[-116.213636,34.028431],[-116.213762,34.028056],[-116.213626,34.027548],[-116.213694,34.027184],[-116.213454,34.026955],[-116.213649,34.026778],[-116.213716,34.026588],[-116.214231,34.026326],[-116.214217,34.026053],[-116.214339,34.025867],[-116.214247,34.025742],[-116.214431,34.025534],[-116.214571,34.025464],[-116.214983,34.025418],[-116.215637,34.025481],[-116.215473,34.025176],[-116.21534,34.025055],[-116.215313,34.02488],[-116.215184,34.024804],[-116.215282,34.024454],[-116.215222,34.024336],[-116.215274,34.024268],[-116.215184,34.024075],[-116.215036,34.024002],[-116.215067,34.023925]]}},{"type":"Feature","properties":{"kind":"road"},"geometry":{"type":"LineString","coordinates":[[-116.16862,33.96869],[-116.168689,33.968683],[-116.168761,33.968594],[-116.168764,33.968492]]}},{"type":"Feature","properties":{"kind":"road"},"geometry":{"type":"LineString","coordinates":[[-116.165898,33.972363],[-116.165779,33.972526],[-116.165796,33.972563]]}},{"type":"Feature","properties":{"kind":"road"},"geometry":{"type":"LineString","coordinates":[[-116.165188,33.983968],[-116.165237,33.98399],[-116.165227,33.984125],[-116.165158,33.984178]]}},{"type":"Feature","properties":{"kind":"road"},"geometry":{"type":"LineString","coordinates":[[-116.163834,33.991478],[-116.163893,33.991506],[-116.16414,33.991337],[-116.164144,33.991253],[-116.163854,33.991411],[-116.163834,33.991478]]}},{"type":"Feature","properties":{"kind":"road"},"geometry":{"type":"LineString","coordinates":[[-116.163117,33.99658],[-116.163067,33.996654],[-116.163067,33.996836],[-116.163112,33.996893]]}},{"type":"Feature","properties":{"kind":"road"},"geometry":{"type":"LineString","coordinates":[[-116.163503,33.999038],[-116.163542,33.998983],[-116.163507,33.998739],[-116.163432,33.998691]]}},{"type":"Feature","properties":{"kind":"road"},"geometry":{"type":"LineString","coordinates":[[-116.163855,34.002426],[-116.163822,34.002532],[-116.163887,34.002806]]}},{"type":"Feature","properties":{"kind":"road"},"geometry":{"type":"LineString","coordinates":[[-116.16358,34.006191],[-116.163608,34.006306],[-116.163495,34.006559],[-116.163417,34.006616]]}},{"type":"Feature","properties":{"kind":"road"},"geometry":{"type":"LineString","coordinates":[[-116.162492,34.009432],[-116.162271,34.009669],[-116.162273,34.009747]]}},{"type":"Feature","properties":{"kind":"road"},"geometry":{"type":"LineString","coordinates":[[-116.161528,34.011635],[-116.161574,34.011713],[-116.161573,34.011897],[-116.161508,34.011987]]}},{"type":"Feature","properties":{"kind":"road"},"geometry":{"type":"LineString","coordinates":[[-116.163648,34.014421],[-116.163769,34.014432],[-116.164087,34.014604],[-116.164115,34.014689]]}},{"type":"Feature","properties":{"kind":"road"},"geometry":{"type":"LineString","coordinates":[[-116.16808,34.018188],[-116.168064,34.018254],[-116.168312,34.018767],[-116.168399,34.018812]]}},{"type":"Feature","properties":{"kind":"road"},"geometry":{"type":"LineString","coordinates":[[-116.168399,34.018812],[-116.168412,34.018752],[-116.168165,34.018243],[-116.16808,34.018188]]}},{"type":"Feature","properties":{"kind":"road"},"geometry":{"type":"LineString","coordinates":[[-116.173234,34.022416],[-116.173278,34.022373],[-116.1732,34.02217],[-116.172986,34.021879],[-116.17285,34.021837]]}},{"type":"Feature","properties":{"kind":"road"},"geometry":{"type":"LineString","coordinates":[[-116.17608,34.027476],[-116.176084,34.027544],[-116.176279,34.027714],[-116.176356,34.027721]]}},{"type":"Feature","properties":{"kind":"road"},"geometry":{"type":"LineString","coordinates":[[-116.176356,34.027721],[-116.176359,34.027648],[-116.176211,34.027496],[-116.176147,34.027452],[-116.17608,34.027476]]}},{"type":"Feature","properties":{"kind":"road"},"geometry":{"type":"LineString","coordinates":[[-116.180942,34.030142],[-116.181049,34.030161],[-116.181193,34.030366],[-116.181138,34.030459]]}},{"type":"Feature","properties":{"kind":"road"},"geometry":{"type":"LineString","coordinates":[[-116.181696,34.03235],[-116.181669,34.032434],[-116.181707,34.032579],[-116.181787,34.032653]]}},{"type":"Feature","properties":{"kind":"road"},"geometry":{"type":"LineString","coordinates":[[-116.18186,34.032885],[-116.181944,34.032934],[-116.181974,34.033059],[-116.181933,34.033146]]}},{"type":"Feature","properties":{"kind":"road"},"geometry":{"type":"LineString","coordinates":[[-116.184069,34.038577],[-116.184153,34.038587],[-116.184289,34.038749],[-116.184283,34.038871]]}},{"type":"Feature","properties":{"kind":"road"},"geometry":{"type":"LineString","coordinates":[[-116.190281,34.039783],[-116.190348,34.03972],[-116.190629,34.03967],[-116.190778,34.039694]]}},{"type":"Feature","properties":{"kind":"road"},"geometry":{"type":"LineString","coordinates":[[-116.19065,34.039721],[-116.190708,34.039762],[-116.190898,34.039718],[-116.190955,34.039646]]}},{"type":"Feature","properties":{"kind":"road"},"geometry":{"type":"LineString","coordinates":[[-116.206329,34.050367],[-116.206542,34.050422],[-116.206721,34.050572],[-116.206743,34.050663]]}},{"type":"Feature","properties":{"kind":"road"},"geometry":{"type":"LineString","coordinates":[[-116.220351,34.05585],[-116.220449,34.055952],[-116.221033,34.056151]]}},{"type":"Feature","properties":{"kind":"road"},"geometry":{"type":"LineString","coordinates":[[-116.226886,34.061199],[-116.226963,34.061199],[-116.227572,34.061661],[-116.227783,34.061839],[-116.227765,34.061913]]}},{"type":"Feature","properties":{"kind":"road"},"geometry":{"type":"LineString","coordinates":[[-116.237258,34.072682],[-116.237427,34.07283],[-116.237574,34.073163],[-116.237559,34.073303]]}},{"type":"Feature","properties":{"kind":"road","name":"Park Boulevard","surface":"asphalt"},"geometry":{"type":"LineString","coordinates":[[-116.259165,34.090451],[-116.259348,34.090785],[-116.259583,34.091062],[-116.260081,34.091426],[-116.264286,34.093276],[-116.265574,34.093746],[-116.265799,34.093763]]}},{"type":"Feature","properties":{"kind":"road","name":"Park Boulevard","surface":"asphalt"},"geometry":{"type":"LineString","coordinates":[[-116.258757,34.089465],[-116.258808,34.08971],[-116.259014,34.090264],[-116.259165,34.090451]]}},{"type":"Feature","properties":{"kind":"road"},"geometry":{"type":"LineString","coordinates":[[-116.265574,34.093746],[-116.264855,34.093409],[-116.264286,34.093276]]}},{"type":"Feature","properties":{"kind":"road"},"geometry":{"type":"LineString","coordinates":[[-116.172728,33.958618],[-116.172789,33.958587],[-116.172827,33.958441],[-116.172782,33.958382]]}},{"type":"Feature","properties":{"kind":"road"},"geometry":{"type":"LineString","coordinates":[[-116.161976,33.99063],[-116.161948,33.99057],[-116.161718,33.990458],[-116.161472,33.990441]]}},{"type":"Feature","properties":{"kind":"road"},"geometry":{"type":"LineString","coordinates":[[-116.154828,33.988704],[-116.154722,33.988671],[-116.154123,33.988791],[-116.153752,33.988922],[-116.153683,33.989033]]}},{"type":"Feature","properties":{"kind":"road"},"geometry":{"type":"LineString","coordinates":[[-116.127304,34.002533],[-116.127085,34.002431],[-116.12672,34.002468]]}},{"type":"Feature","properties":{"kind":"road"},"geometry":{"type":"LineString","coordinates":[[-116.121067,34.003014],[-116.120934,34.003043],[-116.120615,34.003315],[-116.120485,34.003493]]}},{"type":"Feature","properties":{"kind":"road"},"geometry":{"type":"LineString","coordinates":[[-116.120619,34.003377],[-116.120566,34.003496],[-116.120154,34.003761]]}},{"type":"Feature","properties":{"kind":"road"},"geometry":{"type":"LineString","coordinates":[[-116.113876,34.006543],[-116.113811,34.006615],[-116.11326,34.006793]]}},{"type":"Feature","properties":{"kind":"road"},"geometry":{"type":"LineString","coordinates":[[-116.105744,34.009973],[-116.105688,34.010029],[-116.105381,34.010111],[-116.105289,34.010092]]}},{"type":"Feature","properties":{"kind":"road"},"geometry":{"type":"LineString","coordinates":[[-116.100663,34.010207],[-116.100613,34.010157],[-116.100288,34.010113],[-116.100116,34.010165],[-116.099962,34.010199],[-116.099398,34.010157]]}},{"type":"Feature","properties":{"kind":"road"},"geometry":{"type":"LineString","coordinates":[[-116.093909,34.009274],[-116.093818,34.009287],[-116.093518,34.009174],[-116.093429,34.009073]]}},{"type":"Feature","properties":{"kind":"road"},"geometry":{"type":"LineString","coordinates":[[-116.082764,34.004788],[-116.082606,34.004715],[-116.08227,34.004298]]}},{"type":"Feature","properties":{"kind":"road"},"geometry":{"type":"LineString","coordinates":[[-116.079739,34.000491],[-116.079725,34.000288],[-116.079611,34.000081],[-116.079483,34.000015]]}},{"type":"Feature","properties":{"kind":"road"},"geometry":{"type":"LineString","coordinates":[[-116.069488,33.991498],[-116.069414,33.991605],[-116.068664,33.992005],[-116.068517,33.992013]]}},{"type":"Feature","properties":{"kind":"road"},"geometry":{"type":"LineString","coordinates":[[-116.060271,33.997696],[-116.059905,33.99787],[-116.059752,33.998021]]}},{"type":"Feature","properties":{"kind":"road"},"geometry":{"type":"LineString","coordinates":[[-116.059752,33.998021],[-116.06003,33.9979],[-116.060271,33.997696]]}},{"type":"Feature","properties":{"kind":"road"},"geometry":{"type":"LineString","coordinates":[[-116.055937,34.000466],[-116.05591,34.000536],[-116.055587,34.000735],[-116.055449,34.000753]]}},{"type":"Feature","properties":{"kind":"trail"},"geometry":{"type":"LineString","coordinates":[[-116.17301,34.107161],[-116.1734,34.107313],[-116.173411,34.107375]]}},{"type":"Feature","properties":{"kind":"trail"},"geometry":{"type":"LineString","coordinates":[[-116.175628,34.107637],[-116.175782,34.10722],[-116.176063,34.106902],[-116.176173,34.106607]]}},{"type":"Feature","properties":{"kind":"trail"},"geometry":{"type":"LineString","coordinates":[[-116.194624,34.093756],[-116.194218,34.093521],[-116.19353,34.09323],[-116.192464,34.092938],[-116.192296,34.093044]]}},{"type":"Feature","properties":{"kind":"trail"},"geometry":{"type":"LineString","coordinates":[[-116.187094,34.071902],[-116.187368,34.071778],[-116.188013,34.071855]]}},{"type":"Feature","properties":{"kind":"trail"},"geometry":{"type":"LineString","coordinates":[[-116.184985,34.06797],[-116.184378,34.068015],[-116.184158,34.068268],[-116.184027,34.068303],[-116.184042,34.068396],[-116.183989,34.068459]]}},{"type":"Feature","properties":{"kind":"trail"},"geometry":{"type":"LineString","coordinates":[[-116.182891,34.063772],[-116.1832,34.063727],[-116.184015,34.063305],[-116.184069,34.063207],[-116.184288,34.063099],[-116.184643,34.063025],[-116.184789,34.062803]]}},{"type":"Feature","properties":{"kind":"trail"},"geometry":{"type":"LineString","coordinates":[[-116.179405,34.055107],[-116.179231,34.055218],[-116.178797,34.055374],[-116.178654,34.055495],[-116.178442,34.055544],[-116.178213,34.055731],[-116.178002,34.056096]]}},{"type":"Feature","properties":{"kind":"road"},"geometry":{"type":"LineString","coordinates":[[-116.159259,34.121463],[-116.159273,34.121683],[-116.159189,34.122209],[-116.159163,34.122374],[-116.15884,34.122328],[-116.15887,34.122172],[-116.159189,34.122209]]}}]}