{"type":"FeatureCollection","features":[{"type":"Feature","properties":{"kind":"trail","surface":"asphalt"},"geometry":{"type":"LineString","coordinates":[[-122.440112,37.808685],[-122.440285,37.808563],[-122.440349,37.808456],[-122.440382,37.8084],[-122.440476,37.808289],[-122.440798,37.808168],[-122.442413,37.807977]]}},{"type":"Feature","properties":{"kind":"trail"},"geometry":{"type":"LineString","coordinates":[[-122.453195,37.795966],[-122.453024,37.796548]]}},{"type":"Feature","properties":{"kind":"road","surface":"asphalt"},"geometry":{"type":"LineString","coordinates":[[-122.476346,37.808352],[-122.475974,37.808459],[-122.475894,37.808408],[-122.475911,37.808351],[-122.476153,37.80827],[-122.476274,37.808172]]}},{"type":"Feature","properties":{"kind":"trail","surface":"asphalt"},"geometry":{"type":"LineString","coordinates":[[-122.447628,37.806521],[-122.447529,37.805999]]}},{"type":"Feature","properties":{"kind":"steps","name":"3rd Avenue","surface":"concrete"},"geometry":{"type":"LineString","coordinates":[[-122.461516,37.787239],[-122.461494,37.786825]]}},{"type":"Feature","properties":{"kind":"road","name":"Merchant Road","surface":"asphalt"},"geometry":{"type":"LineString","coordinates":[[-122.475647,37.804415],[-122.475916,37.804435],[-122.476132,37.804555],[-122.476272,37.804755],[-122.476304,37.804974],[-122.476265,37.805119],[-122.475886,37.805698],[-122.475787,37.806054],[-122.47542,37.806337]]}},{"type":"Feature","properties":{"kind":"road","name":"Legion of Honor Drive","surface":"asphalt"},"geometry":{"type":"LineString","coordinates":[[-122.500352,37.785677],[-122.500088,37.785434]]}},{"type":"Feature","properties":{"kind":"trail","name":"Leona Terrace"},"geometry":{"type":"LineString","coordinates":[[-122.444542,37.783134],[-122.445284,37.783037]]}},{"type":"Feature","properties":{"kind":"road","name":"Lincoln Boulevard","surface":"asphalt"},"geometry":{"type":"LineString","coordinates":[[-122.457457,37.801928],[-122.457696,37.80196]]}},{"type":"Feature","properties":{"kind":"road","name":"McDowell Avenue"},"geometry":{"type":"LineString","coordinates":[[-122.467023,37.801678],[-122.46694,37.802513]]}},{"type":"Feature","properties":{"kind":"road","name":"Crissy Field Avenue","surface":"asphalt"},"geometry":{"type":"LineString","coordinates":[[-122.467653,37.803364],[-122.467954,37.803524]]}},{"type":"Feature","properties":{"kind":"road","name":"Sheridan Avenue"},"geometry":{"type":"LineString","coordinates":[[-122.460831,37.800494],[-122.461429,37.801203]]}},{"type":"Feature","properties":{"kind":"road","name":"Anza Street","surface":"asphalt"},"geometry":{"type":"LineString","coordinates":[[-122.453894,37.780241],[-122.455493,37.780039]]}},{"type":"Feature","properties":{"kind":"road","name":"Lincoln Boulevard","surface":"asphalt"},"geometry":{"type":"LineString","coordinates":[[-122.481061,37.792163],[-122.481989,37.789407],[-122.482276,37.788754]]}},{"type":"Feature","properties":{"kind":"road","name":"Lincoln Boulevard","surface":"asphalt"},"geometry":{"type":"LineString","coordinates":[[-122.452816,37.799556],[-122.452962,37.800067]]}},{"type":"Feature","properties":{"kind":"road","name":"Post Street","surface":"asphalt"},"geometry":{"type":"LineString","coordinates":[[-122.44541,37.7836],[-122.436387,37.784746]]}},{"type":"Feature","properties":{"kind":"road","name":"Euclid Avenue","surface":"asphalt"},"geometry":{"type":"LineString","coordinates":[[-122.446875,37.785272],[-122.446447,37.785371]]}},{"type":"Feature","properties":{"kind":"road","name":"Arguello Boulevard","surface":"asphalt"},"geometry":{"type":"LineString","coordinates":[[-122.459476,37.798003],[-122.459236,37.798552],[-122.458902,37.799112]]}},{"type":"Feature","properties":{"kind":"road","name":"Arguello Boulevard","surface":"asphalt"},"geometry":{"type":"LineString","coordinates":[[-122.459498,37.789662],[-122.459477,37.789308]]}},{"type":"Feature","properties":{"kind":"road","name":"Mayfair Drive","surface":"asphalt"},"geometry":{"type":"LineString","coordinates":[[-122.453281,37.785726],[-122.45361,37.785682]]}},{"type":"Feature","properties":{"kind":"road","name":"Schofield Road"},"geometry":{"type":"LineString","coordinates":[[-122.470167,37.800432],[-122.470431,37.800424],[-122.470589,37.800455]]}},{"type":"Feature","properties":{"kind":"road","name":"Bush Street"},"geometry":{"type":"LineString","coordinates":[[-122.445032,37.785558],[-122.441745,37.785973]]}},{"type":"Feature","properties":{"kind":"road","name":"Great Highway","surface":"asphalt"},"geometry":{"type":"LineString","coordinates":[[-122.511673,37.776463],[-122.511503,37.775975],[-122.511438,37.775512]]}},{"type":"Feature","properties":{"kind":"trail","name":"Barnard Avenue","surface":"gravel"},"geometry":{"type":"LineString","coordinates":[[-122.458413,37.79568],[-122.458625,37.795654],[-122.459063,37.795826]]}},{"type":"Feature","properties":{"kind":"trail","name":"El Polin Loop","surface":"compacted"},"geometry":{"type":"LineString","coordinates":[[-122.455382,37.793252],[-122.455147,37.793024],[-122.455074,37.792726],[-122.455157,37.792638],[-122.455346,37.792586]]}},{"type":"Feature","properties":{"kind":"road","name":"Mason Street"},"geometry":{"type":"LineString","coordinates":[[-122.467653,37.803364],[-122.467668,37.803449],[-122.46761,37.803569]]}},{"type":"Feature","properties":{"kind":"road","name":"Presidio Promenade","surface":"asphalt"},"geometry":{"type":"LineString","coordinates":[[-122.464757,37.801626],[-122.465032,37.801538],[-122.46541,37.801095],[-122.465681,37.800953],[-122.465908,37.800896],[-122.466527,37.800864],[-122.467045,37.800931]]}},{"type":"Feature","properties":{"kind":"road","name":"48th Avenue","surface":"asphalt"},"geometry":{"type":"LineString","coordinates":[[-122.509463,37.779866],[-122.509399,37.779119]]}},{"type":"Feature","properties":{"kind":"road","name":"Girard Road","surface":"asphalt"},"geometry":{"type":"LineString","coordinates":[[-122.452934,37.801999],[-122.453361,37.801335]]}},{"type":"Feature","properties":{"kind":"road","name":"Geary Boulevard","surface":"asphalt"},"geometry":{"type":"LineString","coordinates":[[-122.501909,37.779528],[-122.502194,37.779555]]}},{"type":"Feature","properties":{"kind":"trail","name":"Lone Mountain Terrace","surface":"compacted"},"geometry":{"type":"LineString","coordinates":[[-122.454186,37.779],[-122.454942,37.778903]]}},{"type":"Feature","properties":{"kind":"trail","name":"Arbol Lane","surface":"concrete"},"geometry":{"type":"LineString","coordinates":[[-122.443881,37.779545],[-122.443847,37.779377]]}},{"type":"Feature","properties":{"kind":"road","name":"Park Boulevard","surface":"asphalt"},"geometry":{"type":"LineString","coordinates":[[-122.467236,37.799609],[-122.4674,37.799363],[-122.467722,37.799221],[-122.467975,37.799212],[-122.468459,37.799334],[-122.468667,37.799298],[-122.468806,37.799199],[-122.46902,37.79893],[-122.469172,37.798628],[-122.469149,37.798357]]}},{"type":"Feature","properties":{"kind":"road","name":"Park Boulevard Trail","surface":"concrete"},"geometry":{"type":"LineString","coordinates":[[-122.469172,37.794973],[-122.468929,37.794639]]}},{"type":"Feature","properties":{"kind":"road","name":"Park Boulevard","surface":"asphalt"},"geometry":{"type":"LineString","coordinates":[[-122.469342,37.79512],[-122.469184,37.79531]]}},{"type":"Feature","properties":{"kind":"steps","name":"Jean Way","surface":"concrete"},"geometry":{"type":"LineString","coordinates":[[-122.449313,37.780823],[-122.44929,37.78071],[-122.449032,37.780419]]}},{"type":"Feature","properties":{"kind":"road","name":"Washington Boulevard","surface":"asphalt"},"geometry":{"type":"LineString","coordinates":[[-122.469342,37.79512],[-122.469172,37.794973]]}},{"type":"Feature","properties":{"kind":"road","name":"El Camino del Mar","surface":"asphalt"},"geometry":{"type":"LineString","coordinates":[[-122.482335,37.788669],[-122.482757,37.788237],[-122.483361,37.787891],[-122.483981,37.787707],[-122.484748,37.787641]]}},{"type":"Feature","properties":{"kind":"trail","surface":"paved"},"geometry":{"type":"LineString","coordinates":[[-122.447904,37.792927],[-122.447456,37.793143],[-122.447127,37.793091],[-122.446696,37.792837],[-122.44646,37.792815]]}},{"type":"Feature","properties":{"kind":"trail"},"geometry":{"type":"LineString","coordinates":[[-122.454726,37.801913],[-122.454832,37.801779]]}},{"type":"Feature","properties":{"kind":"trail","name":"Vicha Ratanapakdee Way"},"geometry":{"type":"LineString","coordinates":[[-122.443763,37.781837],[-122.443732,37.781772]]}},{"type":"Feature","properties":{"kind":"road","name":"Marina Boulevard","surface":"asphalt"},"geometry":{"type":"LineString","coordinates":[[-122.4481,37.804924],[-122.448382,37.804733]]}},{"type":"Feature","properties":{"kind":"road","name":"Incinerator Road","surface":"concrete"},"geometry":{"type":"LineString","coordinates":[[-122.465908,37.800896],[-122.465883,37.801483],[-122.465598,37.801635],[-122.465578,37.801842]]}},{"type":"Feature","properties":{"kind":"road","name":"Mayfair Drive","surface":"asphalt"},"geometry":{"type":"LineString","coordinates":[[-122.45041,37.786083],[-122.451634,37.785935],[-122.452916,37.785772]]}},{"type":"Feature","properties":{"kind":"road","name":"Masonic Avenue","surface":"asphalt"},"geometry":{"type":"LineString","coordinates":[[-122.447432,37.780736],[-122.447506,37.781073]]}},{"type":"Feature","properties":{"kind":"trail"},"geometry":{"type":"LineString","coordinates":[[-122.448991,37.799572],[-122.44883,37.799654],[-122.448604,37.799894],[-122.448297,37.799912],[-122.448114,37.799883],[-122.447906,37.800016],[-122.447979,37.800168],[-122.448228,37.800313],[-122.448313,37.80035],[-122.448601,37.800463],[-122.448706,37.800593],[-122.448646,37.800708],[-122.448362,37.800576],[-122.448302,37.800631]]}},{"type":"Feature","properties":{"kind":"trail","surface":"asphalt"},"geometry":{"type":"LineString","coordinates":[[-122.449063,37.800401],[-122.449315,37.800291],[-122.449443,37.800121],[-122.449469,37.799987],[-122.449427,37.79984],[-122.44931,37.799698]]}},{"type":"Feature","properties":{"kind":"road","name":"Geary Boulevard","surface":"asphalt"},"geometry":{"type":"LineString","coordinates":[[-122.449064,37.782142],[-122.447876,37.782285]]}},{"type":"Feature","properties":{"kind":"road","name":"Geary Boulevard","surface":"asphalt"},"geometry":{"type":"LineString","coordinates":[[-122.444472,37.782791],[-122.445863,37.782608]]}},{"type":"Feature","properties":{"kind":"road","name":"Geary Boulevard","surface":"asphalt"},"geometry":{"type":"LineString","coordinates":[[-122.44282,37.78296],[-122.443699,37.78285]]}},{"type":"Feature","properties":{"kind":"trail","name":"Coastal Trail","surface":"compacted"},"geometry":{"type":"LineString","coordinates":[[-122.510218,37.780663],[-122.510659,37.781192],[-122.510997,37.781601],[-122.511586,37.782317],[-122.511739,37.782601],[-122.511752,37.782906],[-122.511604,37.783185],[-122.511318,37.783369]]}},{"type":"Feature","properties":{"kind":"trail","surface":"concrete"},"geometry":{"type":"LineString","coordinates":[[-122.511711,37.780708],[-122.511712,37.780863],[-122.511711,37.78089]]}},{"type":"Feature","properties":{"kind":"road","name":"Geary Boulevard","surface":"asphalt"},"geometry":{"type":"LineString","coordinates":[[-122.447572,37.782463],[-122.448748,37.782334]]}},{"type":"Feature","properties":{"kind":"road","name":"Geary Boulevard","surface":"asphalt"},"geometry":{"type":"LineString","coordinates":[[-122.447564,37.782387],[-122.446546,37.78241],[-122.445709,37.782489]]}},{"type":"Feature","properties":{"kind":"road","name":"Geary Boulevard","surface":"asphalt"},"geometry":{"type":"LineString","coordinates":[[-122.445724,37.782564],[-122.446551,37.782486],[-122.447572,37.782463]]}},{"type":"Feature","properties":{"kind":"road","name":"Geary Boulevard"},"geometry":{"type":"LineString","coordinates":[[-122.445709,37.782489],[-122.444715,37.782613]]}},{"type":"Feature","properties":{"kind":"road","name":"Masonic Avenue","surface":"asphalt"},"geometry":{"type":"LineString","coordinates":[[-122.447478,37.785525],[-122.44761,37.785305],[-122.447628,37.785095]]}},{"type":"Feature","properties":{"kind":"road","name":"Geary Boulevard","surface":"asphalt"},"geometry":{"type":"LineString","coordinates":[[-122.449961,37.782078],[-122.449545,37.782134]]}},{"type":"Feature","properties":{"kind":"trail"},"geometry":{"type":"LineString","coordinates":[[-122.442419,37.806702],[-122.442408,37.806635],[-122.442535,37.806619],[-122.442942,37.806594],[-122.44338,37.80654]]}},{"type":"Feature","properties":{"kind":"road","name":"Geary Boulevard","surface":"asphalt"},"geometry":{"type":"LineString","coordinates":[[-122.505106,37.779167],[-122.504978,37.779137],[-122.504034,37.779168]]}},{"type":"Feature","properties":{"kind":"road","name":"Lombard Street","surface":"asphalt"},"geometry":{"type":"LineString","coordinates":[[-122.444669,37.798874],[-122.444974,37.798843]]}},{"type":"Feature","properties":{"kind":"road","name":"Crissy Field Avenue"},"geometry":{"type":"LineString","coordinates":[[-122.46694,37.802513],[-122.467653,37.803364]]}},{"type":"Feature","properties":{"kind":"road","name":"Masonic Avenue","surface":"asphalt"},"geometry":{"type":"LineString","coordinates":[[-122.447479,37.780433],[-122.447254,37.77935]]}},{"type":"Feature","properties":{"kind":"road","name":"Point Lobos Avenue","surface":"asphalt"},"geometry":{"type":"LineString","coordinates":[[-122.513157,37.779038],[-122.513465,37.778945],[-122.513624,37.778739],[-122.51361,37.77852],[-122.513373,37.778054],[-122.513232,37.777883],[-122.512923,37.777665],[-122.512728,37.777452],[-122.512262,37.776991],[-122.51194,37.776755]]}},{"type":"Feature","properties":{"kind":"road","name":"Arguello Boulevard","surface":"asphalt"},"geometry":{"type":"LineString","coordinates":[[-122.459477,37.789308],[-122.459324,37.787251]]}},{"type":"Feature","properties":{"kind":"trail","surface":"concrete"},"geometry":{"type":"LineString","coordinates":[[-122.470974,37.808302],[-122.470762,37.808511]]}},{"type":"Feature","properties":{"kind":"trail","surface":"concrete"},"geometry":{"type":"LineString","coordinates":[[-122.469002,37.806923],[-122.469332,37.806786],[-122.469576,37.806682]]}},{"type":"Feature","properties":{"kind":"trail","surface":"compacted"},"geometry":{"type":"LineString","coordinates":[[-122.469589,37.807691],[-122.469978,37.807878],[-122.470458,37.808013],[-122.470895,37.808096]]}},{"type":"Feature","properties":{"kind":"road","name":"Golden Gate Promenade","surface":"compacted"},"geometry":{"type":"LineString","coordinates":[[-122.461981,37.804677],[-122.462753,37.804631],[-122.463157,37.804607],[-122.463544,37.804593],[-122.464995,37.804628],[-122.465928,37.80477],[-122.466728,37.804937],[-122.467208,37.805226],[-122.467435,37.805364],[-122.467749,37.805576],[-122.468751,37.806319]]}},{"type":"Feature","properties":{"kind":"trail","surface":"compacted"},"geometry":{"type":"LineString","coordinates":[[-122.463544,37.804593],[-122.46363,37.804128],[-122.4638,37.803223]]}},{"type":"Feature","properties":{"kind":"trail","surface":"compacted"},"geometry":{"type":"LineString","coordinates":[[-122.466433,37.803569],[-122.46363,37.804128],[-122.460971,37.804652]]}},{"type":"Feature","properties":{"kind":"road","name":"Golden Gate Promenade","surface":"compacted"},"geometry":{"type":"LineString","coordinates":[[-122.461981,37.804677],[-122.461549,37.804696],[-122.46111,37.804673],[-122.460971,37.804652],[-122.460505,37.804725],[-122.459842,37.804811],[-122.458952,37.804928],[-122.45832,37.805008],[-122.457671,37.80509],[-122.457338,37.805132],[-122.456972,37.805179],[-122.455621,37.805355],[-122.454586,37.805488],[-122.454353,37.80552]]}},{"type":"Feature","properties":{"kind":"trail","surface":"compacted"},"geometry":{"type":"LineString","coordinates":[[-122.460971,37.804652],[-122.460505,37.804453],[-122.460205,37.804121],[-122.460119,37.803809],[-122.460252,37.803369]]}},{"type":"Feature","properties":{"kind":"trail"},"geometry":{"type":"LineString","coordinates":[[-122.465928,37.80477],[-122.465941,37.804741]]}},{"type":"Feature","properties":{"kind":"trail","surface":"compacted"},"geometry":{"type":"LineString","coordinates":[[-122.468145,37.804615],[-122.467435,37.805364]]}},{"type":"Feature","properties":{"kind":"trail","surface":"compacted"},"geometry":{"type":"LineString","coordinates":[[-122.452378,37.805367],[-122.452412,37.805328],[-122.452392,37.805216],[-122.452406,37.804974],[-122.452515,37.804762],[-122.452553,37.804496]]}},{"type":"Feature","properties":{"kind":"trail","surface":"compacted"},"geometry":{"type":"LineString","coordinates":[[-122.452445,37.805689],[-122.452859,37.805391],[-122.453171,37.805298]]}},{"type":"Feature","properties":{"kind":"trail","surface":"compacted"},"geometry":{"type":"LineString","coordinates":[[-122.453613,37.805613],[-122.453278,37.805449],[-122.453171,37.805298],[-122.453109,37.805232],[-122.452711,37.805071],[-122.452583,37.804959],[-122.452515,37.804762]]}},{"type":"Feature","properties":{"kind":"trail"},"geometry":{"type":"LineString","coordinates":[[-122.450433,37.806045],[-122.449486,37.805516],[-122.44873,37.805102]]}},{"type":"Feature","properties":{"kind":"trail","name":"Locust Street","surface":"concrete"},"geometry":{"type":"LineString","coordinates":[[-122.451776,37.786627],[-122.451744,37.786468]]}},{"type":"Feature","properties":{"kind":"trail","surface":"dirt"},"geometry":{"type":"LineString","coordinates":[[-122.482169,37.795169],[-122.482191,37.795053],[-122.482104,37.794694],[-122.482206,37.794438],[-122.482383,37.794111],[-122.482408,37.794062],[-122.482436,37.79401],[-122.482481,37.79393],[-122.482511,37.793872],[-122.482551,37.793798],[-122.482713,37.793518]]}},{"type":"Feature","properties":{"kind":"trail","name":"Coastal Trail","surface":"dirt"},"geometry":{"type":"LineString","coordinates":[[-122.478184,37.800423],[-122.478345,37.800078],[-122.478438,37.799485],[-122.478766,37.79882],[-122.478962,37.798396],[-122.478998,37.798207],[-122.478686,37.797453],[-122.478685,37.797292],[-122.478792,37.797156],[-122.4793,37.796922],[-122.479421,37.796802],[-122.479568,37.796536],[-122.479686,37.796257]]}},{"type":"Feature","properties":{"kind":"steps","name":"Sand Ladder","surface":"sand"},"geometry":{"type":"LineString","coordinates":[[-122.479815,37.79635],[-122.479897,37.796395],[-122.480349,37.796407],[-122.480665,37.796469],[-122.481816,37.796796]]}},{"type":"Feature","properties":{"kind":"trail","surface":"sand"},"geometry":{"type":"LineString","coordinates":[[-122.483818,37.792584],[-122.483625,37.792389]]}},{"type":"Feature","properties":{"kind":"steps","surface":"sand"},"geometry":{"type":"LineString","coordinates":[[-122.482216,37.795428],[-122.482385,37.795634]]}},{"type":"Feature","properties":{"kind":"trail","name":"Batteries to Bluffs Trail","surface":"dirt"},"geometry":{"type":"LineString","coordinates":[[-122.47949,37.800298],[-122.479171,37.800486],[-122.479132,37.800551],[-122.479106,37.800714],[-122.47927,37.800914]]}},{"type":"Feature","properties":{"kind":"trail","surface":"dirt"},"geometry":{"type":"LineString","coordinates":[[-122.483105,37.793256],[-122.483121,37.793322],[-122.483139,37.793429],[-122.483057,37.793686],[-122.48246,37.794856],[-122.482317,37.794971],[-122.482191,37.795053]]}},{"type":"Feature","properties":{"kind":"trail"},"geometry":{"type":"LineString","coordinates":[[-122.477808,37.801997],[-122.477667,37.802014],[-122.477525,37.802331],[-122.477206,37.802736],[-122.477128,37.803124]]}},{"type":"Feature","properties":{"kind":"road","surface":"asphalt"},"geometry":{"type":"LineString","coordinates":[[-122.475326,37.808431],[-122.475527,37.808609],[-122.475632,37.808637],[-122.475922,37.808602],[-122.476245,37.808411]]}},{"type":"Feature","properties":{"kind":"road","name":"Geary Boulevard","surface":"asphalt"},"geometry":{"type":"LineString","coordinates":[[-122.501909,37.779528],[-122.501717,37.779467],[-122.500824,37.779382]]}},{"type":"Feature","properties":{"kind":"road","name":"Geary Boulevard"},"geometry":{"type":"LineString","coordinates":[[-122.505106,37.779167],[-122.509389,37.778976]]}},{"type":"Feature","properties":{"kind":"road","name":"Arguello Boulevard","surface":"asphalt"},"geometry":{"type":"LineString","coordinates":[[-122.458823,37.791701],[-122.458901,37.790969],[-122.458684,37.790366],[-122.458687,37.790081],[-122.459488,37.789693]]}},{"type":"Feature","properties":{"kind":"trail","name":"Lyon Street","surface":"concrete:plates"},"geometry":{"type":"LineString","coordinates":[[-122.44646,37.792815],[-122.446467,37.792949]]}},{"type":"Feature","properties":{"kind":"road","name":"California Street","surface":"asphalt"},"geometry":{"type":"LineString","coordinates":[[-122.472673,37.784451],[-122.485026,37.78389],[-122.492526,37.78355]]}},{"type":"Feature","properties":{"kind":"road","surface":"asphalt"},"geometry":{"type":"LineString","coordinates":[[-122.473934,37.807254],[-122.474463,37.807672],[-122.474689,37.807699],[-122.474801,37.807645]]}},{"type":"Feature","properties":{"kind":"road","surface":"asphalt"},"geometry":{"type":"LineString","coordinates":[[-122.474798,37.807596],[-122.474498,37.807602],[-122.474162,37.807308]]}},{"type":"Feature","properties":{"kind":"trail","surface":"gravel"},"geometry":{"type":"LineString","coordinates":[[-122.476418,37.805584],[-122.476506,37.80538],[-122.476696,37.805101],[-122.476751,37.804959],[-122.476791,37.804709],[-122.476697,37.804442],[-122.476575,37.804349],[-122.476237,37.804265],[-122.476044,37.804],[-122.476046,37.803803]]}},{"type":"Feature","properties":{"kind":"road","name":"25th Avenue","surface":"asphalt"},"geometry":{"type":"LineString","coordinates":[[-122.485295,37.787617],[-122.48516,37.785754]]}},{"type":"Feature","properties":{"kind":"road","name":"El Camino del Mar"},"geometry":{"type":"LineString","coordinates":[[-122.485295,37.787617],[-122.487816,37.787504],[-122.488093,37.787531],[-122.488515,37.78766],[-122.488864,37.787684],[-122.489257,37.787616],[-122.489614,37.787463]]}},{"type":"Feature","properties":{"kind":"road","name":"El Camino del Mar"},"geometry":{"type":"LineString","coordinates":[[-122.490585,37.786276],[-122.4902,37.786382],[-122.489788,37.786719],[-122.489641,37.787041],[-122.489614,37.787463]]}},{"type":"Feature","properties":{"kind":"road","name":"Lincoln Boulevard","surface":"asphalt"},"geometry":{"type":"LineString","coordinates":[[-122.474688,37.806167],[-122.475055,37.805882],[-122.475466,37.805355],[-122.475601,37.80496],[-122.475647,37.804415]]}},{"type":"Feature","properties":{"kind":"road","surface":"asphalt"},"geometry":{"type":"LineString","coordinates":[[-122.475021,37.807486],[-122.474844,37.807566]]}},{"type":"Feature","properties":{"kind":"road","name":"Lincoln Boulevard","surface":"asphalt"},"geometry":{"type":"LineString","coordinates":[[-122.469919,37.804994],[-122.469885,37.805173],[-122.469917,37.805515],[-122.470106,37.805867]]}},{"type":"Feature","properties":{"kind":"road","name":"Lincoln Boulevard"},"geometry":{"type":"LineString","coordinates":[[-122.46914,37.803493],[-122.46932,37.803933],[-122.46985,37.804352],[-122.470005,37.804636]]}},{"type":"Feature","properties":{"kind":"road","name":"McDowell Avenue"},"geometry":{"type":"LineString","coordinates":[[-122.467236,37.799609],[-122.467098,37.800959]]}},{"type":"Feature","properties":{"kind":"road","name":"Cervantes Boulevard","surface":"asphalt"},"geometry":{"type":"LineString","coordinates":[[-122.439262,37.804087],[-122.441962,37.805539]]}},{"type":"Feature","properties":{"kind":"road","name":"Lombard Street","surface":"asphalt"},"geometry":{"type":"LineString","coordinates":[[-122.447344,37.798468],[-122.447744,37.798418],[-122.447921,37.798347],[-122.448294,37.797908]]}},{"type":"Feature","properties":{"kind":"road","name":"Presidio Boulevard","surface":"asphalt"},"geometry":{"type":"LineString","coordinates":[[-122.451398,37.797839],[-122.451841,37.798501],[-122.452264,37.798909]]}},{"type":"Feature","properties":{"kind":"road","name":"Euclid Avenue","surface":"asphalt"},"geometry":{"type":"LineString","coordinates":[[-122.447628,37.785095],[-122.448006,37.78501]]}},{"type":"Feature","properties":{"kind":"road","name":"Masonic Avenue","surface":"asphalt"},"geometry":{"type":"LineString","coordinates":[[-122.44765,37.781868],[-122.447693,37.781645]]}},{"type":"Feature","properties":{"kind":"trail","name":"Lovers' Lane","surface":"asphalt"},"geometry":{"type":"LineString","coordinates":[[-122.455135,37.798091],[-122.454883,37.797992],[-122.454704,37.797924]]}},{"type":"Feature","properties":{"kind":"steps"},"geometry":{"type":"LineString","coordinates":[[-122.457345,37.797126],[-122.456945,37.796983]]}},{"type":"Feature","properties":{"kind":"steps","name":"Sutro Baths Upper Trail","surface":"unpaved"},"geometry":{"type":"LineString","coordinates":[[-122.512274,37.781649],[-122.512168,37.781626]]}},{"type":"Feature","properties":{"kind":"trail","name":"El Camino del Mar","surface":"unpaved"},"geometry":{"type":"LineString","coordinates":[[-122.508467,37.783904],[-122.50832,37.78394],[-122.508077,37.783905],[-122.507382,37.783872],[-122.506192,37.784083],[-122.505463,37.784067]]}},{"type":"Feature","properties":{"kind":"trail","name":"El Camino del Mar","surface":"wood"},"geometry":{"type":"LineString","coordinates":[[-122.505146,37.783984],[-122.505021,37.783937]]}},{"type":"Feature","properties":{"kind":"trail"},"geometry":{"type":"LineString","coordinates":[[-122.50108,37.785118],[-122.501097,37.785197]]}},{"type":"Feature","properties":{"kind":"steps","name":"El Camino del Mar","surface":"unpaved"},"geometry":{"type":"LineString","coordinates":[[-122.504523,37.783999],[-122.504306,37.784101],[-122.504209,37.784033]]}},{"type":"Feature","properties":{"kind":"steps"},"geometry":{"type":"LineString","coordinates":[[-122.50108,37.785118],[-122.501134,37.784941]]}},{"type":"Feature","properties":{"kind":"trail","surface":"paved"},"geometry":{"type":"LineString","coordinates":[[-122.499913,37.78588],[-122.499143,37.785882],[-122.499021,37.785801],[-122.498851,37.785528],[-122.498797,37.785145],[-122.498789,37.784865],[-122.498488,37.784482],[-122.498095,37.784119],[-122.497589,37.783544],[-122.497514,37.783503],[-122.497427,37.783543],[-122.497295,37.783615],[-122.497079,37.783496],[-122.496965,37.783494],[-122.496824,37.783682],[-122.496732,37.783705],[-122.496062,37.783448],[-122.495564,37.783222],[-122.495276,37.783034],[-122.495053,37.782694],[-122.494517,37.782329]]}},{"type":"Feature","properties":{"kind":"trail","surface":"paved"},"geometry":{"type":"LineString","coordinates":[[-122.501554,37.786501],[-122.501605,37.78662],[-122.501667,37.786642],[-122.502565,37.786474],[-122.502633,37.786397],[-122.502589,37.786346],[-122.502393,37.786336],[-122.501673,37.786484]]}},{"type":"Feature","properties":{"kind":"trail","surface":"asphalt"},"geometry":{"type":"LineString","coordinates":[[-122.505065,37.78599],[-122.504724,37.78588],[-122.504091,37.785838]]}},{"type":"Feature","properties":{"kind":"steps"},"geometry":{"type":"LineString","coordinates":[[-122.514071,37.781045],[-122.514145,37.781046],[-122.514162,37.781046]]}},{"type":"Feature","properties":{"kind":"trail","surface":"unpaved"},"geometry":{"type":"LineString","coordinates":[[-122.512595,37.780669],[-122.512681,37.780689],[-122.51281,37.780608],[-122.513041,37.780689],[-122.513173,37.78066],[-122.513398,37.780806],[-122.513867,37.780838],[-122.514228,37.780929],[-122.514283,37.781014],[-122.514162,37.781046]]}},{"type":"Feature","properties":{"kind":"trail","surface":"unpaved"},"geometry":{"type":"LineString","coordinates":[[-122.513025,37.779176],[-122.512999,37.779256],[-122.51281,37.77938],[-122.51247,37.779593],[-122.512402,37.779775],[-122.512492,37.780068],[-122.512811,37.780302],[-122.51309,37.780437],[-122.513285,37.780585],[-122.513531,37.780622],[-122.513892,37.780691],[-122.514095,37.780786]]}},{"type":"Feature","properties":{"kind":"trail","surface":"unpaved"},"geometry":{"type":"LineString","coordinates":[[-122.512811,37.780302],[-122.51277,37.780309]]}},{"type":"Feature","properties":{"kind":"trail","surface":"compacted"},"geometry":{"type":"LineString","coordinates":[[-122.511962,37.780663],[-122.511917,37.780864],[-122.51171,37.780952]]}},{"type":"Feature","properties":{"kind":"trail","name":"Coastal Trail","surface":"dirt"},"geometry":{"type":"LineString","coordinates":[[-122.505065,37.78599],[-122.505174,37.786156],[-122.505169,37.786401],[-122.505082,37.786594],[-122.504785,37.786757],[-122.503888,37.786855],[-122.502875,37.787142]]}},{"type":"Feature","properties":{"kind":"trail","name":"Coastal Trail","surface":"unpaved"},"geometry":{"type":"LineString","coordinates":[[-122.509332,37.784039],[-122.508523,37.784385],[-122.508022,37.784496],[-122.507732,37.784648],[-122.507498,37.784637],[-122.507116,37.784534],[-122.506869,37.784482],[-122.506456,37.784627],[-122.505997,37.784624],[-122.505846,37.784667]]}},{"type":"Feature","properties":{"kind":"trail","surface":"concrete"},"geometry":{"type":"LineString","coordinates":[[-122.511318,37.783369],[-122.511299,37.783333]]}},{"type":"Feature","properties":{"kind":"trail","surface":"unpaved"},"geometry":{"type":"LineString","coordinates":[[-122.514095,37.780786],[-122.514042,37.781166]]}},{"type":"Feature","properties":{"kind":"trail","name":"El Camino del Mar","surface":"paved"},"geometry":{"type":"LineString","coordinates":[[-122.510079,37.783178],[-122.510026,37.783254],[-122.509167,37.783772],[-122.508826,37.783875],[-122.508467,37.783904]]}},{"type":"Feature","properties":{"kind":"trail","surface":"asphalt"},"geometry":{"type":"LineString","coordinates":[[-122.509781,37.779845],[-122.509894,37.779616]]}},{"type":"Feature","properties":{"kind":"trail","surface":"compacted"},"geometry":{"type":"LineString","coordinates":[[-122.510786,37.778049],[-122.510897,37.777835],[-122.510814,37.777682],[-122.510679,37.777696]]}},{"type":"Feature","properties":{"kind":"trail","surface":"compacted"},"geometry":{"type":"LineString","coordinates":[[-122.510831,37.777556],[-122.510814,37.777682]]}},{"type":"Feature","properties":{"kind":"road"},"geometry":{"type":"LineString","coordinates":[[-122.514392,37.78113],[-122.514384,37.781024],[-122.514504,37.780867],[-122.514349,37.78097],[-122.514233,37.780809],[-122.513867,37.780838],[-122.513891,37.780906],[-122.514009,37.780872],[-122.514146,37.780932],[-122.514145,37.781046],[-122.514148,37.781141],[-122.514203,37.781182],[-122.514304,37.781187],[-122.514392,37.78113]]}},{"type":"Feature","properties":{"kind":"trail"},"geometry":{"type":"LineString","coordinates":[[-122.501099,37.78394],[-122.501176,37.783091],[-122.501086,37.781768],[-122.501008,37.781687],[-122.500014,37.781546],[-122.49986,37.781603],[-122.499519,37.781574],[-122.498415,37.781722],[-122.49799,37.78184],[-122.496951,37.782016],[-122.496772,37.782174],[-122.495988,37.782338]]}},{"type":"Feature","properties":{"kind":"trail","surface":"asphalt"},"geometry":{"type":"LineString","coordinates":[[-122.495112,37.782379],[-122.495249,37.782357],[-122.495445,37.782414],[-122.495615,37.782339],[-122.495988,37.782338],[-122.496343,37.782377],[-122.497224,37.78231],[-122.498391,37.782337],[-122.498657,37.78229],[-122.498906,37.782331],[-122.499267,37.782247],[-122.499679,37.782914],[-122.499988,37.783118],[-122.500167,37.783457],[-122.500262,37.78383],[-122.500121,37.78412],[-122.500153,37.784428]]}},{"type":"Feature","properties":{"kind":"trail","surface":"asphalt"},"geometry":{"type":"LineString","coordinates":[[-122.497327,37.783067],[-122.497367,37.78301],[-122.498017,37.783117],[-122.498191,37.783265],[-122.49858,37.783416],[-122.499438,37.784108],[-122.499695,37.784575]]}},{"type":"Feature","properties":{"kind":"trail"},"geometry":{"type":"LineString","coordinates":[[-122.498851,37.785528],[-122.498108,37.785096],[-122.49742,37.784933],[-122.496825,37.78453],[-122.496056,37.78414],[-122.495309,37.783661],[-122.49457,37.783351],[-122.494594,37.783499],[-122.494767,37.783797],[-122.494803,37.784065],[-122.495453,37.784644],[-122.495679,37.784749],[-122.496388,37.784796],[-122.496702,37.784918],[-122.496749,37.78496],[-122.496718,37.785142],[-122.496777,37.785224],[-122.49738,37.785526],[-122.497544,37.785675],[-122.49841,37.786017],[-122.498172,37.785998],[-122.497458,37.785773],[-122.496621,37.785288],[-122.496159,37.785512],[-122.496145,37.785579],[-122.49622,37.785739]]}},{"type":"Feature","properties":{"kind":"trail"},"geometry":{"type":"LineString","coordinates":[[-122.500014,37.781546],[-122.500039,37.782365],[-122.500266,37.782676],[-122.500416,37.783482],[-122.500584,37.783685],[-122.500988,37.783906]]}},{"type":"Feature","properties":{"kind":"track"},"geometry":{"type":"LineString","coordinates":[[-122.494517,37.782329],[-122.494387,37.782488],[-122.494237,37.782507]]}},{"type":"Feature","properties":{"kind":"trail"},"geometry":{"type":"LineString","coordinates":[[-122.49386,37.782115],[-122.493381,37.78172]]}},{"type":"Feature","properties":{"kind":"trail"},"geometry":{"type":"LineString","coordinates":[[-122.494317,37.786129],[-122.494343,37.786153],[-122.494469,37.786075],[-122.495987,37.786037],[-122.496829,37.786165],[-122.496657,37.785967],[-122.496249,37.785836]]}},{"type":"Feature","properties":{"kind":"trail"},"geometry":{"type":"LineString","coordinates":[[-122.491153,37.78778],[-122.491135,37.787755]]}},{"type":"Feature","properties":{"kind":"trail","name":"Lobos Creek Valley Trail","surface":"wood"},"geometry":{"type":"LineString","coordinates":[[-122.482068,37.788464],[-122.482171,37.788369],[-122.482224,37.788236],[-122.482256,37.788085],[-122.482184,37.787965],[-122.481784,37.787836],[-122.481605,37.78773],[-122.481245,37.787703],[-122.481041,37.787797],[-122.480884,37.787726],[-122.48066,37.787749],[-122.480385,37.7877],[-122.480126,37.78778],[-122.479701,37.787814],[-122.478924,37.787515],[-122.478674,37.787573],[-122.47864,37.787704],[-122.478604,37.787833],[-122.478643,37.787909],[-122.478901,37.787875],[-122.479063,37.787895],[-122.479117,37.787947],[-122.479119,37.788033],[-122.478981,37.788205]]}},{"type":"Feature","properties":{"kind":"trail","surface":"wood"},"geometry":{"type":"LineString","coordinates":[[-122.510332,37.775209],[-122.5104,37.775273],[-122.510737,37.775371],[-122.51081,37.775443]]}},{"type":"Feature","properties":{"kind":"trail","surface":"paving_stones"},"geometry":{"type":"LineString","coordinates":[[-122.448789,37.798441],[-122.448823,37.798607],[-122.448684,37.798846],[-122.448812,37.799024],[-122.448758,37.799173],[-122.448802,37.799284]]}},{"type":"Feature","properties":{"kind":"trail","surface":"paving_stones"},"geometry":{"type":"LineString","coordinates":[[-122.447861,37.798445],[-122.447956,37.798497],[-122.448759,37.798423]]}},{"type":"Feature","properties":{"kind":"trail","surface":"paving_stones"},"geometry":{"type":"LineString","coordinates":[[-122.448782,37.7984],[-122.448745,37.798255],[-122.448608,37.798072],[-122.448329,37.798138]]}},{"type":"Feature","properties":{"kind":"trail"},"geometry":{"type":"LineString","coordinates":[[-122.450059,37.798653],[-122.449925,37.798874],[-122.449979,37.799128],[-122.449734,37.799278],[-122.449669,37.799471]]}},{"type":"Feature","properties":{"kind":"trail"},"geometry":{"type":"LineString","coordinates":[[-122.450905,37.79992],[-122.451183,37.799487],[-122.451586,37.799387],[-122.451828,37.799419],[-122.452182,37.799549],[-122.452373,37.799749],[-122.452502,37.800053]]}},{"type":"Feature","properties":{"kind":"trail"},"geometry":{"type":"LineString","coordinates":[[-122.451586,37.799387],[-122.451677,37.799303],[-122.451625,37.799248]]}},{"type":"Feature","properties":{"kind":"trail","name":"Bay Area Ridge Trail","surface":"compacted"},"geometry":{"type":"LineString","coordinates":[[-122.458213,37.79003],[-122.458237,37.78996]]}},{"type":"Feature","properties":{"kind":"trail","surface":"compacted"},"geometry":{"type":"LineString","coordinates":[[-122.454178,37.804591],[-122.454282,37.804473],[-122.454586,37.804376],[-122.454697,37.804266],[-122.454703,37.804218]]}},{"type":"Feature","properties":{"kind":"trail","surface":"wood"},"geometry":{"type":"LineString","coordinates":[[-122.453676,37.805078],[-122.453982,37.804843],[-122.454178,37.804591]]}},{"type":"Feature","properties":{"kind":"trail","surface":"compacted"},"geometry":{"type":"LineString","coordinates":[[-122.453171,37.805298],[-122.453676,37.805078]]}},{"type":"Feature","properties":{"kind":"road","name":"Lincoln Boulevard","surface":"asphalt"},"geometry":{"type":"LineString","coordinates":[[-122.480715,37.793406],[-122.480895,37.79303],[-122.481011,37.792352]]}},{"type":"Feature","properties":{"kind":"road","name":"Presidio Avenue","surface":"asphalt"},"geometry":{"type":"LineString","coordinates":[[-122.445816,37.782403],[-122.445863,37.782608]]}},{"type":"Feature","properties":{"kind":"steps","name":"Baker Street"},"geometry":{"type":"LineString","coordinates":[[-122.444937,37.793009],[-122.445132,37.793956]]}},{"type":"Feature","properties":{"kind":"trail","name":"Broderick Street"},"geometry":{"type":"LineString","coordinates":[[-122.44321,37.793228],[-122.443153,37.793348],[-122.443296,37.794101],[-122.4434,37.794177]]}},{"type":"Feature","properties":{"kind":"road","name":"Presidio Boulevard","surface":"asphalt"},"geometry":{"type":"LineString","coordinates":[[-122.45166,37.79664],[-122.451627,37.796496],[-122.451418,37.795787],[-122.451273,37.795618],[-122.450956,37.795415],[-122.450509,37.795127],[-122.450089,37.794979],[-122.449679,37.794917],[-122.449142,37.795006],[-122.448893,37.794939],[-122.448685,37.794801],[-122.44855,37.794559],[-122.448529,37.79403],[-122.447987,37.793014],[-122.447756,37.792035]]}},{"type":"Feature","properties":{"kind":"road","name":"Turk Boulevard","surface":"asphalt"},"geometry":{"type":"LineString","coordinates":[[-122.44987,37.778275],[-122.450348,37.778244]]}},{"type":"Feature","properties":{"kind":"road","name":"Turk Boulevard","surface":"asphalt"},"geometry":{"type":"LineString","coordinates":[[-122.453406,37.777836],[-122.455236,37.777607]]}},{"type":"Feature","properties":{"kind":"road","name":"Turk Boulevard","surface":"asphalt"},"geometry":{"type":"LineString","coordinates":[[-122.452436,37.777893],[-122.450588,37.778136],[-122.44987,37.778275]]}},{"type":"Feature","properties":{"kind":"trail"},"geometry":{"type":"LineString","coordinates":[[-122.450272,37.799696],[-122.449669,37.799471],[-122.449493,37.799414],[-122.44928,37.799346],[-122.448802,37.799284],[-122.448207,37.799335],[-122.447748,37.799355],[-122.447574,37.79938]]}},{"type":"Feature","properties":{"kind":"trail"},"geometry":{"type":"LineString","coordinates":[[-122.448473,37.799481],[-122.448207,37.799335]]}},{"type":"Feature","properties":{"kind":"road","name":"Lombard Street","surface":"asphalt"},"geometry":{"type":"LineString","coordinates":[[-122.445269,37.798721],[-122.447344,37.798468]]}},{"type":"Feature","properties":{"kind":"road","name":"Lombard Street","surface":"asphalt"},"geometry":{"type":"LineString","coordinates":[[-122.445269,37.798721],[-122.444714,37.798758]]}},{"type":"Feature","properties":{"kind":"road","name":"Fulton Street","surface":"asphalt"},"geometry":{"type":"LineString","coordinates":[[-122.441507,37.776445],[-122.444794,37.776025]]}},{"type":"Feature","properties":{"kind":"road","name":"Fulton Street","surface":"asphalt"},"geometry":{"type":"LineString","coordinates":[[-122.441507,37.776445],[-122.438728,37.776798]]}},{"type":"Feature","properties":{"kind":"trail","surface":"asphalt"},"geometry":{"type":"LineString","coordinates":[[-122.448998,37.800683],[-122.449063,37.800401]]}},{"type":"Feature","properties":{"kind":"trail"},"geometry":{"type":"LineString","coordinates":[[-122.449034,37.800753],[-122.449219,37.800924],[-122.450072,37.801253]]}},{"type":"Feature","properties":{"kind":"trail","surface":"asphalt"},"geometry":{"type":"LineString","coordinates":[[-122.448646,37.800708],[-122.448941,37.800739]]}},{"type":"Feature","properties":{"kind":"trail"},"geometry":{"type":"LineString","coordinates":[[-122.449144,37.797585],[-122.449989,37.797697],[-122.450469,37.797853],[-122.450926,37.798151],[-122.451229,37.798096],[-122.451292,37.797985],[-122.450989,37.797815],[-122.450469,37.797853]]}},{"type":"Feature","properties":{"kind":"trail"},"geometry":{"type":"LineString","coordinates":[[-122.450926,37.798151],[-122.451045,37.798247],[-122.451144,37.798442]]}},{"type":"Feature","properties":{"kind":"trail"},"geometry":{"type":"LineString","coordinates":[[-122.450926,37.798151],[-122.450737,37.798292]]}},{"type":"Feature","properties":{"kind":"trail","surface":"asphalt"},"geometry":{"type":"LineString","coordinates":[[-122.451292,37.797985],[-122.451308,37.797898],[-122.451201,37.797746]]}},{"type":"Feature","properties":{"kind":"trail","surface":"paving_stones"},"geometry":{"type":"LineString","coordinates":[[-122.448608,37.798072],[-122.448931,37.79802],[-122.449157,37.798054],[-122.449613,37.797923]]}},{"type":"Feature","properties":{"kind":"trail"},"geometry":{"type":"LineString","coordinates":[[-122.452061,37.798504],[-122.452345,37.798657],[-122.45267,37.798736],[-122.453016,37.798752],[-122.453172,37.798711]]}},{"type":"Feature","properties":{"kind":"trail"},"geometry":{"type":"LineString","coordinates":[[-122.45226,37.798797],[-122.452648,37.798871],[-122.452915,37.798907],[-122.453197,37.798873]]}},{"type":"Feature","properties":{"kind":"trail"},"geometry":{"type":"LineString","coordinates":[[-122.45289,37.801538],[-122.452696,37.80147],[-122.452572,37.801678],[-122.452626,37.801718]]}},{"type":"Feature","properties":{"kind":"trail"},"geometry":{"type":"LineString","coordinates":[[-122.452696,37.80147],[-122.452404,37.801287]]}},{"type":"Feature","properties":{"kind":"trail"},"geometry":{"type":"LineString","coordinates":[[-122.453789,37.802184],[-122.453211,37.802105]]}},{"type":"Feature","properties":{"kind":"trail"},"geometry":{"type":"LineString","coordinates":[[-122.453211,37.802105],[-122.45304,37.802193],[-122.453009,37.802309],[-122.45293,37.802348]]}},{"type":"Feature","properties":{"kind":"trail"},"geometry":{"type":"LineString","coordinates":[[-122.453107,37.802061],[-122.453211,37.802105]]}},{"type":"Feature","properties":{"kind":"trail"},"geometry":{"type":"LineString","coordinates":[[-122.454832,37.801779],[-122.45502,37.801537],[-122.455317,37.801676],[-122.455327,37.801742],[-122.455774,37.801958],[-122.455822,37.801939]]}},{"type":"Feature","properties":{"kind":"trail"},"geometry":{"type":"LineString","coordinates":[[-122.45502,37.801537],[-122.455237,37.801238]]}},{"type":"Feature","properties":{"kind":"trail"},"geometry":{"type":"LineString","coordinates":[[-122.455176,37.801943],[-122.455006,37.802171],[-122.454701,37.802024]]}},{"type":"Feature","properties":{"kind":"trail","name":"Mesa Street"},"geometry":{"type":"LineString","coordinates":[[-122.455006,37.802171],[-122.454931,37.802267]]}},{"type":"Feature","properties":{"kind":"trail"},"geometry":{"type":"LineString","coordinates":[[-122.455327,37.801742],[-122.455176,37.801943],[-122.455303,37.802004]]}},{"type":"Feature","properties":{"kind":"trail"},"geometry":{"type":"LineString","coordinates":[[-122.447937,37.802985],[-122.448156,37.802954]]}},{"type":"Feature","properties":{"kind":"trail","surface":"asphalt"},"geometry":{"type":"LineString","coordinates":[[-122.448923,37.802864],[-122.448929,37.803148],[-122.448778,37.803506],[-122.448543,37.803721],[-122.44833,37.803775],[-122.448368,37.803969]]}},{"type":"Feature","properties":{"kind":"trail","surface":"asphalt"},"geometry":{"type":"LineString","coordinates":[[-122.448283,37.801738],[-122.448186,37.801728],[-122.448105,37.801845],[-122.447942,37.801872],[-122.447757,37.801911],[-122.447638,37.801934],[-122.447228,37.801952],[-122.4471,37.802278],[-122.447023,37.802363],[-122.447087,37.80249],[-122.447015,37.802599],[-122.447095,37.802732],[-122.447189,37.803438],[-122.447339,37.803582],[-122.44733,37.8037],[-122.447298,37.803795],[-122.447469,37.804032],[-122.447664,37.804135],[-122.447964,37.80415],[-122.44816,37.804002],[-122.448335,37.804023],[-122.448368,37.803969]]}},{"type":"Feature","properties":{"kind":"trail","surface":"paving_stones"},"geometry":{"type":"LineString","coordinates":[[-122.45206,37.794239],[-122.451846,37.794375]]}},{"type":"Feature","properties":{"kind":"trail","surface":"paving_stones"},"geometry":{"type":"LineString","coordinates":[[-122.45226,37.7944],[-122.45243,37.794395],[-122.452514,37.794449]]}},{"type":"Feature","properties":{"kind":"trail","surface":"paving_stones"},"geometry":{"type":"LineString","coordinates":[[-122.452244,37.79444],[-122.452253,37.794481]]}},{"type":"Feature","properties":{"kind":"trail","surface":"paving_stones"},"geometry":{"type":"LineString","coordinates":[[-122.452148,37.794332],[-122.45226,37.7944],[-122.452244,37.79444],[-122.452195,37.794432]]}},{"type":"Feature","properties":{"kind":"trail","surface":"paving_stones"},"geometry":{"type":"LineString","coordinates":[[-122.452133,37.794348],[-122.452139,37.794391]]}},{"type":"Feature","properties":{"kind":"trail","surface":"paving_stones"},"geometry":{"type":"LineString","coordinates":[[-122.452498,37.793826],[-122.452497,37.794084],[-122.452566,37.794159],[-122.452652,37.794154],[-122.452653,37.794728],[-122.452601,37.794782],[-122.452593,37.794911],[-122.452527,37.794942]]}},{"type":"Feature","properties":{"kind":"trail","surface":"paving_stones"},"geometry":{"type":"LineString","coordinates":[[-122.452497,37.794084],[-122.452231,37.794095],[-122.45206,37.794239],[-122.452148,37.794332],[-122.452133,37.794348],[-122.452082,37.794344]]}},{"type":"Feature","properties":{"kind":"trail","surface":"concrete"},"geometry":{"type":"LineString","coordinates":[[-122.454414,37.797205],[-122.454353,37.797084]]}},{"type":"Feature","properties":{"kind":"trail","surface":"concrete"},"geometry":{"type":"LineString","coordinates":[[-122.459236,37.798552],[-122.458999,37.798426],[-122.458661,37.798286]]}},{"type":"Feature","properties":{"kind":"trail","surface":"concrete"},"geometry":{"type":"LineString","coordinates":[[-122.45902,37.798392],[-122.459276,37.797987]]}},{"type":"Feature","properties":{"kind":"trail","surface":"unpaved"},"geometry":{"type":"LineString","coordinates":[[-122.513531,37.780622],[-122.51356,37.780439]]}},{"type":"Feature","properties":{"kind":"trail","surface":"unpaved"},"geometry":{"type":"LineString","coordinates":[[-122.513173,37.78066],[-122.513103,37.780568],[-122.51309,37.780437]]}},{"type":"Feature","properties":{"kind":"trail"},"geometry":{"type":"LineString","coordinates":[[-122.512168,37.781626],[-122.512115,37.781808],[-122.512028,37.78194],[-122.511849,37.781797],[-122.511517,37.781648],[-122.511481,37.781693],[-122.511505,37.781915]]}},{"type":"Feature","properties":{"kind":"trail"},"geometry":{"type":"LineString","coordinates":[[-122.475292,37.803936],[-122.475274,37.803846]]}},{"type":"Feature","properties":{"kind":"trail"},"geometry":{"type":"LineString","coordinates":[[-122.47404,37.802137],[-122.474074,37.802387],[-122.474383,37.802414],[-122.475072,37.802478]]}},{"type":"Feature","properties":{"kind":"trail"},"geometry":{"type":"LineString","coordinates":[[-122.47404,37.802137],[-122.474383,37.802414]]}},{"type":"Feature","properties":{"kind":"trail"},"geometry":{"type":"LineString","coordinates":[[-122.475274,37.803846],[-122.475274,37.803608],[-122.475273,37.803331],[-122.475272,37.803045],[-122.475271,37.802769],[-122.475271,37.802486],[-122.47527,37.802202],[-122.475268,37.801639],[-122.475385,37.801095],[-122.475391,37.800574],[-122.475384,37.800506],[-122.474883,37.800118],[-122.474841,37.800127],[-122.474586,37.800145],[-122.474398,37.800143],[-122.474292,37.800153],[-122.473791,37.800524],[-122.473703,37.801073],[-122.473911,37.801576],[-122.47404,37.802137],[-122.473662,37.801933]]}},{"type":"Feature","properties":{"kind":"trail"},"geometry":{"type":"LineString","coordinates":[[-122.473464,37.80433],[-122.473448,37.804442],[-122.473542,37.804707],[-122.473997,37.805046],[-122.474134,37.805276]]}},{"type":"Feature","properties":{"kind":"trail","name":"Andrews Road","surface":"compacted"},"geometry":{"type":"LineString","coordinates":[[-122.472278,37.807989],[-122.471829,37.807842],[-122.471371,37.807512],[-122.471011,37.806921],[-122.470329,37.806358],[-122.470165,37.806159],[-122.470133,37.806013]]}},{"type":"Feature","properties":{"kind":"trail","surface":"dirt"},"geometry":{"type":"LineString","coordinates":[[-122.475119,37.808684],[-122.47491,37.808504],[-122.474668,37.808408]]}},{"type":"Feature","properties":{"kind":"trail","surface":"concrete"},"geometry":{"type":"LineString","coordinates":[[-122.47298,37.807887],[-122.472825,37.807951],[-122.472794,37.808029],[-122.473108,37.808261],[-122.473144,37.808367],[-122.473089,37.808452],[-122.472974,37.808458],[-122.472725,37.808243],[-122.472607,37.808375],[-122.472545,37.808377],[-122.472499,37.808211]]}},{"type":"Feature","properties":{"kind":"trail","surface":"dirt"},"geometry":{"type":"LineString","coordinates":[[-122.474411,37.808326],[-122.47298,37.807887]]}},{"type":"Feature","properties":{"kind":"trail","name":"Mile Rock Trail"},"geometry":{"type":"LineString","coordinates":[[-122.505864,37.787015],[-122.505708,37.787527],[-122.505768,37.787657],[-122.505878,37.787808],[-122.505878,37.787917],[-122.505787,37.787965],[-122.505627,37.787929]]}},{"type":"Feature","properties":{"kind":"trail"},"geometry":{"type":"LineString","coordinates":[[-122.505768,37.787657],[-122.505663,37.787738]]}},{"type":"Feature","properties":{"kind":"steps"},"geometry":{"type":"LineString","coordinates":[[-122.47099,37.805754],[-122.471384,37.805321]]}},{"type":"Feature","properties":{"kind":"trail","surface":"sand"},"geometry":{"type":"LineString","coordinates":[[-122.455697,37.805735],[-122.455621,37.805355]]}},{"type":"Feature","properties":{"kind":"trail","surface":"dirt"},"geometry":{"type":"LineString","coordinates":[[-122.474803,37.798815],[-122.47483,37.798416]]}},{"type":"Feature","properties":{"kind":"trail","surface":"dirt"},"geometry":{"type":"LineString","coordinates":[[-122.471761,37.797249],[-122.470426,37.796021],[-122.469651,37.795746],[-122.469298,37.795702],[-122.469142,37.795603]]}},{"type":"Feature","properties":{"kind":"trail","surface":"dirt"},"geometry":{"type":"LineString","coordinates":[[-122.46718,37.796217],[-122.467128,37.79625],[-122.467,37.79634],[-122.466942,37.796459],[-122.466681,37.796516]]}},{"type":"Feature","properties":{"kind":"trail","name":"Dicha Alley"},"geometry":{"type":"LineString","coordinates":[[-122.449637,37.784148],[-122.449478,37.783737],[-122.449376,37.783696]]}},{"type":"Feature","properties":{"kind":"steps"},"geometry":{"type":"LineString","coordinates":[[-122.452523,37.783656],[-122.452595,37.78407]]}},{"type":"Feature","properties":{"kind":"trail","surface":"asphalt"},"geometry":{"type":"LineString","coordinates":[[-122.476341,37.808107],[-122.476411,37.808172]]}},{"type":"Feature","properties":{"kind":"trail","surface":"asphalt"},"geometry":{"type":"LineString","coordinates":[[-122.468625,37.787842],[-122.468827,37.787717],[-122.469599,37.787543],[-122.470851,37.787288],[-122.471238,37.787228],[-122.471681,37.787186],[-122.471784,37.787168],[-122.47189,37.787112],[-122.472283,37.786694],[-122.472347,37.786587],[-122.47236,37.786435]]}},{"type":"Feature","properties":{"kind":"steps"},"geometry":{"type":"LineString","coordinates":[[-122.505128,37.787211],[-122.505231,37.78676],[-122.505317,37.786586],[-122.505169,37.786401]]}},{"type":"Feature","properties":{"kind":"steps","surface":"rock"},"geometry":{"type":"LineString","coordinates":[[-122.448297,37.799912],[-122.44828,37.799991],[-122.448348,37.800069]]}},{"type":"Feature","properties":{"kind":"trail","surface":"asphalt"},"geometry":{"type":"LineString","coordinates":[[-122.448348,37.800069],[-122.448442,37.80012],[-122.448737,37.800245]]}},{"type":"Feature","properties":{"kind":"road","name":"Marina Boulevard","surface":"asphalt"},"geometry":{"type":"LineString","coordinates":[[-122.4481,37.804924],[-122.447648,37.80512]]}},{"type":"Feature","properties":{"kind":"road","name":"El Camino del Mar","surface":"asphalt"},"geometry":{"type":"LineString","coordinates":[[-122.493909,37.786365],[-122.494418,37.786005]]}},{"type":"Feature","properties":{"kind":"steps","name":"Coastal Trail"},"geometry":{"type":"LineString","coordinates":[[-122.502875,37.787142],[-122.502118,37.787359],[-122.50163,37.787343]]}},{"type":"Feature","properties":{"kind":"trail","surface":"paved"},"geometry":{"type":"LineString","coordinates":[[-122.503108,37.785854],[-122.503498,37.785567],[-122.504007,37.785335],[-122.504481,37.784776],[-122.504598,37.78471]]}},{"type":"Feature","properties":{"kind":"steps","name":"Coastal Trail","surface":"dirt"},"geometry":{"type":"LineString","coordinates":[[-122.500435,37.787304],[-122.500311,37.787319],[-122.500141,37.78744]]}},{"type":"Feature","properties":{"kind":"trail","surface":"ground"},"geometry":{"type":"LineString","coordinates":[[-122.471734,37.776791],[-122.471592,37.775119]]}},{"type":"Feature","properties":{"kind":"road","name":"Battery East Road","surface":"asphalt"},"geometry":{"type":"LineString","coordinates":[[-122.475326,37.808431],[-122.475191,37.808226]]}},{"type":"Feature","properties":{"kind":"trail","surface":"concrete"},"geometry":{"type":"LineString","coordinates":[[-122.47577,37.80775],[-122.475827,37.807787]]}},{"type":"Feature","properties":{"kind":"trail"},"geometry":{"type":"LineString","coordinates":[[-122.44821,37.804255],[-122.448165,37.804238],[-122.44816,37.804002]]}},{"type":"Feature","properties":{"kind":"trail","surface":"asphalt"},"geometry":{"type":"LineString","coordinates":[[-122.449219,37.800924],[-122.449367,37.800794]]}},{"type":"Feature","properties":{"kind":"trail","surface":"concrete"},"geometry":{"type":"LineString","coordinates":[[-122.448292,37.800482],[-122.448316,37.800431]]}},{"type":"Feature","properties":{"kind":"trail"},"geometry":{"type":"LineString","coordinates":[[-122.450753,37.80119],[-122.450595,37.801286],[-122.450292,37.801336]]}},{"type":"Feature","properties":{"kind":"trail"},"geometry":{"type":"LineString","coordinates":[[-122.450639,37.801481],[-122.450292,37.801336],[-122.450208,37.801307],[-122.450155,37.801286]]}},{"type":"Feature","properties":{"kind":"trail","surface":"paving_stones"},"geometry":{"type":"LineString","coordinates":[[-122.447748,37.799355],[-122.447824,37.799556],[-122.448008,37.799662]]}},{"type":"Feature","properties":{"kind":"trail","surface":"asphalt"},"geometry":{"type":"LineString","coordinates":[[-122.448857,37.80039],[-122.448849,37.800551],[-122.448706,37.800593]]}},{"type":"Feature","properties":{"kind":"trail","surface":"asphalt"},"geometry":{"type":"LineString","coordinates":[[-122.449315,37.800291],[-122.449493,37.800457],[-122.449483,37.800609]]}},{"type":"Feature","properties":{"kind":"trail","surface":"concrete"},"geometry":{"type":"LineString","coordinates":[[-122.452791,37.802264],[-122.45293,37.802348],[-122.453477,37.802559],[-122.453696,37.802393],[-122.453789,37.802184],[-122.453867,37.801898],[-122.453626,37.801774],[-122.453372,37.801744],[-122.453205,37.801722]]}},{"type":"Feature","properties":{"kind":"trail"},"geometry":{"type":"LineString","coordinates":[[-122.44733,37.8037],[-122.447226,37.803796],[-122.447226,37.803999],[-122.447179,37.804055]]}},{"type":"Feature","properties":{"kind":"trail"},"geometry":{"type":"LineString","coordinates":[[-122.453024,37.800352],[-122.452837,37.800174],[-122.452554,37.800132]]}},{"type":"Feature","properties":{"kind":"steps","surface":"concrete"},"geometry":{"type":"LineString","coordinates":[[-122.447824,37.796202],[-122.447835,37.796326]]}},{"type":"Feature","properties":{"kind":"trail","surface":"concrete"},"geometry":{"type":"LineString","coordinates":[[-122.447835,37.796326],[-122.447885,37.796689]]}},{"type":"Feature","properties":{"kind":"steps","surface":"paving_stones"},"geometry":{"type":"LineString","coordinates":[[-122.449061,37.795668],[-122.449006,37.795791],[-122.44843,37.796109]]}},{"type":"Feature","properties":{"kind":"steps","surface":"paving_stones"},"geometry":{"type":"LineString","coordinates":[[-122.451627,37.796496],[-122.451296,37.796518],[-122.451029,37.796292],[-122.450662,37.796205],[-122.450627,37.796132],[-122.450655,37.796081]]}},{"type":"Feature","properties":{"kind":"trail","name":"Lovers' Lane","surface":"asphalt"},"geometry":{"type":"LineString","coordinates":[[-122.447829,37.791875],[-122.447807,37.791927],[-122.447946,37.792107],[-122.448964,37.792997],[-122.4515,37.795215],[-122.451748,37.795418]]}},{"type":"Feature","properties":{"kind":"trail"},"geometry":{"type":"LineString","coordinates":[[-122.453335,37.801627],[-122.453372,37.801744]]}},{"type":"Feature","properties":{"kind":"trail"},"geometry":{"type":"LineString","coordinates":[[-122.453335,37.801627],[-122.453691,37.801416],[-122.45377,37.801278],[-122.453779,37.801109],[-122.453889,37.800818],[-122.454122,37.800771]]}},{"type":"Feature","properties":{"kind":"trail"},"geometry":{"type":"LineString","coordinates":[[-122.447529,37.805999],[-122.448022,37.806325]]}},{"type":"Feature","properties":{"kind":"road","surface":"compacted"},"geometry":{"type":"LineString","coordinates":[[-122.453613,37.805613],[-122.452923,37.805859],[-122.452463,37.805931],[-122.452259,37.805956],[-122.452002,37.805988],[-122.451739,37.806021],[-122.451492,37.806053],[-122.451227,37.806087],[-122.450965,37.806122],[-122.450727,37.806153],[-122.450459,37.806188]]}},{"type":"Feature","properties":{"kind":"trail"},"geometry":{"type":"LineString","coordinates":[[-122.448764,37.80651],[-122.44878,37.806336],[-122.448807,37.806285],[-122.448936,37.806235]]}},{"type":"Feature","properties":{"kind":"trail","surface":"asphalt"},"geometry":{"type":"LineString","coordinates":[[-122.447189,37.803438],[-122.447065,37.803467]]}},{"type":"Feature","properties":{"kind":"trail","surface":"asphalt"},"geometry":{"type":"LineString","coordinates":[[-122.458002,37.778093],[-122.458092,37.778546],[-122.458121,37.778694],[-122.458128,37.778793],[-122.45811,37.778873],[-122.458009,37.778932],[-122.457378,37.779015],[-122.457192,37.779099],[-122.456981,37.779321],[-122.457003,37.779581]]}},{"type":"Feature","properties":{"kind":"trail","surface":"asphalt"},"geometry":{"type":"LineString","coordinates":[[-122.458128,37.778793],[-122.458336,37.778861],[-122.458427,37.77887]]}},{"type":"Feature","properties":{"kind":"trail","surface":"asphalt"},"geometry":{"type":"LineString","coordinates":[[-122.453802,37.790762],[-122.45383,37.790898],[-122.453818,37.790981],[-122.453883,37.791125],[-122.453839,37.791169],[-122.453866,37.791272],[-122.45411,37.79148]]}},{"type":"Feature","properties":{"kind":"trail"},"geometry":{"type":"LineString","coordinates":[[-122.451515,37.798882],[-122.452461,37.799191]]}},{"type":"Feature","properties":{"kind":"trail","name":"Ecology Trail (lower)","surface":"gravel"},"geometry":{"type":"LineString","coordinates":[[-122.45688,37.791784],[-122.456551,37.791928],[-122.456415,37.792112],[-122.456361,37.792294],[-122.456376,37.792428],[-122.456719,37.792801],[-122.456898,37.793089],[-122.457072,37.793456],[-122.457366,37.793757],[-122.457657,37.794125]]}},{"type":"Feature","properties":{"kind":"trail","surface":"dirt"},"geometry":{"type":"LineString","coordinates":[[-122.456898,37.793089],[-122.457829,37.793311],[-122.458349,37.793095],[-122.458496,37.792917]]}},{"type":"Feature","properties":{"kind":"steps","surface":"wood"},"geometry":{"type":"LineString","coordinates":[[-122.458242,37.791814],[-122.458271,37.791868],[-122.458228,37.792016],[-122.458413,37.792072]]}},{"type":"Feature","properties":{"kind":"trail","name":"Ecology Trail (upper)","surface":"gravel"},"geometry":{"type":"LineString","coordinates":[[-122.458496,37.792917],[-122.459177,37.79309],[-122.459585,37.793304],[-122.459977,37.79328],[-122.460272,37.793348],[-122.460747,37.793952],[-122.460672,37.794397],[-122.460377,37.794707],[-122.459905,37.79494],[-122.459046,37.795597],[-122.459063,37.795826]]}},{"type":"Feature","properties":{"kind":"trail"},"geometry":{"type":"LineString","coordinates":[[-122.442419,37.806702],[-122.442436,37.806806],[-122.442498,37.807085]]}},{"type":"Feature","properties":{"kind":"trail"},"geometry":{"type":"LineString","coordinates":[[-122.448319,37.806533],[-122.448312,37.806708],[-122.44728,37.807339],[-122.4472,37.807333]]}},{"type":"Feature","properties":{"kind":"road","surface":"wood"},"geometry":{"type":"LineString","coordinates":[[-122.454353,37.80552],[-122.454061,37.805558]]}},{"type":"Feature","properties":{"kind":"road","surface":"compacted"},"geometry":{"type":"LineString","coordinates":[[-122.454061,37.805558],[-122.453613,37.805613]]}},{"type":"Feature","properties":{"kind":"steps"},"geometry":{"type":"LineString","coordinates":[[-122.450208,37.801307],[-122.450182,37.801404]]}},{"type":"Feature","properties":{"kind":"trail"},"geometry":{"type":"LineString","coordinates":[[-122.448335,37.804023],[-122.448445,37.804104]]}},{"type":"Feature","properties":{"kind":"trail"},"geometry":{"type":"LineString","coordinates":[[-122.452941,37.800521],[-122.452797,37.800762],[-122.452803,37.800827]]}},{"type":"Feature","properties":{"kind":"trail"},"geometry":{"type":"LineString","coordinates":[[-122.452797,37.800762],[-122.452664,37.800722],[-122.452574,37.80079]]}},{"type":"Feature","properties":{"kind":"steps"},"geometry":{"type":"LineString","coordinates":[[-122.451985,37.798559],[-122.452061,37.798504]]}},{"type":"Feature","properties":{"kind":"steps","surface":"concrete"},"geometry":{"type":"LineString","coordinates":[[-122.452345,37.798657],[-122.45226,37.798797]]}},{"type":"Feature","properties":{"kind":"steps"},"geometry":{"type":"LineString","coordinates":[[-122.45267,37.798736],[-122.452648,37.798871]]}},{"type":"Feature","properties":{"kind":"steps","surface":"rock"},"geometry":{"type":"LineString","coordinates":[[-122.453469,37.798726],[-122.453366,37.798682],[-122.453172,37.798711]]}},{"type":"Feature","properties":{"kind":"trail","name":"Lovers' Lane Bridge","surface":"wood"},"geometry":{"type":"LineString","coordinates":[[-122.454704,37.797924],[-122.454538,37.797865]]}},{"type":"Feature","properties":{"kind":"road","name":"Divisadero Street"},"geometry":{"type":"LineString","coordinates":[[-122.441922,37.795323],[-122.441542,37.793441]]}},{"type":"Feature","properties":{"kind":"road","name":"Divisadero Street","surface":"asphalt"},"geometry":{"type":"LineString","coordinates":[[-122.442677,37.799056],[-122.442657,37.798962]]}},{"type":"Feature","properties":{"kind":"road","name":"Lombard Street","surface":"asphalt"},"geometry":{"type":"LineString","coordinates":[[-122.444974,37.798843],[-122.445269,37.798721]]}},{"type":"Feature","properties":{"kind":"trail","surface":"concrete"},"geometry":{"type":"LineString","coordinates":[[-122.478519,37.783064],[-122.478101,37.783079],[-122.477888,37.78316],[-122.477774,37.783125],[-122.477447,37.783111]]}},{"type":"Feature","properties":{"kind":"road","name":"Geary Boulevard","surface":"asphalt"},"geometry":{"type":"LineString","coordinates":[[-122.472255,37.780606],[-122.471793,37.780627]]}},{"type":"Feature","properties":{"kind":"road","name":"California Street","surface":"asphalt"},"geometry":{"type":"LineString","coordinates":[[-122.472532,37.784458],[-122.472673,37.784451]]}},{"type":"Feature","properties":{"kind":"road","name":"Balboa Street","surface":"asphalt"},"geometry":{"type":"LineString","coordinates":[[-122.459184,37.777457],[-122.465096,37.777185]]}},{"type":"Feature","properties":{"kind":"road","name":"Geary Boulevard","surface":"asphalt"},"geometry":{"type":"LineString","coordinates":[[-122.450122,37.782181],[-122.45083,37.782089]]}},{"type":"Feature","properties":{"kind":"road","name":"Balboa Street","surface":"asphalt"},"geometry":{"type":"LineString","coordinates":[[-122.472593,37.776845],[-122.480193,37.7765]]}},{"type":"Feature","properties":{"kind":"road","name":"Geary Boulevard","surface":"asphalt"},"geometry":{"type":"LineString","coordinates":[[-122.472264,37.780728],[-122.472342,37.780724]]}},{"type":"Feature","properties":{"kind":"road","name":"Geary Boulevard","surface":"asphalt"},"geometry":{"type":"LineString","coordinates":[[-122.472405,37.780721],[-122.47287,37.780701]]}},{"type":"Feature","properties":{"kind":"road","name":"Anza Street","surface":"asphalt"},"geometry":{"type":"LineString","coordinates":[[-122.472121,37.778742],[-122.472262,37.778736]]}},{"type":"Feature","properties":{"kind":"road","name":"Geary Boulevard","surface":"asphalt"},"geometry":{"type":"LineString","coordinates":[[-122.472396,37.780599],[-122.472255,37.780606]]}},{"type":"Feature","properties":{"kind":"road","name":"Anza Street","surface":"asphalt"},"geometry":{"type":"LineString","coordinates":[[-122.458757,37.779357],[-122.472121,37.778742]]}},{"type":"Feature","properties":{"kind":"road","name":"Fulton Street","surface":"asphalt"},"geometry":{"type":"LineString","coordinates":[[-122.448,37.775617],[-122.451266,37.775199]]}},{"type":"Feature","properties":{"kind":"road","name":"Geary Boulevard","surface":"asphalt"},"geometry":{"type":"LineString","coordinates":[[-122.498677,37.779411],[-122.493319,37.779653]]}},{"type":"Feature","properties":{"kind":"road","name":"Balboa Street","surface":"asphalt"},"geometry":{"type":"LineString","coordinates":[[-122.471987,37.776873],[-122.472127,37.776866]]}},{"type":"Feature","properties":{"kind":"road","name":"Geary Boulevard"},"geometry":{"type":"LineString","coordinates":[[-122.439553,37.783376],[-122.442331,37.783022]]}},{"type":"Feature","properties":{"kind":"road","name":"Lincoln Boulevard"},"geometry":{"type":"LineString","coordinates":[[-122.461506,37.801277],[-122.461936,37.801454],[-122.463006,37.801474],[-122.464169,37.801808],[-122.464467,37.801771],[-122.464757,37.801626],[-122.465014,37.801364],[-122.465188,37.800876],[-122.465313,37.800696],[-122.465481,37.800581],[-122.46586,37.800492],[-122.466042,37.800399],[-122.466338,37.79999],[-122.466614,37.799757],[-122.466954,37.799632],[-122.467236,37.799609]]}},{"type":"Feature","properties":{"kind":"road","name":"Divisadero Street","surface":"asphalt"},"geometry":{"type":"LineString","coordinates":[[-122.444002,37.805587],[-122.443811,37.804645]]}},{"type":"Feature","properties":{"kind":"road","name":"Lincoln Boulevard","surface":"asphalt"},"geometry":{"type":"LineString","coordinates":[[-122.454559,37.800869],[-122.45497,37.801046]]}},{"type":"Feature","properties":{"kind":"road","name":"Geary Boulevard","surface":"asphalt"},"geometry":{"type":"LineString","coordinates":[[-122.494397,37.779715],[-122.498685,37.779519]]}},{"type":"Feature","properties":{"kind":"road","name":"Masonic Avenue","surface":"asphalt"},"geometry":{"type":"LineString","coordinates":[[-122.447273,37.782528],[-122.447336,37.782517],[-122.44744,37.782351]]}},{"type":"Feature","properties":{"kind":"road","name":"Geary Boulevard","surface":"asphalt"},"geometry":{"type":"LineString","coordinates":[[-122.450098,37.78206],[-122.449961,37.782078]]}},{"type":"Feature","properties":{"kind":"road","name":"Geary Boulevard","surface":"asphalt"},"geometry":{"type":"LineString","coordinates":[[-122.447273,37.782528],[-122.447444,37.782547]]}},{"type":"Feature","properties":{"kind":"road","name":"Euclid Avenue","surface":"asphalt"},"geometry":{"type":"LineString","coordinates":[[-122.447628,37.785095],[-122.447244,37.785185]]}},{"type":"Feature","properties":{"kind":"road","name":"Euclid Avenue","surface":"asphalt"},"geometry":{"type":"LineString","coordinates":[[-122.451029,37.784278],[-122.451884,37.784124],[-122.452595,37.78407],[-122.454452,37.784041]]}},{"type":"Feature","properties":{"kind":"road","name":"Geary Boulevard","surface":"asphalt"},"geometry":{"type":"LineString","coordinates":[[-122.448733,37.782258],[-122.447564,37.782387]]}},{"type":"Feature","properties":{"kind":"road","name":"Geary Boulevard","surface":"asphalt"},"geometry":{"type":"LineString","coordinates":[[-122.448748,37.782334],[-122.449569,37.782252]]}},{"type":"Feature","properties":{"kind":"road","name":"Golden Gate Avenue","surface":"asphalt"},"geometry":{"type":"LineString","coordinates":[[-122.445172,37.777892],[-122.441883,37.778308]]}},{"type":"Feature","properties":{"kind":"road","name":"Masonic Avenue","surface":"asphalt"},"geometry":{"type":"LineString","coordinates":[[-122.447108,37.778624],[-122.446916,37.777668]]}},{"type":"Feature","properties":{"kind":"road","name":"Masonic Avenue","surface":"asphalt"},"geometry":{"type":"LineString","coordinates":[[-122.446916,37.777668],[-122.446725,37.776739]]}},{"type":"Feature","properties":{"kind":"road","name":"Turk Boulevard","surface":"asphalt"},"geometry":{"type":"LineString","coordinates":[[-122.447549,37.77857],[-122.44987,37.778275]]}},{"type":"Feature","properties":{"kind":"trail","surface":"concrete"},"geometry":{"type":"LineString","coordinates":[[-122.468751,37.806319],[-122.469332,37.806786],[-122.469803,37.807151],[-122.470234,37.807485],[-122.470389,37.807758],[-122.470458,37.808013]]}},{"type":"Feature","properties":{"kind":"trail","surface":"sand"},"geometry":{"type":"LineString","coordinates":[[-122.485382,37.789938],[-122.485435,37.789838]]}},{"type":"Feature","properties":{"kind":"trail","name":"Coastal Trail","surface":"sand"},"geometry":{"type":"LineString","coordinates":[[-122.484063,37.791141],[-122.483909,37.791196],[-122.483896,37.791435],[-122.48377,37.791699],[-122.483855,37.791822],[-122.483848,37.791912],[-122.483625,37.792389],[-122.483265,37.793142],[-122.483239,37.793136],[-122.483204,37.793237],[-122.483204,37.793251]]}},{"type":"Feature","properties":{"kind":"steps"},"geometry":{"type":"LineString","coordinates":[[-122.465136,37.797297],[-122.465304,37.797379],[-122.465536,37.797392],[-122.465968,37.797533],[-122.466433,37.797576],[-122.466768,37.797468],[-122.466997,37.797506],[-122.467159,37.7976]]}},{"type":"Feature","properties":{"kind":"trail","surface":"sand"},"geometry":{"type":"LineString","coordinates":[[-122.481816,37.796796],[-122.481848,37.796806]]}},{"type":"Feature","properties":{"kind":"steps","surface":"compacted"},"geometry":{"type":"LineString","coordinates":[[-122.471681,37.787186],[-122.471741,37.787364]]}},{"type":"Feature","properties":{"kind":"steps","surface":"sand"},"geometry":{"type":"LineString","coordinates":[[-122.485196,37.79019],[-122.485187,37.790025],[-122.485382,37.789938]]}},{"type":"Feature","properties":{"kind":"trail","surface":"paving_stones"},"geometry":{"type":"LineString","coordinates":[[-122.475037,37.807763],[-122.475145,37.80769],[-122.475175,37.80767]]}},{"type":"Feature","properties":{"kind":"trail","surface":"sand"},"geometry":{"type":"LineString","coordinates":[[-122.482422,37.792518],[-122.482657,37.7925],[-122.48287,37.792663]]}},{"type":"Feature","properties":{"kind":"steps","name":"Lincoln Park Steps","surface":"paving_stones"},"geometry":{"type":"LineString","coordinates":[[-122.493605,37.783498],[-122.493703,37.783493]]}},{"type":"Feature","properties":{"kind":"steps","surface":"paving_stones"},"geometry":{"type":"LineString","coordinates":[[-122.493466,37.783504],[-122.493573,37.783499]]}},{"type":"Feature","properties":{"kind":"trail","surface":"paving_stones"},"geometry":{"type":"LineString","coordinates":[[-122.493573,37.783499],[-122.493605,37.783498]]}},{"type":"Feature","properties":{"kind":"road","surface":"asphalt"},"geometry":{"type":"LineString","coordinates":[[-122.476902,37.807796],[-122.476981,37.807883],[-122.476942,37.808009],[-122.476346,37.808352]]}},{"type":"Feature","properties":{"kind":"road","name":"Lincoln Boulevard"},"geometry":{"type":"LineString","coordinates":[[-122.467236,37.799609],[-122.467822,37.79979],[-122.467932,37.799939],[-122.468046,37.800332],[-122.468148,37.800481],[-122.46895,37.800833],[-122.469145,37.800965]]}},{"type":"Feature","properties":{"kind":"road","name":"Lincoln Boulevard","surface":"asphalt"},"geometry":{"type":"LineString","coordinates":[[-122.470387,37.806037],[-122.47046,37.806064],[-122.471365,37.806362],[-122.472139,37.806815],[-122.472399,37.806912]]}},{"type":"Feature","properties":{"kind":"road","name":"Lombard Street","surface":"asphalt"},"geometry":{"type":"LineString","coordinates":[[-122.44899,37.797553],[-122.449446,37.797457],[-122.450027,37.797437],[-122.45047,37.797499],[-122.451014,37.797654]]}},{"type":"Feature","properties":{"kind":"trail","name":"Park Trail","surface":"dirt"},"geometry":{"type":"LineString","coordinates":[[-122.467202,37.801016],[-122.467245,37.800949],[-122.467222,37.800768],[-122.467284,37.80026],[-122.467587,37.799988],[-122.467525,37.79985],[-122.467323,37.799811],[-122.46734,37.799703],[-122.467265,37.799693]]}},{"type":"Feature","properties":{"kind":"trail","name":"Park Trail","surface":"dirt"},"geometry":{"type":"LineString","coordinates":[[-122.467365,37.799255],[-122.467398,37.799243],[-122.467249,37.799047],[-122.46738,37.79875],[-122.467713,37.798625],[-122.468038,37.798726],[-122.468364,37.798636],[-122.468559,37.79843],[-122.468458,37.798349],[-122.468397,37.798114],[-122.468161,37.798023],[-122.467368,37.798062]]}},{"type":"Feature","properties":{"kind":"trail","surface":"compacted"},"geometry":{"type":"LineString","coordinates":[[-122.458576,37.79043],[-122.458414,37.790161],[-122.458213,37.79003]]}},{"type":"Feature","properties":{"kind":"road","name":"Arguello Boulevard","surface":"asphalt"},"geometry":{"type":"LineString","coordinates":[[-122.458488,37.775617],[-122.458461,37.775246]]}},{"type":"Feature","properties":{"kind":"road","name":"Arguello Boulevard","surface":"asphalt"},"geometry":{"type":"LineString","coordinates":[[-122.458573,37.776844],[-122.458488,37.775617]]}},{"type":"Feature","properties":{"kind":"road","name":"Arguello Boulevard"},"geometry":{"type":"LineString","coordinates":[[-122.459602,37.796389],[-122.459479,37.796617],[-122.459652,37.797227],[-122.459667,37.797424],[-122.459601,37.79771]]}},{"type":"Feature","properties":{"kind":"road","name":"Geary Boulevard","surface":"asphalt"},"geometry":{"type":"LineString","coordinates":[[-122.446581,37.78251],[-122.446867,37.782478],[-122.447273,37.782528]]}},{"type":"Feature","properties":{"kind":"road","name":"Geary Boulevard"},"geometry":{"type":"LineString","coordinates":[[-122.445816,37.782403],[-122.444446,37.78257]]}},{"type":"Feature","properties":{"kind":"road","name":"Geary Boulevard","surface":"asphalt"},"geometry":{"type":"LineString","coordinates":[[-122.445863,37.782608],[-122.44639,37.782534]]}},{"type":"Feature","properties":{"kind":"road","name":"Geary Boulevard","surface":"asphalt"},"geometry":{"type":"LineString","coordinates":[[-122.447373,37.782242],[-122.446509,37.782324]]}},{"type":"Feature","properties":{"kind":"road","name":"Lincoln Boulevard","surface":"asphalt"},"geometry":{"type":"LineString","coordinates":[[-122.456194,37.801575],[-122.456705,37.801727]]}},{"type":"Feature","properties":{"kind":"road","name":"Masonic Avenue","surface":"asphalt"},"geometry":{"type":"LineString","coordinates":[[-122.447373,37.782242],[-122.447309,37.782346]]}},{"type":"Feature","properties":{"kind":"road","name":"Presidio Avenue","surface":"asphalt"},"geometry":{"type":"LineString","coordinates":[[-122.445925,37.782916],[-122.446046,37.783519]]}},{"type":"Feature","properties":{"kind":"road","name":"Sheridan Avenue"},"geometry":{"type":"LineString","coordinates":[[-122.460263,37.799875],[-122.460733,37.800376]]}},{"type":"Feature","properties":{"kind":"road","name":"25th Avenue","surface":"asphalt"},"geometry":{"type":"LineString","coordinates":[[-122.484874,37.781778],[-122.484862,37.78163]]}},{"type":"Feature","properties":{"kind":"road","name":"Girard Road","surface":"asphalt"},"geometry":{"type":"LineString","coordinates":[[-122.452707,37.802366],[-122.452791,37.802264],[-122.452911,37.802088]]}},{"type":"Feature","properties":{"kind":"road","name":"Stanyan Street","surface":"asphalt"},"geometry":{"type":"LineString","coordinates":[[-122.456344,37.781451],[-122.456309,37.781329]]}},{"type":"Feature","properties":{"kind":"steps"},"geometry":{"type":"LineString","coordinates":[[-122.50535,37.784631],[-122.505306,37.784345],[-122.505499,37.784205],[-122.505463,37.784067]]}},{"type":"Feature","properties":{"kind":"road","name":"Marina Boulevard","surface":"asphalt"},"geometry":{"type":"LineString","coordinates":[[-122.448269,37.804714],[-122.448128,37.804834],[-122.4481,37.804924]]}},{"type":"Feature","properties":{"kind":"road","name":"Arguello Boulevard","surface":"asphalt"},"geometry":{"type":"LineString","coordinates":[[-122.458899,37.781335],[-122.45889,37.781212]]}},{"type":"Feature","properties":{"kind":"road","name":"Arguello Boulevard","surface":"asphalt"},"geometry":{"type":"LineString","coordinates":[[-122.45864,37.777737],[-122.458626,37.777544]]}},{"type":"Feature","properties":{"kind":"road","name":"Geary Boulevard","surface":"asphalt"},"geometry":{"type":"LineString","coordinates":[[-122.458899,37.781335],[-122.460019,37.781284]]}},{"type":"Feature","properties":{"kind":"road","name":"Geary Boulevard","surface":"asphalt"},"geometry":{"type":"LineString","coordinates":[[-122.457757,37.781387],[-122.458387,37.781358],[-122.458899,37.781335]]}},{"type":"Feature","properties":{"kind":"road","name":"Geary Boulevard","surface":"asphalt"},"geometry":{"type":"LineString","coordinates":[[-122.451123,37.781931],[-122.450098,37.78206]]}},{"type":"Feature","properties":{"kind":"road","name":"Geary Boulevard","surface":"asphalt"},"geometry":{"type":"LineString","coordinates":[[-122.442793,37.782825],[-122.44008,37.783171]]}},{"type":"Feature","properties":{"kind":"road","name":"Geary Boulevard","surface":"asphalt"},"geometry":{"type":"LineString","coordinates":[[-122.452175,37.781919],[-122.452863,37.781832]]}},{"type":"Feature","properties":{"kind":"road","name":"Geary Boulevard","surface":"asphalt"},"geometry":{"type":"LineString","coordinates":[[-122.452479,37.781757],[-122.452151,37.781799]]}},{"type":"Feature","properties":{"kind":"road","name":"Geary Boulevard","surface":"asphalt"},"geometry":{"type":"LineString","coordinates":[[-122.457748,37.781264],[-122.456309,37.781329]]}},{"type":"Feature","properties":{"kind":"road","name":"Geary Boulevard","surface":"asphalt"},"geometry":{"type":"LineString","coordinates":[[-122.455542,37.781369],[-122.455282,37.781401]]}},{"type":"Feature","properties":{"kind":"road","name":"Geary Boulevard","surface":"asphalt"},"geometry":{"type":"LineString","coordinates":[[-122.455307,37.781522],[-122.455551,37.781493]]}},{"type":"Feature","properties":{"kind":"road","name":"Stanyan Boulevard","surface":"asphalt"},"geometry":{"type":"LineString","coordinates":[[-122.455859,37.779946],[-122.455664,37.779667]]}},{"type":"Feature","properties":{"kind":"road","name":"Geary Boulevard","surface":"asphalt"},"geometry":{"type":"LineString","coordinates":[[-122.464295,37.780967],[-122.463227,37.781016]]}},{"type":"Feature","properties":{"kind":"road","name":"Geary Boulevard","surface":"asphalt"},"geometry":{"type":"LineString","coordinates":[[-122.468576,37.780773],[-122.467509,37.780822]]}},{"type":"Feature","properties":{"kind":"road","name":"Geary Boulevard","surface":"asphalt"},"geometry":{"type":"LineString","coordinates":[[-122.463236,37.781138],[-122.464304,37.781089]]}},{"type":"Feature","properties":{"kind":"road","name":"Geary Boulevard","surface":"asphalt"},"geometry":{"type":"LineString","coordinates":[[-122.467518,37.780943],[-122.468585,37.780895]]}},{"type":"Feature","properties":{"kind":"road","name":"Geary Boulevard","surface":"asphalt"},"geometry":{"type":"LineString","coordinates":[[-122.46001,37.781162],[-122.45889,37.781212]]}},{"type":"Feature","properties":{"kind":"road","name":"Geary Boulevard","surface":"asphalt"},"geometry":{"type":"LineString","coordinates":[[-122.460019,37.781284],[-122.460663,37.781255]]}},{"type":"Feature","properties":{"kind":"road","name":"Geary Boulevard","surface":"asphalt"},"geometry":{"type":"LineString","coordinates":[[-122.461426,37.781096],[-122.461081,37.781113]]}},{"type":"Feature","properties":{"kind":"road","name":"Geary Boulevard","surface":"asphalt"},"geometry":{"type":"LineString","coordinates":[[-122.467509,37.780822],[-122.466782,37.780857]]}},{"type":"Feature","properties":{"kind":"road","name":"Geary Boulevard","surface":"asphalt"},"geometry":{"type":"LineString","coordinates":[[-122.464304,37.781089],[-122.465005,37.781056]]}},{"type":"Feature","properties":{"kind":"road","name":"Geary Boulevard","surface":"asphalt"},"geometry":{"type":"LineString","coordinates":[[-122.468585,37.780895],[-122.469258,37.780864]]}},{"type":"Feature","properties":{"kind":"road","name":"Montgomery Street","surface":"asphalt"},"geometry":{"type":"LineString","coordinates":[[-122.457696,37.80196],[-122.457858,37.80176],[-122.457944,37.801645],[-122.458031,37.80153],[-122.458213,37.80129],[-122.4583,37.801175],[-122.458389,37.801059],[-122.458573,37.800819],[-122.458658,37.800707],[-122.458747,37.800591],[-122.458827,37.800487],[-122.458932,37.800349],[-122.459018,37.800237],[-122.459106,37.800122],[-122.459292,37.799879],[-122.45938,37.799764],[-122.459466,37.799652],[-122.45959,37.799489]]}},{"type":"Feature","properties":{"kind":"road","name":"Geary Boulevard"},"geometry":{"type":"LineString","coordinates":[[-122.475116,37.780599],[-122.476186,37.78055]]}},{"type":"Feature","properties":{"kind":"road","name":"Geary Boulevard","surface":"asphalt"},"geometry":{"type":"LineString","coordinates":[[-122.484747,37.780035],[-122.483675,37.780084]]}},{"type":"Feature","properties":{"kind":"road","name":"Geary Boulevard","surface":"asphalt"},"geometry":{"type":"LineString","coordinates":[[-122.483684,37.78021],[-122.484613,37.780168]]}},{"type":"Feature","properties":{"kind":"road","name":"Geary Boulevard","surface":"asphalt"},"geometry":{"type":"LineString","coordinates":[[-122.487968,37.780016],[-122.489042,37.779967]]}},{"type":"Feature","properties":{"kind":"road","name":"Geary Boulevard","surface":"asphalt"},"geometry":{"type":"LineString","coordinates":[[-122.489033,37.779839],[-122.487959,37.779888]]}},{"type":"Feature","properties":{"kind":"road","name":"Geary Boulevard","surface":"asphalt"},"geometry":{"type":"LineString","coordinates":[[-122.479399,37.780405],[-122.480473,37.780356]]}},{"type":"Feature","properties":{"kind":"road","name":"Geary Boulevard","surface":"asphalt"},"geometry":{"type":"LineString","coordinates":[[-122.476178,37.780426],[-122.475108,37.780475]]}},{"type":"Feature","properties":{"kind":"road","name":"Geary Boulevard","surface":"asphalt"},"geometry":{"type":"LineString","coordinates":[[-122.480464,37.780231],[-122.47939,37.78028]]}},{"type":"Feature","properties":{"kind":"road","name":"Geary Boulevard","surface":"asphalt"},"geometry":{"type":"LineString","coordinates":[[-122.492257,37.779822],[-122.492556,37.779806]]}},{"type":"Feature","properties":{"kind":"road","name":"Geary Boulevard","surface":"asphalt"},"geometry":{"type":"LineString","coordinates":[[-122.490113,37.779919],[-122.492257,37.779822]]}},{"type":"Feature","properties":{"kind":"road","name":"Geary Boulevard","surface":"asphalt"},"geometry":{"type":"LineString","coordinates":[[-122.476935,37.780513],[-122.477259,37.780501]]}},{"type":"Feature","properties":{"kind":"road","name":"Geary Boulevard","surface":"asphalt"},"geometry":{"type":"LineString","coordinates":[[-122.48187,37.780166],[-122.481535,37.780182]]}},{"type":"Feature","properties":{"kind":"road","name":"Geary Boulevard","surface":"asphalt"},"geometry":{"type":"LineString","coordinates":[[-122.480473,37.780356],[-122.481042,37.78033]]}},{"type":"Feature","properties":{"kind":"road","name":"Geary Boulevard","surface":"asphalt"},"geometry":{"type":"LineString","coordinates":[[-122.486888,37.779937],[-122.486165,37.77997]]}},{"type":"Feature","properties":{"kind":"road","name":"Geary Boulevard","surface":"asphalt"},"geometry":{"type":"LineString","coordinates":[[-122.490457,37.779775],[-122.490104,37.77979]]}},{"type":"Feature","properties":{"kind":"road","name":"Geary Boulevard","surface":"asphalt"},"geometry":{"type":"LineString","coordinates":[[-122.47939,37.78028],[-122.478653,37.780313]]}},{"type":"Feature","properties":{"kind":"road","name":"Geary Boulevard","surface":"asphalt"},"geometry":{"type":"LineString","coordinates":[[-122.484756,37.780162],[-122.485423,37.780132]]}},{"type":"Feature","properties":{"kind":"road","name":"Geary Boulevard","surface":"asphalt"},"geometry":{"type":"LineString","coordinates":[[-122.472861,37.780578],[-122.472396,37.780599]]}},{"type":"Feature","properties":{"kind":"road","name":"25th Avenue","surface":"asphalt"},"geometry":{"type":"LineString","coordinates":[[-122.484756,37.780162],[-122.484747,37.780035]]}},{"type":"Feature","properties":{"kind":"road","name":"25th Avenue","surface":"asphalt"},"geometry":{"type":"LineString","coordinates":[[-122.484747,37.780035],[-122.484729,37.779786]]}},{"type":"Feature","properties":{"kind":"road","name":"Halleck Street","surface":"asphalt"},"geometry":{"type":"LineString","coordinates":[[-122.4546,37.802174],[-122.454187,37.803899],[-122.454226,37.804217]]}},{"type":"Feature","properties":{"kind":"trail","surface":"asphalt"},"geometry":{"type":"LineString","coordinates":[[-122.509372,37.777387],[-122.509554,37.77744],[-122.509833,37.777746],[-122.509983,37.777801],[-122.510259,37.777795],[-122.510617,37.777762]]}},{"type":"Feature","properties":{"kind":"steps","surface":"wood"},"geometry":{"type":"LineString","coordinates":[[-122.510128,37.775829],[-122.510152,37.776269]]}},{"type":"Feature","properties":{"kind":"steps","surface":"wood"},"geometry":{"type":"LineString","coordinates":[[-122.510034,37.775226],[-122.510038,37.775596]]}},{"type":"Feature","properties":{"kind":"trail","surface":"sand"},"geometry":{"type":"LineString","coordinates":[[-122.510038,37.775596],[-122.510128,37.775829]]}},{"type":"Feature","properties":{"kind":"steps","surface":"concrete"},"geometry":{"type":"LineString","coordinates":[[-122.511957,37.777796],[-122.511994,37.777852]]}},{"type":"Feature","properties":{"kind":"trail","surface":"unhewn_cobblestone"},"geometry":{"type":"LineString","coordinates":[[-122.511926,37.777723],[-122.511957,37.777796]]}},{"type":"Feature","properties":{"kind":"trail","surface":"unhewn_cobblestone"},"geometry":{"type":"LineString","coordinates":[[-122.512091,37.777515],[-122.512011,37.777644]]}},{"type":"Feature","properties":{"kind":"steps"},"geometry":{"type":"LineString","coordinates":[[-122.512011,37.777644],[-122.511926,37.777723]]}},{"type":"Feature","properties":{"kind":"road","name":"Lincoln Boulevard","surface":"asphalt"},"geometry":{"type":"LineString","coordinates":[[-122.475647,37.804415],[-122.475715,37.803837],[-122.476138,37.803107],[-122.476698,37.802264],[-122.477333,37.801643]]}},{"type":"Feature","properties":{"kind":"road","surface":"asphalt"},"geometry":{"type":"LineString","coordinates":[[-122.475714,37.788657],[-122.475927,37.788541],[-122.475975,37.788438],[-122.475563,37.78784],[-122.475346,37.787585],[-122.47505,37.78734],[-122.474805,37.787297],[-122.474325,37.78746],[-122.474149,37.78759],[-122.473944,37.787637],[-122.473774,37.787602],[-122.473605,37.78752],[-122.47351,37.787359],[-122.473416,37.787323]]}},{"type":"Feature","properties":{"kind":"road","name":"Turk Boulevard","surface":"asphalt"},"geometry":{"type":"LineString","coordinates":[[-122.458204,37.77724],[-122.458608,37.777287]]}},{"type":"Feature","properties":{"kind":"trail","name":"West Pacific Avenue","surface":"asphalt"},"geometry":{"type":"LineString","coordinates":[[-122.463399,37.788873],[-122.463803,37.788793],[-122.468625,37.787842]]}},{"type":"Feature","properties":{"kind":"road","name":"Arguello Boulevard","surface":"asphalt"},"geometry":{"type":"LineString","coordinates":[[-122.459075,37.783826],[-122.459032,37.783197]]}},{"type":"Feature","properties":{"kind":"trail"},"geometry":{"type":"LineString","coordinates":[[-122.451882,37.791272],[-122.451846,37.791157]]}},{"type":"Feature","properties":{"kind":"road","name":"Arguello Boulevard","surface":"asphalt"},"geometry":{"type":"LineString","coordinates":[[-122.459298,37.786924],[-122.459275,37.786631]]}},{"type":"Feature","properties":{"kind":"road","name":"Arguello Boulevard","surface":"asphalt"},"geometry":{"type":"LineString","coordinates":[[-122.459275,37.786631],[-122.459239,37.786061]]}},{"type":"Feature","properties":{"kind":"steps","name":"Normandie Terrace"},"geometry":{"type":"LineString","coordinates":[[-122.440899,37.794376],[-122.440809,37.794387],[-122.440901,37.794392]]}},{"type":"Feature","properties":{"kind":"road","name":"Girard Road","surface":"asphalt"},"geometry":{"type":"LineString","coordinates":[[-122.451804,37.803185],[-122.452289,37.802802]]}},{"type":"Feature","properties":{"kind":"trail","name":"Presidio Battery East Tunnel","surface":"concrete"},"geometry":{"type":"LineString","coordinates":[[-122.474668,37.808408],[-122.474463,37.808342]]}},{"type":"Feature","properties":{"kind":"trail","surface":"sand"},"geometry":{"type":"LineString","coordinates":[[-122.484208,37.791877],[-122.483848,37.791912]]}},{"type":"Feature","properties":{"kind":"trail","surface":"dirt"},"geometry":{"type":"LineString","coordinates":[[-122.479788,37.800062],[-122.479807,37.800147],[-122.48018,37.800407],[-122.480355,37.800592]]}},{"type":"Feature","properties":{"kind":"steps"},"geometry":{"type":"LineString","coordinates":[[-122.478909,37.801951],[-122.478974,37.801945]]}},{"type":"Feature","properties":{"kind":"trail","surface":"sand"},"geometry":{"type":"LineString","coordinates":[[-122.483446,37.793243],[-122.483416,37.79323]]}},{"type":"Feature","properties":{"kind":"trail","surface":"paving_stones"},"geometry":{"type":"LineString","coordinates":[[-122.474115,37.788211],[-122.474267,37.788228],[-122.474553,37.788226]]}},{"type":"Feature","properties":{"kind":"trail","surface":"paving_stones"},"geometry":{"type":"LineString","coordinates":[[-122.473991,37.7885],[-122.474115,37.788211],[-122.474126,37.788107],[-122.474216,37.787958],[-122.474366,37.787887]]}},{"type":"Feature","properties":{"kind":"trail","surface":"paving_stones"},"geometry":{"type":"LineString","coordinates":[[-122.47281,37.788841],[-122.472947,37.788867]]}},{"type":"Feature","properties":{"kind":"steps","surface":"paving_stones"},"geometry":{"type":"LineString","coordinates":[[-122.474637,37.78849],[-122.474635,37.788468]]}},{"type":"Feature","properties":{"kind":"trail","surface":"paving_stones"},"geometry":{"type":"LineString","coordinates":[[-122.472725,37.789068],[-122.472854,37.789097]]}},{"type":"Feature","properties":{"kind":"trail","surface":"paving_stones"},"geometry":{"type":"LineString","coordinates":[[-122.47464,37.788519],[-122.474639,37.788512],[-122.474637,37.78849]]}},{"type":"Feature","properties":{"kind":"trail","surface":"paving_stones"},"geometry":{"type":"LineString","coordinates":[[-122.47463,37.788411],[-122.474634,37.788455],[-122.474635,37.788468]]}},{"type":"Feature","properties":{"kind":"trail","surface":"paving_stones"},"geometry":{"type":"LineString","coordinates":[[-122.472643,37.789207],[-122.472764,37.789258]]}},{"type":"Feature","properties":{"kind":"steps","surface":"concrete"},"geometry":{"type":"LineString","coordinates":[[-122.472901,37.789309],[-122.472911,37.789367]]}},{"type":"Feature","properties":{"kind":"trail","surface":"fine_gravel"},"geometry":{"type":"LineString","coordinates":[[-122.474133,37.788485],[-122.474634,37.788455],[-122.47517,37.78843]]}},{"type":"Feature","properties":{"kind":"trail","surface":"paving_stones"},"geometry":{"type":"LineString","coordinates":[[-122.472859,37.788617],[-122.472999,37.788625]]}},{"type":"Feature","properties":{"kind":"trail","surface":"paving_stones"},"geometry":{"type":"LineString","coordinates":[[-122.474639,37.788512],[-122.474133,37.788485],[-122.473991,37.7885]]}},{"type":"Feature","properties":{"kind":"trail","surface":"paving_stones"},"geometry":{"type":"LineString","coordinates":[[-122.474126,37.788107],[-122.474267,37.788228]]}},{"type":"Feature","properties":{"kind":"trail","surface":"paving_stones"},"geometry":{"type":"LineString","coordinates":[[-122.47537,37.788407],[-122.475236,37.788417],[-122.47517,37.78843],[-122.474639,37.788512]]}},{"type":"Feature","properties":{"kind":"trail","surface":"paving_stones"},"geometry":{"type":"LineString","coordinates":[[-122.473498,37.788919],[-122.473378,37.788946],[-122.473349,37.789053],[-122.472854,37.789097]]}},{"type":"Feature","properties":{"kind":"trail"},"geometry":{"type":"LineString","coordinates":[[-122.472589,37.788036],[-122.472631,37.788252],[-122.472632,37.7886],[-122.47259,37.788801],[-122.472504,37.789016],[-122.472291,37.789309]]}},{"type":"Feature","properties":{"kind":"trail","surface":"concrete:plates"},"geometry":{"type":"LineString","coordinates":[[-122.475236,37.788417],[-122.475271,37.788452],[-122.475332,37.788618],[-122.475276,37.788769],[-122.475155,37.788581],[-122.475271,37.788452]]}},{"type":"Feature","properties":{"kind":"trail","surface":"gravel"},"geometry":{"type":"LineString","coordinates":[[-122.458951,37.790701],[-122.458967,37.790752]]}},{"type":"Feature","properties":{"kind":"trail","surface":"dirt"},"geometry":{"type":"LineString","coordinates":[[-122.45943,37.791123],[-122.459416,37.790898]]}},{"type":"Feature","properties":{"kind":"track"},"geometry":{"type":"LineString","coordinates":[[-122.461585,37.793149],[-122.462067,37.793221],[-122.462742,37.79321]]}},{"type":"Feature","properties":{"kind":"trail"},"geometry":{"type":"LineString","coordinates":[[-122.454902,37.791332],[-122.454809,37.791006],[-122.454475,37.79107],[-122.454369,37.790757],[-122.454364,37.790677]]}},{"type":"Feature","properties":{"kind":"trail","name":"Bay Area Ridge Trail","surface":"dirt"},"geometry":{"type":"LineString","coordinates":[[-122.462742,37.79321],[-122.462732,37.793707],[-122.462816,37.793988],[-122.462823,37.794364],[-122.463031,37.794571],[-122.463321,37.794732]]}},{"type":"Feature","properties":{"kind":"road","surface":"asphalt"},"geometry":{"type":"LineString","coordinates":[[-122.459589,37.789666],[-122.459617,37.789718],[-122.45964,37.789965],[-122.459578,37.790051]]}},{"type":"Feature","properties":{"kind":"road","surface":"asphalt"},"geometry":{"type":"LineString","coordinates":[[-122.473702,37.806899],[-122.473451,37.80671]]}},{"type":"Feature","properties":{"kind":"trail"},"geometry":{"type":"LineString","coordinates":[[-122.481339,37.789279],[-122.481394,37.788645]]}},{"type":"Feature","properties":{"kind":"trail","surface":"sand"},"geometry":{"type":"LineString","coordinates":[[-122.47876,37.788618],[-122.479632,37.789047],[-122.480494,37.789229],[-122.481339,37.789279]]}},{"type":"Feature","properties":{"kind":"trail","name":"Bay Area Ridge Trail","surface":"dirt"},"geometry":{"type":"LineString","coordinates":[[-122.458967,37.790752],[-122.459036,37.79088],[-122.45943,37.791123],[-122.460114,37.79166],[-122.460571,37.792014],[-122.461394,37.792078],[-122.461799,37.792336],[-122.462281,37.792741],[-122.462742,37.79321]]}},{"type":"Feature","properties":{"kind":"trail","name":"Mountain Lake Trail","surface":"dirt"},"geometry":{"type":"LineString","coordinates":[[-122.458213,37.79003],[-122.45805,37.79],[-122.457814,37.790034],[-122.457465,37.790148],[-122.456371,37.790343],[-122.45613,37.790449],[-122.455706,37.7905],[-122.454971,37.790687],[-122.454369,37.790757],[-122.45383,37.790898],[-122.452858,37.791064],[-122.451882,37.791272],[-122.450736,37.791516],[-122.449304,37.791802],[-122.448628,37.791975]]}},{"type":"Feature","properties":{"kind":"trail"},"geometry":{"type":"LineString","coordinates":[[-122.462742,37.79321],[-122.463521,37.793801],[-122.463674,37.794017],[-122.464131,37.794171],[-122.464176,37.794414]]}},{"type":"Feature","properties":{"kind":"road","name":"Arguello Boulevard","surface":"asphalt"},"geometry":{"type":"LineString","coordinates":[[-122.458461,37.775246],[-122.458442,37.774983]]}},{"type":"Feature","properties":{"kind":"road","name":"Stanyan Street","surface":"asphalt"},"geometry":{"type":"LineString","coordinates":[[-122.454806,37.775534],[-122.454716,37.775202],[-122.454668,37.774764]]}},{"type":"Feature","properties":{"kind":"road","name":"Stanyan Street","surface":"asphalt"},"geometry":{"type":"LineString","coordinates":[[-122.454869,37.775702],[-122.454806,37.775534]]}},{"type":"Feature","properties":{"kind":"road","surface":"asphalt"},"geometry":{"type":"LineString","coordinates":[[-122.465615,37.801994],[-122.465591,37.802151],[-122.465426,37.802313],[-122.465058,37.802404],[-122.464602,37.802406],[-122.463982,37.802296],[-122.463767,37.802347],[-122.463604,37.802392],[-122.463202,37.802357],[-122.462255,37.802156],[-122.462163,37.802075],[-122.462089,37.801881],[-122.462049,37.801835],[-122.461861,37.801715],[-122.461573,37.801408],[-122.461432,37.801341]]}},{"type":"Feature","properties":{"kind":"road","name":"Graham Street"},"geometry":{"type":"LineString","coordinates":[[-122.458035,37.799117],[-122.456818,37.800709]]}},{"type":"Feature","properties":{"kind":"road","name":"California Street","surface":"asphalt"},"geometry":{"type":"LineString","coordinates":[[-122.4355,37.788701],[-122.440464,37.788089]]}},{"type":"Feature","properties":{"kind":"road","name":"Clement Street","surface":"asphalt"},"geometry":{"type":"LineString","coordinates":[[-122.493462,37.781632],[-122.494531,37.781584]]}},{"type":"Feature","properties":{"kind":"road","name":"Clement Street","surface":"asphalt"},"geometry":{"type":"LineString","coordinates":[[-122.492391,37.781681],[-122.493462,37.781632]]}},{"type":"Feature","properties":{"kind":"road","name":"Geary Boulevard"},"geometry":{"type":"LineString","coordinates":[[-122.493327,37.779767],[-122.494397,37.779715]]}},{"type":"Feature","properties":{"kind":"road","name":"32nd Avenue","surface":"asphalt"},"geometry":{"type":"LineString","coordinates":[[-122.492526,37.78355],[-122.492424,37.782124],[-122.492391,37.781681]]}},{"type":"Feature","properties":{"kind":"road","name":"Arguello Boulevard","surface":"asphalt"},"geometry":{"type":"LineString","coordinates":[[-122.459032,37.783197],[-122.459001,37.782762]]}},{"type":"Feature","properties":{"kind":"road","name":"California Street","surface":"asphalt"},"geometry":{"type":"LineString","coordinates":[[-122.447218,37.787219],[-122.448032,37.787114]]}},{"type":"Feature","properties":{"kind":"road","name":"California Street","surface":"asphalt"},"geometry":{"type":"LineString","coordinates":[[-122.464136,37.785059],[-122.462457,37.785273]]}},{"type":"Feature","properties":{"kind":"road","name":"Presidio Avenue","surface":"asphalt"},"geometry":{"type":"LineString","coordinates":[[-122.446256,37.784445],[-122.44638,37.785087]]}},{"type":"Feature","properties":{"kind":"road","name":"Presidio Avenue","surface":"asphalt"},"geometry":{"type":"LineString","coordinates":[[-122.446838,37.787402],[-122.446994,37.788194]]}},{"type":"Feature","properties":{"kind":"road","name":"California Street","surface":"asphalt"},"geometry":{"type":"LineString","coordinates":[[-122.448491,37.787055],[-122.450134,37.786841],[-122.451776,37.786627]]}},{"type":"Feature","properties":{"kind":"road","name":"Presidio Avenue","surface":"asphalt"},"geometry":{"type":"LineString","coordinates":[[-122.447526,37.790828],[-122.447703,37.791709]]}},{"type":"Feature","properties":{"kind":"road","name":"Presidio Avenue","surface":"asphalt"},"geometry":{"type":"LineString","coordinates":[[-122.446994,37.788194],[-122.447526,37.790828]]}},{"type":"Feature","properties":{"kind":"steps","surface":"wood"},"geometry":{"type":"LineString","coordinates":[[-122.472499,37.808211],[-122.472296,37.808172],[-122.472098,37.808272],[-122.471998,37.808264],[-122.471859,37.808359],[-122.471819,37.808546],[-122.471733,37.808596]]}},{"type":"Feature","properties":{"kind":"road","name":"Fulton Street","surface":"asphalt"},"geometry":{"type":"LineString","coordinates":[[-122.444794,37.776025],[-122.445247,37.775968]]}},{"type":"Feature","properties":{"kind":"road","name":"Divisadero Street","surface":"asphalt"},"geometry":{"type":"LineString","coordinates":[[-122.440825,37.78988],[-122.440464,37.788089]]}},{"type":"Feature","properties":{"kind":"road","name":"Balboa Street","surface":"asphalt"},"geometry":{"type":"LineString","coordinates":[[-122.505903,37.77533],[-122.510188,37.775134]]}},{"type":"Feature","properties":{"kind":"road","name":"Balboa Street"},"geometry":{"type":"LineString","coordinates":[[-122.497333,37.775722],[-122.505903,37.77533]]}},{"type":"Feature","properties":{"kind":"road","name":"34th Avenue","surface":"asphalt"},"geometry":{"type":"LineString","coordinates":[[-122.494531,37.781584],[-122.494397,37.779715]]}},{"type":"Feature","properties":{"kind":"road","name":"Legion of Honor Drive","surface":"asphalt"},"geometry":{"type":"LineString","coordinates":[[-122.499629,37.785011],[-122.49925,37.78438],[-122.498811,37.783947],[-122.498022,37.783439],[-122.497286,37.783163],[-122.495934,37.782783],[-122.495112,37.782379],[-122.494779,37.782135]]}},{"type":"Feature","properties":{"kind":"road","name":"Great Highway","surface":"asphalt"},"geometry":{"type":"LineString","coordinates":[[-122.51133,37.775639],[-122.511404,37.775985],[-122.511529,37.776281],[-122.511673,37.776463]]}},{"type":"Feature","properties":{"kind":"trail","surface":"dirt"},"geometry":{"type":"LineString","coordinates":[[-122.467398,37.799243],[-122.467793,37.799141],[-122.467943,37.79905],[-122.468364,37.798636]]}},{"type":"Feature","properties":{"kind":"trail"},"geometry":{"type":"LineString","coordinates":[[-122.467825,37.7977],[-122.46765,37.797709]]}},{"type":"Feature","properties":{"kind":"trail","name":"Bay Area Ridge Trail","surface":"compacted"},"geometry":{"type":"LineString","coordinates":[[-122.469171,37.795513],[-122.469474,37.795439],[-122.469818,37.795493],[-122.470102,37.795466],[-122.470242,37.795412],[-122.470397,37.795424],[-122.470745,37.795307],[-122.471012,37.795149],[-122.47137,37.795106],[-122.471832,37.794967],[-122.472186,37.795151],[-122.47276,37.795085],[-122.473004,37.795647],[-122.47324,37.795938],[-122.473088,37.7961],[-122.47308,37.796328],[-122.473144,37.796497],[-122.473024,37.796799],[-122.473078,37.796958],[-122.473166,37.797029],[-122.473295,37.797046],[-122.473678,37.796934],[-122.47392,37.796915],[-122.474635,37.797021]]}},{"type":"Feature","properties":{"kind":"trail","surface":"dirt"},"geometry":{"type":"LineString","coordinates":[[-122.470745,37.795307],[-122.471551,37.795632],[-122.471698,37.79552],[-122.471784,37.795526],[-122.471838,37.795708],[-122.471777,37.796099],[-122.471675,37.796301],[-122.471691,37.796372],[-122.472242,37.796431],[-122.472723,37.796542],[-122.473024,37.796799]]}},{"type":"Feature","properties":{"kind":"steps"},"geometry":{"type":"LineString","coordinates":[[-122.4728,37.806445],[-122.472755,37.80633]]}},{"type":"Feature","properties":{"kind":"trail","surface":"paved"},"geometry":{"type":"LineString","coordinates":[[-122.472853,37.806134],[-122.472755,37.80633],[-122.472696,37.80639],[-122.472374,37.806241],[-122.47209,37.806038],[-122.47181,37.805862],[-122.471741,37.80576],[-122.47155,37.805408]]}},{"type":"Feature","properties":{"kind":"trail","name":"Park Trail"},"geometry":{"type":"LineString","coordinates":[[-122.467368,37.798062],[-122.467298,37.798058]]}},{"type":"Feature","properties":{"kind":"trail","name":"Park Trail","surface":"dirt"},"geometry":{"type":"LineString","coordinates":[[-122.467298,37.798058],[-122.467082,37.797911],[-122.467159,37.797822],[-122.467373,37.797812],[-122.467378,37.797771],[-122.46725,37.797736],[-122.467159,37.7976],[-122.46732,37.797465],[-122.467524,37.797461],[-122.467475,37.797181],[-122.467642,37.797168],[-122.467808,37.797049],[-122.467896,37.796879],[-122.468061,37.796768],[-122.468176,37.796579],[-122.468366,37.796439]]}},{"type":"Feature","properties":{"kind":"road","name":"Presidio Promenade","surface":"asphalt"},"geometry":{"type":"LineString","coordinates":[[-122.46866,37.801238],[-122.468701,37.801267],[-122.468813,37.8014],[-122.468909,37.80178],[-122.468883,37.802228],[-122.468936,37.802512],[-122.468881,37.803014],[-122.469142,37.803847],[-122.469372,37.804134],[-122.469703,37.804329],[-122.469844,37.804489],[-122.46993,37.804741],[-122.469881,37.804872],[-122.469809,37.804988],[-122.469821,37.805424],[-122.469906,37.80575],[-122.469982,37.805866]]}},{"type":"Feature","properties":{"kind":"road","name":"Presidio Promenade","surface":"wood"},"geometry":{"type":"LineString","coordinates":[[-122.468496,37.801133],[-122.46866,37.801238]]}},{"type":"Feature","properties":{"kind":"trail"},"geometry":{"type":"LineString","coordinates":[[-122.46765,37.797709],[-122.467542,37.797736]]}},{"type":"Feature","properties":{"kind":"trail"},"geometry":{"type":"LineString","coordinates":[[-122.467542,37.797736],[-122.467378,37.797771]]}},{"type":"Feature","properties":{"kind":"trail"},"geometry":{"type":"LineString","coordinates":[[-122.500424,37.781316],[-122.500397,37.780912]]}},{"type":"Feature","properties":{"kind":"trail","surface":"paved"},"geometry":{"type":"LineString","coordinates":[[-122.471741,37.80576],[-122.471944,37.805677],[-122.472062,37.805702],[-122.472072,37.805827],[-122.472157,37.805913],[-122.47209,37.806038]]}},{"type":"Feature","properties":{"kind":"road","surface":"asphalt"},"geometry":{"type":"LineString","coordinates":[[-122.470762,37.808511],[-122.47111,37.808643],[-122.471553,37.808749]]}},{"type":"Feature","properties":{"kind":"trail","surface":"concrete"},"geometry":{"type":"LineString","coordinates":[[-122.47068,37.808469],[-122.470644,37.808517]]}},{"type":"Feature","properties":{"kind":"trail","name":"Merrie Way","surface":"concrete"},"geometry":{"type":"LineString","coordinates":[[-122.511962,37.780663],[-122.511946,37.780606],[-122.511867,37.780318],[-122.511791,37.780042],[-122.511741,37.779859],[-122.511652,37.779539]]}},{"type":"Feature","properties":{"kind":"trail"},"geometry":{"type":"LineString","coordinates":[[-122.511505,37.781915],[-122.511566,37.782194],[-122.511586,37.782317]]}},{"type":"Feature","properties":{"kind":"trail","name":"Lands End Trail","surface":"compacted"},"geometry":{"type":"LineString","coordinates":[[-122.510218,37.780663],[-122.509794,37.780122],[-122.509877,37.780005],[-122.510332,37.780217],[-122.510593,37.780369],[-122.510959,37.780577],[-122.511311,37.780778],[-122.51171,37.780952]]}},{"type":"Feature","properties":{"kind":"steps"},"geometry":{"type":"LineString","coordinates":[[-122.510593,37.780369],[-122.510332,37.780607]]}},{"type":"Feature","properties":{"kind":"trail","surface":"concrete"},"geometry":{"type":"LineString","coordinates":[[-122.511186,37.783114],[-122.511251,37.78308],[-122.5114,37.783021],[-122.51147,37.782882],[-122.51145,37.782823],[-122.511427,37.782767],[-122.510719,37.781726],[-122.510444,37.781316],[-122.510073,37.780721]]}},{"type":"Feature","properties":{"kind":"trail","surface":"concrete"},"geometry":{"type":"LineString","coordinates":[[-122.5114,37.783021],[-122.511341,37.782962]]}},{"type":"Feature","properties":{"kind":"trail","surface":"concrete"},"geometry":{"type":"LineString","coordinates":[[-122.511128,37.783132],[-122.511107,37.783065]]}},{"type":"Feature","properties":{"kind":"trail","surface":"concrete"},"geometry":{"type":"LineString","coordinates":[[-122.511001,37.783162],[-122.510951,37.78301]]}},{"type":"Feature","properties":{"kind":"trail","surface":"concrete"},"geometry":{"type":"LineString","coordinates":[[-122.510872,37.783183],[-122.510851,37.783117]]}},{"type":"Feature","properties":{"kind":"trail","surface":"concrete"},"geometry":{"type":"LineString","coordinates":[[-122.51058,37.783201],[-122.510581,37.783114]]}},{"type":"Feature","properties":{"kind":"trail","surface":"concrete"},"geometry":{"type":"LineString","coordinates":[[-122.510734,37.783189],[-122.510724,37.78315],[-122.510792,37.783133]]}},{"type":"Feature","properties":{"kind":"trail","surface":"concrete"},"geometry":{"type":"LineString","coordinates":[[-122.511251,37.78308],[-122.51124,37.783047],[-122.511155,37.783065]]}},{"type":"Feature","properties":{"kind":"steps","surface":"concrete"},"geometry":{"type":"LineString","coordinates":[[-122.511496,37.782812],[-122.511483,37.782815]]}},{"type":"Feature","properties":{"kind":"trail","surface":"paved"},"geometry":{"type":"LineString","coordinates":[[-122.510446,37.783217],[-122.510299,37.783037]]}},{"type":"Feature","properties":{"kind":"steps"},"geometry":{"type":"LineString","coordinates":[[-122.510659,37.781192],[-122.510444,37.781316]]}},{"type":"Feature","properties":{"kind":"trail","name":"Mesa Street"},"geometry":{"type":"LineString","coordinates":[[-122.454764,37.801749],[-122.454832,37.801779],[-122.454939,37.801832]]}},{"type":"Feature","properties":{"kind":"road","name":"Divisadero Street"},"geometry":{"type":"LineString","coordinates":[[-122.442864,37.799981],[-122.442712,37.799229]]}},{"type":"Feature","properties":{"kind":"road","name":"Divisadero Street"},"geometry":{"type":"LineString","coordinates":[[-122.443811,37.804645],[-122.443432,37.802777]]}},{"type":"Feature","properties":{"kind":"road","name":"Geary Boulevard","surface":"asphalt"},"geometry":{"type":"LineString","coordinates":[[-122.473992,37.78065],[-122.475116,37.780599]]}},{"type":"Feature","properties":{"kind":"road","name":"Balboa Street","surface":"asphalt"},"geometry":{"type":"LineString","coordinates":[[-122.491978,37.775966],[-122.493048,37.775917]]}},{"type":"Feature","properties":{"kind":"road","name":"Geary Boulevard","surface":"asphalt"},"geometry":{"type":"LineString","coordinates":[[-122.449569,37.782252],[-122.450122,37.782181]]}},{"type":"Feature","properties":{"kind":"road","name":"Geary Boulevard","surface":"asphalt"},"geometry":{"type":"LineString","coordinates":[[-122.449545,37.782134],[-122.448733,37.782258]]}},{"type":"Feature","properties":{"kind":"road","name":"Pine Street","surface":"asphalt"},"geometry":{"type":"LineString","coordinates":[[-122.440218,37.787121],[-122.440309,37.78711],[-122.446628,37.786302]]}},{"type":"Feature","properties":{"kind":"road","name":"Presidio Avenue","surface":"asphalt"},"geometry":{"type":"LineString","coordinates":[[-122.446447,37.785371],[-122.446628,37.786302]]}},{"type":"Feature","properties":{"kind":"road","name":"Presidio Avenue","surface":"asphalt"},"geometry":{"type":"LineString","coordinates":[[-122.446628,37.786302],[-122.44669,37.786637]]}},{"type":"Feature","properties":{"kind":"road","name":"Geary Boulevard","surface":"asphalt"},"geometry":{"type":"LineString","coordinates":[[-122.493319,37.779653],[-122.492718,37.779671]]}},{"type":"Feature","properties":{"kind":"road","name":"Geary Boulevard","surface":"asphalt"},"geometry":{"type":"LineString","coordinates":[[-122.443717,37.782709],[-122.442793,37.782825]]}},{"type":"Feature","properties":{"kind":"road","name":"Geary Boulevard"},"geometry":{"type":"LineString","coordinates":[[-122.443699,37.78285],[-122.445724,37.782564]]}},{"type":"Feature","properties":{"kind":"road","name":"Balboa Street","surface":"asphalt"},"geometry":{"type":"LineString","coordinates":[[-122.471624,37.776889],[-122.471867,37.776878]]}},{"type":"Feature","properties":{"kind":"road","name":"California Street","surface":"asphalt"},"geometry":{"type":"LineString","coordinates":[[-122.465649,37.784867],[-122.466714,37.784726]]}},{"type":"Feature","properties":{"kind":"road","name":"California Street","surface":"asphalt"},"geometry":{"type":"LineString","coordinates":[[-122.466714,37.784726],[-122.467787,37.784673]]}},{"type":"Feature","properties":{"kind":"road","name":"Geary Boulevard","surface":"asphalt"},"geometry":{"type":"LineString","coordinates":[[-122.447876,37.782285],[-122.447503,37.78225]]}},{"type":"Feature","properties":{"kind":"road","name":"Masonic Avenue","surface":"asphalt"},"geometry":{"type":"LineString","coordinates":[[-122.447265,37.782422],[-122.447232,37.782486],[-122.447273,37.782528]]}},{"type":"Feature","properties":{"kind":"road","name":"California Street","surface":"asphalt"},"geometry":{"type":"LineString","coordinates":[[-122.455064,37.786215],[-122.456713,37.786004]]}},{"type":"Feature","properties":{"kind":"road","name":"Bush Street"},"geometry":{"type":"LineString","coordinates":[[-122.441745,37.785973],[-122.44012,37.786179]]}},{"type":"Feature","properties":{"kind":"road","name":"Bush Street","surface":"asphalt"},"geometry":{"type":"LineString","coordinates":[[-122.44012,37.786179],[-122.440031,37.78619],[-122.43512,37.786816]]}},{"type":"Feature","properties":{"kind":"road","name":"Divisadero Street","surface":"asphalt"},"geometry":{"type":"LineString","coordinates":[[-122.443432,37.802777],[-122.443083,37.801061]]}},{"type":"Feature","properties":{"kind":"road","name":"Geary Boulevard","surface":"asphalt"},"geometry":{"type":"LineString","coordinates":[[-122.50189,37.779267],[-122.501161,37.779275]]}},{"type":"Feature","properties":{"kind":"road","name":"Point Lobos Avenue","surface":"asphalt"},"geometry":{"type":"LineString","coordinates":[[-122.504077,37.779717],[-122.503983,37.779666],[-122.502985,37.77958]]}},{"type":"Feature","properties":{"kind":"trail","surface":"concrete"},"geometry":{"type":"LineString","coordinates":[[-122.47696,37.810381],[-122.476893,37.810303]]}},{"type":"Feature","properties":{"kind":"road","name":"Stanyan Street","surface":"asphalt"},"geometry":{"type":"LineString","coordinates":[[-122.455236,37.777607],[-122.454869,37.775702]]}},{"type":"Feature","properties":{"kind":"road","name":"Divisadero Street"},"geometry":{"type":"LineString","coordinates":[[-122.440218,37.787121],[-122.440396,37.78798],[-122.440464,37.788089]]}},{"type":"Feature","properties":{"kind":"road","name":"Balboa Street","surface":"asphalt"},"geometry":{"type":"LineString","coordinates":[[-122.48495,37.776283],[-122.491978,37.775966]]}},{"type":"Feature","properties":{"kind":"road","name":"California Street","surface":"asphalt"},"geometry":{"type":"LineString","coordinates":[[-122.440464,37.788089],[-122.445417,37.787451]]}},{"type":"Feature","properties":{"kind":"trail"},"geometry":{"type":"LineString","coordinates":[[-122.463152,37.788641],[-122.462792,37.788643],[-122.462402,37.78856],[-122.462189,37.78857],[-122.462152,37.788613],[-122.462384,37.788783],[-122.462633,37.78884],[-122.463076,37.788779],[-122.46314,37.788728],[-122.463152,37.788641],[-122.463105,37.788308],[-122.46286,37.788318],[-122.462496,37.788334],[-122.46212,37.788356],[-122.462015,37.788285],[-122.461995,37.787758],[-122.462035,37.787556],[-122.462099,37.787509]]}},{"type":"Feature","properties":{"kind":"trail"},"geometry":{"type":"LineString","coordinates":[[-122.46286,37.788318],[-122.46282,37.788534],[-122.462698,37.788579],[-122.462555,37.788524],[-122.462496,37.788334]]}},{"type":"Feature","properties":{"kind":"trail"},"geometry":{"type":"LineString","coordinates":[[-122.447836,37.785551],[-122.447939,37.785654],[-122.447827,37.785755],[-122.447853,37.785858],[-122.44816,37.785856],[-122.448233,37.785848]]}},{"type":"Feature","properties":{"kind":"trail"},"geometry":{"type":"LineString","coordinates":[[-122.448395,37.785022],[-122.448208,37.785201],[-122.448038,37.785248],[-122.447967,37.785376],[-122.447836,37.785551],[-122.447617,37.785783],[-122.447645,37.786076]]}},{"type":"Feature","properties":{"kind":"trail"},"geometry":{"type":"LineString","coordinates":[[-122.447967,37.785376],[-122.448024,37.785404],[-122.448143,37.785662],[-122.44816,37.785856]]}},{"type":"Feature","properties":{"kind":"trail"},"geometry":{"type":"LineString","coordinates":[[-122.448372,37.785297],[-122.448418,37.785174],[-122.448395,37.785022],[-122.448394,37.785017]]}},{"type":"Feature","properties":{"kind":"road","name":"Lincoln Boulevard"},"geometry":{"type":"LineString","coordinates":[[-122.469145,37.800965],[-122.469192,37.801084],[-122.469065,37.801985]]}},{"type":"Feature","properties":{"kind":"road","name":"Lincoln Boulevard"},"geometry":{"type":"LineString","coordinates":[[-122.469065,37.801985],[-122.469063,37.802372],[-122.468958,37.802974],[-122.46914,37.803493]]}},{"type":"Feature","properties":{"kind":"road","name":"Battery East Road","surface":"asphalt"},"geometry":{"type":"LineString","coordinates":[[-122.475191,37.808226],[-122.474738,37.808172],[-122.473989,37.807968],[-122.473458,37.807719]]}},{"type":"Feature","properties":{"kind":"road","name":"Golden Gate Avenue","surface":"asphalt"},"geometry":{"type":"LineString","coordinates":[[-122.44024,37.778517],[-122.438618,37.778723]]}},{"type":"Feature","properties":{"kind":"road","name":"California Street","surface":"asphalt"},"geometry":{"type":"LineString","coordinates":[[-122.453421,37.786419],[-122.455064,37.786215]]}},{"type":"Feature","properties":{"kind":"road","name":"Marina Boulevard","surface":"asphalt"},"geometry":{"type":"LineString","coordinates":[[-122.436084,37.806449],[-122.43637,37.80653],[-122.436662,37.806521],[-122.442228,37.805813]]}},{"type":"Feature","properties":{"kind":"road","name":"Presidio Avenue","surface":"asphalt"},"geometry":{"type":"LineString","coordinates":[[-122.446046,37.783519],[-122.446256,37.784445]]}},{"type":"Feature","properties":{"kind":"road","name":"Great Highway","surface":"asphalt"},"geometry":{"type":"LineString","coordinates":[[-122.511258,37.775104],[-122.51133,37.775639]]}},{"type":"Feature","properties":{"kind":"trail","surface":"paving_stones"},"geometry":{"type":"LineString","coordinates":[[-122.472989,37.787787],[-122.472994,37.787848],[-122.472999,37.787893],[-122.473028,37.78808],[-122.47309,37.788214],[-122.473279,37.788341],[-122.47364,37.788372]]}},{"type":"Feature","properties":{"kind":"trail","surface":"paving_stones"},"geometry":{"type":"LineString","coordinates":[[-122.472994,37.787848],[-122.473042,37.787846]]}},{"type":"Feature","properties":{"kind":"trail","surface":"concrete"},"geometry":{"type":"LineString","coordinates":[[-122.473619,37.788461],[-122.47364,37.788372],[-122.473649,37.788332]]}},{"type":"Feature","properties":{"kind":"trail","surface":"paving_stones"},"geometry":{"type":"LineString","coordinates":[[-122.473895,37.787728],[-122.473764,37.787927],[-122.473128,37.787958],[-122.472999,37.787893]]}},{"type":"Feature","properties":{"kind":"trail","surface":"asphalt"},"geometry":{"type":"LineString","coordinates":[[-122.47505,37.78734],[-122.474756,37.787441],[-122.474681,37.787777],[-122.474674,37.787794]]}},{"type":"Feature","properties":{"kind":"steps","surface":"concrete"},"geometry":{"type":"LineString","coordinates":[[-122.473376,37.788101],[-122.473378,37.788124]]}},{"type":"Feature","properties":{"kind":"trail","surface":"concrete"},"geometry":{"type":"LineString","coordinates":[[-122.473378,37.788124],[-122.473379,37.788136]]}},{"type":"Feature","properties":{"kind":"trail","surface":"concrete"},"geometry":{"type":"LineString","coordinates":[[-122.47337,37.788034],[-122.473376,37.788101]]}},{"type":"Feature","properties":{"kind":"trail","surface":"asphalt"},"geometry":{"type":"LineString","coordinates":[[-122.475091,37.787571],[-122.47491,37.787708],[-122.474681,37.787777]]}},{"type":"Feature","properties":{"kind":"trail","surface":"asphalt"},"geometry":{"type":"LineString","coordinates":[[-122.468625,37.787842],[-122.468794,37.787886],[-122.469093,37.788132],[-122.469686,37.788248],[-122.470205,37.788424],[-122.470326,37.788535],[-122.470359,37.788666],[-122.470269,37.7892],[-122.470186,37.789477],[-122.469767,37.790279],[-122.469894,37.790473],[-122.470524,37.790694],[-122.470669,37.790637],[-122.471124,37.790247],[-122.471436,37.790047]]}},{"type":"Feature","properties":{"kind":"trail"},"geometry":{"type":"LineString","coordinates":[[-122.459602,37.796389],[-122.459391,37.796444],[-122.459265,37.796424],[-122.458848,37.796571],[-122.45884,37.796735],[-122.458783,37.796794],[-122.458508,37.796846],[-122.458399,37.796945]]}},{"type":"Feature","properties":{"kind":"road","name":"Arguello Boulevard","surface":"asphalt"},"geometry":{"type":"LineString","coordinates":[[-122.46137,37.7931],[-122.461394,37.793772],[-122.461599,37.794298],[-122.461584,37.79447],[-122.461235,37.794966],[-122.459602,37.796389]]}},{"type":"Feature","properties":{"kind":"trail","name":"Ecology Trail (upper)","surface":"gravel"},"geometry":{"type":"LineString","coordinates":[[-122.458496,37.792917],[-122.458411,37.792737],[-122.45809,37.79262],[-122.457747,37.792382],[-122.457761,37.792173],[-122.457898,37.791871],[-122.458067,37.791768]]}},{"type":"Feature","properties":{"kind":"trail","name":"Ecology Trail (upper)","surface":"compacted"},"geometry":{"type":"LineString","coordinates":[[-122.458067,37.791768],[-122.458207,37.791683],[-122.458247,37.791534],[-122.458097,37.791082],[-122.457954,37.790872]]}},{"type":"Feature","properties":{"kind":"trail","surface":"gravel"},"geometry":{"type":"LineString","coordinates":[[-122.458848,37.796571],[-122.45869,37.796484],[-122.458514,37.796284]]}},{"type":"Feature","properties":{"kind":"trail","surface":"unpaved"},"geometry":{"type":"LineString","coordinates":[[-122.513246,37.779482],[-122.513075,37.779401],[-122.51281,37.77938]]}},{"type":"Feature","properties":{"kind":"trail","surface":"unpaved"},"geometry":{"type":"LineString","coordinates":[[-122.514088,37.778908],[-122.513857,37.779317],[-122.513635,37.779408],[-122.513703,37.779439],[-122.513621,37.779467],[-122.513996,37.779514],[-122.514044,37.779585],[-122.514058,37.780362],[-122.513767,37.780367],[-122.513778,37.780501]]}},{"type":"Feature","properties":{"kind":"trail","surface":"unpaved"},"geometry":{"type":"LineString","coordinates":[[-122.513635,37.779408],[-122.513336,37.779379],[-122.513246,37.779482],[-122.51312,37.779592],[-122.513033,37.77975],[-122.513099,37.779857],[-122.513105,37.77999]]}},{"type":"Feature","properties":{"kind":"trail"},"geometry":{"type":"LineString","coordinates":[[-122.513099,37.779857],[-122.513127,37.779928]]}},{"type":"Feature","properties":{"kind":"trail","surface":"unpaved"},"geometry":{"type":"LineString","coordinates":[[-122.513892,37.780691],[-122.51379,37.780585],[-122.513778,37.780501]]}},{"type":"Feature","properties":{"kind":"trail","surface":"unpaved"},"geometry":{"type":"LineString","coordinates":[[-122.51356,37.780439],[-122.513453,37.780276],[-122.513419,37.780079]]}},{"type":"Feature","properties":{"kind":"trail","surface":"unpaved"},"geometry":{"type":"LineString","coordinates":[[-122.513127,37.779928],[-122.513105,37.77999],[-122.51309,37.780437]]}},{"type":"Feature","properties":{"kind":"trail","surface":"concrete"},"geometry":{"type":"LineString","coordinates":[[-122.509877,37.780005],[-122.50986,37.779942]]}},{"type":"Feature","properties":{"kind":"trail","surface":"concrete"},"geometry":{"type":"LineString","coordinates":[[-122.513232,37.777883],[-122.513346,37.777791],[-122.513445,37.777809],[-122.513667,37.778002],[-122.513777,37.778187],[-122.514149,37.778271],[-122.514192,37.778328],[-122.514223,37.77854],[-122.514249,37.778746],[-122.514132,37.778878]]}},{"type":"Feature","properties":{"kind":"trail","surface":"concrete"},"geometry":{"type":"LineString","coordinates":[[-122.511748,37.774911],[-122.511701,37.774914],[-122.511691,37.775009]]}},{"type":"Feature","properties":{"kind":"steps","name":"Lyon Street","surface":"concrete:plates"},"geometry":{"type":"LineString","coordinates":[[-122.446512,37.793242],[-122.446552,37.793499]]}},{"type":"Feature","properties":{"kind":"trail","name":"Lyon Street","surface":"concrete:plates"},"geometry":{"type":"LineString","coordinates":[[-122.446504,37.793186],[-122.446512,37.793242]]}},{"type":"Feature","properties":{"kind":"steps","name":"Lyon Street","surface":"concrete:plates"},"geometry":{"type":"LineString","coordinates":[[-122.446573,37.793634],[-122.44658,37.793682]]}},{"type":"Feature","properties":{"kind":"steps","name":"Lyon Street","surface":"concrete:plates"},"geometry":{"type":"LineString","coordinates":[[-122.446465,37.793507],[-122.446552,37.793499],[-122.44664,37.793491]]}},{"type":"Feature","properties":{"kind":"steps","name":"Lyon Street","surface":"concrete:plates"},"geometry":{"type":"LineString","coordinates":[[-122.446659,37.793626],[-122.446573,37.793634],[-122.446485,37.793643]]}},{"type":"Feature","properties":{"kind":"trail","name":"Lyon Street","surface":"paving_stones"},"geometry":{"type":"LineString","coordinates":[[-122.44664,37.793491],[-122.446644,37.793516],[-122.446656,37.7936],[-122.446659,37.793626]]}},{"type":"Feature","properties":{"kind":"trail","name":"Lyon Street","surface":"paving_stones"},"geometry":{"type":"LineString","coordinates":[[-122.446485,37.793643],[-122.446481,37.793616],[-122.446469,37.793532],[-122.446465,37.793507]]}},{"type":"Feature","properties":{"kind":"trail","surface":"paving_stones"},"geometry":{"type":"LineString","coordinates":[[-122.446644,37.793516],[-122.446469,37.793532]]}},{"type":"Feature","properties":{"kind":"trail","surface":"paving_stones"},"geometry":{"type":"LineString","coordinates":[[-122.446656,37.7936],[-122.446481,37.793616]]}},{"type":"Feature","properties":{"kind":"trail","surface":"paving_stones"},"geometry":{"type":"LineString","coordinates":[[-122.448737,37.800245],[-122.448784,37.800303]]}},{"type":"Feature","properties":{"kind":"trail","surface":"asphalt"},"geometry":{"type":"LineString","coordinates":[[-122.448784,37.800303],[-122.448857,37.80039],[-122.449063,37.800401]]}},{"type":"Feature","properties":{"kind":"trail","surface":"asphalt"},"geometry":{"type":"LineString","coordinates":[[-122.44931,37.799698],[-122.449238,37.799653]]}},{"type":"Feature","properties":{"kind":"trail"},"geometry":{"type":"LineString","coordinates":[[-122.449238,37.799653],[-122.448991,37.799572],[-122.448473,37.799481],[-122.448186,37.799542],[-122.448008,37.799662],[-122.447904,37.799841],[-122.447906,37.800016]]}},{"type":"Feature","properties":{"kind":"trail","surface":"concrete"},"geometry":{"type":"LineString","coordinates":[[-122.500426,37.784765],[-122.500334,37.78468],[-122.500587,37.784507],[-122.500678,37.784591],[-122.500769,37.784674],[-122.500516,37.784847],[-122.500426,37.784765]]}},{"type":"Feature","properties":{"kind":"trail","surface":"compacted"},"geometry":{"type":"LineString","coordinates":[[-122.452859,37.805391],[-122.452591,37.805311],[-122.452412,37.805328]]}},{"type":"Feature","properties":{"kind":"trail"},"geometry":{"type":"LineString","coordinates":[[-122.449573,37.805723],[-122.449532,37.805724],[-122.449209,37.806053],[-122.449297,37.806104],[-122.449316,37.806185]]}},{"type":"Feature","properties":{"kind":"trail","surface":"compacted"},"geometry":{"type":"LineString","coordinates":[[-122.452583,37.804959],[-122.452523,37.805138],[-122.452392,37.805216]]}},{"type":"Feature","properties":{"kind":"trail","surface":"compacted"},"geometry":{"type":"LineString","coordinates":[[-122.453278,37.805449],[-122.453159,37.805506],[-122.453013,37.805675]]}},{"type":"Feature","properties":{"kind":"trail"},"geometry":{"type":"LineString","coordinates":[[-122.501086,37.781768],[-122.5012,37.781709]]}},{"type":"Feature","properties":{"kind":"road","name":"Geary Boulevard","surface":"asphalt"},"geometry":{"type":"LineString","coordinates":[[-122.502463,37.779341],[-122.504985,37.779229],[-122.505106,37.779167]]}},{"type":"Feature","properties":{"kind":"trail"},"geometry":{"type":"LineString","coordinates":[[-122.480323,37.795473],[-122.480269,37.795424]]}},{"type":"Feature","properties":{"kind":"trail"},"geometry":{"type":"LineString","coordinates":[[-122.479072,37.796125],[-122.479059,37.796114]]}},{"type":"Feature","properties":{"kind":"road","name":"Washington Boulevard","surface":"asphalt"},"geometry":{"type":"LineString","coordinates":[[-122.478158,37.800316],[-122.478091,37.800254],[-122.478075,37.799924],[-122.477991,37.799589],[-122.477803,37.799188]]}},{"type":"Feature","properties":{"kind":"trail","surface":"woodchips"},"geometry":{"type":"LineString","coordinates":[[-122.509888,37.777101],[-122.509895,37.777],[-122.510113,37.776769],[-122.510131,37.776695],[-122.510165,37.776313],[-122.510152,37.776269]]}},{"type":"Feature","properties":{"kind":"trail","surface":"woodchips"},"geometry":{"type":"LineString","coordinates":[[-122.510259,37.777795],[-122.51007,37.777502],[-122.510053,37.777293],[-122.509988,37.777123],[-122.509888,37.777101],[-122.509357,37.777149]]}},{"type":"Feature","properties":{"kind":"road","surface":"compacted"},"geometry":{"type":"LineString","coordinates":[[-122.512215,37.778091],[-122.512419,37.777995],[-122.512379,37.777839],[-122.512243,37.777745],[-122.511971,37.777761],[-122.511994,37.777852],[-122.511946,37.777825],[-122.511861,37.777863],[-122.511928,37.777998],[-122.512119,37.778135],[-122.512215,37.778091]]}},{"type":"Feature","properties":{"kind":"steps","surface":"concrete"},"geometry":{"type":"LineString","coordinates":[[-122.51225,37.778157],[-122.512215,37.778091]]}},{"type":"Feature","properties":{"kind":"trail","surface":"woodchips"},"geometry":{"type":"LineString","coordinates":[[-122.509359,37.776346],[-122.509198,37.776324]]}},{"type":"Feature","properties":{"kind":"trail"},"geometry":{"type":"LineString","coordinates":[[-122.511436,37.778797],[-122.512263,37.779]]}},{"type":"Feature","properties":{"kind":"trail","surface":"dirt"},"geometry":{"type":"LineString","coordinates":[[-122.512684,37.778321],[-122.51239,37.778282],[-122.51225,37.778157]]}},{"type":"Feature","properties":{"kind":"steps","surface":"unhewn_cobblestone"},"geometry":{"type":"LineString","coordinates":[[-122.512574,37.777993],[-122.512459,37.778025],[-122.512419,37.777995]]}},{"type":"Feature","properties":{"kind":"trail"},"geometry":{"type":"LineString","coordinates":[[-122.511128,37.778352],[-122.511166,37.778633],[-122.511299,37.77877],[-122.511436,37.778797]]}},{"type":"Feature","properties":{"kind":"trail","surface":"woodchips"},"geometry":{"type":"LineString","coordinates":[[-122.510165,37.776313],[-122.509817,37.776379],[-122.509359,37.776346],[-122.509202,37.776387]]}},{"type":"Feature","properties":{"kind":"trail","surface":"paving_stones"},"geometry":{"type":"LineString","coordinates":[[-122.451765,37.775442],[-122.451736,37.775304]]}},{"type":"Feature","properties":{"kind":"trail","surface":"paving_stones"},"geometry":{"type":"LineString","coordinates":[[-122.451381,37.775489],[-122.451418,37.775485],[-122.451765,37.775442],[-122.452168,37.775386],[-122.452155,37.775171]]}},{"type":"Feature","properties":{"kind":"trail","surface":"concrete"},"geometry":{"type":"LineString","coordinates":[[-122.452168,37.775386],[-122.452209,37.775598],[-122.452219,37.77584]]}},{"type":"Feature","properties":{"kind":"steps","surface":"concrete"},"geometry":{"type":"LineString","coordinates":[[-122.452219,37.77584],[-122.45223,37.775897]]}},{"type":"Feature","properties":{"kind":"trail","surface":"paving_stones"},"geometry":{"type":"LineString","coordinates":[[-122.45223,37.775897],[-122.451521,37.775999],[-122.451352,37.776024],[-122.450655,37.776134],[-122.449973,37.776266],[-122.449891,37.77635],[-122.449859,37.776498]]}},{"type":"Feature","properties":{"kind":"trail","surface":"paving_stones"},"geometry":{"type":"LineString","coordinates":[[-122.451403,37.776305],[-122.451532,37.77623],[-122.45165,37.776216],[-122.451846,37.77629],[-122.451946,37.776226],[-122.452356,37.776168],[-122.452351,37.776138],[-122.452513,37.77612],[-122.452552,37.776117]]}},{"type":"Feature","properties":{"kind":"trail","surface":"paving_stones"},"geometry":{"type":"LineString","coordinates":[[-122.452614,37.7761],[-122.45261,37.776083],[-122.452592,37.775998],[-122.452895,37.775968]]}},{"type":"Feature","properties":{"kind":"trail","surface":"paving_stones"},"geometry":{"type":"LineString","coordinates":[[-122.452592,37.775998],[-122.452322,37.776035],[-122.452351,37.776138]]}},{"type":"Feature","properties":{"kind":"trail","surface":"paving_stones"},"geometry":{"type":"LineString","coordinates":[[-122.452322,37.776035],[-122.45223,37.775897]]}},{"type":"Feature","properties":{"kind":"road","name":"Girard Road","surface":"asphalt"},"geometry":{"type":"LineString","coordinates":[[-122.452934,37.801999],[-122.45282,37.802068],[-122.452157,37.802768]]}},{"type":"Feature","properties":{"kind":"road","name":"Girard Road","surface":"asphalt"},"geometry":{"type":"LineString","coordinates":[[-122.452157,37.802768],[-122.451437,37.803293]]}},{"type":"Feature","properties":{"kind":"road","name":"Girard Road","surface":"asphalt"},"geometry":{"type":"LineString","coordinates":[[-122.448487,37.804649],[-122.449036,37.804366],[-122.450207,37.80401]]}},{"type":"Feature","properties":{"kind":"road","name":"Girard Road","surface":"asphalt"},"geometry":{"type":"LineString","coordinates":[[-122.450873,37.803612],[-122.450078,37.803953],[-122.44894,37.804323],[-122.4484,37.804617]]}},{"type":"Feature","properties":{"kind":"trail","surface":"concrete"},"geometry":{"type":"LineString","coordinates":[[-122.457306,37.799237],[-122.456756,37.798977]]}},{"type":"Feature","properties":{"kind":"trail","surface":"concrete"},"geometry":{"type":"LineString","coordinates":[[-122.457381,37.799899],[-122.457009,37.799737]]}},{"type":"Feature","properties":{"kind":"trail","surface":"concrete"},"geometry":{"type":"LineString","coordinates":[[-122.458088,37.801412],[-122.457545,37.801151]]}},{"type":"Feature","properties":{"kind":"trail","surface":"concrete"},"geometry":{"type":"LineString","coordinates":[[-122.459548,37.800817],[-122.459027,37.800579],[-122.458827,37.800487],[-122.458212,37.800192]]}},{"type":"Feature","properties":{"kind":"trail"},"geometry":{"type":"LineString","coordinates":[[-122.456776,37.80069],[-122.456197,37.800417]]}},{"type":"Feature","properties":{"kind":"trail"},"geometry":{"type":"LineString","coordinates":[[-122.457299,37.800769],[-122.457208,37.800728],[-122.456974,37.800623]]}},{"type":"Feature","properties":{"kind":"steps","name":"4","surface":"concrete"},"geometry":{"type":"LineString","coordinates":[[-122.511834,37.775039],[-122.511792,37.775042]]}},{"type":"Feature","properties":{"kind":"steps","name":"3","surface":"concrete"},"geometry":{"type":"LineString","coordinates":[[-122.511881,37.775448],[-122.511842,37.775451]]}},{"type":"Feature","properties":{"kind":"trail","name":"3","surface":"concrete"},"geometry":{"type":"LineString","coordinates":[[-122.511842,37.775451],[-122.511816,37.775453],[-122.511785,37.775456]]}},{"type":"Feature","properties":{"kind":"steps","name":"2","surface":"concrete"},"geometry":{"type":"LineString","coordinates":[[-122.511933,37.775858],[-122.511893,37.775861]]}},{"type":"Feature","properties":{"kind":"trail","name":"2","surface":"concrete"},"geometry":{"type":"LineString","coordinates":[[-122.511893,37.775861],[-122.511867,37.775863],[-122.511835,37.775866]]}},{"type":"Feature","properties":{"kind":"steps","name":"1","surface":"concrete"},"geometry":{"type":"LineString","coordinates":[[-122.511971,37.776158],[-122.51193,37.776161]]}},{"type":"Feature","properties":{"kind":"trail","name":"1","surface":"concrete"},"geometry":{"type":"LineString","coordinates":[[-122.51193,37.776161],[-122.511904,37.776163],[-122.511873,37.776166]]}},{"type":"Feature","properties":{"kind":"trail","surface":"sand"},"geometry":{"type":"LineString","coordinates":[[-122.457671,37.80509],[-122.457806,37.80544]]}},{"type":"Feature","properties":{"kind":"trail","surface":"sand"},"geometry":{"type":"LineString","coordinates":[[-122.45832,37.805008],[-122.458406,37.805305]]}},{"type":"Feature","properties":{"kind":"trail","surface":"sand"},"geometry":{"type":"LineString","coordinates":[[-122.458952,37.804928],[-122.459015,37.805186]]}},{"type":"Feature","properties":{"kind":"trail","surface":"wood"},"geometry":{"type":"LineString","coordinates":[[-122.459842,37.804811],[-122.459903,37.805072]]}},{"type":"Feature","properties":{"kind":"trail","surface":"sand"},"geometry":{"type":"LineString","coordinates":[[-122.460505,37.804725],[-122.460575,37.804982]]}},{"type":"Feature","properties":{"kind":"trail","surface":"sand"},"geometry":{"type":"LineString","coordinates":[[-122.46111,37.804673],[-122.461135,37.804911]]}},{"type":"Feature","properties":{"kind":"trail","surface":"sand"},"geometry":{"type":"LineString","coordinates":[[-122.461549,37.804696],[-122.461561,37.804801]]}},{"type":"Feature","properties":{"kind":"trail","surface":"sand"},"geometry":{"type":"LineString","coordinates":[[-122.462753,37.804631],[-122.462779,37.804808]]}},{"type":"Feature","properties":{"kind":"trail","surface":"sand"},"geometry":{"type":"LineString","coordinates":[[-122.463544,37.804593],[-122.463732,37.804718]]}},{"type":"Feature","properties":{"kind":"trail","surface":"sand"},"geometry":{"type":"LineString","coordinates":[[-122.463157,37.804607],[-122.463176,37.804768]]}},{"type":"Feature","properties":{"kind":"trail"},"geometry":{"type":"LineString","coordinates":[[-122.451996,37.805881],[-122.451841,37.805788]]}},{"type":"Feature","properties":{"kind":"road","name":"Golden Gate Bridge West Sidewalk","surface":"concrete"},"geometry":{"type":"LineString","coordinates":[[-122.480952,37.832255],[-122.480601,37.83191],[-122.480334,37.831559],[-122.480092,37.831086],[-122.479988,37.830706],[-122.479375,37.825577],[-122.479452,37.825489],[-122.479401,37.825405],[-122.479354,37.825406],[-122.478034,37.814079],[-122.478113,37.81401],[-122.478058,37.813918],[-122.478018,37.813922],[-122.477514,37.809632],[-122.477412,37.80919],[-122.477254,37.808833],[-122.476654,37.808009]]}},{"type":"Feature","properties":{"kind":"trail","surface":"concrete"},"geometry":{"type":"LineString","coordinates":[[-122.475063,37.807787],[-122.475271,37.807982],[-122.475306,37.808109],[-122.475191,37.808226]]}},{"type":"Feature","properties":{"kind":"trail","surface":"concrete"},"geometry":{"type":"LineString","coordinates":[[-122.475306,37.808109],[-122.475317,37.80823]]}},{"type":"Feature","properties":{"kind":"steps"},"geometry":{"type":"LineString","coordinates":[[-122.465941,37.804741],[-122.465946,37.804729]]}},{"type":"Feature","properties":{"kind":"trail","surface":"compacted"},"geometry":{"type":"LineString","coordinates":[[-122.465946,37.804729],[-122.466433,37.803569],[-122.466445,37.80354]]}},{"type":"Feature","properties":{"kind":"road","surface":"paving_stones"},"geometry":{"type":"LineString","coordinates":[[-122.474411,37.807736],[-122.474374,37.807761],[-122.474494,37.807873],[-122.474546,37.807839],[-122.474657,37.807941],[-122.47475,37.807879],[-122.47468,37.807814],[-122.474923,37.807651],[-122.475017,37.807738],[-122.474963,37.807773],[-122.474998,37.807805],[-122.475063,37.807787],[-122.475089,37.807769],[-122.475298,37.807964],[-122.475399,37.808059],[-122.475515,37.807981],[-122.475195,37.807682],[-122.475241,37.807653],[-122.475269,37.807634],[-122.475147,37.807521],[-122.475201,37.807465],[-122.475175,37.80744],[-122.475051,37.807515],[-122.474953,37.80758],[-122.474658,37.807752],[-122.474411,37.807736]]}},{"type":"Feature","properties":{"kind":"road","surface":"asphalt"},"geometry":{"type":"LineString","coordinates":[[-122.436087,37.806554],[-122.436371,37.806624],[-122.436645,37.806629],[-122.440175,37.806175],[-122.442114,37.805934]]}},{"type":"Feature","properties":{"kind":"steps","surface":"concrete"},"geometry":{"type":"LineString","coordinates":[[-122.475271,37.807982],[-122.475298,37.807964]]}},{"type":"Feature","properties":{"kind":"road","surface":"asphalt"},"geometry":{"type":"LineString","coordinates":[[-122.467348,37.803717],[-122.467447,37.803779],[-122.467836,37.804181],[-122.468145,37.804615],[-122.468237,37.80478],[-122.46859,37.805617],[-122.468751,37.806319]]}},{"type":"Feature","properties":{"kind":"trail","surface":"dirt"},"geometry":{"type":"LineString","coordinates":[[-122.472439,37.786238],[-122.47229,37.784563]]}},{"type":"Feature","properties":{"kind":"trail"},"geometry":{"type":"LineString","coordinates":[[-122.475563,37.78784],[-122.475767,37.787976],[-122.475641,37.787779]]}},{"type":"Feature","properties":{"kind":"trail","surface":"paving_stones"},"geometry":{"type":"LineString","coordinates":[[-122.474675,37.788207],[-122.474966,37.788186],[-122.475129,37.788055]]}},{"type":"Feature","properties":{"kind":"trail","name":"Bay Area Ridge Trail","surface":"asphalt"},"geometry":{"type":"LineString","coordinates":[[-122.458267,37.789881],[-122.459417,37.789663],[-122.459488,37.789693]]}},{"type":"Feature","properties":{"kind":"trail","surface":"compacted"},"geometry":{"type":"LineString","coordinates":[[-122.45875,37.790788],[-122.458576,37.79043]]}},{"type":"Feature","properties":{"kind":"trail","name":"Connector Trail","surface":"dirt"},"geometry":{"type":"LineString","coordinates":[[-122.456898,37.793089],[-122.456698,37.793147],[-122.456584,37.793243],[-122.456335,37.793615],[-122.456169,37.79362]]}},{"type":"Feature","properties":{"kind":"trail","surface":"dirt"},"geometry":{"type":"LineString","coordinates":[[-122.459565,37.790966],[-122.459965,37.790963],[-122.460373,37.7911],[-122.46098,37.791562],[-122.461394,37.792078]]}},{"type":"Feature","properties":{"kind":"trail","name":"El Polin Spring Connector Trail","surface":"dirt"},"geometry":{"type":"LineString","coordinates":[[-122.455157,37.792638],[-122.455034,37.792611],[-122.454972,37.792647],[-122.454805,37.792931],[-122.454562,37.793119],[-122.454694,37.792851],[-122.454747,37.792603],[-122.454674,37.792569],[-122.454286,37.792634],[-122.454156,37.792522],[-122.454168,37.792409],[-122.454326,37.792163],[-122.454206,37.791826]]}},{"type":"Feature","properties":{"kind":"trail"},"geometry":{"type":"LineString","coordinates":[[-122.474988,37.798434],[-122.475252,37.798013],[-122.475239,37.797545],[-122.475076,37.797135]]}},{"type":"Feature","properties":{"kind":"trail","surface":"dirt"},"geometry":{"type":"LineString","coordinates":[[-122.475409,37.793686],[-122.475397,37.793755],[-122.475767,37.794457],[-122.475782,37.794483]]}},{"type":"Feature","properties":{"kind":"trail"},"geometry":{"type":"LineString","coordinates":[[-122.475616,37.796473],[-122.475381,37.796311],[-122.475306,37.796101],[-122.475393,37.795973],[-122.475701,37.79598],[-122.476245,37.795909]]}},{"type":"Feature","properties":{"kind":"trail","surface":"dirt"},"geometry":{"type":"LineString","coordinates":[[-122.476935,37.804898],[-122.476751,37.804959]]}},{"type":"Feature","properties":{"kind":"trail","surface":"dirt"},"geometry":{"type":"LineString","coordinates":[[-122.476046,37.803803],[-122.476016,37.803632],[-122.476055,37.803446],[-122.476273,37.80316],[-122.476805,37.802334],[-122.477194,37.80212],[-122.477351,37.801805],[-122.47753,37.801457]]}},{"type":"Feature","properties":{"kind":"trail"},"geometry":{"type":"LineString","coordinates":[[-122.475767,37.804539],[-122.475923,37.80472],[-122.475952,37.804843],[-122.475752,37.805308],[-122.475844,37.805598],[-122.475774,37.805823]]}},{"type":"Feature","properties":{"kind":"trail","surface":"asphalt"},"geometry":{"type":"LineString","coordinates":[[-122.469599,37.787543],[-122.46853,37.787493],[-122.468413,37.787438],[-122.468292,37.787191],[-122.468103,37.786994],[-122.468022,37.786927],[-122.467943,37.786832]]}},{"type":"Feature","properties":{"kind":"trail","surface":"asphalt"},"geometry":{"type":"LineString","coordinates":[[-122.468103,37.786994],[-122.468145,37.786922],[-122.468401,37.786942],[-122.468928,37.78689],[-122.469141,37.786858],[-122.469811,37.786848],[-122.470011,37.786848],[-122.470126,37.786873],[-122.47098,37.786804],[-122.471283,37.78679],[-122.471321,37.786787],[-122.471568,37.786766]]}},{"type":"Feature","properties":{"kind":"trail","surface":"asphalt"},"geometry":{"type":"LineString","coordinates":[[-122.471568,37.786766],[-122.471706,37.786845],[-122.471784,37.787168]]}},{"type":"Feature","properties":{"kind":"trail","surface":"asphalt"},"geometry":{"type":"LineString","coordinates":[[-122.468145,37.786922],[-122.468083,37.786921],[-122.468022,37.786927],[-122.467644,37.786979],[-122.466875,37.78698]]}},{"type":"Feature","properties":{"kind":"trail","surface":"asphalt"},"geometry":{"type":"LineString","coordinates":[[-122.466875,37.78698],[-122.466747,37.787003],[-122.466709,37.787149],[-122.467039,37.787466],[-122.467401,37.787669],[-122.46785,37.787659],[-122.468176,37.787482],[-122.468413,37.787438]]}},{"type":"Feature","properties":{"kind":"steps","surface":"rock"},"geometry":{"type":"LineString","coordinates":[[-122.471238,37.787228],[-122.471253,37.787341]]}},{"type":"Feature","properties":{"kind":"trail","surface":"concrete"},"geometry":{"type":"LineString","coordinates":[[-122.471238,37.787228],[-122.471205,37.787154],[-122.471259,37.787014],[-122.471188,37.786904],[-122.471283,37.78679]]}},{"type":"Feature","properties":{"kind":"road","name":"Arguello Boulevard","surface":"asphalt"},"geometry":{"type":"LineString","coordinates":[[-122.461225,37.792845],[-122.460931,37.792622]]}},{"type":"Feature","properties":{"kind":"trail"},"geometry":{"type":"LineString","coordinates":[[-122.51171,37.780952],[-122.511792,37.78129],[-122.512136,37.781488],[-122.512168,37.781626]]}},{"type":"Feature","properties":{"kind":"steps"},"geometry":{"type":"LineString","coordinates":[[-122.511711,37.78089],[-122.511711,37.780905]]}},{"type":"Feature","properties":{"kind":"steps","surface":"concrete"},"geometry":{"type":"LineString","coordinates":[[-122.511647,37.77952],[-122.511652,37.779539]]}},{"type":"Feature","properties":{"kind":"road","name":"Point Lobos Avenue","surface":"asphalt"},"geometry":{"type":"LineString","coordinates":[[-122.509463,37.779866],[-122.50935,37.779822],[-122.507316,37.779989]]}},{"type":"Feature","properties":{"kind":"road","name":"Point Lobos Avenue","surface":"asphalt"},"geometry":{"type":"LineString","coordinates":[[-122.507316,37.779989],[-122.507404,37.780023],[-122.508708,37.779948]]}},{"type":"Feature","properties":{"kind":"road","name":"Geary Boulevard","surface":"asphalt"},"geometry":{"type":"LineString","coordinates":[[-122.50083,37.779469],[-122.501909,37.779528]]}},{"type":"Feature","properties":{"kind":"road","name":"Geary Boulevard"},"geometry":{"type":"LineString","coordinates":[[-122.501161,37.779275],[-122.500817,37.779288]]}},{"type":"Feature","properties":{"kind":"road","name":"Geary Boulevard","surface":"asphalt"},"geometry":{"type":"LineString","coordinates":[[-122.498685,37.779519],[-122.499755,37.779474]]}},{"type":"Feature","properties":{"kind":"road","name":"Geary Boulevard","surface":"asphalt"},"geometry":{"type":"LineString","coordinates":[[-122.499755,37.779474],[-122.50083,37.779469]]}},{"type":"Feature","properties":{"kind":"road","name":"Geary Boulevard","surface":"asphalt"},"geometry":{"type":"LineString","coordinates":[[-122.500135,37.779348],[-122.498677,37.779411]]}},{"type":"Feature","properties":{"kind":"road","name":"Legion of Honor Drive","surface":"asphalt"},"geometry":{"type":"LineString","coordinates":[[-122.500088,37.785434],[-122.499816,37.785185]]}},{"type":"Feature","properties":{"kind":"road","name":"Geary Boulevard","surface":"asphalt"},"geometry":{"type":"LineString","coordinates":[[-122.492718,37.779671],[-122.492248,37.779693]]}},{"type":"Feature","properties":{"kind":"road","name":"Geary Boulevard","surface":"asphalt"},"geometry":{"type":"LineString","coordinates":[[-122.493052,37.77978],[-122.493327,37.779767]]}},{"type":"Feature","properties":{"kind":"road","name":"Geary Boulevard","surface":"asphalt"},"geometry":{"type":"LineString","coordinates":[[-122.492248,37.779693],[-122.491516,37.779725]]}},{"type":"Feature","properties":{"kind":"road","name":"Geary Boulevard","surface":"asphalt"},"geometry":{"type":"LineString","coordinates":[[-122.490104,37.77979],[-122.489033,37.779839]]}},{"type":"Feature","properties":{"kind":"road","name":"Geary Boulevard","surface":"asphalt"},"geometry":{"type":"LineString","coordinates":[[-122.489764,37.779932],[-122.490113,37.779919]]}},{"type":"Feature","properties":{"kind":"road","name":"Geary Boulevard","surface":"asphalt"},"geometry":{"type":"LineString","coordinates":[[-122.491516,37.779725],[-122.491177,37.779741]]}},{"type":"Feature","properties":{"kind":"road","name":"Geary Boulevard","surface":"asphalt"},"geometry":{"type":"LineString","coordinates":[[-122.491177,37.779741],[-122.490457,37.779775]]}},{"type":"Feature","properties":{"kind":"road","name":"Geary Boulevard","surface":"asphalt"},"geometry":{"type":"LineString","coordinates":[[-122.489042,37.779967],[-122.489764,37.779932]]}},{"type":"Feature","properties":{"kind":"road","name":"Geary Boulevard","surface":"asphalt"},"geometry":{"type":"LineString","coordinates":[[-122.486897,37.780065],[-122.487968,37.780016]]}},{"type":"Feature","properties":{"kind":"road","name":"Geary Boulevard","surface":"asphalt"},"geometry":{"type":"LineString","coordinates":[[-122.487959,37.779888],[-122.487221,37.779922]]}},{"type":"Feature","properties":{"kind":"road","name":"Geary Boulevard","surface":"asphalt"},"geometry":{"type":"LineString","coordinates":[[-122.487221,37.779922],[-122.486888,37.779937]]}},{"type":"Feature","properties":{"kind":"road","name":"El Camino del Mar","surface":"asphalt"},"geometry":{"type":"LineString","coordinates":[[-122.484748,37.787641],[-122.485295,37.787617]]}},{"type":"Feature","properties":{"kind":"road","name":"Geary Boulevard","surface":"asphalt"},"geometry":{"type":"LineString","coordinates":[[-122.477583,37.780362],[-122.47725,37.780378]]}},{"type":"Feature","properties":{"kind":"road","name":"Geary Boulevard","surface":"asphalt"},"geometry":{"type":"LineString","coordinates":[[-122.478653,37.780313],[-122.478321,37.780329]]}},{"type":"Feature","properties":{"kind":"road","name":"Geary Boulevard","surface":"asphalt"},"geometry":{"type":"LineString","coordinates":[[-122.47833,37.780453],[-122.479399,37.780405]]}},{"type":"Feature","properties":{"kind":"road","name":"Geary Boulevard","surface":"asphalt"},"geometry":{"type":"LineString","coordinates":[[-122.477259,37.780501],[-122.477978,37.780467]]}},{"type":"Feature","properties":{"kind":"road","name":"Geary Boulevard","surface":"asphalt"},"geometry":{"type":"LineString","coordinates":[[-122.476186,37.78055],[-122.476935,37.780513]]}},{"type":"Feature","properties":{"kind":"road","name":"Geary Boulevard","surface":"asphalt"},"geometry":{"type":"LineString","coordinates":[[-122.481535,37.780182],[-122.480464,37.780231]]}},{"type":"Feature","properties":{"kind":"road","name":"Geary Boulevard","surface":"asphalt"},"geometry":{"type":"LineString","coordinates":[[-122.485817,37.779986],[-122.484881,37.780029]]}},{"type":"Feature","properties":{"kind":"road","name":"Geary Boulevard","surface":"asphalt"},"geometry":{"type":"LineString","coordinates":[[-122.47725,37.780378],[-122.476178,37.780426]]}},{"type":"Feature","properties":{"kind":"road","name":"Geary Boulevard","surface":"asphalt"},"geometry":{"type":"LineString","coordinates":[[-122.482606,37.780133],[-122.48187,37.780166]]}},{"type":"Feature","properties":{"kind":"road","name":"Geary Boulevard","surface":"asphalt"},"geometry":{"type":"LineString","coordinates":[[-122.478321,37.780329],[-122.477583,37.780362]]}},{"type":"Feature","properties":{"kind":"road","name":"Geary Boulevard","surface":"asphalt"},"geometry":{"type":"LineString","coordinates":[[-122.482239,37.780276],[-122.482615,37.780259]]}},{"type":"Feature","properties":{"kind":"road","name":"Geary Boulevard","surface":"asphalt"},"geometry":{"type":"LineString","coordinates":[[-122.483254,37.78023],[-122.483684,37.78021]]}},{"type":"Feature","properties":{"kind":"road","name":"Geary Boulevard","surface":"asphalt"},"geometry":{"type":"LineString","coordinates":[[-122.485827,37.780113],[-122.486529,37.780081]]}},{"type":"Feature","properties":{"kind":"road","name":"Geary Boulevard","surface":"asphalt"},"geometry":{"type":"LineString","coordinates":[[-122.481135,37.780326],[-122.481544,37.780307]]}},{"type":"Feature","properties":{"kind":"road","name":"Geary Boulevard","surface":"asphalt"},"geometry":{"type":"LineString","coordinates":[[-122.477978,37.780467],[-122.47833,37.780453]]}},{"type":"Feature","properties":{"kind":"road","name":"Geary Boulevard","surface":"asphalt"},"geometry":{"type":"LineString","coordinates":[[-122.482971,37.780116],[-122.482606,37.780133]]}},{"type":"Feature","properties":{"kind":"road","name":"Geary Boulevard","surface":"asphalt"},"geometry":{"type":"LineString","coordinates":[[-122.486529,37.780081],[-122.486897,37.780065]]}},{"type":"Feature","properties":{"kind":"road","name":"Geary Boulevard","surface":"asphalt"},"geometry":{"type":"LineString","coordinates":[[-122.482615,37.780259],[-122.483254,37.78023]]}},{"type":"Feature","properties":{"kind":"road","name":"Geary Boulevard","surface":"asphalt"},"geometry":{"type":"LineString","coordinates":[[-122.481544,37.780307],[-122.482239,37.780276]]}},{"type":"Feature","properties":{"kind":"road","name":"Geary Boulevard","surface":"asphalt"},"geometry":{"type":"LineString","coordinates":[[-122.483675,37.780084],[-122.482971,37.780116]]}},{"type":"Feature","properties":{"kind":"road","name":"Geary Boulevard","surface":"asphalt"},"geometry":{"type":"LineString","coordinates":[[-122.485423,37.780132],[-122.485827,37.780113]]}},{"type":"Feature","properties":{"kind":"road","name":"Geary Boulevard","surface":"asphalt"},"geometry":{"type":"LineString","coordinates":[[-122.486165,37.77997],[-122.485817,37.779986]]}},{"type":"Feature","properties":{"kind":"road","name":"25th Avenue"},"geometry":{"type":"LineString","coordinates":[[-122.48491,37.782291],[-122.484891,37.782022]]}},{"type":"Feature","properties":{"kind":"road","name":"25th Avenue","surface":"asphalt"},"geometry":{"type":"LineString","coordinates":[[-122.48478,37.780497],[-122.484756,37.780162]]}},{"type":"Feature","properties":{"kind":"road","name":"25th Avenue"},"geometry":{"type":"LineString","coordinates":[[-122.484891,37.782022],[-122.484874,37.781778]]}},{"type":"Feature","properties":{"kind":"road","name":"25th Avenue"},"geometry":{"type":"LineString","coordinates":[[-122.48516,37.785754],[-122.485081,37.784651]]}},{"type":"Feature","properties":{"kind":"road","name":"Balboa Street","surface":"asphalt"},"geometry":{"type":"LineString","coordinates":[[-122.484477,37.776306],[-122.48495,37.776283]]}},{"type":"Feature","properties":{"kind":"road","name":"Balboa Street","surface":"asphalt"},"geometry":{"type":"LineString","coordinates":[[-122.472127,37.776866],[-122.472479,37.776851]]}},{"type":"Feature","properties":{"kind":"road","name":"Balboa Street","surface":"asphalt"},"geometry":{"type":"LineString","coordinates":[[-122.483405,37.776355],[-122.484477,37.776306]]}},{"type":"Feature","properties":{"kind":"road","name":"Balboa Street","surface":"asphalt"},"geometry":{"type":"LineString","coordinates":[[-122.493048,37.775917],[-122.497333,37.775722]]}},{"type":"Feature","properties":{"kind":"road","name":"Geary Boulevard","surface":"asphalt"},"geometry":{"type":"LineString","coordinates":[[-122.473502,37.780672],[-122.473992,37.78065]]}},{"type":"Feature","properties":{"kind":"road","name":"Geary Boulevard","surface":"asphalt"},"geometry":{"type":"LineString","coordinates":[[-122.473983,37.780527],[-122.472861,37.780578]]}},{"type":"Feature","properties":{"kind":"road","name":"Geary Boulevard","surface":"asphalt"},"geometry":{"type":"LineString","coordinates":[[-122.470728,37.780798],[-122.471801,37.780749]]}},{"type":"Feature","properties":{"kind":"road","name":"Geary Boulevard","surface":"asphalt"},"geometry":{"type":"LineString","coordinates":[[-122.466446,37.780992],[-122.467518,37.780943]]}},{"type":"Feature","properties":{"kind":"road","name":"Geary Boulevard","surface":"asphalt"},"geometry":{"type":"LineString","coordinates":[[-122.466066,37.781008],[-122.466446,37.780992]]}},{"type":"Feature","properties":{"kind":"road","name":"Geary Boulevard","surface":"asphalt"},"geometry":{"type":"LineString","coordinates":[[-122.469656,37.780846],[-122.47038,37.780813]]}},{"type":"Feature","properties":{"kind":"road","name":"Geary Boulevard","surface":"asphalt"},"geometry":{"type":"LineString","coordinates":[[-122.465374,37.781041],[-122.466066,37.781008]]}},{"type":"Feature","properties":{"kind":"road","name":"Geary Boulevard","surface":"asphalt"},"geometry":{"type":"LineString","coordinates":[[-122.474356,37.78051],[-122.473983,37.780527]]}},{"type":"Feature","properties":{"kind":"road","name":"Geary Boulevard","surface":"asphalt"},"geometry":{"type":"LineString","coordinates":[[-122.47038,37.780813],[-122.470728,37.780798]]}},{"type":"Feature","properties":{"kind":"road","name":"Geary Boulevard","surface":"asphalt"},"geometry":{"type":"LineString","coordinates":[[-122.469258,37.780864],[-122.469656,37.780846]]}},{"type":"Feature","properties":{"kind":"road","name":"Geary Boulevard","surface":"asphalt"},"geometry":{"type":"LineString","coordinates":[[-122.465005,37.781056],[-122.465374,37.781041]]}},{"type":"Feature","properties":{"kind":"road","name":"Geary Boulevard","surface":"asphalt"},"geometry":{"type":"LineString","coordinates":[[-122.465365,37.780919],[-122.464295,37.780967]]}},{"type":"Feature","properties":{"kind":"road","name":"Geary Boulevard","surface":"asphalt"},"geometry":{"type":"LineString","coordinates":[[-122.475108,37.780475],[-122.474356,37.78051]]}},{"type":"Feature","properties":{"kind":"road","name":"Geary Boulevard","surface":"asphalt"},"geometry":{"type":"LineString","coordinates":[[-122.471801,37.780749],[-122.472264,37.780728]]}},{"type":"Feature","properties":{"kind":"road","name":"Geary Boulevard","surface":"asphalt"},"geometry":{"type":"LineString","coordinates":[[-122.469647,37.780724],[-122.468576,37.780773]]}},{"type":"Feature","properties":{"kind":"road","name":"Geary Boulevard","surface":"asphalt"},"geometry":{"type":"LineString","coordinates":[[-122.465792,37.780902],[-122.465365,37.780919]]}},{"type":"Feature","properties":{"kind":"road","name":"Geary Boulevard","surface":"asphalt"},"geometry":{"type":"LineString","coordinates":[[-122.470719,37.780676],[-122.470022,37.780707]]}},{"type":"Feature","properties":{"kind":"road","name":"Geary Boulevard","surface":"asphalt"},"geometry":{"type":"LineString","coordinates":[[-122.466782,37.780857],[-122.466437,37.78087]]}},{"type":"Feature","properties":{"kind":"road","name":"Geary Boulevard","surface":"asphalt"},"geometry":{"type":"LineString","coordinates":[[-122.466437,37.78087],[-122.465792,37.780902]]}},{"type":"Feature","properties":{"kind":"road","name":"Geary Boulevard","surface":"asphalt"},"geometry":{"type":"LineString","coordinates":[[-122.470022,37.780707],[-122.469647,37.780724]]}},{"type":"Feature","properties":{"kind":"road","name":"Geary Boulevard","surface":"asphalt"},"geometry":{"type":"LineString","coordinates":[[-122.471094,37.780659],[-122.470719,37.780676]]}},{"type":"Feature","properties":{"kind":"road","name":"California Street","surface":"asphalt"},"geometry":{"type":"LineString","coordinates":[[-122.472069,37.784479],[-122.472532,37.784458]]}},{"type":"Feature","properties":{"kind":"road","name":"Geary Boulevard","surface":"asphalt"},"geometry":{"type":"LineString","coordinates":[[-122.454193,37.781663],[-122.455,37.781559]]}},{"type":"Feature","properties":{"kind":"road","name":"Geary Boulevard","surface":"asphalt"},"geometry":{"type":"LineString","coordinates":[[-122.462163,37.781187],[-122.463236,37.781138]]}},{"type":"Feature","properties":{"kind":"road","name":"Geary Boulevard","surface":"asphalt"},"geometry":{"type":"LineString","coordinates":[[-122.461822,37.7812],[-122.462163,37.781187]]}},{"type":"Feature","properties":{"kind":"road","name":"Geary Boulevard","surface":"asphalt"},"geometry":{"type":"LineString","coordinates":[[-122.46109,37.781236],[-122.461707,37.781206]]}},{"type":"Feature","properties":{"kind":"road","name":"Geary Boulevard","surface":"asphalt"},"geometry":{"type":"LineString","coordinates":[[-122.460747,37.781251],[-122.46109,37.781236]]}},{"type":"Feature","properties":{"kind":"road","name":"Geary Boulevard","surface":"asphalt"},"geometry":{"type":"LineString","coordinates":[[-122.455947,37.781466],[-122.456344,37.781451]]}},{"type":"Feature","properties":{"kind":"road","name":"Geary Boulevard","surface":"asphalt"},"geometry":{"type":"LineString","coordinates":[[-122.455,37.781559],[-122.455307,37.781522]]}},{"type":"Feature","properties":{"kind":"road","name":"Geary Boulevard","surface":"asphalt"},"geometry":{"type":"LineString","coordinates":[[-122.456344,37.781451],[-122.457757,37.781387]]}},{"type":"Feature","properties":{"kind":"road","name":"Geary Boulevard","surface":"asphalt"},"geometry":{"type":"LineString","coordinates":[[-122.45889,37.781212],[-122.458153,37.781246]]}},{"type":"Feature","properties":{"kind":"road","name":"Geary Boulevard","surface":"asphalt"},"geometry":{"type":"LineString","coordinates":[[-122.461081,37.781113],[-122.460653,37.781132]]}},{"type":"Feature","properties":{"kind":"road","name":"Geary Boulevard","surface":"asphalt"},"geometry":{"type":"LineString","coordinates":[[-122.458153,37.781246],[-122.457748,37.781264]]}},{"type":"Feature","properties":{"kind":"road","name":"Geary Boulevard","surface":"asphalt"},"geometry":{"type":"LineString","coordinates":[[-122.455722,37.781359],[-122.455542,37.781369]]}},{"type":"Feature","properties":{"kind":"road","name":"Geary Boulevard","surface":"asphalt"},"geometry":{"type":"LineString","coordinates":[[-122.462154,37.781064],[-122.46175,37.781082]]}},{"type":"Feature","properties":{"kind":"road","name":"Geary Boulevard","surface":"asphalt"},"geometry":{"type":"LineString","coordinates":[[-122.462489,37.781051],[-122.462154,37.781064]]}},{"type":"Feature","properties":{"kind":"road","name":"Geary Boulevard","surface":"asphalt"},"geometry":{"type":"LineString","coordinates":[[-122.456309,37.781329],[-122.455722,37.781359]]}},{"type":"Feature","properties":{"kind":"road","name":"Geary Boulevard","surface":"asphalt"},"geometry":{"type":"LineString","coordinates":[[-122.463227,37.781016],[-122.462489,37.781051]]}},{"type":"Feature","properties":{"kind":"road","name":"Arguello Boulevard","surface":"asphalt"},"geometry":{"type":"LineString","coordinates":[[-122.459239,37.786061],[-122.459211,37.785686]]}},{"type":"Feature","properties":{"kind":"road","name":"Arguello Boulevard","surface":"asphalt"},"geometry":{"type":"LineString","coordinates":[[-122.459324,37.787251],[-122.459298,37.786924]]}},{"type":"Feature","properties":{"kind":"road","name":"Arguello Boulevard","surface":"asphalt"},"geometry":{"type":"LineString","coordinates":[[-122.459211,37.785686],[-122.459171,37.785169]]}},{"type":"Feature","properties":{"kind":"road","name":"Arguello Boulevard","surface":"asphalt"},"geometry":{"type":"LineString","coordinates":[[-122.459171,37.785169],[-122.459105,37.784216]]}},{"type":"Feature","properties":{"kind":"road","name":"Arguello Boulevard","surface":"asphalt"},"geometry":{"type":"LineString","coordinates":[[-122.458938,37.781847],[-122.458929,37.781726]]}},{"type":"Feature","properties":{"kind":"road","name":"Arguello Boulevard","surface":"asphalt"},"geometry":{"type":"LineString","coordinates":[[-122.458844,37.780574],[-122.458789,37.77973]]}},{"type":"Feature","properties":{"kind":"road","name":"Arguello Boulevard","surface":"asphalt"},"geometry":{"type":"LineString","coordinates":[[-122.459105,37.784216],[-122.459075,37.783826]]}},{"type":"Feature","properties":{"kind":"road","name":"Arguello Boulevard","surface":"asphalt"},"geometry":{"type":"LineString","coordinates":[[-122.459001,37.782762],[-122.458938,37.781847]]}},{"type":"Feature","properties":{"kind":"road","name":"Arguello Boulevard","surface":"asphalt"},"geometry":{"type":"LineString","coordinates":[[-122.458789,37.77973],[-122.458757,37.779357]]}},{"type":"Feature","properties":{"kind":"road","name":"Arguello Boulevard","surface":"asphalt"},"geometry":{"type":"LineString","coordinates":[[-122.45889,37.781212],[-122.458844,37.780574]]}},{"type":"Feature","properties":{"kind":"road","name":"Anza Street","surface":"asphalt"},"geometry":{"type":"LineString","coordinates":[[-122.450862,37.780626],[-122.453894,37.780241]]}},{"type":"Feature","properties":{"kind":"road","name":"Anza Street","surface":"asphalt"},"geometry":{"type":"LineString","coordinates":[[-122.457843,37.779474],[-122.458757,37.779357]]}},{"type":"Feature","properties":{"kind":"road","name":"Stanyan Boulevard","surface":"asphalt"},"geometry":{"type":"LineString","coordinates":[[-122.456167,37.780663],[-122.456093,37.780299]]}},{"type":"Feature","properties":{"kind":"road","name":"Stanyan Boulevard","surface":"asphalt"},"geometry":{"type":"LineString","coordinates":[[-122.456309,37.781329],[-122.456167,37.780663]]}},{"type":"Feature","properties":{"kind":"road","name":"Stanyan Boulevard","surface":"asphalt"},"geometry":{"type":"LineString","coordinates":[[-122.456093,37.780299],[-122.456056,37.780206]]}},{"type":"Feature","properties":{"kind":"road","name":"Stanyan Boulevard","surface":"asphalt"},"geometry":{"type":"LineString","coordinates":[[-122.455279,37.777952],[-122.455236,37.777607]]}},{"type":"Feature","properties":{"kind":"road","name":"Stanyan Boulevard","surface":"asphalt"},"geometry":{"type":"LineString","coordinates":[[-122.455604,37.779505],[-122.45546,37.778824],[-122.455279,37.777952]]}},{"type":"Feature","properties":{"kind":"road","name":"Geary Boulevard","surface":"asphalt"},"geometry":{"type":"LineString","coordinates":[[-122.45083,37.782089],[-122.451148,37.782051]]}},{"type":"Feature","properties":{"kind":"road","name":"Geary Boulevard","surface":"asphalt"},"geometry":{"type":"LineString","coordinates":[[-122.452151,37.781799],[-122.451452,37.781888]]}},{"type":"Feature","properties":{"kind":"road","name":"Geary Boulevard","surface":"asphalt"},"geometry":{"type":"LineString","coordinates":[[-122.453199,37.781789],[-122.454193,37.781663]]}},{"type":"Feature","properties":{"kind":"road","name":"Geary Boulevard","surface":"asphalt"},"geometry":{"type":"LineString","coordinates":[[-122.453175,37.781669],[-122.452479,37.781757]]}},{"type":"Feature","properties":{"kind":"road","name":"Geary Boulevard","surface":"asphalt"},"geometry":{"type":"LineString","coordinates":[[-122.453485,37.78163],[-122.453175,37.781669]]}},{"type":"Feature","properties":{"kind":"road","name":"Geary Boulevard","surface":"asphalt"},"geometry":{"type":"LineString","coordinates":[[-122.44639,37.782534],[-122.446581,37.78251]]}},{"type":"Feature","properties":{"kind":"road","name":"Geary Boulevard","surface":"asphalt"},"geometry":{"type":"LineString","coordinates":[[-122.451452,37.781888],[-122.451123,37.781931]]}},{"type":"Feature","properties":{"kind":"road","name":"Geary Boulevard","surface":"asphalt"},"geometry":{"type":"LineString","coordinates":[[-122.452863,37.781832],[-122.453199,37.781789]]}},{"type":"Feature","properties":{"kind":"road","name":"Geary Boulevard","surface":"asphalt"},"geometry":{"type":"LineString","coordinates":[[-122.454166,37.781543],[-122.453485,37.78163]]}},{"type":"Feature","properties":{"kind":"road","name":"Geary Boulevard","surface":"asphalt"},"geometry":{"type":"LineString","coordinates":[[-122.446509,37.782324],[-122.445816,37.782403]]}},{"type":"Feature","properties":{"kind":"road","name":"Geary Boulevard","surface":"asphalt"},"geometry":{"type":"LineString","coordinates":[[-122.451148,37.782051],[-122.451719,37.781978]]}},{"type":"Feature","properties":{"kind":"road","name":"Masonic Avenue","surface":"asphalt"},"geometry":{"type":"LineString","coordinates":[[-122.447621,37.781047],[-122.447479,37.780433]]}},{"type":"Feature","properties":{"kind":"road","name":"Masonic Avenue","surface":"asphalt"},"geometry":{"type":"LineString","coordinates":[[-122.447525,37.781861],[-122.447373,37.782242]]}},{"type":"Feature","properties":{"kind":"road","name":"Masonic Avenue","surface":"asphalt"},"geometry":{"type":"LineString","coordinates":[[-122.447699,37.781497],[-122.447621,37.781047]]}},{"type":"Feature","properties":{"kind":"road","name":"Anza Street","surface":"asphalt"},"geometry":{"type":"LineString","coordinates":[[-122.447506,37.781073],[-122.447621,37.781047],[-122.448812,37.780887]]}},{"type":"Feature","properties":{"kind":"road","name":"Masonic Avenue","surface":"asphalt"},"geometry":{"type":"LineString","coordinates":[[-122.447254,37.77935],[-122.447108,37.778624]]}},{"type":"Feature","properties":{"kind":"road","name":"Presidio Avenue","surface":"asphalt"},"geometry":{"type":"LineString","coordinates":[[-122.445863,37.782608],[-122.445925,37.782916]]}},{"type":"Feature","properties":{"kind":"road","name":"Masonic Avenue","surface":"asphalt"},"geometry":{"type":"LineString","coordinates":[[-122.447628,37.785095],[-122.447575,37.784844]]}},{"type":"Feature","properties":{"kind":"road","name":"Masonic Avenue","surface":"asphalt"},"geometry":{"type":"LineString","coordinates":[[-122.446628,37.786302],[-122.446927,37.786127]]}},{"type":"Feature","properties":{"kind":"road","name":"Pine Street","surface":"asphalt"},"geometry":{"type":"LineString","coordinates":[[-122.433664,37.787958],[-122.440218,37.787121]]}},{"type":"Feature","properties":{"kind":"road","name":"Lincoln Boulevard","surface":"asphalt"},"geometry":{"type":"LineString","coordinates":[[-122.472936,37.806853],[-122.473161,37.806787]]}},{"type":"Feature","properties":{"kind":"road","name":"Balboa Street","surface":"asphalt"},"geometry":{"type":"LineString","coordinates":[[-122.470572,37.776937],[-122.471525,37.776894]]}},{"type":"Feature","properties":{"kind":"road","name":"Balboa Street","surface":"asphalt"},"geometry":{"type":"LineString","coordinates":[[-122.465096,37.777185],[-122.47045,37.776942]]}},{"type":"Feature","properties":{"kind":"road","name":"Lincoln Boulevard","surface":"asphalt"},"geometry":{"type":"LineString","coordinates":[[-122.455157,37.801123],[-122.45497,37.801046]]}},{"type":"Feature","properties":{"kind":"road","name":"Lincoln Boulevard","surface":"asphalt"},"geometry":{"type":"LineString","coordinates":[[-122.45389,37.800675],[-122.454073,37.800691]]}},{"type":"Feature","properties":{"kind":"road","name":"Lincoln Boulevard","surface":"asphalt"},"geometry":{"type":"LineString","coordinates":[[-122.456194,37.801575],[-122.455157,37.801123]]}},{"type":"Feature","properties":{"kind":"road","name":"Lincoln Boulevard","surface":"asphalt"},"geometry":{"type":"LineString","coordinates":[[-122.454073,37.800691],[-122.454153,37.800696]]}},{"type":"Feature","properties":{"kind":"road","name":"Lincoln Boulevard","surface":"asphalt"},"geometry":{"type":"LineString","coordinates":[[-122.453448,37.800436],[-122.453723,37.800606]]}},{"type":"Feature","properties":{"kind":"road","name":"Lincoln Boulevard","surface":"asphalt"},"geometry":{"type":"LineString","coordinates":[[-122.456705,37.801727],[-122.457457,37.801928]]}},{"type":"Feature","properties":{"kind":"road","name":"Balboa Street","surface":"asphalt"},"geometry":{"type":"LineString","coordinates":[[-122.458608,37.777287],[-122.459184,37.777457]]}},{"type":"Feature","properties":{"kind":"road","name":"Turk Boulevard","surface":"asphalt"},"geometry":{"type":"LineString","coordinates":[[-122.457909,37.777268],[-122.458204,37.77724]]}},{"type":"Feature","properties":{"kind":"road","name":"Arguello Boulevard","surface":"asphalt"},"geometry":{"type":"LineString","coordinates":[[-122.45866,37.77801],[-122.45864,37.777737]]}},{"type":"Feature","properties":{"kind":"road","name":"Arguello Boulevard","surface":"asphalt"},"geometry":{"type":"LineString","coordinates":[[-122.458608,37.777287],[-122.458573,37.776844]]}},{"type":"Feature","properties":{"kind":"road","name":"Arguello Boulevard","surface":"asphalt"},"geometry":{"type":"LineString","coordinates":[[-122.458715,37.778774],[-122.45866,37.77801]]}},{"type":"Feature","properties":{"kind":"road","name":"Arguello Boulevard","surface":"asphalt"},"geometry":{"type":"LineString","coordinates":[[-122.458757,37.779357],[-122.458715,37.778774]]}},{"type":"Feature","properties":{"kind":"road","name":"Turk Boulevard","surface":"asphalt"},"geometry":{"type":"LineString","coordinates":[[-122.446089,37.778755],[-122.446442,37.77871]]}},{"type":"Feature","properties":{"kind":"road","name":"Turk Boulevard","surface":"asphalt"},"geometry":{"type":"LineString","coordinates":[[-122.445368,37.778847],[-122.445635,37.778813]]}},{"type":"Feature","properties":{"kind":"road","name":"Turk Boulevard","surface":"asphalt"},"geometry":{"type":"LineString","coordinates":[[-122.447108,37.778624],[-122.447549,37.77857]]}},{"type":"Feature","properties":{"kind":"road","name":"Turk Boulevard","surface":"asphalt"},"geometry":{"type":"LineString","coordinates":[[-122.446442,37.77871],[-122.447025,37.778636]]}},{"type":"Feature","properties":{"kind":"road","name":"Turk Boulevard","surface":"asphalt"},"geometry":{"type":"LineString","coordinates":[[-122.445041,37.778891],[-122.445368,37.778847]]}},{"type":"Feature","properties":{"kind":"road","name":"Turk Boulevard","surface":"asphalt"},"geometry":{"type":"LineString","coordinates":[[-122.445635,37.778813],[-122.446089,37.778755]]}},{"type":"Feature","properties":{"kind":"road","name":"Turk Boulevard","surface":"asphalt"},"geometry":{"type":"LineString","coordinates":[[-122.443719,37.779057],[-122.443808,37.779046]]}},{"type":"Feature","properties":{"kind":"road","name":"Point Lobos Avenue","surface":"asphalt"},"geometry":{"type":"LineString","coordinates":[[-122.510029,37.779827],[-122.510186,37.779817]]}},{"type":"Feature","properties":{"kind":"road","name":"Point Lobos Avenue","surface":"asphalt"},"geometry":{"type":"LineString","coordinates":[[-122.509463,37.779866],[-122.509781,37.779845],[-122.509864,37.77984]]}},{"type":"Feature","properties":{"kind":"road","name":"Point Lobos Avenue","surface":"asphalt"},"geometry":{"type":"LineString","coordinates":[[-122.510885,37.779716],[-122.51133,37.779494],[-122.511588,37.779359],[-122.511877,37.77921]]}},{"type":"Feature","properties":{"kind":"road","name":"Point Lobos Avenue","surface":"asphalt"},"geometry":{"type":"LineString","coordinates":[[-122.510408,37.7798],[-122.510885,37.779716]]}},{"type":"Feature","properties":{"kind":"road","name":"Point Lobos Avenue","surface":"asphalt"},"geometry":{"type":"LineString","coordinates":[[-122.511877,37.77921],[-122.512395,37.779069]]}},{"type":"Feature","properties":{"kind":"road","name":"Great Highway","surface":"asphalt"},"geometry":{"type":"LineString","coordinates":[[-122.511438,37.775512],[-122.511387,37.775105]]}},{"type":"Feature","properties":{"kind":"road","name":"Great Highway","surface":"asphalt"},"geometry":{"type":"LineString","coordinates":[[-122.511218,37.774797],[-122.511258,37.775104]]}},{"type":"Feature","properties":{"kind":"road","name":"Turk Street","surface":"asphalt"},"geometry":{"type":"LineString","coordinates":[[-122.441693,37.779316],[-122.442054,37.779272]]}},{"type":"Feature","properties":{"kind":"road","name":"Turk Street","surface":"asphalt"},"geometry":{"type":"LineString","coordinates":[[-122.440986,37.779382],[-122.441693,37.779316]]}},{"type":"Feature","properties":{"kind":"road","name":"Turk Boulevard","surface":"asphalt"},"geometry":{"type":"LineString","coordinates":[[-122.442054,37.779272],[-122.443401,37.779098]]}},{"type":"Feature","properties":{"kind":"road","name":"Lincoln Boulevard","surface":"asphalt"},"geometry":{"type":"LineString","coordinates":[[-122.477333,37.801643],[-122.477587,37.801085],[-122.477797,37.800752]]}},{"type":"Feature","properties":{"kind":"road","name":"Lincoln Boulevard","surface":"asphalt"},"geometry":{"type":"LineString","coordinates":[[-122.477797,37.800752],[-122.478158,37.800316]]}},{"type":"Feature","properties":{"kind":"road","name":"Lincoln Boulevard","surface":"asphalt"},"geometry":{"type":"LineString","coordinates":[[-122.473451,37.80671],[-122.473762,37.80663]]}},{"type":"Feature","properties":{"kind":"road","surface":"asphalt"},"geometry":{"type":"LineString","coordinates":[[-122.473534,37.806885],[-122.473886,37.807213]]}},{"type":"Feature","properties":{"kind":"road","name":"Arguello Boulevard","surface":"asphalt"},"geometry":{"type":"LineString","coordinates":[[-122.461225,37.792845],[-122.46137,37.7931]]}},{"type":"Feature","properties":{"kind":"road","surface":"asphalt"},"geometry":{"type":"LineString","coordinates":[[-122.448196,37.800687],[-122.447614,37.800318]]}},{"type":"Feature","properties":{"kind":"road","name":"Masonic Avenue","surface":"asphalt"},"geometry":{"type":"LineString","coordinates":[[-122.447461,37.784403],[-122.447258,37.783396]]}},{"type":"Feature","properties":{"kind":"steps","name":"Lyon Street","surface":"concrete:plates"},"geometry":{"type":"LineString","coordinates":[[-122.446467,37.792949],[-122.446504,37.793186]]}},{"type":"Feature","properties":{"kind":"steps","name":"Lyon Street","surface":"concrete:plates"},"geometry":{"type":"LineString","coordinates":[[-122.446609,37.793871],[-122.446666,37.794241]]}},{"type":"Feature","properties":{"kind":"trail","name":"Lyon Street","surface":"asphalt"},"geometry":{"type":"LineString","coordinates":[[-122.44658,37.793682],[-122.446609,37.793871]]}},{"type":"Feature","properties":{"kind":"road","name":"Turk Boulevard","surface":"asphalt"},"geometry":{"type":"LineString","coordinates":[[-122.455236,37.777607],[-122.457909,37.777268]]}},{"type":"Feature","properties":{"kind":"road","name":"Divisadero Street"},"geometry":{"type":"LineString","coordinates":[[-122.440464,37.788089],[-122.440479,37.787969],[-122.440309,37.78711]]}},{"type":"Feature","properties":{"kind":"road","name":"Geary Boulevard","surface":"asphalt"},"geometry":{"type":"LineString","coordinates":[[-122.502733,37.779605],[-122.502991,37.779657]]}},{"type":"Feature","properties":{"kind":"road","name":"Point Lobos Avenue","surface":"asphalt"},"geometry":{"type":"LineString","coordinates":[[-122.505437,37.779832],[-122.507316,37.779989]]}},{"type":"Feature","properties":{"kind":"road","name":"El Camino del Mar"},"geometry":{"type":"LineString","coordinates":[[-122.489614,37.787463],[-122.489746,37.787377],[-122.489801,37.786986],[-122.48991,37.786777],[-122.490123,37.786577],[-122.490585,37.786276]]}},{"type":"Feature","properties":{"kind":"road","name":"Point Lobos Avenue","surface":"asphalt"},"geometry":{"type":"LineString","coordinates":[[-122.502991,37.779657],[-122.504077,37.779717]]}},{"type":"Feature","properties":{"kind":"road","name":"Geary Boulevard","surface":"asphalt"},"geometry":{"type":"LineString","coordinates":[[-122.502985,37.77958],[-122.502733,37.779605]]}},{"type":"Feature","properties":{"kind":"road","name":"Lombard Street","surface":"asphalt"},"geometry":{"type":"LineString","coordinates":[[-122.448294,37.797908],[-122.448585,37.797706],[-122.44899,37.797553]]}},{"type":"Feature","properties":{"kind":"road","name":"Great Highway","surface":"asphalt"},"geometry":{"type":"LineString","coordinates":[[-122.51194,37.776755],[-122.511673,37.776463]]}},{"type":"Feature","properties":{"kind":"road","name":"Balboa Street","surface":"asphalt"},"geometry":{"type":"LineString","coordinates":[[-122.471525,37.776894],[-122.471624,37.776889]]}},{"type":"Feature","properties":{"kind":"road","name":"Euclid Avenue","surface":"asphalt"},"geometry":{"type":"LineString","coordinates":[[-122.447244,37.785185],[-122.446875,37.785272]]}},{"type":"Feature","properties":{"kind":"road","name":"Stanyan Boulevard","surface":"asphalt"},"geometry":{"type":"LineString","coordinates":[[-122.455642,37.779614],[-122.455604,37.779505]]}},{"type":"Feature","properties":{"kind":"road","name":"Turk Street","surface":"asphalt"},"geometry":{"type":"LineString","coordinates":[[-122.440426,37.779452],[-122.440986,37.779382]]}},{"type":"Feature","properties":{"kind":"road","name":"Presidio Boulevard","surface":"asphalt"},"geometry":{"type":"LineString","coordinates":[[-122.452264,37.798909],[-122.452612,37.799216]]}},{"type":"Feature","properties":{"kind":"road","name":"Post Street","surface":"asphalt"},"geometry":{"type":"LineString","coordinates":[[-122.446046,37.783519],[-122.44541,37.7836]]}},{"type":"Feature","properties":{"kind":"road","name":"Presidio Avenue","surface":"asphalt"},"geometry":{"type":"LineString","coordinates":[[-122.44669,37.786637],[-122.446725,37.786823]]}},{"type":"Feature","properties":{"kind":"road","name":"Presidio Avenue","surface":"asphalt"},"geometry":{"type":"LineString","coordinates":[[-122.446725,37.786823],[-122.446747,37.786942]]}},{"type":"Feature","properties":{"kind":"road","name":"Turk Street","surface":"asphalt"},"geometry":{"type":"LineString","coordinates":[[-122.439171,37.779612],[-122.440426,37.779452]]}},{"type":"Feature","properties":{"kind":"road","name":"Fulton Street","surface":"asphalt"},"geometry":{"type":"LineString","coordinates":[[-122.445247,37.775968],[-122.446329,37.775831]]}},{"type":"Feature","properties":{"kind":"road","name":"Turk Boulevard","surface":"asphalt"},"geometry":{"type":"LineString","coordinates":[[-122.443808,37.779046],[-122.444835,37.778917]]}},{"type":"Feature","properties":{"kind":"road","name":"Turk Boulevard","surface":"asphalt"},"geometry":{"type":"LineString","coordinates":[[-122.443401,37.779098],[-122.443719,37.779057]]}},{"type":"Feature","properties":{"kind":"road","name":"Turk Boulevard","surface":"asphalt"},"geometry":{"type":"LineString","coordinates":[[-122.444835,37.778917],[-122.445041,37.778891]]}},{"type":"Feature","properties":{"kind":"road","name":"Anza Street","surface":"asphalt"},"geometry":{"type":"LineString","coordinates":[[-122.457767,37.779484],[-122.457843,37.779474]]}},{"type":"Feature","properties":{"kind":"road","name":"Stanyan Boulevard","surface":"asphalt"},"geometry":{"type":"LineString","coordinates":[[-122.45604,37.780179],[-122.455859,37.779946]]}},{"type":"Feature","properties":{"kind":"road","name":"Lincoln Boulevard","surface":"asphalt"},"geometry":{"type":"LineString","coordinates":[[-122.478158,37.800316],[-122.478267,37.800079]]}},{"type":"Feature","properties":{"kind":"road","name":"Point Lobos Avenue","surface":"asphalt"},"geometry":{"type":"LineString","coordinates":[[-122.508708,37.779948],[-122.509463,37.779866]]}},{"type":"Feature","properties":{"kind":"road","name":"25th Avenue","surface":"asphalt"},"geometry":{"type":"LineString","coordinates":[[-122.48446,37.776064],[-122.484449,37.775931],[-122.484361,37.774695]]}},{"type":"Feature","properties":{"kind":"road","name":"25th Avenue","surface":"asphalt"},"geometry":{"type":"LineString","coordinates":[[-122.484594,37.777924],[-122.484495,37.776554]]}},{"type":"Feature","properties":{"kind":"road","name":"25th Avenue","surface":"asphalt"},"geometry":{"type":"LineString","coordinates":[[-122.484612,37.778173],[-122.484594,37.777924]]}},{"type":"Feature","properties":{"kind":"road","name":"25th Avenue","surface":"asphalt"},"geometry":{"type":"LineString","coordinates":[[-122.484477,37.776306],[-122.48446,37.776064]]}},{"type":"Feature","properties":{"kind":"road","name":"25th Avenue","surface":"asphalt"},"geometry":{"type":"LineString","coordinates":[[-122.484495,37.776554],[-122.484477,37.776306]]}},{"type":"Feature","properties":{"kind":"road","name":"25th Avenue","surface":"asphalt"},"geometry":{"type":"LineString","coordinates":[[-122.485026,37.78389],[-122.485008,37.783642]]}},{"type":"Feature","properties":{"kind":"road","name":"25th Avenue","surface":"asphalt"},"geometry":{"type":"LineString","coordinates":[[-122.485008,37.783642],[-122.48491,37.782291]]}},{"type":"Feature","properties":{"kind":"road","name":"25th Avenue","surface":"asphalt"},"geometry":{"type":"LineString","coordinates":[[-122.484729,37.779786],[-122.484631,37.778424]]}},{"type":"Feature","properties":{"kind":"road","name":"25th Avenue","surface":"asphalt"},"geometry":{"type":"LineString","coordinates":[[-122.484631,37.778424],[-122.484612,37.778173]]}},{"type":"Feature","properties":{"kind":"road","name":"Balboa Street","surface":"asphalt"},"geometry":{"type":"LineString","coordinates":[[-122.472479,37.776851],[-122.472593,37.776845]]}},{"type":"Feature","properties":{"kind":"trail","surface":"asphalt"},"geometry":{"type":"LineString","coordinates":[[-122.447529,37.805999],[-122.447347,37.805245]]}},{"type":"Feature","properties":{"kind":"trail"},"geometry":{"type":"LineString","coordinates":[[-122.47298,37.807887],[-122.472807,37.807812]]}},{"type":"Feature","properties":{"kind":"road","name":"Presidio Promenade","surface":"asphalt"},"geometry":{"type":"LineString","coordinates":[[-122.470096,37.805973],[-122.470133,37.806013],[-122.470396,37.806145],[-122.471277,37.806579],[-122.471407,37.806706],[-122.471619,37.807082],[-122.472311,37.807551],[-122.472696,37.80777],[-122.472807,37.807812],[-122.473021,37.807811],[-122.473304,37.807708],[-122.473458,37.807719]]}},{"type":"Feature","properties":{"kind":"trail","surface":"concrete"},"geometry":{"type":"LineString","coordinates":[[-122.476341,37.808107],[-122.4763,37.808073]]}},{"type":"Feature","properties":{"kind":"road","surface":"compacted"},"geometry":{"type":"LineString","coordinates":[[-122.453613,37.805613],[-122.453013,37.805675],[-122.452453,37.805748]]}},{"type":"Feature","properties":{"kind":"road","surface":"asphalt"},"geometry":{"type":"LineString","coordinates":[[-122.448715,37.805061],[-122.449798,37.804849],[-122.452553,37.804496],[-122.453095,37.804424]]}},{"type":"Feature","properties":{"kind":"trail","surface":"asphalt"},"geometry":{"type":"LineString","coordinates":[[-122.464976,37.797263],[-122.464787,37.797195],[-122.464572,37.797172],[-122.464466,37.797102],[-122.464423,37.796994],[-122.464411,37.796841],[-122.464481,37.796774]]}},{"type":"Feature","properties":{"kind":"trail","name":"Coastal Trail","surface":"gravel"},"geometry":{"type":"LineString","coordinates":[[-122.476816,37.805947],[-122.476864,37.805856]]}},{"type":"Feature","properties":{"kind":"trail"},"geometry":{"type":"LineString","coordinates":[[-122.476919,37.803357],[-122.477025,37.803396],[-122.477094,37.80328],[-122.477273,37.803348],[-122.477151,37.803552],[-122.477044,37.803713],[-122.476883,37.803792]]}},{"type":"Feature","properties":{"kind":"trail","surface":"dirt"},"geometry":{"type":"LineString","coordinates":[[-122.477659,37.804057],[-122.477545,37.804183],[-122.477343,37.804459]]}},{"type":"Feature","properties":{"kind":"trail","surface":"paving_stones"},"geometry":{"type":"LineString","coordinates":[[-122.476536,37.803813],[-122.476488,37.803881],[-122.476498,37.803983],[-122.476581,37.804061],[-122.476707,37.804085],[-122.476869,37.804008],[-122.4769,37.803908],[-122.476851,37.803814]]}},{"type":"Feature","properties":{"kind":"trail","surface":"dirt"},"geometry":{"type":"LineString","coordinates":[[-122.477794,37.803937],[-122.477659,37.804057],[-122.477516,37.804133],[-122.477291,37.80433],[-122.477132,37.804292],[-122.477119,37.804215]]}},{"type":"Feature","properties":{"kind":"steps","surface":"paving_stones"},"geometry":{"type":"LineString","coordinates":[[-122.476704,37.804063],[-122.476702,37.804034]]}},{"type":"Feature","properties":{"kind":"steps"},"geometry":{"type":"LineString","coordinates":[[-122.475814,37.804319],[-122.47587,37.804268]]}},{"type":"Feature","properties":{"kind":"steps"},"geometry":{"type":"LineString","coordinates":[[-122.477031,37.80395],[-122.476951,37.80392]]}},{"type":"Feature","properties":{"kind":"trail","surface":"paving_stones"},"geometry":{"type":"LineString","coordinates":[[-122.4767,37.804013],[-122.476702,37.804034]]}},{"type":"Feature","properties":{"kind":"trail","surface":"compacted"},"geometry":{"type":"LineString","coordinates":[[-122.477243,37.803587],[-122.477282,37.803601]]}},{"type":"Feature","properties":{"kind":"steps"},"geometry":{"type":"LineString","coordinates":[[-122.477186,37.803565],[-122.477243,37.803587]]}},{"type":"Feature","properties":{"kind":"trail","name":"Coastal Trail","surface":"gravel"},"geometry":{"type":"LineString","coordinates":[[-122.476902,37.807796],[-122.476984,37.807466],[-122.476952,37.807263],[-122.477037,37.806896],[-122.477015,37.806384],[-122.476959,37.806162],[-122.476816,37.805947]]}},{"type":"Feature","properties":{"kind":"trail","surface":"paving_stones"},"geometry":{"type":"LineString","coordinates":[[-122.476704,37.804063],[-122.476707,37.804085]]}},{"type":"Feature","properties":{"kind":"trail"},"geometry":{"type":"LineString","coordinates":[[-122.477151,37.803552],[-122.477186,37.803565]]}},{"type":"Feature","properties":{"kind":"trail","surface":"compacted"},"geometry":{"type":"LineString","coordinates":[[-122.477031,37.80395],[-122.477064,37.803965]]}},{"type":"Feature","properties":{"kind":"trail"},"geometry":{"type":"LineString","coordinates":[[-122.4765,37.805063],[-122.476696,37.805101]]}},{"type":"Feature","properties":{"kind":"trail","surface":"compacted"},"geometry":{"type":"LineString","coordinates":[[-122.476536,37.803813],[-122.476602,37.80398],[-122.4767,37.804013],[-122.476791,37.803969],[-122.476851,37.803814],[-122.476883,37.803792],[-122.476893,37.803715],[-122.476797,37.803562]]}},{"type":"Feature","properties":{"kind":"trail","surface":"concrete"},"geometry":{"type":"LineString","coordinates":[[-122.4769,37.803908],[-122.476951,37.80392]]}},{"type":"Feature","properties":{"kind":"trail"},"geometry":{"type":"LineString","coordinates":[[-122.476273,37.80316],[-122.476138,37.803107],[-122.476082,37.803087],[-122.475987,37.803233]]}},{"type":"Feature","properties":{"kind":"trail"},"geometry":{"type":"LineString","coordinates":[[-122.476418,37.805584],[-122.476385,37.805597]]}},{"type":"Feature","properties":{"kind":"trail","surface":"dirt"},"geometry":{"type":"LineString","coordinates":[[-122.477545,37.804183],[-122.477516,37.804133],[-122.477395,37.804049]]}},{"type":"Feature","properties":{"kind":"trail","surface":"compacted"},"geometry":{"type":"LineString","coordinates":[[-122.476046,37.803803],[-122.476207,37.803709],[-122.476303,37.803705],[-122.476536,37.803813]]}},{"type":"Feature","properties":{"kind":"trail","surface":"compacted"},"geometry":{"type":"LineString","coordinates":[[-122.477526,37.802916],[-122.477818,37.803003],[-122.477961,37.803224],[-122.47795,37.803375],[-122.477836,37.803548],[-122.477794,37.803937]]}},{"type":"Feature","properties":{"kind":"trail","surface":"unpaved"},"geometry":{"type":"LineString","coordinates":[[-122.475916,37.804218],[-122.475891,37.804153]]}},{"type":"Feature","properties":{"kind":"trail","name":"Batteries to Bluffs Trail","surface":"dirt"},"geometry":{"type":"LineString","coordinates":[[-122.4779,37.801743],[-122.477848,37.801756],[-122.477934,37.801867],[-122.477969,37.802027]]}},{"type":"Feature","properties":{"kind":"trail","name":"Batteries to Bluffs Trail","surface":"dirt"},"geometry":{"type":"LineString","coordinates":[[-122.480599,37.799467],[-122.480259,37.799778]]}},{"type":"Feature","properties":{"kind":"trail","name":"Batteries to Bluffs Trail","surface":"dirt"},"geometry":{"type":"LineString","coordinates":[[-122.479806,37.799985],[-122.47975,37.800021],[-122.479635,37.800046],[-122.479522,37.80001],[-122.47961,37.800197]]}},{"type":"Feature","properties":{"kind":"trail","name":"Batteries to Bluffs Trail","surface":"dirt"},"geometry":{"type":"LineString","coordinates":[[-122.479289,37.801009],[-122.479242,37.801102],[-122.479265,37.801356]]}},{"type":"Feature","properties":{"kind":"trail","name":"Batteries to Bluffs Trail","surface":"dirt"},"geometry":{"type":"LineString","coordinates":[[-122.479049,37.801779],[-122.478876,37.801826],[-122.478909,37.801951],[-122.478846,37.802039],[-122.478729,37.802059]]}},{"type":"Feature","properties":{"kind":"trail","name":"Batteries to Bluffs Trail","surface":"dirt"},"geometry":{"type":"LineString","coordinates":[[-122.480199,37.799799],[-122.480108,37.799835],[-122.479883,37.799806],[-122.479832,37.799936]]}},{"type":"Feature","properties":{"kind":"steps","name":"Batteries to Bluffs Trail"},"geometry":{"type":"LineString","coordinates":[[-122.478729,37.802059],[-122.478457,37.801985],[-122.478311,37.801872],[-122.478288,37.801754],[-122.478208,37.801755]]}},{"type":"Feature","properties":{"kind":"trail","name":"Batteries to Bluffs Trail","surface":"dirt"},"geometry":{"type":"LineString","coordinates":[[-122.479421,37.796802],[-122.479442,37.79687],[-122.479327,37.797193],[-122.479364,37.797434],[-122.479708,37.79758],[-122.480354,37.797953]]}},{"type":"Feature","properties":{"kind":"steps","name":"Batteries to Bluffs Trail"},"geometry":{"type":"LineString","coordinates":[[-122.480291,37.798642],[-122.480431,37.79891],[-122.48065,37.798933],[-122.480837,37.799087],[-122.480719,37.799221]]}},{"type":"Feature","properties":{"kind":"steps","name":"Batteries to Bluffs Trail"},"geometry":{"type":"LineString","coordinates":[[-122.479832,37.799936],[-122.479806,37.799985]]}},{"type":"Feature","properties":{"kind":"trail","name":"Batteries to Bluffs Trail","surface":"dirt"},"geometry":{"type":"LineString","coordinates":[[-122.477953,37.802066],[-122.477868,37.802045]]}},{"type":"Feature","properties":{"kind":"trail","name":"Coastal Trail","surface":"compacted"},"geometry":{"type":"LineString","coordinates":[[-122.47753,37.801457],[-122.477654,37.801148],[-122.477883,37.800783],[-122.478184,37.800423]]}},{"type":"Feature","properties":{"kind":"trail","surface":"dirt"},"geometry":{"type":"LineString","coordinates":[[-122.480354,37.797953],[-122.48036,37.798138],[-122.480109,37.79856]]}},{"type":"Feature","properties":{"kind":"trail","surface":"concrete"},"geometry":{"type":"LineString","coordinates":[[-122.480541,37.798166],[-122.480521,37.79834],[-122.480291,37.798642]]}},{"type":"Feature","properties":{"kind":"trail"},"geometry":{"type":"LineString","coordinates":[[-122.477853,37.795874],[-122.477821,37.795878],[-122.477875,37.796168],[-122.477816,37.796245],[-122.477664,37.796311]]}},{"type":"Feature","properties":{"kind":"steps"},"geometry":{"type":"LineString","coordinates":[[-122.479265,37.801356],[-122.479216,37.801583],[-122.479079,37.801687],[-122.479049,37.801779]]}},{"type":"Feature","properties":{"kind":"trail","surface":"concrete"},"geometry":{"type":"LineString","coordinates":[[-122.477962,37.80082],[-122.477883,37.800783]]}},{"type":"Feature","properties":{"kind":"steps"},"geometry":{"type":"LineString","coordinates":[[-122.47975,37.800021],[-122.479788,37.800062]]}},{"type":"Feature","properties":{"kind":"steps"},"geometry":{"type":"LineString","coordinates":[[-122.477969,37.802027],[-122.477953,37.802066]]}},{"type":"Feature","properties":{"kind":"steps"},"geometry":{"type":"LineString","coordinates":[[-122.47927,37.800914],[-122.479289,37.801009]]}},{"type":"Feature","properties":{"kind":"trail"},"geometry":{"type":"LineString","coordinates":[[-122.478974,37.801945],[-122.479014,37.801954]]}},{"type":"Feature","properties":{"kind":"steps"},"geometry":{"type":"LineString","coordinates":[[-122.477336,37.795796],[-122.477288,37.79583]]}},{"type":"Feature","properties":{"kind":"trail","surface":"wood"},"geometry":{"type":"LineString","coordinates":[[-122.480719,37.799221],[-122.480572,37.799344]]}},{"type":"Feature","properties":{"kind":"trail"},"geometry":{"type":"LineString","coordinates":[[-122.477615,37.796101],[-122.477875,37.796168]]}},{"type":"Feature","properties":{"kind":"steps"},"geometry":{"type":"LineString","coordinates":[[-122.480355,37.800592],[-122.480357,37.800626],[-122.480267,37.800638]]}},{"type":"Feature","properties":{"kind":"trail","surface":"dirt"},"geometry":{"type":"LineString","coordinates":[[-122.478208,37.801755],[-122.478071,37.80167]]}},{"type":"Feature","properties":{"kind":"trail","surface":"concrete"},"geometry":{"type":"LineString","coordinates":[[-122.478035,37.800693],[-122.477962,37.80082],[-122.477853,37.80093]]}},{"type":"Feature","properties":{"kind":"trail","surface":"dirt"},"geometry":{"type":"LineString","coordinates":[[-122.476404,37.794964],[-122.476397,37.794917]]}},{"type":"Feature","properties":{"kind":"trail","surface":"dirt"},"geometry":{"type":"LineString","coordinates":[[-122.480837,37.799087],[-122.480911,37.799109],[-122.480952,37.798982],[-122.48103,37.798934]]}},{"type":"Feature","properties":{"kind":"trail","surface":"sand"},"geometry":{"type":"LineString","coordinates":[[-122.479686,37.796257],[-122.479815,37.79635]]}},{"type":"Feature","properties":{"kind":"steps"},"geometry":{"type":"LineString","coordinates":[[-122.480259,37.799778],[-122.480199,37.799799]]}},{"type":"Feature","properties":{"kind":"trail"},"geometry":{"type":"LineString","coordinates":[[-122.479386,37.796479],[-122.479369,37.796474]]}},{"type":"Feature","properties":{"kind":"steps"},"geometry":{"type":"LineString","coordinates":[[-122.478511,37.79553],[-122.478339,37.795485],[-122.478247,37.795546],[-122.478233,37.795647],[-122.478032,37.795639],[-122.477853,37.795874]]}},{"type":"Feature","properties":{"kind":"steps"},"geometry":{"type":"LineString","coordinates":[[-122.479196,37.796212],[-122.479171,37.796166]]}},{"type":"Feature","properties":{"kind":"trail"},"geometry":{"type":"LineString","coordinates":[[-122.479219,37.7964],[-122.479196,37.796212]]}},{"type":"Feature","properties":{"kind":"trail"},"geometry":{"type":"LineString","coordinates":[[-122.477288,37.79583],[-122.477168,37.795613]]}},{"type":"Feature","properties":{"kind":"steps"},"geometry":{"type":"LineString","coordinates":[[-122.47961,37.800197],[-122.47949,37.800298]]}},{"type":"Feature","properties":{"kind":"steps"},"geometry":{"type":"LineString","coordinates":[[-122.478071,37.80167],[-122.477974,37.801642],[-122.4779,37.801743]]}},{"type":"Feature","properties":{"kind":"trail","surface":"dirt"},"geometry":{"type":"LineString","coordinates":[[-122.480354,37.797953],[-122.480501,37.797958],[-122.480541,37.798166]]}},{"type":"Feature","properties":{"kind":"steps"},"geometry":{"type":"LineString","coordinates":[[-122.480572,37.799344],[-122.480618,37.799381],[-122.480599,37.799467]]}},{"type":"Feature","properties":{"kind":"trail","surface":"concrete"},"geometry":{"type":"LineString","coordinates":[[-122.485229,37.790226],[-122.485196,37.79019]]}},{"type":"Feature","properties":{"kind":"trail","surface":"concrete"},"geometry":{"type":"LineString","coordinates":[[-122.483204,37.793237],[-122.483134,37.793245]]}},{"type":"Feature","properties":{"kind":"trail","surface":"asphalt"},"geometry":{"type":"LineString","coordinates":[[-122.484063,37.791141],[-122.484022,37.791052]]}},{"type":"Feature","properties":{"kind":"trail","surface":"asphalt"},"geometry":{"type":"LineString","coordinates":[[-122.4833,37.792316],[-122.483204,37.792094],[-122.483037,37.791999],[-122.482825,37.79197],[-122.482713,37.792207]]}},{"type":"Feature","properties":{"kind":"trail"},"geometry":{"type":"LineString","coordinates":[[-122.4833,37.792316],[-122.482974,37.79225],[-122.482713,37.792207],[-122.482535,37.792197],[-122.482422,37.792518],[-122.482414,37.792652],[-122.482487,37.792782],[-122.482757,37.793053],[-122.482927,37.793118]]}},{"type":"Feature","properties":{"kind":"trail","surface":"dirt"},"geometry":{"type":"LineString","coordinates":[[-122.483121,37.793322],[-122.482928,37.793634],[-122.482741,37.793951],[-122.482705,37.794013],[-122.48264,37.794126],[-122.482582,37.794319],[-122.482451,37.794505],[-122.48229,37.79483],[-122.482317,37.794971]]}},{"type":"Feature","properties":{"kind":"trail","surface":"sand"},"geometry":{"type":"LineString","coordinates":[[-122.484063,37.791141],[-122.484407,37.79145]]}},{"type":"Feature","properties":{"kind":"trail","surface":"sand"},"geometry":{"type":"LineString","coordinates":[[-122.482122,37.795208],[-122.482216,37.795428]]}},{"type":"Feature","properties":{"kind":"trail","surface":"sand"},"geometry":{"type":"LineString","coordinates":[[-122.481424,37.792068],[-122.481974,37.79213],[-122.482422,37.792518]]}},{"type":"Feature","properties":{"kind":"trail"},"geometry":{"type":"LineString","coordinates":[[-122.483216,37.792496],[-122.482984,37.792424],[-122.482974,37.79225]]}},{"type":"Feature","properties":{"kind":"trail"},"geometry":{"type":"LineString","coordinates":[[-122.482487,37.792782],[-122.48287,37.792663],[-122.483105,37.792736]]}},{"type":"Feature","properties":{"kind":"trail","surface":"wood"},"geometry":{"type":"LineString","coordinates":[[-122.464798,37.805011],[-122.464995,37.804628]]}},{"type":"Feature","properties":{"kind":"trail","surface":"sand"},"geometry":{"type":"LineString","coordinates":[[-122.457338,37.805132],[-122.457444,37.805418]]}},{"type":"Feature","properties":{"kind":"trail","surface":"sand"},"geometry":{"type":"LineString","coordinates":[[-122.456972,37.805179],[-122.456977,37.805243]]}},{"type":"Feature","properties":{"kind":"trail","surface":"concrete"},"geometry":{"type":"LineString","coordinates":[[-122.454697,37.804266],[-122.45519,37.804258],[-122.454746,37.804338]]}},{"type":"Feature","properties":{"kind":"trail","surface":"wood"},"geometry":{"type":"LineString","coordinates":[[-122.454091,37.804585],[-122.454282,37.804473]]}},{"type":"Feature","properties":{"kind":"trail"},"geometry":{"type":"LineString","coordinates":[[-122.447189,37.805502],[-122.447193,37.805599],[-122.447294,37.805585],[-122.447296,37.805251]]}},{"type":"Feature","properties":{"kind":"road","name":"Point Lobos Avenue","surface":"asphalt"},"geometry":{"type":"LineString","coordinates":[[-122.509955,37.779832],[-122.510029,37.779827]]}},{"type":"Feature","properties":{"kind":"trail","name":"Locust Street"},"geometry":{"type":"LineString","coordinates":[[-122.451695,37.786233],[-122.451634,37.785935]]}},{"type":"Feature","properties":{"kind":"trail","name":"Locust Street","surface":"concrete"},"geometry":{"type":"LineString","coordinates":[[-122.451744,37.786468],[-122.451695,37.786233]]}},{"type":"Feature","properties":{"kind":"road","name":"Marina Boulevard","surface":"asphalt"},"geometry":{"type":"LineString","coordinates":[[-122.447648,37.80512],[-122.44731,37.805165]]}},{"type":"Feature","properties":{"kind":"road","surface":"asphalt"},"geometry":{"type":"LineString","coordinates":[[-122.473161,37.806787],[-122.47339,37.806807],[-122.473534,37.806885]]}},{"type":"Feature","properties":{"kind":"road","name":"Stanyan Boulevard","surface":"asphalt"},"geometry":{"type":"LineString","coordinates":[[-122.455664,37.779667],[-122.455642,37.779614]]}},{"type":"Feature","properties":{"kind":"road","name":"Anza Street","surface":"asphalt"},"geometry":{"type":"LineString","coordinates":[[-122.455859,37.779946],[-122.456191,37.779825]]}},{"type":"Feature","properties":{"kind":"road","name":"Anza Street","surface":"asphalt"},"geometry":{"type":"LineString","coordinates":[[-122.456191,37.779825],[-122.456689,37.779643],[-122.457003,37.779581],[-122.457767,37.779484]]}},{"type":"Feature","properties":{"kind":"road","name":"Anza Street","surface":"asphalt"},"geometry":{"type":"LineString","coordinates":[[-122.455493,37.780039],[-122.455859,37.779946]]}},{"type":"Feature","properties":{"kind":"road","surface":"compacted"},"geometry":{"type":"LineString","coordinates":[[-122.470383,37.808304],[-122.469827,37.807914],[-122.469589,37.807691],[-122.469314,37.807392],[-122.469002,37.806923],[-122.468751,37.806319]]}},{"type":"Feature","properties":{"kind":"trail","name":"Lobos Creek Valley Trail","sac":"hiking","surface":"sand"},"geometry":{"type":"LineString","coordinates":[[-122.475714,37.788657],[-122.475932,37.788801],[-122.476944,37.78852],[-122.477917,37.788426],[-122.47876,37.788618]]}},{"type":"Feature","properties":{"kind":"trail","name":"Cemetery Overlook Path","surface":"dirt"},"geometry":{"type":"LineString","coordinates":[[-122.475239,37.789858],[-122.475199,37.789703],[-122.475052,37.789571],[-122.474767,37.789555],[-122.474433,37.789637],[-122.474043,37.789664],[-122.473615,37.789866],[-122.472757,37.789895],[-122.472345,37.79002],[-122.472174,37.789995]]}},{"type":"Feature","properties":{"kind":"trail","surface":"sand"},"geometry":{"type":"LineString","coordinates":[[-122.472032,37.789741],[-122.471947,37.789796]]}},{"type":"Feature","properties":{"kind":"trail","surface":"dirt/sand"},"geometry":{"type":"LineString","coordinates":[[-122.481339,37.789279],[-122.481989,37.789407]]}},{"type":"Feature","properties":{"kind":"road","name":"Sheridan Avenue","surface":"asphalt"},"geometry":{"type":"LineString","coordinates":[[-122.458902,37.799112],[-122.458588,37.798976]]}},{"type":"Feature","properties":{"kind":"trail","surface":"paved"},"geometry":{"type":"LineString","coordinates":[[-122.475933,37.806898],[-122.475827,37.80697],[-122.475194,37.807426],[-122.475175,37.80744]]}},{"type":"Feature","properties":{"kind":"trail","surface":"concrete"},"geometry":{"type":"LineString","coordinates":[[-122.458673,37.801052],[-122.45859,37.801159],[-122.458504,37.801271],[-122.458416,37.801386],[-122.458231,37.801627],[-122.458144,37.801741],[-122.458057,37.801855],[-122.457995,37.801948]]}},{"type":"Feature","properties":{"kind":"trail","surface":"concrete"},"geometry":{"type":"LineString","coordinates":[[-122.458673,37.801052],[-122.458776,37.800914],[-122.458861,37.800801],[-122.458946,37.800688],[-122.459027,37.800579],[-122.459132,37.800443],[-122.459217,37.800331],[-122.459303,37.800219],[-122.459492,37.799973],[-122.45958,37.799858],[-122.459665,37.799748],[-122.459708,37.799692]]}},{"type":"Feature","properties":{"kind":"trail"},"geometry":{"type":"LineString","coordinates":[[-122.45958,37.799858],[-122.45938,37.799764]]}},{"type":"Feature","properties":{"kind":"trail","surface":"concrete"},"geometry":{"type":"LineString","coordinates":[[-122.459303,37.800219],[-122.459106,37.800122]]}},{"type":"Feature","properties":{"kind":"trail","surface":"concrete"},"geometry":{"type":"LineString","coordinates":[[-122.458231,37.801627],[-122.458031,37.80153]]}},{"type":"Feature","properties":{"kind":"trail","surface":"concrete"},"geometry":{"type":"LineString","coordinates":[[-122.458861,37.800801],[-122.458658,37.800707]]}},{"type":"Feature","properties":{"kind":"trail"},"geometry":{"type":"LineString","coordinates":[[-122.45989,37.799452],[-122.459689,37.799359]]}},{"type":"Feature","properties":{"kind":"trail","surface":"concrete"},"geometry":{"type":"LineString","coordinates":[[-122.459217,37.800331],[-122.459018,37.800237]]}},{"type":"Feature","properties":{"kind":"trail","surface":"concrete"},"geometry":{"type":"LineString","coordinates":[[-122.459184,37.801297],[-122.458673,37.801052]]}},{"type":"Feature","properties":{"kind":"trail"},"geometry":{"type":"LineString","coordinates":[[-122.460034,37.799264],[-122.459838,37.799166]]}},{"type":"Feature","properties":{"kind":"trail"},"geometry":{"type":"LineString","coordinates":[[-122.449955,37.806254],[-122.449927,37.806108]]}},{"type":"Feature","properties":{"kind":"trail","surface":"concrete"},"geometry":{"type":"LineString","coordinates":[[-122.458144,37.801741],[-122.457944,37.801645]]}},{"type":"Feature","properties":{"kind":"trail","surface":"concrete"},"geometry":{"type":"LineString","coordinates":[[-122.458057,37.801855],[-122.457858,37.80176]]}},{"type":"Feature","properties":{"kind":"trail"},"geometry":{"type":"LineString","coordinates":[[-122.458946,37.800688],[-122.458747,37.800591]]}},{"type":"Feature","properties":{"kind":"trail","surface":"concrete"},"geometry":{"type":"LineString","coordinates":[[-122.459132,37.800443],[-122.458932,37.800349]]}},{"type":"Feature","properties":{"kind":"trail"},"geometry":{"type":"LineString","coordinates":[[-122.459665,37.799748],[-122.459466,37.799652]]}},{"type":"Feature","properties":{"kind":"trail"},"geometry":{"type":"LineString","coordinates":[[-122.459492,37.799973],[-122.459292,37.799879]]}},{"type":"Feature","properties":{"kind":"trail","surface":"concrete"},"geometry":{"type":"LineString","coordinates":[[-122.458416,37.801386],[-122.458213,37.80129]]}},{"type":"Feature","properties":{"kind":"trail"},"geometry":{"type":"LineString","coordinates":[[-122.450459,37.806188],[-122.450433,37.806045]]}},{"type":"Feature","properties":{"kind":"trail","surface":"concrete"},"geometry":{"type":"LineString","coordinates":[[-122.45859,37.801159],[-122.458389,37.801059]]}},{"type":"Feature","properties":{"kind":"trail","surface":"concrete"},"geometry":{"type":"LineString","coordinates":[[-122.458776,37.800914],[-122.458573,37.800819]]}},{"type":"Feature","properties":{"kind":"trail","surface":"concrete"},"geometry":{"type":"LineString","coordinates":[[-122.458504,37.801271],[-122.4583,37.801175]]}},{"type":"Feature","properties":{"kind":"trail"},"geometry":{"type":"LineString","coordinates":[[-122.451745,37.806068],[-122.451739,37.806021],[-122.451718,37.805879]]}},{"type":"Feature","properties":{"kind":"trail"},"geometry":{"type":"LineString","coordinates":[[-122.450973,37.806167],[-122.450965,37.806122],[-122.450939,37.80598]]}},{"type":"Feature","properties":{"kind":"trail"},"geometry":{"type":"LineString","coordinates":[[-122.4515,37.806098],[-122.451492,37.806053],[-122.451468,37.80591]]}},{"type":"Feature","properties":{"kind":"trail"},"geometry":{"type":"LineString","coordinates":[[-122.452243,37.805812],[-122.452259,37.805956],[-122.452266,37.806001]]}},{"type":"Feature","properties":{"kind":"trail"},"geometry":{"type":"LineString","coordinates":[[-122.457793,37.802005],[-122.45776,37.802046],[-122.457659,37.802183]]}},{"type":"Feature","properties":{"kind":"trail","surface":"dirt"},"geometry":{"type":"LineString","coordinates":[[-122.451237,37.806133],[-122.451227,37.806087],[-122.451206,37.805944]]}},{"type":"Feature","properties":{"kind":"trail"},"geometry":{"type":"LineString","coordinates":[[-122.452469,37.805974],[-122.452463,37.805931],[-122.452453,37.805784]]}},{"type":"Feature","properties":{"kind":"trail"},"geometry":{"type":"LineString","coordinates":[[-122.45788,37.802106],[-122.45776,37.802046],[-122.457726,37.802016]]}},{"type":"Feature","properties":{"kind":"trail"},"geometry":{"type":"LineString","coordinates":[[-122.459815,37.799551],[-122.45989,37.799452],[-122.460034,37.799264],[-122.460112,37.799162]]}},{"type":"Feature","properties":{"kind":"trail"},"geometry":{"type":"LineString","coordinates":[[-122.451996,37.805881],[-122.452002,37.805988],[-122.452004,37.806035]]}},{"type":"Feature","properties":{"kind":"trail"},"geometry":{"type":"LineString","coordinates":[[-122.450733,37.806198],[-122.450727,37.806153],[-122.450704,37.806011]]}},{"type":"Feature","properties":{"kind":"trail"},"geometry":{"type":"LineString","coordinates":[[-122.468292,37.80476],[-122.468237,37.80478]]}},{"type":"Feature","properties":{"kind":"trail","surface":"asphalt"},"geometry":{"type":"LineString","coordinates":[[-122.471619,37.808638],[-122.471553,37.808749]]}},{"type":"Feature","properties":{"kind":"trail","surface":"asphalt"},"geometry":{"type":"LineString","coordinates":[[-122.476196,37.809495],[-122.476388,37.809433]]}},{"type":"Feature","properties":{"kind":"trail"},"geometry":{"type":"LineString","coordinates":[[-122.476608,37.81066],[-122.476515,37.810719]]}},{"type":"Feature","properties":{"kind":"trail","surface":"concrete"},"geometry":{"type":"LineString","coordinates":[[-122.47111,37.808643],[-122.471328,37.80837]]}},{"type":"Feature","properties":{"kind":"road","name":"Balboa Street"},"geometry":{"type":"LineString","coordinates":[[-122.511258,37.775104],[-122.511387,37.775105]]}},{"type":"Feature","properties":{"kind":"road","name":"Balboa Street","surface":"asphalt"},"geometry":{"type":"LineString","coordinates":[[-122.510188,37.775134],[-122.511258,37.775104]]}},{"type":"Feature","properties":{"kind":"road","name":"Great Highway","surface":"asphalt"},"geometry":{"type":"LineString","coordinates":[[-122.511387,37.775105],[-122.511288,37.774276],[-122.511332,37.773518]]}},{"type":"Feature","properties":{"kind":"road","name":"Point Lobos Avenue","surface":"asphalt"},"geometry":{"type":"LineString","coordinates":[[-122.510186,37.779817],[-122.510408,37.7798]]}},{"type":"Feature","properties":{"kind":"road","name":"Point Lobos Avenue","surface":"asphalt"},"geometry":{"type":"LineString","coordinates":[[-122.512395,37.779069],[-122.512621,37.779059]]}},{"type":"Feature","properties":{"kind":"road","name":"Point Lobos Avenue","surface":"asphalt"},"geometry":{"type":"LineString","coordinates":[[-122.512813,37.779066],[-122.513157,37.779038]]}},{"type":"Feature","properties":{"kind":"trail"},"geometry":{"type":"LineString","coordinates":[[-122.512366,37.776898],[-122.512262,37.776991]]}},{"type":"Feature","properties":{"kind":"trail"},"geometry":{"type":"LineString","coordinates":[[-122.512864,37.777382],[-122.512728,37.777452]]}},{"type":"Feature","properties":{"kind":"trail"},"geometry":{"type":"LineString","coordinates":[[-122.513777,37.778478],[-122.51361,37.77852]]}},{"type":"Feature","properties":{"kind":"trail","surface":"concrete"},"geometry":{"type":"LineString","coordinates":[[-122.511647,37.77952],[-122.511588,37.779359]]}},{"type":"Feature","properties":{"kind":"trail"},"geometry":{"type":"LineString","coordinates":[[-122.513874,37.778749],[-122.513624,37.778739]]}},{"type":"Feature","properties":{"kind":"trail","name":"4","surface":"concrete"},"geometry":{"type":"LineString","coordinates":[[-122.511792,37.775042],[-122.511766,37.775045],[-122.511735,37.775048]]}},{"type":"Feature","properties":{"kind":"trail","surface":"wood"},"geometry":{"type":"LineString","coordinates":[[-122.511146,37.775176],[-122.51091,37.775306],[-122.51081,37.775443],[-122.510851,37.775551],[-122.51107,37.775707],[-122.51121,37.77595],[-122.511404,37.775985]]}},{"type":"Feature","properties":{"kind":"trail"},"geometry":{"type":"LineString","coordinates":[[-122.442408,37.806635],[-122.442369,37.806562]]}},{"type":"Feature","properties":{"kind":"trail"},"geometry":{"type":"LineString","coordinates":[[-122.447757,37.801911],[-122.44782,37.802057],[-122.447993,37.802127]]}},{"type":"Feature","properties":{"kind":"trail"},"geometry":{"type":"LineString","coordinates":[[-122.447638,37.801934],[-122.44782,37.802057]]}},{"type":"Feature","properties":{"kind":"trail","surface":"asphalt"},"geometry":{"type":"LineString","coordinates":[[-122.44782,37.802057],[-122.447878,37.802303],[-122.448034,37.802331],[-122.448209,37.8023],[-122.448321,37.802332],[-122.448539,37.80249],[-122.448548,37.802542],[-122.448362,37.802645],[-122.448155,37.802623],[-122.448015,37.802695],[-122.447937,37.802985],[-122.448135,37.803236],[-122.448263,37.803263],[-122.44847,37.803185],[-122.448665,37.803235],[-122.448515,37.803542],[-122.448299,37.803599],[-122.44833,37.803775]]}},{"type":"Feature","properties":{"kind":"trail","surface":"concrete"},"geometry":{"type":"LineString","coordinates":[[-122.478677,37.785252],[-122.478332,37.785266],[-122.478327,37.785197],[-122.477601,37.785254]]}},{"type":"Feature","properties":{"kind":"trail","surface":"concrete"},"geometry":{"type":"LineString","coordinates":[[-122.478252,37.779368],[-122.477995,37.779397],[-122.47784,37.77953],[-122.477193,37.779597]]}},{"type":"Feature","properties":{"kind":"trail"},"geometry":{"type":"LineString","coordinates":[[-122.462096,37.800203],[-122.461927,37.800229]]}},{"type":"Feature","properties":{"kind":"road","name":"Turk Boulevard","surface":"asphalt"},"geometry":{"type":"LineString","coordinates":[[-122.450348,37.778244],[-122.451674,37.778082]]}},{"type":"Feature","properties":{"kind":"trail","surface":"concrete"},"geometry":{"type":"LineString","coordinates":[[-122.470644,37.808517],[-122.470036,37.809378],[-122.469485,37.809127]]}},{"type":"Feature","properties":{"kind":"road","name":"41st Avenue","surface":"asphalt"},"geometry":{"type":"LineString","coordinates":[[-122.501909,37.779528],[-122.501897,37.779367],[-122.50189,37.779267]]}},{"type":"Feature","properties":{"kind":"road","name":"Geary Boulevard","surface":"asphalt"},"geometry":{"type":"LineString","coordinates":[[-122.502194,37.779555],[-122.502733,37.779605]]}},{"type":"Feature","properties":{"kind":"road","name":"Geary Boulevard","surface":"asphalt"},"geometry":{"type":"LineString","coordinates":[[-122.504034,37.779168],[-122.50189,37.779267]]}},{"type":"Feature","properties":{"kind":"road","name":"Geary Boulevard","surface":"asphalt"},"geometry":{"type":"LineString","coordinates":[[-122.501897,37.779367],[-122.502463,37.779341]]}},{"type":"Feature","properties":{"kind":"road","name":"Geary Boulevard","surface":"asphalt"},"geometry":{"type":"LineString","coordinates":[[-122.500824,37.779382],[-122.500135,37.779348]]}},{"type":"Feature","properties":{"kind":"trail","surface":"concrete"},"geometry":{"type":"LineString","coordinates":[[-122.511547,37.780737],[-122.511608,37.780829],[-122.511712,37.780863],[-122.51186,37.780796],[-122.511876,37.780679]]}},{"type":"Feature","properties":{"kind":"trail","surface":"concrete"},"geometry":{"type":"LineString","coordinates":[[-122.510959,37.780577],[-122.510991,37.780542]]}},{"type":"Feature","properties":{"kind":"trail","surface":"concrete"},"geometry":{"type":"LineString","coordinates":[[-122.510626,37.780333],[-122.510593,37.780369]]}},{"type":"Feature","properties":{"kind":"trail","surface":"concrete"},"geometry":{"type":"LineString","coordinates":[[-122.511712,37.780344],[-122.511867,37.780318]]}},{"type":"Feature","properties":{"kind":"trail","surface":"concrete"},"geometry":{"type":"LineString","coordinates":[[-122.511789,37.780631],[-122.511946,37.780606]]}},{"type":"Feature","properties":{"kind":"trail","surface":"concrete"},"geometry":{"type":"LineString","coordinates":[[-122.511637,37.780068],[-122.511791,37.780042]]}},{"type":"Feature","properties":{"kind":"trail","surface":"unpaved"},"geometry":{"type":"LineString","coordinates":[[-122.509794,37.780122],[-122.509691,37.780084],[-122.509691,37.779994]]}},{"type":"Feature","properties":{"kind":"trail"},"geometry":{"type":"LineString","coordinates":[[-122.510332,37.780217],[-122.510365,37.780184]]}},{"type":"Feature","properties":{"kind":"steps"},"geometry":{"type":"LineString","coordinates":[[-122.509213,37.775281],[-122.5092,37.775528]]}},{"type":"Feature","properties":{"kind":"trail"},"geometry":{"type":"LineString","coordinates":[[-122.510851,37.780042],[-122.510844,37.779991],[-122.510802,37.779865]]}},{"type":"Feature","properties":{"kind":"trail","name":"Merrie Way","surface":"paved"},"geometry":{"type":"LineString","coordinates":[[-122.511311,37.780778],[-122.511386,37.780765],[-122.511547,37.780737],[-122.511711,37.780708],[-122.511876,37.780679],[-122.511962,37.780663]]}},{"type":"Feature","properties":{"kind":"trail"},"geometry":{"type":"LineString","coordinates":[[-122.511474,37.779882],[-122.511468,37.779807],[-122.51133,37.779494]]}},{"type":"Feature","properties":{"kind":"trail"},"geometry":{"type":"LineString","coordinates":[[-122.495509,37.782301],[-122.495615,37.782339]]}},{"type":"Feature","properties":{"kind":"road","name":"El Camino del Mar"},"geometry":{"type":"LineString","coordinates":[[-122.490585,37.786276],[-122.49136,37.786141],[-122.491675,37.786187],[-122.492031,37.786348]]}},{"type":"Feature","properties":{"kind":"trail","surface":"paved"},"geometry":{"type":"LineString","coordinates":[[-122.489966,37.787821],[-122.49065,37.78746],[-122.490726,37.787355],[-122.490688,37.787243]]}},{"type":"Feature","properties":{"kind":"steps"},"geometry":{"type":"LineString","coordinates":[[-122.491857,37.785496],[-122.491907,37.785462]]}},{"type":"Feature","properties":{"kind":"steps","surface":"paving_stones"},"geometry":{"type":"LineString","coordinates":[[-122.489666,37.788057],[-122.489608,37.788027]]}},{"type":"Feature","properties":{"kind":"road","name":"California Street","surface":"asphalt"},"geometry":{"type":"LineString","coordinates":[[-122.464871,37.784966],[-122.465143,37.784931]]}},{"type":"Feature","properties":{"kind":"trail","surface":"asphalt"},"geometry":{"type":"LineString","coordinates":[[-122.465027,37.784862],[-122.465083,37.784766]]}},{"type":"Feature","properties":{"kind":"road","name":"Masonic Avenue","surface":"asphalt"},"geometry":{"type":"LineString","coordinates":[[-122.446927,37.786127],[-122.447478,37.785525]]}},{"type":"Feature","properties":{"kind":"trail"},"geometry":{"type":"LineString","coordinates":[[-122.452881,37.790941],[-122.452858,37.791064]]}},{"type":"Feature","properties":{"kind":"road","name":"Marina Boulevard","surface":"asphalt"},"geometry":{"type":"LineString","coordinates":[[-122.448382,37.804733],[-122.448487,37.804649]]}},{"type":"Feature","properties":{"kind":"road","name":"Girard Road","surface":"asphalt"},"geometry":{"type":"LineString","coordinates":[[-122.4484,37.804617],[-122.448269,37.804714]]}},{"type":"Feature","properties":{"kind":"steps"},"geometry":{"type":"LineString","coordinates":[[-122.447926,37.801796],[-122.447923,37.801781]]}},{"type":"Feature","properties":{"kind":"trail","surface":"asphalt"},"geometry":{"type":"LineString","coordinates":[[-122.448326,37.801653],[-122.448283,37.801738],[-122.448104,37.802129]]}},{"type":"Feature","properties":{"kind":"trail","name":"Normandie Terrace"},"geometry":{"type":"LineString","coordinates":[[-122.440901,37.794392],[-122.44092,37.794493]]}},{"type":"Feature","properties":{"kind":"trail","name":"Normandie Terrace"},"geometry":{"type":"LineString","coordinates":[[-122.440846,37.79429],[-122.440899,37.794376]]}},{"type":"Feature","properties":{"kind":"steps","name":"Baker Street"},"geometry":{"type":"LineString","coordinates":[[-122.444955,37.793978],[-122.444765,37.793031]]}},{"type":"Feature","properties":{"kind":"trail","name":"Broderick Street"},"geometry":{"type":"LineString","coordinates":[[-122.4434,37.794177],[-122.443459,37.79408],[-122.443407,37.793801],[-122.443283,37.793811]]}},{"type":"Feature","properties":{"kind":"trail"},"geometry":{"type":"LineString","coordinates":[[-122.44474,37.797371],[-122.444987,37.797388],[-122.445053,37.797316]]}},{"type":"Feature","properties":{"kind":"trail","surface":"compacted"},"geometry":{"type":"LineString","coordinates":[[-122.463776,37.788678],[-122.463803,37.788793]]}},{"type":"Feature","properties":{"kind":"steps","surface":"concrete"},"geometry":{"type":"LineString","coordinates":[[-122.444885,37.78901],[-122.444958,37.789354]]}},{"type":"Feature","properties":{"kind":"steps","surface":"concrete"},"geometry":{"type":"LineString","coordinates":[[-122.444828,37.788715],[-122.444781,37.788474]]}},{"type":"Feature","properties":{"kind":"trail","surface":"concrete"},"geometry":{"type":"LineString","coordinates":[[-122.44498,37.788449],[-122.445026,37.78869]]}},{"type":"Feature","properties":{"kind":"trail","surface":"concrete"},"geometry":{"type":"LineString","coordinates":[[-122.445026,37.78869],[-122.445081,37.788985],[-122.444885,37.78901],[-122.444686,37.789037],[-122.444631,37.78874],[-122.444828,37.788715],[-122.445026,37.78869]]}},{"type":"Feature","properties":{"kind":"road","name":"Stanyan Street","surface":"asphalt"},"geometry":{"type":"LineString","coordinates":[[-122.456056,37.780206],[-122.45604,37.780179]]}},{"type":"Feature","properties":{"kind":"steps"},"geometry":{"type":"LineString","coordinates":[[-122.452023,37.778416],[-122.452038,37.77852]]}},{"type":"Feature","properties":{"kind":"steps"},"geometry":{"type":"LineString","coordinates":[[-122.451912,37.77859],[-122.451921,37.778633]]}},{"type":"Feature","properties":{"kind":"steps"},"geometry":{"type":"LineString","coordinates":[[-122.451864,37.778358],[-122.451851,37.77829]]}},{"type":"Feature","properties":{"kind":"steps"},"geometry":{"type":"LineString","coordinates":[[-122.451769,37.778551],[-122.45175,37.77845]]}},{"type":"Feature","properties":{"kind":"trail"},"geometry":{"type":"LineString","coordinates":[[-122.451821,37.778152],[-122.451818,37.778137]]}},{"type":"Feature","properties":{"kind":"trail"},"geometry":{"type":"LineString","coordinates":[[-122.45191,37.778578],[-122.451912,37.77859]]}},{"type":"Feature","properties":{"kind":"trail"},"geometry":{"type":"LineString","coordinates":[[-122.451829,37.778191],[-122.451823,37.778164]]}},{"type":"Feature","properties":{"kind":"steps"},"geometry":{"type":"LineString","coordinates":[[-122.451823,37.778164],[-122.451821,37.778152]]}},{"type":"Feature","properties":{"kind":"trail"},"geometry":{"type":"LineString","coordinates":[[-122.451851,37.77829],[-122.451849,37.778278]]}},{"type":"Feature","properties":{"kind":"trail"},"geometry":{"type":"LineString","coordinates":[[-122.451921,37.778633],[-122.452006,37.779052]]}},{"type":"Feature","properties":{"kind":"steps"},"geometry":{"type":"LineString","coordinates":[[-122.451776,37.778293],[-122.451757,37.7782]]}},{"type":"Feature","properties":{"kind":"trail"},"geometry":{"type":"LineString","coordinates":[[-122.451925,37.778277],[-122.451849,37.778278],[-122.451776,37.778293]]}},{"type":"Feature","properties":{"kind":"steps"},"geometry":{"type":"LineString","coordinates":[[-122.451905,37.778182],[-122.451925,37.778277]]}},{"type":"Feature","properties":{"kind":"trail","surface":"paving_stones"},"geometry":{"type":"LineString","coordinates":[[-122.451352,37.776024],[-122.451403,37.776305],[-122.45156,37.777078]]}},{"type":"Feature","properties":{"kind":"trail"},"geometry":{"type":"LineString","coordinates":[[-122.451757,37.7782],[-122.451829,37.778191],[-122.451905,37.778182]]}},{"type":"Feature","properties":{"kind":"trail","surface":"concrete"},"geometry":{"type":"LineString","coordinates":[[-122.458228,37.778605],[-122.458121,37.778694]]}},{"type":"Feature","properties":{"kind":"trail"},"geometry":{"type":"LineString","coordinates":[[-122.45175,37.77845],[-122.451807,37.778433],[-122.451949,37.778416],[-122.452023,37.778416]]}},{"type":"Feature","properties":{"kind":"trail"},"geometry":{"type":"LineString","coordinates":[[-122.452038,37.77852],[-122.45191,37.778578],[-122.451769,37.778551]]}},{"type":"Feature","properties":{"kind":"trail","surface":"concrete"},"geometry":{"type":"LineString","coordinates":[[-122.458092,37.778546],[-122.458228,37.778605],[-122.458279,37.778602],[-122.458529,37.778591]]}},{"type":"Feature","properties":{"kind":"trail","surface":"concrete"},"geometry":{"type":"LineString","coordinates":[[-122.458271,37.77857],[-122.458279,37.778602],[-122.45834,37.778739],[-122.458336,37.778861]]}},{"type":"Feature","properties":{"kind":"steps"},"geometry":{"type":"LineString","coordinates":[[-122.451949,37.778416],[-122.451932,37.778367],[-122.451864,37.778358],[-122.451808,37.778377],[-122.451807,37.778433]]}},{"type":"Feature","properties":{"kind":"trail"},"geometry":{"type":"LineString","coordinates":[[-122.475956,37.80787],[-122.476113,37.808109]]}},{"type":"Feature","properties":{"kind":"trail","surface":"concrete"},"geometry":{"type":"LineString","coordinates":[[-122.4763,37.808073],[-122.476128,37.808229],[-122.475909,37.808296],[-122.475832,37.808397],[-122.475911,37.808491],[-122.476245,37.808411]]}},{"type":"Feature","properties":{"kind":"trail","surface":"concrete"},"geometry":{"type":"LineString","coordinates":[[-122.475909,37.808296],[-122.475904,37.808243]]}},{"type":"Feature","properties":{"kind":"steps"},"geometry":{"type":"LineString","coordinates":[[-122.475904,37.808243],[-122.475906,37.80819]]}},{"type":"Feature","properties":{"kind":"trail"},"geometry":{"type":"LineString","coordinates":[[-122.475906,37.80819],[-122.475923,37.808141]]}},{"type":"Feature","properties":{"kind":"steps"},"geometry":{"type":"LineString","coordinates":[[-122.475317,37.80823],[-122.475326,37.80834]]}},{"type":"Feature","properties":{"kind":"trail","surface":"concrete"},"geometry":{"type":"LineString","coordinates":[[-122.475326,37.80834],[-122.475326,37.808431]]}},{"type":"Feature","properties":{"kind":"trail"},"geometry":{"type":"LineString","coordinates":[[-122.476131,37.808139],[-122.476146,37.808165]]}},{"type":"Feature","properties":{"kind":"steps"},"geometry":{"type":"LineString","coordinates":[[-122.476113,37.808109],[-122.476131,37.808139]]}},{"type":"Feature","properties":{"kind":"steps","surface":"concrete"},"geometry":{"type":"LineString","coordinates":[[-122.475909,37.807896],[-122.475936,37.807935]]}},{"type":"Feature","properties":{"kind":"trail"},"geometry":{"type":"LineString","coordinates":[[-122.475936,37.807935],[-122.475944,37.807949],[-122.475968,37.80808],[-122.475923,37.808141],[-122.476017,37.808172],[-122.476131,37.808139],[-122.4763,37.808073]]}},{"type":"Feature","properties":{"kind":"trail","surface":"paving_stones"},"geometry":{"type":"LineString","coordinates":[[-122.475145,37.80769],[-122.475381,37.807908],[-122.475515,37.807981],[-122.475562,37.80803],[-122.475695,37.808221],[-122.475798,37.808249]]}},{"type":"Feature","properties":{"kind":"trail","surface":"concrete"},"geometry":{"type":"LineString","coordinates":[[-122.475854,37.808225],[-122.475904,37.808243]]}},{"type":"Feature","properties":{"kind":"steps","surface":"metal"},"geometry":{"type":"LineString","coordinates":[[-122.475798,37.808249],[-122.475854,37.808225]]}},{"type":"Feature","properties":{"kind":"trail","surface":"paving_stones"},"geometry":{"type":"LineString","coordinates":[[-122.472311,37.807551],[-122.472371,37.807474],[-122.472541,37.807255],[-122.472646,37.807121]]}},{"type":"Feature","properties":{"kind":"steps","surface":"paving_stones"},"geometry":{"type":"LineString","coordinates":[[-122.451378,37.775284],[-122.451387,37.77533]]}},{"type":"Feature","properties":{"kind":"steps","surface":"concrete"},"geometry":{"type":"LineString","coordinates":[[-122.451723,37.775242],[-122.451736,37.775304]]}},{"type":"Feature","properties":{"kind":"trail","surface":"paving_stones"},"geometry":{"type":"LineString","coordinates":[[-122.452209,37.775598],[-122.451521,37.775999]]}},{"type":"Feature","properties":{"kind":"trail","surface":"paving_stones"},"geometry":{"type":"LineString","coordinates":[[-122.451521,37.775999],[-122.451418,37.775485],[-122.45139,37.775343],[-122.451387,37.77533]]}},{"type":"Feature","properties":{"kind":"trail"},"geometry":{"type":"LineString","coordinates":[[-122.50606,37.787098],[-122.506111,37.787188]]}},{"type":"Feature","properties":{"kind":"road","name":"Gorgas Avenue","surface":"asphalt"},"geometry":{"type":"LineString","coordinates":[[-122.452157,37.802768],[-122.452289,37.802802]]}},{"type":"Feature","properties":{"kind":"road","surface":"asphalt"},"geometry":{"type":"LineString","coordinates":[[-122.448352,37.805141],[-122.448545,37.805097],[-122.448715,37.805061]]}},{"type":"Feature","properties":{"kind":"road","name":"Mason Street","surface":"asphalt"},"geometry":{"type":"LineString","coordinates":[[-122.460972,37.80288],[-122.460588,37.803017],[-122.460089,37.803393],[-122.459772,37.803504]]}},{"type":"Feature","properties":{"kind":"trail","name":"Bay Area Ridge Trail","surface":"dirt"},"geometry":{"type":"LineString","coordinates":[[-122.466984,37.796614],[-122.466298,37.796747],[-122.465543,37.796727],[-122.464891,37.796856],[-122.464573,37.796828],[-122.464481,37.796774]]}},{"type":"Feature","properties":{"kind":"road","name":"Lincoln Boulevard","surface":"asphalt"},"geometry":{"type":"LineString","coordinates":[[-122.469955,37.804903],[-122.469919,37.804994]]}},{"type":"Feature","properties":{"kind":"road","name":"Geary Boulevard","surface":"asphalt"},"geometry":{"type":"LineString","coordinates":[[-122.447503,37.78225],[-122.447373,37.782242]]}},{"type":"Feature","properties":{"kind":"road","name":"Masonic Avenue","surface":"asphalt"},"geometry":{"type":"LineString","coordinates":[[-122.44744,37.782351],[-122.447503,37.78225]]}},{"type":"Feature","properties":{"kind":"road","name":"Point Lobos Avenue","surface":"asphalt"},"geometry":{"type":"LineString","coordinates":[[-122.512621,37.779059],[-122.512813,37.779066]]}},{"type":"Feature","properties":{"kind":"road","name":"Geary Boulevard","surface":"asphalt"},"geometry":{"type":"LineString","coordinates":[[-122.492556,37.779806],[-122.493052,37.77978]]}},{"type":"Feature","properties":{"kind":"trail"},"geometry":{"type":"LineString","coordinates":[[-122.461282,37.788532],[-122.461386,37.788575]]}},{"type":"Feature","properties":{"kind":"trail"},"geometry":{"type":"LineString","coordinates":[[-122.460951,37.788713],[-122.460964,37.788799]]}},{"type":"Feature","properties":{"kind":"trail"},"geometry":{"type":"LineString","coordinates":[[-122.460595,37.788559],[-122.4605,37.788606]]}},{"type":"Feature","properties":{"kind":"trail"},"geometry":{"type":"LineString","coordinates":[[-122.460538,37.788463],[-122.460434,37.788489]]}},{"type":"Feature","properties":{"kind":"trail"},"geometry":{"type":"LineString","coordinates":[[-122.460564,37.787915],[-122.460464,37.787876]]}},{"type":"Feature","properties":{"kind":"trail"},"geometry":{"type":"LineString","coordinates":[[-122.460726,37.78779],[-122.460632,37.78773]]}},{"type":"Feature","properties":{"kind":"trail"},"geometry":{"type":"LineString","coordinates":[[-122.46104,37.787776],[-122.46113,37.787707]]}},{"type":"Feature","properties":{"kind":"trail"},"geometry":{"type":"LineString","coordinates":[[-122.461235,37.787906],[-122.461325,37.787843]]}},{"type":"Feature","properties":{"kind":"trail"},"geometry":{"type":"LineString","coordinates":[[-122.461277,37.78797],[-122.461385,37.787928]]}},{"type":"Feature","properties":{"kind":"road","name":"Divisadero Street","surface":"asphalt"},"geometry":{"type":"LineString","coordinates":[[-122.442657,37.798962],[-122.442612,37.798737]]}},{"type":"Feature","properties":{"kind":"road","name":"Divisadero Street"},"geometry":{"type":"LineString","coordinates":[[-122.442712,37.799229],[-122.442677,37.799056]]}},{"type":"Feature","properties":{"kind":"road","name":"Mason Street"},"geometry":{"type":"LineString","coordinates":[[-122.46761,37.803569],[-122.467444,37.803697]]}},{"type":"Feature","properties":{"kind":"road","name":"Lincoln Boulevard","surface":"asphalt"},"geometry":{"type":"LineString","coordinates":[[-122.473762,37.80663],[-122.473952,37.806585]]}},{"type":"Feature","properties":{"kind":"road","name":"25th Avenue","surface":"asphalt"},"geometry":{"type":"LineString","coordinates":[[-122.484862,37.78163],[-122.48478,37.780497]]}},{"type":"Feature","properties":{"kind":"road","name":"Masonic Avenue","surface":"asphalt"},"geometry":{"type":"LineString","coordinates":[[-122.446538,37.775804],[-122.446434,37.775274]]}},{"type":"Feature","properties":{"kind":"road","name":"Fulton Street","surface":"asphalt"},"geometry":{"type":"LineString","coordinates":[[-122.446538,37.775804],[-122.446634,37.775791]]}},{"type":"Feature","properties":{"kind":"road","name":"California Street","surface":"asphalt"},"geometry":{"type":"LineString","coordinates":[[-122.456976,37.785971],[-122.459211,37.785686]]}},{"type":"Feature","properties":{"kind":"road","name":"California Street","surface":"asphalt"},"geometry":{"type":"LineString","coordinates":[[-122.456713,37.786004],[-122.456976,37.785971]]}},{"type":"Feature","properties":{"kind":"road","name":"Masonic Avenue","surface":"asphalt"},"geometry":{"type":"LineString","coordinates":[[-122.447575,37.784844],[-122.447461,37.784403]]}},{"type":"Feature","properties":{"kind":"road","name":"Balboa Street","surface":"asphalt"},"geometry":{"type":"LineString","coordinates":[[-122.480193,37.7765],[-122.481266,37.776452]]}},{"type":"Feature","properties":{"kind":"road","name":"Balboa Street","surface":"asphalt"},"geometry":{"type":"LineString","coordinates":[[-122.481266,37.776452],[-122.483405,37.776355]]}},{"type":"Feature","properties":{"kind":"road","name":"Fulton Street","surface":"asphalt"},"geometry":{"type":"LineString","coordinates":[[-122.446329,37.775831],[-122.446455,37.775815]]}},{"type":"Feature","properties":{"kind":"road","name":"Masonic Avenue","surface":"asphalt"},"geometry":{"type":"LineString","coordinates":[[-122.446725,37.776739],[-122.446538,37.775804]]}},{"type":"Feature","properties":{"kind":"road","name":"Fulton Street","surface":"asphalt"},"geometry":{"type":"LineString","coordinates":[[-122.446634,37.775791],[-122.447036,37.775741]]}},{"type":"Feature","properties":{"kind":"trail"},"geometry":{"type":"LineString","coordinates":[[-122.44847,37.803185],[-122.448448,37.803114]]}},{"type":"Feature","properties":{"kind":"trail"},"geometry":{"type":"LineString","coordinates":[[-122.448156,37.802954],[-122.44841,37.802921],[-122.448653,37.802891]]}},{"type":"Feature","properties":{"kind":"trail"},"geometry":{"type":"LineString","coordinates":[[-122.448653,37.802891],[-122.448923,37.802864],[-122.44882,37.802585],[-122.448616,37.802342],[-122.448368,37.802183],[-122.448104,37.802129],[-122.447993,37.802127],[-122.447942,37.801872],[-122.447926,37.801796]]}},{"type":"Feature","properties":{"kind":"trail"},"geometry":{"type":"LineString","coordinates":[[-122.448371,37.802719],[-122.448362,37.802645]]}},{"type":"Feature","properties":{"kind":"trail"},"geometry":{"type":"LineString","coordinates":[[-122.448448,37.803114],[-122.44841,37.802921],[-122.448371,37.802719]]}},{"type":"Feature","properties":{"kind":"trail"},"geometry":{"type":"LineString","coordinates":[[-122.448015,37.802695],[-122.448199,37.802799]]}},{"type":"Feature","properties":{"kind":"trail"},"geometry":{"type":"LineString","coordinates":[[-122.448199,37.802799],[-122.44841,37.802921],[-122.448604,37.803039]]}},{"type":"Feature","properties":{"kind":"trail"},"geometry":{"type":"LineString","coordinates":[[-122.448604,37.803039],[-122.448734,37.803112],[-122.448665,37.803235]]}},{"type":"Feature","properties":{"kind":"trail"},"geometry":{"type":"LineString","coordinates":[[-122.448135,37.803236],[-122.448264,37.803084]]}},{"type":"Feature","properties":{"kind":"trail"},"geometry":{"type":"LineString","coordinates":[[-122.448264,37.803084],[-122.44841,37.802921],[-122.448552,37.802756]]}},{"type":"Feature","properties":{"kind":"trail"},"geometry":{"type":"LineString","coordinates":[[-122.448552,37.802756],[-122.448646,37.80266],[-122.448548,37.802542]]}},{"type":"Feature","properties":{"kind":"trail"},"geometry":{"type":"LineString","coordinates":[[-122.447993,37.802127],[-122.448034,37.802331]]}},{"type":"Feature","properties":{"kind":"trail"},"geometry":{"type":"LineString","coordinates":[[-122.448299,37.803599],[-122.448139,37.803617]]}},{"type":"Feature","properties":{"kind":"road","name":"Geary Boulevard","surface":"asphalt"},"geometry":{"type":"LineString","coordinates":[[-122.471793,37.780627],[-122.471094,37.780659]]}},{"type":"Feature","properties":{"kind":"road","name":"Geary Boulevard","surface":"asphalt"},"geometry":{"type":"LineString","coordinates":[[-122.47287,37.780701],[-122.473502,37.780672]]}},{"type":"Feature","properties":{"kind":"trail"},"geometry":{"type":"LineString","coordinates":[[-122.475082,37.803046],[-122.475062,37.803045]]}},{"type":"Feature","properties":{"kind":"steps"},"geometry":{"type":"LineString","coordinates":[[-122.475112,37.803046],[-122.475082,37.803046]]}},{"type":"Feature","properties":{"kind":"trail"},"geometry":{"type":"LineString","coordinates":[[-122.474579,37.80401],[-122.474653,37.803909],[-122.474631,37.803792]]}},{"type":"Feature","properties":{"kind":"trail"},"geometry":{"type":"LineString","coordinates":[[-122.475274,37.803608],[-122.475161,37.803609]]}},{"type":"Feature","properties":{"kind":"steps"},"geometry":{"type":"LineString","coordinates":[[-122.475072,37.802478],[-122.475127,37.802481]]}},{"type":"Feature","properties":{"kind":"trail"},"geometry":{"type":"LineString","coordinates":[[-122.475127,37.802481],[-122.475271,37.802486]]}},{"type":"Feature","properties":{"kind":"trail"},"geometry":{"type":"LineString","coordinates":[[-122.475595,37.800338],[-122.475462,37.800441],[-122.475384,37.800506]]}},{"type":"Feature","properties":{"kind":"trail"},"geometry":{"type":"LineString","coordinates":[[-122.475391,37.800574],[-122.475515,37.800572],[-122.475462,37.800441]]}},{"type":"Feature","properties":{"kind":"trail"},"geometry":{"type":"LineString","coordinates":[[-122.474841,37.800127],[-122.47477,37.799954],[-122.47464,37.799952],[-122.474403,37.79995],[-122.474398,37.800143]]}},{"type":"Feature","properties":{"kind":"trail"},"geometry":{"type":"LineString","coordinates":[[-122.474585,37.800202],[-122.474586,37.800145],[-122.474586,37.800108]]}},{"type":"Feature","properties":{"kind":"trail"},"geometry":{"type":"LineString","coordinates":[[-122.47464,37.799952],[-122.474642,37.79992]]}},{"type":"Feature","properties":{"kind":"trail"},"geometry":{"type":"LineString","coordinates":[[-122.474531,37.799669],[-122.47455,37.799686],[-122.47454,37.799775],[-122.474451,37.799798],[-122.474381,37.79975],[-122.474396,37.799679],[-122.474531,37.799669]]}},{"type":"Feature","properties":{"kind":"trail"},"geometry":{"type":"LineString","coordinates":[[-122.47454,37.799775],[-122.474642,37.79992]]}},{"type":"Feature","properties":{"kind":"trail"},"geometry":{"type":"LineString","coordinates":[[-122.474381,37.79975],[-122.47427,37.799706],[-122.474023,37.799679]]}},{"type":"Feature","properties":{"kind":"trail"},"geometry":{"type":"LineString","coordinates":[[-122.474396,37.799679],[-122.47427,37.799706]]}},{"type":"Feature","properties":{"kind":"steps","surface":"concrete"},"geometry":{"type":"LineString","coordinates":[[-122.474239,37.79921],[-122.474144,37.799235]]}},{"type":"Feature","properties":{"kind":"steps","surface":"concrete"},"geometry":{"type":"LineString","coordinates":[[-122.47419,37.799096],[-122.474095,37.799121]]}},{"type":"Feature","properties":{"kind":"trail","surface":"concrete"},"geometry":{"type":"LineString","coordinates":[[-122.474144,37.799235],[-122.473883,37.799308]]}},{"type":"Feature","properties":{"kind":"trail","surface":"concrete"},"geometry":{"type":"LineString","coordinates":[[-122.474095,37.799121],[-122.473828,37.799192]]}},{"type":"Feature","properties":{"kind":"trail"},"geometry":{"type":"LineString","coordinates":[[-122.474221,37.798994],[-122.474216,37.79909],[-122.474262,37.799202],[-122.474348,37.799201],[-122.47455,37.799686]]}},{"type":"Feature","properties":{"kind":"trail"},"geometry":{"type":"LineString","coordinates":[[-122.474262,37.799202],[-122.474239,37.79921]]}},{"type":"Feature","properties":{"kind":"trail"},"geometry":{"type":"LineString","coordinates":[[-122.474216,37.79909],[-122.47419,37.799096]]}},{"type":"Feature","properties":{"kind":"trail","surface":"concrete"},"geometry":{"type":"LineString","coordinates":[[-122.473854,37.799248],[-122.473768,37.799273]]}},{"type":"Feature","properties":{"kind":"steps","surface":"concrete"},"geometry":{"type":"LineString","coordinates":[[-122.473667,37.799299],[-122.473768,37.799273]]}},{"type":"Feature","properties":{"kind":"trail","surface":"compacted"},"geometry":{"type":"LineString","coordinates":[[-122.473667,37.799299],[-122.473576,37.79931],[-122.473504,37.799319]]}},{"type":"Feature","properties":{"kind":"steps","surface":"concrete"},"geometry":{"type":"LineString","coordinates":[[-122.473413,37.799328],[-122.473504,37.799319]]}},{"type":"Feature","properties":{"kind":"trail"},"geometry":{"type":"LineString","coordinates":[[-122.473413,37.799328],[-122.473286,37.799326]]}},{"type":"Feature","properties":{"kind":"trail","surface":"dirt"},"geometry":{"type":"LineString","coordinates":[[-122.473296,37.798845],[-122.47348,37.798957],[-122.473576,37.79931],[-122.473541,37.799958]]}},{"type":"Feature","properties":{"kind":"steps","surface":"concrete"},"geometry":{"type":"LineString","coordinates":[[-122.472842,37.798954],[-122.47272,37.7988]]}},{"type":"Feature","properties":{"kind":"trail","surface":"asphalt"},"geometry":{"type":"LineString","coordinates":[[-122.47272,37.7988],[-122.472675,37.798753]]}},{"type":"Feature","properties":{"kind":"steps","surface":"concrete"},"geometry":{"type":"LineString","coordinates":[[-122.473284,37.798775],[-122.473296,37.798845],[-122.47327,37.7989]]}},{"type":"Feature","properties":{"kind":"trail","surface":"concrete"},"geometry":{"type":"LineString","coordinates":[[-122.47327,37.7989],[-122.473179,37.79895]]}},{"type":"Feature","properties":{"kind":"steps","surface":"concrete"},"geometry":{"type":"LineString","coordinates":[[-122.473145,37.798972],[-122.473179,37.79895]]}},{"type":"Feature","properties":{"kind":"trail","surface":"brick"},"geometry":{"type":"LineString","coordinates":[[-122.473269,37.79894],[-122.473153,37.798991],[-122.472992,37.799084],[-122.473081,37.799205],[-122.473286,37.799326]]}},{"type":"Feature","properties":{"kind":"trail","surface":"brick"},"geometry":{"type":"LineString","coordinates":[[-122.472992,37.799084],[-122.472887,37.799012]]}},{"type":"Feature","properties":{"kind":"trail","surface":"concrete"},"geometry":{"type":"LineString","coordinates":[[-122.472903,37.7998],[-122.472801,37.799667]]}},{"type":"Feature","properties":{"kind":"trail","surface":"concrete"},"geometry":{"type":"LineString","coordinates":[[-122.472775,37.799633],[-122.472603,37.799603],[-122.472469,37.799481],[-122.472362,37.79935],[-122.472319,37.799296],[-122.472301,37.799278]]}},{"type":"Feature","properties":{"kind":"steps"},"geometry":{"type":"LineString","coordinates":[[-122.472301,37.799278],[-122.472175,37.799141]]}},{"type":"Feature","properties":{"kind":"trail"},"geometry":{"type":"LineString","coordinates":[[-122.472175,37.799141],[-122.472137,37.799107]]}},{"type":"Feature","properties":{"kind":"trail","surface":"asphalt"},"geometry":{"type":"LineString","coordinates":[[-122.473286,37.799342],[-122.473142,37.799372]]}},{"type":"Feature","properties":{"kind":"steps","surface":"concrete"},"geometry":{"type":"LineString","coordinates":[[-122.472949,37.799396],[-122.472974,37.799428]]}},{"type":"Feature","properties":{"kind":"steps","surface":"concrete"},"geometry":{"type":"LineString","coordinates":[[-122.472817,37.79946],[-122.472843,37.799492]]}},{"type":"Feature","properties":{"kind":"trail"},"geometry":{"type":"LineString","coordinates":[[-122.473791,37.800524],[-122.473751,37.800493],[-122.473363,37.800241],[-122.473162,37.800036]]}},{"type":"Feature","properties":{"kind":"trail"},"geometry":{"type":"LineString","coordinates":[[-122.473611,37.801086],[-122.473703,37.801073]]}},{"type":"Feature","properties":{"kind":"trail"},"geometry":{"type":"LineString","coordinates":[[-122.473751,37.800493],[-122.47371,37.800519]]}},{"type":"Feature","properties":{"kind":"trail"},"geometry":{"type":"LineString","coordinates":[[-122.47548,37.8011],[-122.475385,37.801095]]}},{"type":"Feature","properties":{"kind":"trail"},"geometry":{"type":"LineString","coordinates":[[-122.47362,37.80165],[-122.473911,37.801576],[-122.475268,37.801639],[-122.475341,37.801642]]}},{"type":"Feature","properties":{"kind":"trail"},"geometry":{"type":"LineString","coordinates":[[-122.475574,37.80223],[-122.475638,37.802231]]}},{"type":"Feature","properties":{"kind":"steps"},"geometry":{"type":"LineString","coordinates":[[-122.475638,37.802231],[-122.475731,37.802228]]}},{"type":"Feature","properties":{"kind":"trail"},"geometry":{"type":"LineString","coordinates":[[-122.475731,37.802228],[-122.47573,37.80228],[-122.475814,37.802333]]}},{"type":"Feature","properties":{"kind":"trail"},"geometry":{"type":"LineString","coordinates":[[-122.475572,37.802714],[-122.475638,37.802712]]}},{"type":"Feature","properties":{"kind":"steps"},"geometry":{"type":"LineString","coordinates":[[-122.475638,37.802712],[-122.475661,37.802712]]}},{"type":"Feature","properties":{"kind":"trail"},"geometry":{"type":"LineString","coordinates":[[-122.475661,37.802712],[-122.47582,37.802657]]}},{"type":"Feature","properties":{"kind":"trail"},"geometry":{"type":"LineString","coordinates":[[-122.473411,37.801176],[-122.473377,37.801177]]}},{"type":"Feature","properties":{"kind":"road","surface":"concrete"},"geometry":{"type":"LineString","coordinates":[[-122.474074,37.802387],[-122.474018,37.802627],[-122.473857,37.802852],[-122.473837,37.802876],[-122.473698,37.803055],[-122.47352,37.802974],[-122.473432,37.802933]]}},{"type":"Feature","properties":{"kind":"trail"},"geometry":{"type":"LineString","coordinates":[[-122.474074,37.802387],[-122.47372,37.802341]]}},{"type":"Feature","properties":{"kind":"trail","surface":"concrete"},"geometry":{"type":"LineString","coordinates":[[-122.474018,37.802627],[-122.473665,37.80258]]}},{"type":"Feature","properties":{"kind":"trail","surface":"concrete"},"geometry":{"type":"LineString","coordinates":[[-122.473857,37.802852],[-122.473575,37.802721]]}},{"type":"Feature","properties":{"kind":"trail","surface":"concrete"},"geometry":{"type":"LineString","coordinates":[[-122.473837,37.802876],[-122.473974,37.802935]]}},{"type":"Feature","properties":{"kind":"steps"},"geometry":{"type":"LineString","coordinates":[[-122.477223,37.803947],[-122.477239,37.803922]]}},{"type":"Feature","properties":{"kind":"steps"},"geometry":{"type":"LineString","coordinates":[[-122.477303,37.803847],[-122.477287,37.803841]]}},{"type":"Feature","properties":{"kind":"trail","surface":"concrete"},"geometry":{"type":"LineString","coordinates":[[-122.477239,37.803922],[-122.477287,37.803841],[-122.47736,37.803628]]}},{"type":"Feature","properties":{"kind":"steps"},"geometry":{"type":"LineString","coordinates":[[-122.47736,37.803628],[-122.477314,37.803612]]}},{"type":"Feature","properties":{"kind":"trail","surface":"compacted"},"geometry":{"type":"LineString","coordinates":[[-122.477314,37.803612],[-122.477282,37.803601]]}},{"type":"Feature","properties":{"kind":"trail","surface":"concrete"},"geometry":{"type":"LineString","coordinates":[[-122.477223,37.803947],[-122.477184,37.804015],[-122.47714,37.803996]]}},{"type":"Feature","properties":{"kind":"steps"},"geometry":{"type":"LineString","coordinates":[[-122.477095,37.803978],[-122.47714,37.803996]]}},{"type":"Feature","properties":{"kind":"trail","surface":"compacted"},"geometry":{"type":"LineString","coordinates":[[-122.477095,37.803978],[-122.477064,37.803965]]}},{"type":"Feature","properties":{"kind":"trail"},"geometry":{"type":"LineString","coordinates":[[-122.477369,37.80321],[-122.477407,37.803213]]}},{"type":"Feature","properties":{"kind":"steps"},"geometry":{"type":"LineString","coordinates":[[-122.477407,37.803213],[-122.477454,37.803219]]}},{"type":"Feature","properties":{"kind":"steps"},"geometry":{"type":"LineString","coordinates":[[-122.477012,37.804729],[-122.477,37.80476]]}},{"type":"Feature","properties":{"kind":"steps"},"geometry":{"type":"LineString","coordinates":[[-122.477039,37.80468],[-122.477024,37.804708]]}},{"type":"Feature","properties":{"kind":"trail"},"geometry":{"type":"LineString","coordinates":[[-122.477024,37.804708],[-122.477018,37.804717],[-122.477012,37.804729]]}},{"type":"Feature","properties":{"kind":"steps"},"geometry":{"type":"LineString","coordinates":[[-122.477086,37.804639],[-122.477099,37.804606]]}},{"type":"Feature","properties":{"kind":"steps"},"geometry":{"type":"LineString","coordinates":[[-122.477127,37.804555],[-122.477112,37.804583]]}},{"type":"Feature","properties":{"kind":"trail"},"geometry":{"type":"LineString","coordinates":[[-122.477112,37.804583],[-122.477105,37.804595],[-122.477099,37.804606]]}},{"type":"Feature","properties":{"kind":"trail"},"geometry":{"type":"LineString","coordinates":[[-122.477105,37.804595],[-122.477088,37.80459]]}},{"type":"Feature","properties":{"kind":"steps"},"geometry":{"type":"LineString","coordinates":[[-122.477176,37.804513],[-122.477186,37.804484]]}},{"type":"Feature","properties":{"kind":"steps"},"geometry":{"type":"LineString","coordinates":[[-122.477215,37.804433],[-122.477201,37.804458]]}},{"type":"Feature","properties":{"kind":"trail"},"geometry":{"type":"LineString","coordinates":[[-122.477201,37.804458],[-122.477194,37.80447],[-122.477186,37.804484]]}},{"type":"Feature","properties":{"kind":"trail"},"geometry":{"type":"LineString","coordinates":[[-122.477194,37.80447],[-122.477088,37.80459],[-122.477025,37.804671],[-122.477004,37.804712],[-122.476985,37.80475]]}},{"type":"Feature","properties":{"kind":"trail"},"geometry":{"type":"LineString","coordinates":[[-122.477004,37.804712],[-122.477018,37.804717]]}},{"type":"Feature","properties":{"kind":"trail"},"geometry":{"type":"LineString","coordinates":[[-122.477025,37.804671],[-122.476974,37.804629]]}},{"type":"Feature","properties":{"kind":"steps"},"geometry":{"type":"LineString","coordinates":[[-122.477527,37.803557],[-122.477509,37.803584]]}},{"type":"Feature","properties":{"kind":"trail","surface":"concrete"},"geometry":{"type":"LineString","coordinates":[[-122.477509,37.803584],[-122.47736,37.803628]]}},{"type":"Feature","properties":{"kind":"trail"},"geometry":{"type":"LineString","coordinates":[[-122.475385,37.803332],[-122.475273,37.803331]]}},{"type":"Feature","properties":{"kind":"trail"},"geometry":{"type":"LineString","coordinates":[[-122.475342,37.802202],[-122.47527,37.802202]]}},{"type":"Feature","properties":{"kind":"trail"},"geometry":{"type":"LineString","coordinates":[[-122.475337,37.802769],[-122.475271,37.802769]]}},{"type":"Feature","properties":{"kind":"trail"},"geometry":{"type":"LineString","coordinates":[[-122.473256,37.801181],[-122.473214,37.801182]]}},{"type":"Feature","properties":{"kind":"steps"},"geometry":{"type":"LineString","coordinates":[[-122.473377,37.801177],[-122.473256,37.801181]]}},{"type":"Feature","properties":{"kind":"trail","surface":"brick"},"geometry":{"type":"LineString","coordinates":[[-122.473145,37.798972],[-122.473153,37.798991]]}},{"type":"Feature","properties":{"kind":"trail","surface":"asphalt"},"geometry":{"type":"LineString","coordinates":[[-122.473284,37.798775],[-122.473155,37.798706]]}},{"type":"Feature","properties":{"kind":"road","name":"Schofield Road"},"geometry":{"type":"LineString","coordinates":[[-122.469318,37.800331],[-122.470167,37.800432]]}},{"type":"Feature","properties":{"kind":"road","name":"Lincoln Boulevard"},"geometry":{"type":"LineString","coordinates":[[-122.461429,37.801203],[-122.461506,37.801277]]}},{"type":"Feature","properties":{"kind":"road","name":"Arguello Boulevard","surface":"asphalt"},"geometry":{"type":"LineString","coordinates":[[-122.458626,37.777544],[-122.458608,37.777287]]}},{"type":"Feature","properties":{"kind":"road","surface":"asphalt"},"geometry":{"type":"LineString","coordinates":[[-122.473979,37.807149],[-122.473762,37.806954]]}},{"type":"Feature","properties":{"kind":"road","name":"Washington Boulevard","surface":"asphalt"},"geometry":{"type":"LineString","coordinates":[[-122.46137,37.7931],[-122.461519,37.793074]]}},{"type":"Feature","properties":{"kind":"road","name":"Washington Boulevard"},"geometry":{"type":"LineString","coordinates":[[-122.461519,37.793074],[-122.461331,37.792868],[-122.461225,37.792845]]}},{"type":"Feature","properties":{"kind":"road","name":"Presidio Avenue","surface":"asphalt"},"geometry":{"type":"LineString","coordinates":[[-122.44638,37.785087],[-122.446447,37.785371]]}},{"type":"Feature","properties":{"kind":"road","name":"Girard Road","surface":"asphalt"},"geometry":{"type":"LineString","coordinates":[[-122.450974,37.803692],[-122.451418,37.803444]]}},{"type":"Feature","properties":{"kind":"road","name":"Girard Road","surface":"asphalt"},"geometry":{"type":"LineString","coordinates":[[-122.450207,37.80401],[-122.450974,37.803692]]}},{"type":"Feature","properties":{"kind":"road","name":"Girard Road","surface":"asphalt"},"geometry":{"type":"LineString","coordinates":[[-122.451418,37.803444],[-122.451804,37.803185]]}},{"type":"Feature","properties":{"kind":"road","name":"Girard Road","surface":"asphalt"},"geometry":{"type":"LineString","coordinates":[[-122.451437,37.803293],[-122.451182,37.803446]]}},{"type":"Feature","properties":{"kind":"road","name":"Girard Road","surface":"asphalt"},"geometry":{"type":"LineString","coordinates":[[-122.452528,37.802567],[-122.452707,37.802366]]}},{"type":"Feature","properties":{"kind":"trail","surface":"dirt"},"geometry":{"type":"LineString","coordinates":[[-122.448376,37.792907],[-122.448533,37.793157],[-122.451018,37.795238],[-122.450956,37.795415]]}},{"type":"Feature","properties":{"kind":"trail","surface":"dirt"},"geometry":{"type":"LineString","coordinates":[[-122.451018,37.795238],[-122.4515,37.795215]]}},{"type":"Feature","properties":{"kind":"trail"},"geometry":{"type":"LineString","coordinates":[[-122.451092,37.779072],[-122.451833,37.778972]]}},{"type":"Feature","properties":{"kind":"steps","surface":"concrete"},"geometry":{"type":"LineString","coordinates":[[-122.450064,37.780062],[-122.450249,37.780005]]}},{"type":"Feature","properties":{"kind":"trail","surface":"concrete"},"geometry":{"type":"LineString","coordinates":[[-122.454315,37.777177],[-122.454331,37.77712],[-122.454261,37.777048],[-122.453659,37.777162],[-122.453563,37.777144]]}},{"type":"Feature","properties":{"kind":"road","name":"Lincoln Boulevard","surface":"asphalt"},"geometry":{"type":"LineString","coordinates":[[-122.478683,37.798812],[-122.478937,37.798214],[-122.478621,37.797462],[-122.478621,37.797273],[-122.478733,37.797127],[-122.479159,37.796914],[-122.479322,37.796756],[-122.47958,37.796255],[-122.479742,37.795744],[-122.480269,37.795424],[-122.480445,37.795288],[-122.480513,37.795104],[-122.480399,37.794194],[-122.480459,37.793866],[-122.480715,37.793406]]}},{"type":"Feature","properties":{"kind":"road","name":"Park Trail","surface":"asphalt"},"geometry":{"type":"LineString","coordinates":[[-122.472803,37.787659],[-122.472658,37.787591],[-122.472892,37.78726],[-122.473325,37.787012]]}},{"type":"Feature","properties":{"kind":"trail","surface":"paving_stones"},"geometry":{"type":"LineString","coordinates":[[-122.472915,37.788188],[-122.472631,37.788252]]}},{"type":"Feature","properties":{"kind":"trail"},"geometry":{"type":"LineString","coordinates":[[-122.472632,37.7886],[-122.472492,37.788433]]}},{"type":"Feature","properties":{"kind":"trail"},"geometry":{"type":"LineString","coordinates":[[-122.508077,37.783905],[-122.507754,37.78409],[-122.507591,37.78412],[-122.507347,37.784425],[-122.507116,37.784534]]}},{"type":"Feature","properties":{"kind":"trail"},"geometry":{"type":"LineString","coordinates":[[-122.448811,37.798419],[-122.449382,37.798437],[-122.450059,37.798653],[-122.450175,37.798651]]}},{"type":"Feature","properties":{"kind":"trail","surface":"paving_stones"},"geometry":{"type":"LineString","coordinates":[[-122.448759,37.798418],[-122.448759,37.798423],[-122.448789,37.798441],[-122.448811,37.798419],[-122.448782,37.7984],[-122.448759,37.798418]]}},{"type":"Feature","properties":{"kind":"trail"},"geometry":{"type":"LineString","coordinates":[[-122.45289,37.801538],[-122.453112,37.801234]]}},{"type":"Feature","properties":{"kind":"trail"},"geometry":{"type":"LineString","coordinates":[[-122.453112,37.801234],[-122.453191,37.801071],[-122.453159,37.800969],[-122.452803,37.800827],[-122.452711,37.800866],[-122.452404,37.801287]]}},{"type":"Feature","properties":{"kind":"trail"},"geometry":{"type":"LineString","coordinates":[[-122.452404,37.801287],[-122.452367,37.801326],[-122.45227,37.801297]]}},{"type":"Feature","properties":{"kind":"trail"},"geometry":{"type":"LineString","coordinates":[[-122.453779,37.801109],[-122.453959,37.801036],[-122.454011,37.800929],[-122.45392,37.800973],[-122.453959,37.801036]]}},{"type":"Feature","properties":{"kind":"road","name":"Mayfair Drive","surface":"asphalt"},"geometry":{"type":"LineString","coordinates":[[-122.452916,37.785772],[-122.453281,37.785726]]}},{"type":"Feature","properties":{"kind":"road","name":"Spruce Street","surface":"asphalt"},"geometry":{"type":"LineString","coordinates":[[-122.45332,37.785918],[-122.453281,37.785726]]}},{"type":"Feature","properties":{"kind":"road","name":"Spruce Street","surface":"asphalt"},"geometry":{"type":"LineString","coordinates":[[-122.453333,37.78598],[-122.45332,37.785918]]}},{"type":"Feature","properties":{"kind":"trail","surface":"concrete"},"geometry":{"type":"LineString","coordinates":[[-122.476291,37.809602],[-122.476281,37.809605]]}},{"type":"Feature","properties":{"kind":"steps","surface":"concrete"},"geometry":{"type":"LineString","coordinates":[[-122.476281,37.809605],[-122.47626,37.809612]]}},{"type":"Feature","properties":{"kind":"trail"},"geometry":{"type":"LineString","coordinates":[[-122.476508,37.809814],[-122.476434,37.809837],[-122.476383,37.80973],[-122.47646,37.809714],[-122.476508,37.809814]]}},{"type":"Feature","properties":{"kind":"trail","surface":"gravel"},"geometry":{"type":"LineString","coordinates":[[-122.459416,37.790898],[-122.459379,37.790831]]}},{"type":"Feature","properties":{"kind":"trail","surface":"sand"},"geometry":{"type":"LineString","coordinates":[[-122.454586,37.805488],[-122.45443,37.805755],[-122.454405,37.806089]]}},{"type":"Feature","properties":{"kind":"steps"},"geometry":{"type":"LineString","coordinates":[[-122.461641,37.799354],[-122.461131,37.799147]]}},{"type":"Feature","properties":{"kind":"trail","surface":"asphalt"},"geometry":{"type":"LineString","coordinates":[[-122.435777,37.807247],[-122.435836,37.807513],[-122.435886,37.807527],[-122.437745,37.807303],[-122.437729,37.80722],[-122.437976,37.807191],[-122.437994,37.807272],[-122.442419,37.806702]]}},{"type":"Feature","properties":{"kind":"trail","surface":"metal"},"geometry":{"type":"LineString","coordinates":[[-122.453789,37.802184],[-122.454144,37.802185]]}},{"type":"Feature","properties":{"kind":"trail","surface":"asphalt"},"geometry":{"type":"LineString","coordinates":[[-122.454144,37.802185],[-122.45423,37.802219]]}},{"type":"Feature","properties":{"kind":"steps","surface":"paved"},"geometry":{"type":"LineString","coordinates":[[-122.483455,37.775564],[-122.48348,37.775562]]}},{"type":"Feature","properties":{"kind":"trail","surface":"paved"},"geometry":{"type":"LineString","coordinates":[[-122.483775,37.775549],[-122.483769,37.775449]]}},{"type":"Feature","properties":{"kind":"trail","surface":"paved"},"geometry":{"type":"LineString","coordinates":[[-122.483316,37.775135],[-122.483452,37.775129]]}},{"type":"Feature","properties":{"kind":"trail","surface":"paved"},"geometry":{"type":"LineString","coordinates":[[-122.483495,37.775808],[-122.483497,37.775841]]}},{"type":"Feature","properties":{"kind":"steps","surface":"concrete"},"geometry":{"type":"LineString","coordinates":[[-122.48375,37.775832],[-122.48381,37.775857]]}},{"type":"Feature","properties":{"kind":"steps","surface":"concrete"},"geometry":{"type":"LineString","coordinates":[[-122.48381,37.775875],[-122.483915,37.77587]]}},{"type":"Feature","properties":{"kind":"steps","surface":"paved"},"geometry":{"type":"LineString","coordinates":[[-122.483452,37.775129],[-122.483676,37.775118]]}},{"type":"Feature","properties":{"kind":"trail","surface":"paved"},"geometry":{"type":"LineString","coordinates":[[-122.483455,37.775564],[-122.483347,37.775568]]}},{"type":"Feature","properties":{"kind":"trail","surface":"paved"},"geometry":{"type":"LineString","coordinates":[[-122.48348,37.775562],[-122.483481,37.775577]]}},{"type":"Feature","properties":{"kind":"trail","surface":"paved"},"geometry":{"type":"LineString","coordinates":[[-122.483481,37.775577],[-122.483495,37.775808]]}},{"type":"Feature","properties":{"kind":"trail","surface":"concrete"},"geometry":{"type":"LineString","coordinates":[[-122.484449,37.775931],[-122.484081,37.775901],[-122.483915,37.77587]]}},{"type":"Feature","properties":{"kind":"trail","surface":"concrete"},"geometry":{"type":"LineString","coordinates":[[-122.483371,37.775893],[-122.48381,37.775875],[-122.48381,37.775857]]}},{"type":"Feature","properties":{"kind":"trail","surface":"paved"},"geometry":{"type":"LineString","coordinates":[[-122.483676,37.775118],[-122.483691,37.775161]]}},{"type":"Feature","properties":{"kind":"trail","surface":"paved"},"geometry":{"type":"LineString","coordinates":[[-122.483669,37.775554],[-122.483664,37.775454],[-122.483713,37.775452]]}},{"type":"Feature","properties":{"kind":"trail","surface":"asphalt"},"geometry":{"type":"LineString","coordinates":[[-122.484049,37.775212],[-122.483654,37.775247]]}},{"type":"Feature","properties":{"kind":"trail","surface":"paved"},"geometry":{"type":"LineString","coordinates":[[-122.48385,37.775546],[-122.483775,37.775549],[-122.483669,37.775554],[-122.48348,37.775562]]}},{"type":"Feature","properties":{"kind":"road","name":"48th Avenue","surface":"asphalt"},"geometry":{"type":"LineString","coordinates":[[-122.509399,37.779119],[-122.509389,37.778976]]}},{"type":"Feature","properties":{"kind":"road","name":"Divisadero Street"},"geometry":{"type":"LineString","coordinates":[[-122.442885,37.800085],[-122.442864,37.799981]]}},{"type":"Feature","properties":{"kind":"road","name":"California Street","surface":"asphalt"},"geometry":{"type":"LineString","coordinates":[[-122.462457,37.785273],[-122.461392,37.785409]]}},{"type":"Feature","properties":{"kind":"road","name":"California Street","surface":"asphalt"},"geometry":{"type":"LineString","coordinates":[[-122.459211,37.785686],[-122.460326,37.785544]]}},{"type":"Feature","properties":{"kind":"road","name":"Divisadero Street","surface":"asphalt"},"geometry":{"type":"LineString","coordinates":[[-122.44012,37.786179],[-122.439932,37.785249]]}},{"type":"Feature","properties":{"kind":"road","name":"Divisadero Street","surface":"asphalt"},"geometry":{"type":"LineString","coordinates":[[-122.440309,37.78711],[-122.44012,37.786179]]}},{"type":"Feature","properties":{"kind":"road","name":"Divisadero Street","surface":"asphalt"},"geometry":{"type":"LineString","coordinates":[[-122.439844,37.785261],[-122.440031,37.78619],[-122.440218,37.787121]]}},{"type":"Feature","properties":{"kind":"road","name":"Halleck Street","surface":"asphalt"},"geometry":{"type":"LineString","coordinates":[[-122.454827,37.801262],[-122.4546,37.802174]]}},{"type":"Feature","properties":{"kind":"road","name":"California Street","surface":"asphalt"},"geometry":{"type":"LineString","coordinates":[[-122.464586,37.785002],[-122.464136,37.785059]]}},{"type":"Feature","properties":{"kind":"road","name":"Presidio Boulevard","surface":"asphalt"},"geometry":{"type":"LineString","coordinates":[[-122.451273,37.79761],[-122.451398,37.797839]]}},{"type":"Feature","properties":{"kind":"road","name":"Lombard Street","surface":"asphalt"},"geometry":{"type":"LineString","coordinates":[[-122.451014,37.797654],[-122.451273,37.79761]]}},{"type":"Feature","properties":{"kind":"road","name":"Marina Boulevard","surface":"asphalt"},"geometry":{"type":"LineString","coordinates":[[-122.442228,37.805813],[-122.444002,37.805587]]}},{"type":"Feature","properties":{"kind":"road","name":"Lincoln Boulevard","surface":"asphalt"},"geometry":{"type":"LineString","coordinates":[[-122.478267,37.800079],[-122.47837,37.799456],[-122.478683,37.798812]]}},{"type":"Feature","properties":{"kind":"road","name":"Arguello Boulevard","surface":"asphalt"},"geometry":{"type":"LineString","coordinates":[[-122.458869,37.791961],[-122.458823,37.791701]]}},{"type":"Feature","properties":{"kind":"road","name":"Arguello Boulevard","surface":"asphalt"},"geometry":{"type":"LineString","coordinates":[[-122.460931,37.792622],[-122.46055,37.792493],[-122.459841,37.792419],[-122.459012,37.792068],[-122.458869,37.791961]]}},{"type":"Feature","properties":{"kind":"road","name":"Sheridan Avenue","surface":"asphalt"},"geometry":{"type":"LineString","coordinates":[[-122.45959,37.799489],[-122.458902,37.799112]]}},{"type":"Feature","properties":{"kind":"road","name":"Park Boulevard","surface":"asphalt"},"geometry":{"type":"LineString","coordinates":[[-122.468994,37.798063],[-122.468971,37.798045],[-122.467825,37.7977],[-122.467725,37.797564],[-122.467709,37.797453],[-122.467831,37.797232],[-122.468418,37.796636],[-122.469266,37.796094],[-122.469281,37.795921],[-122.469142,37.795603]]}},{"type":"Feature","properties":{"kind":"trail"},"geometry":{"type":"LineString","coordinates":[[-122.44878,37.806336],[-122.448721,37.806271],[-122.448545,37.805097]]}},{"type":"Feature","properties":{"kind":"trail"},"geometry":{"type":"LineString","coordinates":[[-122.448353,37.806251],[-122.448408,37.806296],[-122.448721,37.806271]]}},{"type":"Feature","properties":{"kind":"trail","surface":"paved"},"geometry":{"type":"LineString","coordinates":[[-122.493703,37.783493],[-122.493718,37.783492]]}},{"type":"Feature","properties":{"kind":"trail","surface":"dirt"},"geometry":{"type":"LineString","coordinates":[[-122.471253,37.787341],[-122.471096,37.787313],[-122.470936,37.787346],[-122.470851,37.787288]]}},{"type":"Feature","properties":{"kind":"track","surface":"dirt"},"geometry":{"type":"LineString","coordinates":[[-122.470537,37.788364],[-122.470315,37.788346],[-122.470205,37.788424]]}},{"type":"Feature","properties":{"kind":"trail","surface":"gravel"},"geometry":{"type":"LineString","coordinates":[[-122.454206,37.791826],[-122.453369,37.791989],[-122.452741,37.792153],[-122.451896,37.792264],[-122.450999,37.792075],[-122.450903,37.792032],[-122.45082,37.791915],[-122.450736,37.791516],[-122.450696,37.791389]]}},{"type":"Feature","properties":{"kind":"trail","surface":"concrete"},"geometry":{"type":"LineString","coordinates":[[-122.454191,37.791314],[-122.454156,37.79132],[-122.453866,37.791272]]}},{"type":"Feature","properties":{"kind":"trail","surface":"concrete"},"geometry":{"type":"LineString","coordinates":[[-122.452741,37.792153],[-122.452815,37.792193],[-122.453212,37.792213],[-122.453369,37.792301]]}},{"type":"Feature","properties":{"kind":"trail","surface":"concrete"},"geometry":{"type":"LineString","coordinates":[[-122.453665,37.792601],[-122.453483,37.792588],[-122.453376,37.792702],[-122.453369,37.792301],[-122.453371,37.792051]]}},{"type":"Feature","properties":{"kind":"steps","surface":"concrete"},"geometry":{"type":"LineString","coordinates":[[-122.453371,37.792051],[-122.453369,37.791989]]}},{"type":"Feature","properties":{"kind":"trail","surface":"concrete"},"geometry":{"type":"LineString","coordinates":[[-122.451953,37.79272],[-122.451896,37.792264]]}},{"type":"Feature","properties":{"kind":"trail","surface":"dirt"},"geometry":{"type":"LineString","coordinates":[[-122.448964,37.792997],[-122.449122,37.792836],[-122.449435,37.792636],[-122.449378,37.792187],[-122.449297,37.791953],[-122.449304,37.791802],[-122.449386,37.791728],[-122.449361,37.791652]]}},{"type":"Feature","properties":{"kind":"trail","surface":"compacted"},"geometry":{"type":"LineString","coordinates":[[-122.457465,37.790148],[-122.457828,37.790376],[-122.457954,37.790872]]}},{"type":"Feature","properties":{"kind":"trail","surface":"gravel"},"geometry":{"type":"LineString","coordinates":[[-122.457954,37.790872],[-122.458265,37.790715],[-122.458576,37.79043],[-122.458684,37.790366]]}},{"type":"Feature","properties":{"kind":"trail","surface":"asphalt"},"geometry":{"type":"LineString","coordinates":[[-122.46468,37.797338],[-122.464787,37.797195]]}},{"type":"Feature","properties":{"kind":"trail","surface":"paved"},"geometry":{"type":"LineString","coordinates":[[-122.465144,37.797457],[-122.465114,37.797424],[-122.465003,37.797302],[-122.464976,37.797263]]}},{"type":"Feature","properties":{"kind":"trail"},"geometry":{"type":"LineString","coordinates":[[-122.457366,37.793757],[-122.458103,37.79401],[-122.458573,37.794105],[-122.458731,37.79429],[-122.458693,37.794398],[-122.458919,37.794518],[-122.45843,37.795206],[-122.45837,37.795432],[-122.458625,37.795654]]}},{"type":"Feature","properties":{"kind":"trail","surface":"compacted"},"geometry":{"type":"LineString","coordinates":[[-122.456945,37.796983],[-122.45676,37.796942],[-122.456013,37.797193],[-122.455407,37.797509],[-122.454883,37.797992]]}},{"type":"Feature","properties":{"kind":"trail","surface":"concrete"},"geometry":{"type":"LineString","coordinates":[[-122.454328,37.79703],[-122.454214,37.796653],[-122.454286,37.796338]]}},{"type":"Feature","properties":{"kind":"steps","surface":"concrete"},"geometry":{"type":"LineString","coordinates":[[-122.454353,37.797084],[-122.454328,37.79703]]}},{"type":"Feature","properties":{"kind":"trail","surface":"compacted"},"geometry":{"type":"LineString","coordinates":[[-122.455517,37.793331],[-122.45565,37.793351],[-122.455706,37.793712]]}},{"type":"Feature","properties":{"kind":"steps","name":"Connector Trail","surface":"compacted"},"geometry":{"type":"LineString","coordinates":[[-122.456169,37.79362],[-122.455706,37.793712],[-122.455559,37.793709]]}},{"type":"Feature","properties":{"kind":"trail","surface":"dirt"},"geometry":{"type":"LineString","coordinates":[[-122.455327,37.792905],[-122.455147,37.793024]]}},{"type":"Feature","properties":{"kind":"trail","name":"El Polin Loop","surface":"wood"},"geometry":{"type":"LineString","coordinates":[[-122.455346,37.792586],[-122.455461,37.792626],[-122.455673,37.792841]]}},{"type":"Feature","properties":{"kind":"steps"},"geometry":{"type":"LineString","coordinates":[[-122.447688,37.783598],[-122.447803,37.783584]]}},{"type":"Feature","properties":{"kind":"trail"},"geometry":{"type":"LineString","coordinates":[[-122.447803,37.783584],[-122.447801,37.783576]]}},{"type":"Feature","properties":{"kind":"trail","name":"Ecology Trail (lower)","surface":"gravel"},"geometry":{"type":"LineString","coordinates":[[-122.457954,37.790872],[-122.457671,37.791097],[-122.457376,37.791612],[-122.457256,37.791705],[-122.45688,37.791784]]}},{"type":"Feature","properties":{"kind":"trail","surface":"compacted"},"geometry":{"type":"LineString","coordinates":[[-122.45688,37.791784],[-122.456925,37.791671],[-122.456886,37.791569],[-122.456764,37.791487],[-122.456508,37.791441],[-122.455947,37.791489],[-122.455005,37.791727],[-122.454462,37.79175],[-122.454206,37.791826]]}},{"type":"Feature","properties":{"kind":"trail","name":"Ecology Trail (upper)","surface":"gravel"},"geometry":{"type":"LineString","coordinates":[[-122.459063,37.795826],[-122.459031,37.796119],[-122.458514,37.796284],[-122.458224,37.796332],[-122.458082,37.796448],[-122.458004,37.796586]]}},{"type":"Feature","properties":{"kind":"trail","name":"El Polin Loop","surface":"compacted"},"geometry":{"type":"LineString","coordinates":[[-122.455592,37.794052],[-122.455559,37.793709],[-122.455517,37.793331]]}},{"type":"Feature","properties":{"kind":"road","surface":"asphalt"},"geometry":{"type":"LineString","coordinates":[[-122.471553,37.808749],[-122.471955,37.808744]]}},{"type":"Feature","properties":{"kind":"road","surface":"compacted"},"geometry":{"type":"LineString","coordinates":[[-122.450459,37.806188],[-122.449955,37.806254],[-122.449703,37.806288],[-122.449141,37.806463],[-122.448764,37.80651],[-122.448319,37.806533],[-122.44829,37.806466]]}},{"type":"Feature","properties":{"kind":"road","name":"Battery East Road","surface":"asphalt"},"geometry":{"type":"LineString","coordinates":[[-122.473458,37.807719],[-122.472646,37.807121]]}},{"type":"Feature","properties":{"kind":"trail","surface":"paving_stones"},"geometry":{"type":"LineString","coordinates":[[-122.452961,37.793337],[-122.453235,37.793334],[-122.453304,37.793279],[-122.453375,37.793007],[-122.453375,37.792862],[-122.45331,37.792749],[-122.453376,37.792702]]}},{"type":"Feature","properties":{"kind":"trail"},"geometry":{"type":"LineString","coordinates":[[-122.504481,37.784776],[-122.504464,37.784682],[-122.504144,37.784251],[-122.504084,37.784224],[-122.503925,37.784275],[-122.503146,37.784569],[-122.503043,37.784705],[-122.50282,37.785249],[-122.502193,37.785573],[-122.501733,37.785954],[-122.50145,37.786116],[-122.501369,37.78622],[-122.501204,37.786232]]}},{"type":"Feature","properties":{"kind":"trail","surface":"gravel"},"geometry":{"type":"LineString","coordinates":[[-122.511566,37.782194],[-122.511718,37.782067],[-122.512028,37.78194]]}},{"type":"Feature","properties":{"kind":"road","name":"Presidio Avenue","surface":"asphalt"},"geometry":{"type":"LineString","coordinates":[[-122.446812,37.787271],[-122.446838,37.787402]]}},{"type":"Feature","properties":{"kind":"road","name":"California Street","surface":"asphalt"},"geometry":{"type":"LineString","coordinates":[[-122.464586,37.785002],[-122.464871,37.784966]]}},{"type":"Feature","properties":{"kind":"road","name":"Balboa Street","surface":"asphalt"},"geometry":{"type":"LineString","coordinates":[[-122.47045,37.776942],[-122.470572,37.776937]]}},{"type":"Feature","properties":{"kind":"road","name":"Balboa Street","surface":"asphalt"},"geometry":{"type":"LineString","coordinates":[[-122.471867,37.776878],[-122.471987,37.776873]]}},{"type":"Feature","properties":{"kind":"road","name":"Geary Boulevard","surface":"asphalt"},"geometry":{"type":"LineString","coordinates":[[-122.484881,37.780029],[-122.484747,37.780035]]}},{"type":"Feature","properties":{"kind":"road","name":"Geary Boulevard","surface":"asphalt"},"geometry":{"type":"LineString","coordinates":[[-122.484613,37.780168],[-122.484756,37.780162]]}},{"type":"Feature","properties":{"kind":"road","name":"California Street","surface":"asphalt"},"geometry":{"type":"LineString","coordinates":[[-122.465143,37.784931],[-122.465649,37.784867]]}},{"type":"Feature","properties":{"kind":"road","name":"El Camino del Mar"},"geometry":{"type":"LineString","coordinates":[[-122.482276,37.788754],[-122.482335,37.788669]]}},{"type":"Feature","properties":{"kind":"road","name":"Arguello Boulevard","surface":"asphalt"},"geometry":{"type":"LineString","coordinates":[[-122.459601,37.79771],[-122.459476,37.798003]]}},{"type":"Feature","properties":{"kind":"steps","surface":"concrete"},"geometry":{"type":"LineString","coordinates":[[-122.445803,37.78233],[-122.445796,37.78229]]}},{"type":"Feature","properties":{"kind":"trail","name":"Breezeway"},"geometry":{"type":"LineString","coordinates":[[-122.445729,37.781966],[-122.446441,37.781878]]}},{"type":"Feature","properties":{"kind":"steps"},"geometry":{"type":"LineString","coordinates":[[-122.475194,37.807426],[-122.475217,37.807428]]}},{"type":"Feature","properties":{"kind":"steps"},"geometry":{"type":"LineString","coordinates":[[-122.475428,37.808626],[-122.475476,37.808646]]}},{"type":"Feature","properties":{"kind":"steps"},"geometry":{"type":"LineString","coordinates":[[-122.45113,37.778919],[-122.451122,37.77888]]}},{"type":"Feature","properties":{"kind":"steps"},"geometry":{"type":"LineString","coordinates":[[-122.451139,37.778968],[-122.451132,37.778932]]}},{"type":"Feature","properties":{"kind":"steps"},"geometry":{"type":"LineString","coordinates":[[-122.451082,37.779023],[-122.451078,37.779001]]}},{"type":"Feature","properties":{"kind":"steps"},"geometry":{"type":"LineString","coordinates":[[-122.450954,37.77931],[-122.450976,37.779307]]}},{"type":"Feature","properties":{"kind":"steps"},"geometry":{"type":"LineString","coordinates":[[-122.450994,37.779323],[-122.450998,37.779347]]}},{"type":"Feature","properties":{"kind":"steps"},"geometry":{"type":"LineString","coordinates":[[-122.451001,37.779364],[-122.451007,37.779394]]}},{"type":"Feature","properties":{"kind":"trail","surface":"concrete"},"geometry":{"type":"LineString","coordinates":[[-122.468656,37.78183],[-122.468287,37.781845],[-122.468261,37.781846]]}},{"type":"Feature","properties":{"kind":"trail","surface":"concrete"},"geometry":{"type":"LineString","coordinates":[[-122.468645,37.781666],[-122.468415,37.78168],[-122.468299,37.781742],[-122.468287,37.781845]]}},{"type":"Feature","properties":{"kind":"trail","surface":"concrete"},"geometry":{"type":"LineString","coordinates":[[-122.468666,37.78199],[-122.468436,37.781999],[-122.468411,37.781993],[-122.468306,37.781931],[-122.468287,37.781845]]}},{"type":"Feature","properties":{"kind":"trail","surface":"concrete"},"geometry":{"type":"LineString","coordinates":[[-122.467596,37.782026],[-122.467947,37.781993],[-122.468003,37.781862]]}},{"type":"Feature","properties":{"kind":"steps","surface":"concrete"},"geometry":{"type":"LineString","coordinates":[[-122.467888,37.781866],[-122.468003,37.781862]]}},{"type":"Feature","properties":{"kind":"trail","surface":"concrete"},"geometry":{"type":"LineString","coordinates":[[-122.467585,37.781876],[-122.467888,37.781866]]}},{"type":"Feature","properties":{"kind":"trail","surface":"concrete"},"geometry":{"type":"LineString","coordinates":[[-122.467574,37.781725],[-122.467921,37.781725],[-122.468003,37.781862]]}},{"type":"Feature","properties":{"kind":"trail","surface":"concrete"},"geometry":{"type":"LineString","coordinates":[[-122.467572,37.781692],[-122.468016,37.781672]]}},{"type":"Feature","properties":{"kind":"trail","surface":"concrete"},"geometry":{"type":"LineString","coordinates":[[-122.467599,37.782064],[-122.468436,37.781999]]}},{"type":"Feature","properties":{"kind":"trail","surface":"concrete"},"geometry":{"type":"LineString","coordinates":[[-122.468415,37.78168],[-122.468104,37.781667]]}},{"type":"Feature","properties":{"kind":"trail","surface":"concrete"},"geometry":{"type":"LineString","coordinates":[[-122.468104,37.781667],[-122.468016,37.781672]]}},{"type":"Feature","properties":{"kind":"trail","surface":"concrete"},"geometry":{"type":"LineString","coordinates":[[-122.462616,37.801036],[-122.462092,37.800731]]}},{"type":"Feature","properties":{"kind":"trail","surface":"concrete"},"geometry":{"type":"LineString","coordinates":[[-122.468411,37.781993],[-122.468273,37.78201]]}},{"type":"Feature","properties":{"kind":"trail","surface":"concrete"},"geometry":{"type":"LineString","coordinates":[[-122.468003,37.781862],[-122.468014,37.781862]]}},{"type":"Feature","properties":{"kind":"trail"},"geometry":{"type":"LineString","coordinates":[[-122.51412,37.778329],[-122.514169,37.778526]]}},{"type":"Feature","properties":{"kind":"trail"},"geometry":{"type":"LineString","coordinates":[[-122.51393,37.778808],[-122.514003,37.778784],[-122.514079,37.778759]]}},{"type":"Feature","properties":{"kind":"trail"},"geometry":{"type":"LineString","coordinates":[[-122.513958,37.778705],[-122.513922,37.778642],[-122.51385,37.778525],[-122.513807,37.778539]]}},{"type":"Feature","properties":{"kind":"steps"},"geometry":{"type":"LineString","coordinates":[[-122.514185,37.778535],[-122.514169,37.778526]]}},{"type":"Feature","properties":{"kind":"trail"},"geometry":{"type":"LineString","coordinates":[[-122.513886,37.778825],[-122.513845,37.778837]]}},{"type":"Feature","properties":{"kind":"steps","surface":"concrete"},"geometry":{"type":"LineString","coordinates":[[-122.514147,37.778344],[-122.514118,37.778294],[-122.51412,37.778329]]}},{"type":"Feature","properties":{"kind":"trail"},"geometry":{"type":"LineString","coordinates":[[-122.514223,37.77854],[-122.514185,37.778535]]}},{"type":"Feature","properties":{"kind":"steps"},"geometry":{"type":"LineString","coordinates":[[-122.514132,37.778878],[-122.514003,37.778784],[-122.513958,37.778705]]}},{"type":"Feature","properties":{"kind":"trail","surface":"concrete"},"geometry":{"type":"LineString","coordinates":[[-122.514147,37.778344],[-122.514192,37.778328]]}},{"type":"Feature","properties":{"kind":"steps"},"geometry":{"type":"LineString","coordinates":[[-122.51393,37.778808],[-122.513886,37.778825]]}},{"type":"Feature","properties":{"kind":"trail"},"geometry":{"type":"LineString","coordinates":[[-122.51393,37.778808],[-122.513958,37.778705]]}},{"type":"Feature","properties":{"kind":"trail","surface":"gravel"},"geometry":{"type":"LineString","coordinates":[[-122.477201,37.803136],[-122.477462,37.80299]]}},{"type":"Feature","properties":{"kind":"road","name":"Schofield Road"},"geometry":{"type":"LineString","coordinates":[[-122.470667,37.800536],[-122.470831,37.800883],[-122.470835,37.801382],[-122.470866,37.801435],[-122.470992,37.801469]]}},{"type":"Feature","properties":{"kind":"road","name":"Schofield Road"},"geometry":{"type":"LineString","coordinates":[[-122.470589,37.800455],[-122.470667,37.800536]]}},{"type":"Feature","properties":{"kind":"steps"},"geometry":{"type":"LineString","coordinates":[[-122.493933,37.782417],[-122.494237,37.782507]]}},{"type":"Feature","properties":{"kind":"trail","surface":"concrete"},"geometry":{"type":"LineString","coordinates":[[-122.493668,37.783097],[-122.493718,37.783492],[-122.493722,37.783549]]}},{"type":"Feature","properties":{"kind":"trail","name":"Coastal Trail","surface":"dirt"},"geometry":{"type":"LineString","coordinates":[[-122.499909,37.787642],[-122.499782,37.787741],[-122.499217,37.787726],[-122.498379,37.787354],[-122.498005,37.787086],[-122.497676,37.786757],[-122.497328,37.786616],[-122.495968,37.786564]]}},{"type":"Feature","properties":{"kind":"trail","name":"Coastal Trail"},"geometry":{"type":"LineString","coordinates":[[-122.501236,37.787104],[-122.501126,37.787072]]}},{"type":"Feature","properties":{"kind":"steps","name":"Coastal Trail","surface":"dirt"},"geometry":{"type":"LineString","coordinates":[[-122.499909,37.787642],[-122.499909,37.787597]]}},{"type":"Feature","properties":{"kind":"steps","name":"Coastal Trail"},"geometry":{"type":"LineString","coordinates":[[-122.501236,37.787104],[-122.501377,37.787177],[-122.501494,37.787294]]}},{"type":"Feature","properties":{"kind":"trail","name":"Coastal Trail"},"geometry":{"type":"LineString","coordinates":[[-122.50163,37.787343],[-122.501494,37.787294]]}},{"type":"Feature","properties":{"kind":"trail","name":"Coastal Trail","surface":"dirt"},"geometry":{"type":"LineString","coordinates":[[-122.495896,37.786578],[-122.494899,37.786665],[-122.494708,37.786668],[-122.494533,37.786626],[-122.494281,37.786479],[-122.494043,37.786439]]}},{"type":"Feature","properties":{"kind":"steps","name":"Coastal Trail"},"geometry":{"type":"LineString","coordinates":[[-122.495968,37.786564],[-122.495896,37.786578]]}},{"type":"Feature","properties":{"kind":"trail","name":"Coastal Trail"},"geometry":{"type":"LineString","coordinates":[[-122.500435,37.787304],[-122.500722,37.787368],[-122.500878,37.787283]]}},{"type":"Feature","properties":{"kind":"steps"},"geometry":{"type":"LineString","coordinates":[[-122.505864,37.787015],[-122.505408,37.787169],[-122.505128,37.787211]]}},{"type":"Feature","properties":{"kind":"trail","name":"Mile Rock Trail"},"geometry":{"type":"LineString","coordinates":[[-122.505128,37.787211],[-122.505209,37.787457],[-122.505663,37.787738],[-122.505627,37.787929]]}},{"type":"Feature","properties":{"kind":"steps"},"geometry":{"type":"LineString","coordinates":[[-122.50606,37.787098],[-122.505983,37.786971],[-122.505864,37.787015]]}},{"type":"Feature","properties":{"kind":"trail","surface":"concrete"},"geometry":{"type":"LineString","coordinates":[[-122.476736,37.7753],[-122.476663,37.77536]]}},{"type":"Feature","properties":{"kind":"steps","surface":"concrete"},"geometry":{"type":"LineString","coordinates":[[-122.476704,37.775387],[-122.476653,37.775388]]}},{"type":"Feature","properties":{"kind":"steps"},"geometry":{"type":"LineString","coordinates":[[-122.455841,37.801344],[-122.455854,37.801325]]}},{"type":"Feature","properties":{"kind":"steps"},"geometry":{"type":"LineString","coordinates":[[-122.456035,37.801425],[-122.456047,37.801409]]}},{"type":"Feature","properties":{"kind":"steps"},"geometry":{"type":"LineString","coordinates":[[-122.456028,37.801232],[-122.455963,37.801202]]}},{"type":"Feature","properties":{"kind":"trail"},"geometry":{"type":"LineString","coordinates":[[-122.456297,37.80118],[-122.456278,37.801206]]}},{"type":"Feature","properties":{"kind":"steps"},"geometry":{"type":"LineString","coordinates":[[-122.456052,37.801248],[-122.456056,37.801243]]}},{"type":"Feature","properties":{"kind":"trail"},"geometry":{"type":"LineString","coordinates":[[-122.455835,37.801191],[-122.45593,37.801062],[-122.455956,37.801074],[-122.456297,37.80118],[-122.456367,37.801232],[-122.456264,37.801365],[-122.456146,37.801472]]}},{"type":"Feature","properties":{"kind":"trail"},"geometry":{"type":"LineString","coordinates":[[-122.456264,37.801365],[-122.456112,37.801318],[-122.456017,37.801275],[-122.455923,37.801232],[-122.455835,37.801191],[-122.455755,37.801155]]}},{"type":"Feature","properties":{"kind":"trail"},"geometry":{"type":"LineString","coordinates":[[-122.45593,37.801062],[-122.455737,37.800975]]}},{"type":"Feature","properties":{"kind":"steps"},"geometry":{"type":"LineString","coordinates":[[-122.456062,37.801246],[-122.456127,37.801277]]}},{"type":"Feature","properties":{"kind":"steps"},"geometry":{"type":"LineString","coordinates":[[-122.456278,37.801206],[-122.456271,37.801214]]}},{"type":"Feature","properties":{"kind":"trail"},"geometry":{"type":"LineString","coordinates":[[-122.455854,37.801325],[-122.455923,37.801232]]}},{"type":"Feature","properties":{"kind":"trail"},"geometry":{"type":"LineString","coordinates":[[-122.456047,37.801409],[-122.456112,37.801318]]}},{"type":"Feature","properties":{"kind":"steps"},"geometry":{"type":"LineString","coordinates":[[-122.456017,37.801275],[-122.456032,37.801254]]}},{"type":"Feature","properties":{"kind":"trail"},"geometry":{"type":"LineString","coordinates":[[-122.456034,37.801235],[-122.456049,37.801242]]}},{"type":"Feature","properties":{"kind":"trail"},"geometry":{"type":"LineString","coordinates":[[-122.455956,37.801074],[-122.45589,37.801161]]}},{"type":"Feature","properties":{"kind":"steps"},"geometry":{"type":"LineString","coordinates":[[-122.483747,37.788172],[-122.483901,37.78814]]}},{"type":"Feature","properties":{"kind":"trail","surface":"dirt"},"geometry":{"type":"LineString","coordinates":[[-122.482618,37.78867],[-122.483065,37.788637],[-122.483294,37.788814],[-122.483432,37.78901],[-122.483837,37.789394],[-122.484755,37.78976],[-122.484945,37.789996],[-122.484995,37.790151],[-122.485148,37.790276]]}},{"type":"Feature","properties":{"kind":"trail","surface":"dirt"},"geometry":{"type":"LineString","coordinates":[[-122.483613,37.788339],[-122.483628,37.788531],[-122.483558,37.788618],[-122.483601,37.788741],[-122.483432,37.78901]]}},{"type":"Feature","properties":{"kind":"trail","surface":"dirt"},"geometry":{"type":"LineString","coordinates":[[-122.482478,37.788794],[-122.482618,37.78867],[-122.483613,37.788339],[-122.483747,37.788172]]}},{"type":"Feature","properties":{"kind":"trail","surface":"wood"},"geometry":{"type":"LineString","coordinates":[[-122.483204,37.793534],[-122.483133,37.793941]]}},{"type":"Feature","properties":{"kind":"steps","name":"Coastal Trail","surface":"wood"},"geometry":{"type":"LineString","coordinates":[[-122.483232,37.793556],[-122.483219,37.793546]]}},{"type":"Feature","properties":{"kind":"trail"},"geometry":{"type":"LineString","coordinates":[[-122.482618,37.78867],[-122.482731,37.788768],[-122.483145,37.789391],[-122.483302,37.789502],[-122.483886,37.789888],[-122.483836,37.790035],[-122.483873,37.790191],[-122.48366,37.790392],[-122.483622,37.790548],[-122.483593,37.790458],[-122.483471,37.790396],[-122.483026,37.790226],[-122.482412,37.790074]]}},{"type":"Feature","properties":{"kind":"trail"},"geometry":{"type":"LineString","coordinates":[[-122.482984,37.792424],[-122.482916,37.792481],[-122.482657,37.7925]]}},{"type":"Feature","properties":{"kind":"steps","surface":"concrete"},"geometry":{"type":"LineString","coordinates":[[-122.482499,37.794093],[-122.482602,37.79413]]}},{"type":"Feature","properties":{"kind":"trail","surface":"concrete"},"geometry":{"type":"LineString","coordinates":[[-122.482319,37.794471],[-122.482341,37.794497]]}},{"type":"Feature","properties":{"kind":"steps","surface":"concrete"},"geometry":{"type":"LineString","coordinates":[[-122.48277,37.793517],[-122.482822,37.793534]]}},{"type":"Feature","properties":{"kind":"steps","surface":"concrete"},"geometry":{"type":"LineString","coordinates":[[-122.482291,37.794444],[-122.482319,37.794471]]}},{"type":"Feature","properties":{"kind":"trail","surface":"concrete"},"geometry":{"type":"LineString","coordinates":[[-122.482481,37.79393],[-122.482587,37.793966]]}},{"type":"Feature","properties":{"kind":"trail","surface":"concrete"},"geometry":{"type":"LineString","coordinates":[[-122.482436,37.79401],[-122.482544,37.794053]]}},{"type":"Feature","properties":{"kind":"trail","surface":"dirt"},"geometry":{"type":"LineString","coordinates":[[-122.482206,37.794438],[-122.482291,37.794444]]}},{"type":"Feature","properties":{"kind":"trail","surface":"concrete"},"geometry":{"type":"LineString","coordinates":[[-122.482713,37.793518],[-122.48277,37.793517]]}},{"type":"Feature","properties":{"kind":"steps","surface":"concrete"},"geometry":{"type":"LineString","coordinates":[[-122.482849,37.793538],[-122.482867,37.793564]]}},{"type":"Feature","properties":{"kind":"trail","surface":"concrete"},"geometry":{"type":"LineString","coordinates":[[-122.482383,37.794111],[-122.482473,37.794149]]}},{"type":"Feature","properties":{"kind":"steps","surface":"concrete"},"geometry":{"type":"LineString","coordinates":[[-122.482544,37.794053],[-122.482602,37.79413]]}},{"type":"Feature","properties":{"kind":"trail","surface":"concrete"},"geometry":{"type":"LineString","coordinates":[[-122.482511,37.793872],[-122.482574,37.793892]]}},{"type":"Feature","properties":{"kind":"steps","surface":"concrete"},"geometry":{"type":"LineString","coordinates":[[-122.482473,37.794149],[-122.482602,37.79413]]}},{"type":"Feature","properties":{"kind":"trail","surface":"concrete"},"geometry":{"type":"LineString","coordinates":[[-122.482867,37.793564],[-122.482928,37.793634]]}},{"type":"Feature","properties":{"kind":"trail","surface":"concrete"},"geometry":{"type":"LineString","coordinates":[[-122.482551,37.793798],[-122.48265,37.793834]]}},{"type":"Feature","properties":{"kind":"steps","surface":"concrete"},"geometry":{"type":"LineString","coordinates":[[-122.48265,37.793834],[-122.482688,37.793931]]}},{"type":"Feature","properties":{"kind":"trail","surface":"concrete"},"geometry":{"type":"LineString","coordinates":[[-122.482408,37.794062],[-122.482499,37.794093]]}},{"type":"Feature","properties":{"kind":"steps","surface":"concrete"},"geometry":{"type":"LineString","coordinates":[[-122.482587,37.793966],[-122.482705,37.794013]]}},{"type":"Feature","properties":{"kind":"trail","surface":"concrete"},"geometry":{"type":"LineString","coordinates":[[-122.48238,37.794486],[-122.482451,37.794505]]}},{"type":"Feature","properties":{"kind":"trail","surface":"concrete"},"geometry":{"type":"LineString","coordinates":[[-122.482822,37.793534],[-122.482849,37.793538]]}},{"type":"Feature","properties":{"kind":"steps","surface":"concrete"},"geometry":{"type":"LineString","coordinates":[[-122.482341,37.794497],[-122.48238,37.794486]]}},{"type":"Feature","properties":{"kind":"steps","surface":"concrete"},"geometry":{"type":"LineString","coordinates":[[-122.482574,37.793892],[-122.482688,37.793931]]}},{"type":"Feature","properties":{"kind":"trail","surface":"sand"},"geometry":{"type":"LineString","coordinates":[[-122.481033,37.794423],[-122.480616,37.794127],[-122.480536,37.793912],[-122.480459,37.793866]]}},{"type":"Feature","properties":{"kind":"trail"},"geometry":{"type":"LineString","coordinates":[[-122.477273,37.796419],[-122.476358,37.796455]]}},{"type":"Feature","properties":{"kind":"trail"},"geometry":{"type":"LineString","coordinates":[[-122.475931,37.796647],[-122.475881,37.796796],[-122.475935,37.796818],[-122.475976,37.797105],[-122.476102,37.797171],[-122.476292,37.797174],[-122.476729,37.797091]]}},{"type":"Feature","properties":{"kind":"trail","name":"El Camino del Mar","surface":"unpaved"},"geometry":{"type":"LineString","coordinates":[[-122.504209,37.784033],[-122.50416,37.783988]]}},{"type":"Feature","properties":{"kind":"trail","surface":"concrete"},"geometry":{"type":"LineString","coordinates":[[-122.49992,37.785623],[-122.499965,37.785592]]}},{"type":"Feature","properties":{"kind":"steps","surface":"concrete"},"geometry":{"type":"LineString","coordinates":[[-122.500004,37.785627],[-122.49999,37.785614]]}},{"type":"Feature","properties":{"kind":"trail","surface":"paved"},"geometry":{"type":"LineString","coordinates":[[-122.501768,37.784218],[-122.501673,37.784317]]}},{"type":"Feature","properties":{"kind":"steps","surface":"concrete"},"geometry":{"type":"LineString","coordinates":[[-122.499911,37.784966],[-122.499923,37.784958]]}},{"type":"Feature","properties":{"kind":"trail","surface":"paved"},"geometry":{"type":"LineString","coordinates":[[-122.501853,37.784253],[-122.50182,37.784278],[-122.501768,37.784218],[-122.501759,37.784205],[-122.501783,37.784193],[-122.50179,37.784146]]}},{"type":"Feature","properties":{"kind":"steps","surface":"concrete"},"geometry":{"type":"LineString","coordinates":[[-122.500738,37.785188],[-122.500606,37.785129]]}},{"type":"Feature","properties":{"kind":"steps","surface":"concrete"},"geometry":{"type":"LineString","coordinates":[[-122.500102,37.785141],[-122.500116,37.785131]]}},{"type":"Feature","properties":{"kind":"steps"},"geometry":{"type":"LineString","coordinates":[[-122.501111,37.781415],[-122.501204,37.781497],[-122.501295,37.781496]]}},{"type":"Feature","properties":{"kind":"trail","surface":"dirt"},"geometry":{"type":"LineString","coordinates":[[-122.501759,37.784205],[-122.501622,37.784113],[-122.501683,37.783956],[-122.501607,37.783847],[-122.501336,37.783561],[-122.501245,37.782487],[-122.501278,37.78224],[-122.5012,37.781709],[-122.501176,37.781622],[-122.501295,37.781496],[-122.501602,37.781469],[-122.50301,37.781556]]}},{"type":"Feature","properties":{"kind":"trail","surface":"woodchips"},"geometry":{"type":"LineString","coordinates":[[-122.502733,37.782804],[-122.502445,37.782898],[-122.502321,37.783],[-122.502394,37.783076]]}},{"type":"Feature","properties":{"kind":"trail","surface":"dirt"},"geometry":{"type":"LineString","coordinates":[[-122.502108,37.783549],[-122.502233,37.783321],[-122.502385,37.783245],[-122.502576,37.783209],[-122.502784,37.78289],[-122.50277,37.782529]]}},{"type":"Feature","properties":{"kind":"trail","surface":"dirt"},"geometry":{"type":"LineString","coordinates":[[-122.501607,37.783847],[-122.501756,37.783716],[-122.502027,37.783588]]}},{"type":"Feature","properties":{"kind":"trail","surface":"dirt"},"geometry":{"type":"LineString","coordinates":[[-122.502394,37.783076],[-122.502407,37.783152]]}},{"type":"Feature","properties":{"kind":"trail"},"geometry":{"type":"LineString","coordinates":[[-122.501111,37.781415],[-122.501098,37.781361]]}},{"type":"Feature","properties":{"kind":"steps"},"geometry":{"type":"LineString","coordinates":[[-122.502407,37.783152],[-122.502385,37.783245]]}},{"type":"Feature","properties":{"kind":"trail"},"geometry":{"type":"LineString","coordinates":[[-122.502108,37.783549],[-122.502027,37.783588]]}},{"type":"Feature","properties":{"kind":"trail","surface":"paved"},"geometry":{"type":"LineString","coordinates":[[-122.503272,37.782546],[-122.50277,37.782529]]}},{"type":"Feature","properties":{"kind":"trail"},"geometry":{"type":"LineString","coordinates":[[-122.50385,37.784099],[-122.503925,37.784275]]}},{"type":"Feature","properties":{"kind":"steps","name":"Battle of the Bulge Memorial Trail","surface":"paved"},"geometry":{"type":"LineString","coordinates":[[-122.504013,37.783425],[-122.503983,37.783383]]}},{"type":"Feature","properties":{"kind":"steps"},"geometry":{"type":"LineString","coordinates":[[-122.503431,37.784134],[-122.503541,37.784054]]}},{"type":"Feature","properties":{"kind":"trail"},"geometry":{"type":"LineString","coordinates":[[-122.505395,37.784688],[-122.505451,37.78475]]}},{"type":"Feature","properties":{"kind":"trail"},"geometry":{"type":"LineString","coordinates":[[-122.50535,37.784631],[-122.505395,37.784688]]}},{"type":"Feature","properties":{"kind":"steps"},"geometry":{"type":"LineString","coordinates":[[-122.510997,37.781601],[-122.510719,37.781726]]}},{"type":"Feature","properties":{"kind":"steps","name":"Coastal Trail","surface":"unpaved"},"geometry":{"type":"LineString","coordinates":[[-122.505695,37.784858],[-122.505846,37.784667]]}},{"type":"Feature","properties":{"kind":"trail","surface":"concrete"},"geometry":{"type":"LineString","coordinates":[[-122.51121,37.783161],[-122.511199,37.783139],[-122.511194,37.783129]]}},{"type":"Feature","properties":{"kind":"trail","name":"Coastal Trail","surface":"unpaved"},"geometry":{"type":"LineString","coordinates":[[-122.505546,37.784923],[-122.505271,37.78511]]}},{"type":"Feature","properties":{"kind":"trail","surface":"concrete"},"geometry":{"type":"LineString","coordinates":[[-122.511483,37.782815],[-122.51145,37.782823]]}},{"type":"Feature","properties":{"kind":"steps"},"geometry":{"type":"LineString","coordinates":[[-122.505546,37.784923],[-122.505447,37.784855],[-122.50546,37.784808]]}},{"type":"Feature","properties":{"kind":"trail"},"geometry":{"type":"LineString","coordinates":[[-122.505451,37.78475],[-122.50546,37.784808]]}},{"type":"Feature","properties":{"kind":"steps"},"geometry":{"type":"LineString","coordinates":[[-122.489964,37.776352],[-122.490109,37.776345]]}},{"type":"Feature","properties":{"kind":"trail","surface":"paved"},"geometry":{"type":"LineString","coordinates":[[-122.489529,37.780254],[-122.489546,37.780473]]}},{"type":"Feature","properties":{"kind":"steps"},"geometry":{"type":"LineString","coordinates":[[-122.489523,37.780194],[-122.489514,37.780076]]}},{"type":"Feature","properties":{"kind":"steps"},"geometry":{"type":"LineString","coordinates":[[-122.482746,37.780539],[-122.482759,37.780603]]}},{"type":"Feature","properties":{"kind":"steps"},"geometry":{"type":"LineString","coordinates":[[-122.482962,37.780374],[-122.4829,37.7804]]}},{"type":"Feature","properties":{"kind":"steps"},"geometry":{"type":"LineString","coordinates":[[-122.482734,37.780376],[-122.48281,37.780403]]}},{"type":"Feature","properties":{"kind":"steps"},"geometry":{"type":"LineString","coordinates":[[-122.482851,37.780353],[-122.482854,37.780396]]}},{"type":"Feature","properties":{"kind":"steps"},"geometry":{"type":"LineString","coordinates":[[-122.483603,37.780863],[-122.483534,37.780865]]}},{"type":"Feature","properties":{"kind":"steps"},"geometry":{"type":"LineString","coordinates":[[-122.512764,37.779196],[-122.512744,37.779195]]}},{"type":"Feature","properties":{"kind":"steps"},"geometry":{"type":"LineString","coordinates":[[-122.513922,37.778642],[-122.513863,37.778663]]}},{"type":"Feature","properties":{"kind":"trail"},"geometry":{"type":"LineString","coordinates":[[-122.512688,37.779193],[-122.512744,37.779195]]}},{"type":"Feature","properties":{"kind":"trail"},"geometry":{"type":"LineString","coordinates":[[-122.512744,37.779195],[-122.512744,37.7792]]}},{"type":"Feature","properties":{"kind":"trail","surface":"fine_gravel"},"geometry":{"type":"LineString","coordinates":[[-122.511474,37.779882],[-122.510844,37.779991]]}},{"type":"Feature","properties":{"kind":"trail","surface":"concrete"},"geometry":{"type":"LineString","coordinates":[[-122.511741,37.779859],[-122.511474,37.779882]]}},{"type":"Feature","properties":{"kind":"trail","surface":"concrete"},"geometry":{"type":"LineString","coordinates":[[-122.511468,37.779807],[-122.511515,37.779803]]}},{"type":"Feature","properties":{"kind":"trail","surface":"unpaved"},"geometry":{"type":"LineString","coordinates":[[-122.510009,37.782663],[-122.509959,37.782737],[-122.510056,37.782788],[-122.510123,37.782713],[-122.510041,37.782658],[-122.510009,37.782663]]}},{"type":"Feature","properties":{"kind":"trail"},"geometry":{"type":"LineString","coordinates":[[-122.509987,37.782093],[-122.5099,37.782348],[-122.510041,37.782658]]}},{"type":"Feature","properties":{"kind":"trail"},"geometry":{"type":"LineString","coordinates":[[-122.508505,37.782459],[-122.508616,37.782467],[-122.50866,37.782427]]}},{"type":"Feature","properties":{"kind":"steps"},"geometry":{"type":"LineString","coordinates":[[-122.508698,37.782745],[-122.508748,37.782744]]}},{"type":"Feature","properties":{"kind":"trail"},"geometry":{"type":"LineString","coordinates":[[-122.508621,37.782174],[-122.508774,37.782257],[-122.509012,37.782498],[-122.509027,37.782988],[-122.509035,37.783185],[-122.508996,37.783186]]}},{"type":"Feature","properties":{"kind":"trail","surface":"paved"},"geometry":{"type":"LineString","coordinates":[[-122.508683,37.782426],[-122.508694,37.78263],[-122.508694,37.782637]]}},{"type":"Feature","properties":{"kind":"steps"},"geometry":{"type":"LineString","coordinates":[[-122.508728,37.782424],[-122.508738,37.782406]]}},{"type":"Feature","properties":{"kind":"trail"},"geometry":{"type":"LineString","coordinates":[[-122.508905,37.782787],[-122.509027,37.782988]]}},{"type":"Feature","properties":{"kind":"trail","surface":"paved"},"geometry":{"type":"LineString","coordinates":[[-122.508701,37.782781],[-122.508853,37.782788]]}},{"type":"Feature","properties":{"kind":"steps"},"geometry":{"type":"LineString","coordinates":[[-122.508633,37.782638],[-122.508694,37.782637]]}},{"type":"Feature","properties":{"kind":"trail"},"geometry":{"type":"LineString","coordinates":[[-122.508529,37.782279],[-122.508616,37.782467],[-122.508616,37.782638],[-122.508616,37.782781],[-122.508618,37.783094]]}},{"type":"Feature","properties":{"kind":"trail"},"geometry":{"type":"LineString","coordinates":[[-122.508683,37.782426],[-122.508728,37.782424]]}},{"type":"Feature","properties":{"kind":"steps"},"geometry":{"type":"LineString","coordinates":[[-122.508853,37.782788],[-122.508905,37.782787]]}},{"type":"Feature","properties":{"kind":"trail"},"geometry":{"type":"LineString","coordinates":[[-122.508694,37.782637],[-122.508697,37.782727]]}},{"type":"Feature","properties":{"kind":"steps"},"geometry":{"type":"LineString","coordinates":[[-122.508639,37.782781],[-122.508701,37.782781]]}},{"type":"Feature","properties":{"kind":"trail"},"geometry":{"type":"LineString","coordinates":[[-122.508616,37.782638],[-122.508633,37.782638]]}},{"type":"Feature","properties":{"kind":"steps"},"geometry":{"type":"LineString","coordinates":[[-122.508795,37.782628],[-122.508845,37.782628]]}},{"type":"Feature","properties":{"kind":"trail","surface":"paved"},"geometry":{"type":"LineString","coordinates":[[-122.508694,37.78263],[-122.508795,37.782628]]}},{"type":"Feature","properties":{"kind":"steps"},"geometry":{"type":"LineString","coordinates":[[-122.50866,37.782427],[-122.508683,37.782426]]}},{"type":"Feature","properties":{"kind":"trail"},"geometry":{"type":"LineString","coordinates":[[-122.508845,37.782628],[-122.508905,37.782787]]}},{"type":"Feature","properties":{"kind":"trail"},"geometry":{"type":"LineString","coordinates":[[-122.508601,37.782201],[-122.508499,37.781839]]}},{"type":"Feature","properties":{"kind":"trail","surface":"paved"},"geometry":{"type":"LineString","coordinates":[[-122.508697,37.782727],[-122.508698,37.782745],[-122.508701,37.782781]]}},{"type":"Feature","properties":{"kind":"trail"},"geometry":{"type":"LineString","coordinates":[[-122.508616,37.782781],[-122.508639,37.782781]]}},{"type":"Feature","properties":{"kind":"steps"},"geometry":{"type":"LineString","coordinates":[[-122.5045,37.782145],[-122.504448,37.782141],[-122.50444,37.782205]]}},{"type":"Feature","properties":{"kind":"steps"},"geometry":{"type":"LineString","coordinates":[[-122.504075,37.782241],[-122.504121,37.782179]]}},{"type":"Feature","properties":{"kind":"steps"},"geometry":{"type":"LineString","coordinates":[[-122.504091,37.782106],[-122.504121,37.782179]]}},{"type":"Feature","properties":{"kind":"steps"},"geometry":{"type":"LineString","coordinates":[[-122.504485,37.782269],[-122.504433,37.782264],[-122.50444,37.782205]]}},{"type":"Feature","properties":{"kind":"steps"},"geometry":{"type":"LineString","coordinates":[[-122.503588,37.782237],[-122.503513,37.782227]]}},{"type":"Feature","properties":{"kind":"steps"},"geometry":{"type":"LineString","coordinates":[[-122.504121,37.782179],[-122.504223,37.782187]]}},{"type":"Feature","properties":{"kind":"steps","surface":"paved"},"geometry":{"type":"LineString","coordinates":[[-122.504422,37.78152],[-122.504419,37.781551]]}},{"type":"Feature","properties":{"kind":"trail","surface":"unpaved"},"geometry":{"type":"LineString","coordinates":[[-122.509479,37.77886],[-122.509923,37.778798],[-122.510313,37.778883]]}},{"type":"Feature","properties":{"kind":"trail","surface":"dirt"},"geometry":{"type":"LineString","coordinates":[[-122.51133,37.779494],[-122.511173,37.779244],[-122.511175,37.778796],[-122.510837,37.778832],[-122.510695,37.778763],[-122.510717,37.778603],[-122.51102,37.778347]]}},{"type":"Feature","properties":{"kind":"trail","surface":"dirt"},"geometry":{"type":"LineString","coordinates":[[-122.511299,37.77877],[-122.511175,37.778796]]}},{"type":"Feature","properties":{"kind":"trail","surface":"dirt"},"geometry":{"type":"LineString","coordinates":[[-122.512094,37.778372],[-122.51225,37.778157]]}},{"type":"Feature","properties":{"kind":"steps","surface":"paving_stones"},"geometry":{"type":"LineString","coordinates":[[-122.450529,37.775393],[-122.450547,37.775475]]}},{"type":"Feature","properties":{"kind":"trail","surface":"paved"},"geometry":{"type":"LineString","coordinates":[[-122.497318,37.778456],[-122.49753,37.778444]]}},{"type":"Feature","properties":{"kind":"trail"},"geometry":{"type":"LineString","coordinates":[[-122.497159,37.778364],[-122.497131,37.778369]]}},{"type":"Feature","properties":{"kind":"trail","surface":"paved"},"geometry":{"type":"LineString","coordinates":[[-122.497131,37.778369],[-122.49703,37.778372],[-122.497009,37.778432],[-122.497044,37.778461],[-122.49713,37.778447],[-122.497132,37.778489]]}},{"type":"Feature","properties":{"kind":"trail","surface":"paved"},"geometry":{"type":"LineString","coordinates":[[-122.497323,37.778625],[-122.497327,37.77869],[-122.497546,37.778664]]}},{"type":"Feature","properties":{"kind":"steps"},"geometry":{"type":"LineString","coordinates":[[-122.497318,37.778456],[-122.497267,37.778459],[-122.497252,37.778516]]}},{"type":"Feature","properties":{"kind":"trail","surface":"paved"},"geometry":{"type":"LineString","coordinates":[[-122.497522,37.778335],[-122.497159,37.778364]]}},{"type":"Feature","properties":{"kind":"trail","surface":"paved"},"geometry":{"type":"LineString","coordinates":[[-122.497044,37.778461],[-122.497045,37.778473]]}},{"type":"Feature","properties":{"kind":"steps","surface":"paving_stones"},"geometry":{"type":"LineString","coordinates":[[-122.451381,37.775489],[-122.451356,37.77549]]}},{"type":"Feature","properties":{"kind":"trail","surface":"paving_stones"},"geometry":{"type":"LineString","coordinates":[[-122.452513,37.77612],[-122.45261,37.776083]]}},{"type":"Feature","properties":{"kind":"steps"},"geometry":{"type":"LineString","coordinates":[[-122.450961,37.775394],[-122.450967,37.775422]]}},{"type":"Feature","properties":{"kind":"trail","surface":"paved"},"geometry":{"type":"LineString","coordinates":[[-122.450547,37.775475],[-122.450552,37.775506],[-122.450598,37.775501],[-122.450587,37.775436],[-122.450872,37.775403]]}},{"type":"Feature","properties":{"kind":"steps"},"geometry":{"type":"LineString","coordinates":[[-122.450872,37.775403],[-122.450961,37.775394]]}},{"type":"Feature","properties":{"kind":"trail","surface":"concrete"},"geometry":{"type":"LineString","coordinates":[[-122.452356,37.776168],[-122.452512,37.776957]]}},{"type":"Feature","properties":{"kind":"trail","surface":"paving_stones"},"geometry":{"type":"LineString","coordinates":[[-122.45139,37.775343],[-122.450961,37.775394]]}},{"type":"Feature","properties":{"kind":"steps","surface":"concrete"},"geometry":{"type":"LineString","coordinates":[[-122.453567,37.777195],[-122.453563,37.777144]]}},{"type":"Feature","properties":{"kind":"trail","surface":"concrete"},"geometry":{"type":"LineString","coordinates":[[-122.453563,37.777144],[-122.453475,37.777235],[-122.453495,37.777339],[-122.453441,37.7774]]}},{"type":"Feature","properties":{"kind":"trail","surface":"concrete"},"geometry":{"type":"LineString","coordinates":[[-122.454331,37.77712],[-122.454349,37.777098]]}},{"type":"Feature","properties":{"kind":"steps","surface":"concrete"},"geometry":{"type":"LineString","coordinates":[[-122.453563,37.777144],[-122.453437,37.77708]]}},{"type":"Feature","properties":{"kind":"steps","surface":"paved"},"geometry":{"type":"LineString","coordinates":[[-122.494425,37.782139],[-122.494421,37.782153]]}},{"type":"Feature","properties":{"kind":"trail","surface":"paved"},"geometry":{"type":"LineString","coordinates":[[-122.494346,37.782119],[-122.494425,37.782139],[-122.494615,37.782202]]}},{"type":"Feature","properties":{"kind":"trail","surface":"paved"},"geometry":{"type":"LineString","coordinates":[[-122.494527,37.781936],[-122.494439,37.782106]]}},{"type":"Feature","properties":{"kind":"steps","surface":"paved"},"geometry":{"type":"LineString","coordinates":[[-122.494439,37.782106],[-122.494425,37.782139]]}},{"type":"Feature","properties":{"kind":"trail"},"geometry":{"type":"LineString","coordinates":[[-122.503513,37.782227],[-122.503521,37.782194],[-122.503523,37.782177]]}},{"type":"Feature","properties":{"kind":"trail"},"geometry":{"type":"LineString","coordinates":[[-122.503313,37.782215],[-122.503272,37.782546]]}},{"type":"Feature","properties":{"kind":"steps"},"geometry":{"type":"LineString","coordinates":[[-122.503485,37.782191],[-122.503521,37.782194]]}},{"type":"Feature","properties":{"kind":"steps"},"geometry":{"type":"LineString","coordinates":[[-122.503523,37.782177],[-122.503495,37.782176]]}},{"type":"Feature","properties":{"kind":"steps"},"geometry":{"type":"LineString","coordinates":[[-122.503597,37.781641],[-122.503557,37.781638],[-122.503586,37.781651]]}},{"type":"Feature","properties":{"kind":"steps"},"geometry":{"type":"LineString","coordinates":[[-122.503622,37.781658],[-122.503597,37.781641]]}},{"type":"Feature","properties":{"kind":"trail"},"geometry":{"type":"LineString","coordinates":[[-122.503622,37.781658],[-122.503602,37.78171],[-122.503597,37.781641]]}},{"type":"Feature","properties":{"kind":"steps"},"geometry":{"type":"LineString","coordinates":[[-122.503978,37.783162],[-122.503937,37.783122],[-122.503972,37.783141]]}},{"type":"Feature","properties":{"kind":"steps"},"geometry":{"type":"LineString","coordinates":[[-122.503988,37.783172],[-122.503978,37.783162]]}},{"type":"Feature","properties":{"kind":"steps"},"geometry":{"type":"LineString","coordinates":[[-122.503559,37.782549],[-122.503469,37.782543],[-122.503477,37.782482]]}},{"type":"Feature","properties":{"kind":"trail"},"geometry":{"type":"LineString","coordinates":[[-122.503972,37.783141],[-122.50398,37.783135]]}},{"type":"Feature","properties":{"kind":"steps"},"geometry":{"type":"LineString","coordinates":[[-122.503571,37.782438],[-122.503484,37.782432],[-122.503477,37.782482]]}},{"type":"Feature","properties":{"kind":"steps"},"geometry":{"type":"LineString","coordinates":[[-122.503477,37.782482],[-122.503447,37.782481]]}},{"type":"Feature","properties":{"kind":"trail"},"geometry":{"type":"LineString","coordinates":[[-122.456894,37.801845],[-122.45689,37.801854],[-122.456886,37.801862]]}},{"type":"Feature","properties":{"kind":"steps"},"geometry":{"type":"LineString","coordinates":[[-122.456898,37.801835],[-122.456894,37.801845]]}},{"type":"Feature","properties":{"kind":"trail"},"geometry":{"type":"LineString","coordinates":[[-122.456788,37.80182],[-122.45689,37.801854],[-122.456997,37.801888]]}},{"type":"Feature","properties":{"kind":"trail","surface":"concrete"},"geometry":{"type":"LineString","coordinates":[[-122.456545,37.801828],[-122.456788,37.80182]]}},{"type":"Feature","properties":{"kind":"trail","surface":"wood"},"geometry":{"type":"LineString","coordinates":[[-122.456977,37.805243],[-122.456976,37.805394],[-122.456883,37.805573]]}},{"type":"Feature","properties":{"kind":"trail"},"geometry":{"type":"LineString","coordinates":[[-122.466813,37.805296],[-122.466762,37.805268],[-122.466536,37.805522]]}},{"type":"Feature","properties":{"kind":"road","name":"Divisadero Street"},"geometry":{"type":"LineString","coordinates":[[-122.443083,37.801061],[-122.44303,37.800796]]}},{"type":"Feature","properties":{"kind":"road","name":"Divisadero Street"},"geometry":{"type":"LineString","coordinates":[[-122.44303,37.800796],[-122.442885,37.800085]]}},{"type":"Feature","properties":{"kind":"steps"},"geometry":{"type":"LineString","coordinates":[[-122.449623,37.782013],[-122.449651,37.781974]]}},{"type":"Feature","properties":{"kind":"steps"},"geometry":{"type":"LineString","coordinates":[[-122.445714,37.78184],[-122.445681,37.781856],[-122.445754,37.781848]]}},{"type":"Feature","properties":{"kind":"trail"},"geometry":{"type":"LineString","coordinates":[[-122.446398,37.781925],[-122.445985,37.781979],[-122.445826,37.78184],[-122.445754,37.781848]]}},{"type":"Feature","properties":{"kind":"trail","surface":"concrete"},"geometry":{"type":"LineString","coordinates":[[-122.445738,37.781931],[-122.445549,37.781804],[-122.445312,37.781645]]}},{"type":"Feature","properties":{"kind":"steps","surface":"concrete"},"geometry":{"type":"LineString","coordinates":[[-122.446962,37.781779],[-122.446944,37.781732],[-122.446943,37.781782]]}},{"type":"Feature","properties":{"kind":"trail","surface":"concrete"},"geometry":{"type":"LineString","coordinates":[[-122.446943,37.781782],[-122.446441,37.781878],[-122.446415,37.781761]]}},{"type":"Feature","properties":{"kind":"trail","surface":"concrete"},"geometry":{"type":"LineString","coordinates":[[-122.447548,37.781767],[-122.446962,37.781779]]}},{"type":"Feature","properties":{"kind":"steps"},"geometry":{"type":"LineString","coordinates":[[-122.446415,37.781761],[-122.446401,37.781724],[-122.4464,37.781762]]}},{"type":"Feature","properties":{"kind":"trail","surface":"concrete"},"geometry":{"type":"LineString","coordinates":[[-122.445714,37.78184],[-122.445738,37.781931],[-122.445729,37.781966]]}},{"type":"Feature","properties":{"kind":"trail"},"geometry":{"type":"LineString","coordinates":[[-122.4464,37.781762],[-122.446347,37.78178],[-122.446388,37.781875]]}},{"type":"Feature","properties":{"kind":"steps","surface":"concrete"},"geometry":{"type":"LineString","coordinates":[[-122.44742,37.781515],[-122.447373,37.781521],[-122.447389,37.781599]]}},{"type":"Feature","properties":{"kind":"trail","name":"Vicha Ratanapakdee Way"},"geometry":{"type":"LineString","coordinates":[[-122.443711,37.781607],[-122.443685,37.781407]]}},{"type":"Feature","properties":{"kind":"steps","name":"Arbol Lane","surface":"concrete"},"geometry":{"type":"LineString","coordinates":[[-122.443811,37.779198],[-122.443847,37.779377]]}},{"type":"Feature","properties":{"kind":"trail","name":"Arbol Lane","surface":"concrete"},"geometry":{"type":"LineString","coordinates":[[-122.443811,37.779198],[-122.443808,37.779046]]}},{"type":"Feature","properties":{"kind":"steps","name":"Vicha Ratanapakdee Way"},"geometry":{"type":"LineString","coordinates":[[-122.443732,37.781772],[-122.443711,37.781607]]}},{"type":"Feature","properties":{"kind":"steps"},"geometry":{"type":"LineString","coordinates":[[-122.455869,37.781622],[-122.455866,37.781593]]}},{"type":"Feature","properties":{"kind":"steps","surface":"paving_stones"},"geometry":{"type":"LineString","coordinates":[[-122.466588,37.781436],[-122.4666,37.781436]]}},{"type":"Feature","properties":{"kind":"steps","surface":"paving_stones"},"geometry":{"type":"LineString","coordinates":[[-122.466712,37.781091],[-122.466714,37.781119]]}},{"type":"Feature","properties":{"kind":"steps","surface":"paving_stones"},"geometry":{"type":"LineString","coordinates":[[-122.466547,37.781146],[-122.466566,37.781145]]}},{"type":"Feature","properties":{"kind":"trail"},"geometry":{"type":"LineString","coordinates":[[-122.465722,37.780781],[-122.465718,37.780628]]}},{"type":"Feature","properties":{"kind":"trail","surface":"paved"},"geometry":{"type":"LineString","coordinates":[[-122.465697,37.780782],[-122.465694,37.780729],[-122.465648,37.780769]]}},{"type":"Feature","properties":{"kind":"steps","surface":"paving_stones"},"geometry":{"type":"LineString","coordinates":[[-122.466937,37.781108],[-122.466938,37.781137]]}},{"type":"Feature","properties":{"kind":"trail","surface":"paving_stones"},"geometry":{"type":"LineString","coordinates":[[-122.466874,37.781085],[-122.466891,37.781332]]}},{"type":"Feature","properties":{"kind":"trail","surface":"concrete"},"geometry":{"type":"LineString","coordinates":[[-122.463498,37.780011],[-122.463495,37.779983]]}},{"type":"Feature","properties":{"kind":"trail","surface":"concrete"},"geometry":{"type":"LineString","coordinates":[[-122.464168,37.780862],[-122.464066,37.780865]]}},{"type":"Feature","properties":{"kind":"trail","surface":"concrete"},"geometry":{"type":"LineString","coordinates":[[-122.463394,37.780025],[-122.463482,37.780022]]}},{"type":"Feature","properties":{"kind":"trail","surface":"paving_stones"},"geometry":{"type":"LineString","coordinates":[[-122.464049,37.780601],[-122.463798,37.780612],[-122.463386,37.780631]]}},{"type":"Feature","properties":{"kind":"steps","surface":"concrete"},"geometry":{"type":"LineString","coordinates":[[-122.463606,37.780524],[-122.463613,37.780524]]}},{"type":"Feature","properties":{"kind":"steps","surface":"concrete"},"geometry":{"type":"LineString","coordinates":[[-122.46381,37.780164],[-122.463759,37.780166]]}},{"type":"Feature","properties":{"kind":"steps","surface":"concrete"},"geometry":{"type":"LineString","coordinates":[[-122.463583,37.780197],[-122.463589,37.780197]]}},{"type":"Feature","properties":{"kind":"trail","surface":"paving_stones"},"geometry":{"type":"LineString","coordinates":[[-122.463798,37.780612],[-122.463786,37.780516],[-122.463769,37.780296],[-122.463765,37.780234],[-122.463761,37.78019],[-122.463759,37.780166],[-122.463752,37.780062],[-122.463745,37.779974]]}},{"type":"Feature","properties":{"kind":"trail","surface":"concrete"},"geometry":{"type":"LineString","coordinates":[[-122.463814,37.78023],[-122.463788,37.780232]]}},{"type":"Feature","properties":{"kind":"trail","surface":"concrete"},"geometry":{"type":"LineString","coordinates":[[-122.463799,37.780241],[-122.463769,37.780296]]}},{"type":"Feature","properties":{"kind":"trail","surface":"paving_stones"},"geometry":{"type":"LineString","coordinates":[[-122.463858,37.77997],[-122.463745,37.779974],[-122.463597,37.779979],[-122.463495,37.779983],[-122.463479,37.779984],[-122.463154,37.779996]]}},{"type":"Feature","properties":{"kind":"trail","surface":"paving_stones"},"geometry":{"type":"LineString","coordinates":[[-122.463764,37.780517],[-122.463767,37.780556],[-122.463647,37.780562],[-122.463644,37.780522]]}},{"type":"Feature","properties":{"kind":"trail","surface":"paving_stones"},"geometry":{"type":"LineString","coordinates":[[-122.463644,37.780522],[-122.463694,37.780357],[-122.463627,37.780195]]}},{"type":"Feature","properties":{"kind":"trail","surface":"paving_stones"},"geometry":{"type":"LineString","coordinates":[[-122.463603,37.780069],[-122.463752,37.780062]]}},{"type":"Feature","properties":{"kind":"trail","surface":"paving_stones"},"geometry":{"type":"LineString","coordinates":[[-122.463589,37.780197],[-122.463611,37.780196],[-122.463627,37.780195],[-122.463761,37.78019]]}},{"type":"Feature","properties":{"kind":"trail","surface":"dirt"},"geometry":{"type":"LineString","coordinates":[[-122.472276,37.784377],[-122.472306,37.783969],[-122.472156,37.782706]]}},{"type":"Feature","properties":{"kind":"road","name":"Point Lobos Avenue","surface":"asphalt"},"geometry":{"type":"LineString","coordinates":[[-122.505437,37.779832],[-122.505149,37.779775],[-122.5049,37.779787]]}},{"type":"Feature","properties":{"kind":"road","name":"Point Lobos Avenue","surface":"asphalt"},"geometry":{"type":"LineString","coordinates":[[-122.504077,37.779717],[-122.5049,37.779787]]}},{"type":"Feature","properties":{"kind":"road","name":"Point Lobos Avenue","surface":"asphalt"},"geometry":{"type":"LineString","coordinates":[[-122.5049,37.779787],[-122.505154,37.779848],[-122.505437,37.779832]]}},{"type":"Feature","properties":{"kind":"road","name":"Golden Gate Avenue","surface":"asphalt"},"geometry":{"type":"LineString","coordinates":[[-122.446916,37.777668],[-122.446832,37.777679]]}},{"type":"Feature","properties":{"kind":"road","name":"Fulton Street","surface":"asphalt"},"geometry":{"type":"LineString","coordinates":[[-122.446455,37.775815],[-122.446538,37.775804]]}},{"type":"Feature","properties":{"kind":"road","name":"Masonic Avenue","surface":"asphalt"},"geometry":{"type":"LineString","coordinates":[[-122.447025,37.778636],[-122.447096,37.778969]]}},{"type":"Feature","properties":{"kind":"road","name":"Masonic Avenue","surface":"asphalt"},"geometry":{"type":"LineString","coordinates":[[-122.446832,37.777679],[-122.447025,37.778636]]}},{"type":"Feature","properties":{"kind":"road","name":"Masonic Avenue","surface":"asphalt"},"geometry":{"type":"LineString","coordinates":[[-122.446643,37.776748],[-122.446832,37.777679]]}},{"type":"Feature","properties":{"kind":"road","name":"Masonic Avenue","surface":"asphalt"},"geometry":{"type":"LineString","coordinates":[[-122.446455,37.775815],[-122.446643,37.776748]]}},{"type":"Feature","properties":{"kind":"road","name":"Masonic Avenue","surface":"asphalt"},"geometry":{"type":"LineString","coordinates":[[-122.446266,37.774884],[-122.446455,37.775815]]}},{"type":"Feature","properties":{"kind":"road","name":"Turk Boulevard","surface":"asphalt"},"geometry":{"type":"LineString","coordinates":[[-122.447025,37.778636],[-122.447108,37.778624]]}},{"type":"Feature","properties":{"kind":"steps"},"geometry":{"type":"LineString","coordinates":[[-122.475847,37.806991],[-122.475889,37.806974],[-122.475793,37.80702]]}},{"type":"Feature","properties":{"kind":"steps"},"geometry":{"type":"LineString","coordinates":[[-122.475827,37.80697],[-122.475889,37.806973],[-122.475847,37.806991]]}},{"type":"Feature","properties":{"kind":"trail"},"geometry":{"type":"LineString","coordinates":[[-122.475182,37.807415],[-122.475153,37.807388],[-122.475206,37.807352]]}},{"type":"Feature","properties":{"kind":"steps"},"geometry":{"type":"LineString","coordinates":[[-122.475217,37.807428],[-122.475182,37.807415]]}},{"type":"Feature","properties":{"kind":"road","name":"Cervantes Boulevard","surface":"asphalt"},"geometry":{"type":"LineString","coordinates":[[-122.442228,37.805813],[-122.442228,37.805661],[-122.441962,37.805539]]}},{"type":"Feature","properties":{"kind":"road","name":"Cervantes Boulevard","surface":"asphalt"},"geometry":{"type":"LineString","coordinates":[[-122.441962,37.805539],[-122.442228,37.805813]]}},{"type":"Feature","properties":{"kind":"road","name":"Lincoln Boulevard"},"geometry":{"type":"LineString","coordinates":[[-122.481011,37.792352],[-122.481061,37.792163]]}},{"type":"Feature","properties":{"kind":"trail","surface":"asphalt"},"geometry":{"type":"LineString","coordinates":[[-122.447624,37.782155],[-122.447615,37.782185]]}},{"type":"Feature","properties":{"kind":"road","name":"Masonic Avenue","surface":"asphalt"},"geometry":{"type":"LineString","coordinates":[[-122.447503,37.78225],[-122.44765,37.781868]]}},{"type":"Feature","properties":{"kind":"road","name":"Masonic Avenue","surface":"asphalt"},"geometry":{"type":"LineString","coordinates":[[-122.447503,37.78225],[-122.447626,37.782218],[-122.447701,37.781979],[-122.44765,37.781868]]}},{"type":"Feature","properties":{"kind":"road","name":"Masonic Avenue","surface":"asphalt"},"geometry":{"type":"LineString","coordinates":[[-122.447096,37.778969],[-122.44739,37.780431]]}},{"type":"Feature","properties":{"kind":"road","name":"Masonic Avenue","surface":"asphalt"},"geometry":{"type":"LineString","coordinates":[[-122.447025,37.778636],[-122.446979,37.778767],[-122.447012,37.778926],[-122.447096,37.778969]]}},{"type":"Feature","properties":{"kind":"road","name":"Masonic Avenue","surface":"asphalt"},"geometry":{"type":"LineString","coordinates":[[-122.446434,37.775274],[-122.446352,37.774873]]}},{"type":"Feature","properties":{"kind":"road","name":"Masonic Avenue","surface":"asphalt"},"geometry":{"type":"LineString","coordinates":[[-122.446538,37.775804],[-122.446577,37.775689],[-122.446434,37.775274]]}},{"type":"Feature","properties":{"kind":"road","name":"Battery East Road","surface":"asphalt"},"geometry":{"type":"LineString","coordinates":[[-122.472646,37.807121],[-122.472399,37.806912]]}},{"type":"Feature","properties":{"kind":"trail","surface":"paved"},"geometry":{"type":"LineString","coordinates":[[-122.475626,37.808661],[-122.475632,37.808637]]}},{"type":"Feature","properties":{"kind":"trail","surface":"paved"},"geometry":{"type":"LineString","coordinates":[[-122.475527,37.808609],[-122.475506,37.808655]]}},{"type":"Feature","properties":{"kind":"steps","surface":"paved"},"geometry":{"type":"LineString","coordinates":[[-122.475623,37.808671],[-122.475626,37.808661]]}},{"type":"Feature","properties":{"kind":"trail","surface":"paved"},"geometry":{"type":"LineString","coordinates":[[-122.475377,37.808609],[-122.475428,37.808626]]}},{"type":"Feature","properties":{"kind":"trail","surface":"asphalt"},"geometry":{"type":"LineString","coordinates":[[-122.474542,37.807164],[-122.474503,37.807247]]}},{"type":"Feature","properties":{"kind":"trail","surface":"paved"},"geometry":{"type":"LineString","coordinates":[[-122.475623,37.808671],[-122.475506,37.808655],[-122.475476,37.808646]]}},{"type":"Feature","properties":{"kind":"road","surface":"asphalt"},"geometry":{"type":"LineString","coordinates":[[-122.476654,37.808009],[-122.476622,37.807967],[-122.476902,37.807796]]}},{"type":"Feature","properties":{"kind":"road","surface":"asphalt"},"geometry":{"type":"LineString","coordinates":[[-122.467447,37.803779],[-122.467498,37.803746]]}},{"type":"Feature","properties":{"kind":"road","name":"Crissy Field Avenue","surface":"asphalt"},"geometry":{"type":"LineString","coordinates":[[-122.467954,37.803524],[-122.468682,37.803754],[-122.469198,37.804274],[-122.469695,37.804558],[-122.469881,37.804872],[-122.469955,37.804903]]}},{"type":"Feature","properties":{"kind":"road","surface":"asphalt"},"geometry":{"type":"LineString","coordinates":[[-122.467557,37.803707],[-122.467836,37.803541]]}},{"type":"Feature","properties":{"kind":"road","name":"Arguello Boulevard","surface":"asphalt"},"geometry":{"type":"LineString","coordinates":[[-122.458929,37.781726],[-122.458918,37.781592]]}},{"type":"Feature","properties":{"kind":"road","name":"Arguello Boulevard","surface":"asphalt"},"geometry":{"type":"LineString","coordinates":[[-122.458918,37.781592],[-122.458899,37.781335]]}},{"type":"Feature","properties":{"kind":"road","name":"Geary Boulevard","surface":"asphalt"},"geometry":{"type":"LineString","coordinates":[[-122.460653,37.781132],[-122.46001,37.781162]]}},{"type":"Feature","properties":{"kind":"road","name":"Geary Boulevard","surface":"asphalt"},"geometry":{"type":"LineString","coordinates":[[-122.460663,37.781255],[-122.460747,37.781251]]}},{"type":"Feature","properties":{"kind":"road","name":"Geary Boulevard","surface":"asphalt"},"geometry":{"type":"LineString","coordinates":[[-122.46175,37.781082],[-122.461426,37.781096]]}},{"type":"Feature","properties":{"kind":"road","name":"Geary Boulevard","surface":"asphalt"},"geometry":{"type":"LineString","coordinates":[[-122.461707,37.781206],[-122.461822,37.7812]]}},{"type":"Feature","properties":{"kind":"steps","surface":"concrete"},"geometry":{"type":"LineString","coordinates":[[-122.490069,37.777922],[-122.490182,37.777917]]}},{"type":"Feature","properties":{"kind":"trail"},"geometry":{"type":"LineString","coordinates":[[-122.490182,37.777917],[-122.490826,37.777886]]}},{"type":"Feature","properties":{"kind":"road","name":"El Camino del Mar","surface":"asphalt"},"geometry":{"type":"LineString","coordinates":[[-122.496811,37.785932],[-122.498039,37.786316],[-122.498774,37.786402],[-122.499147,37.78638],[-122.499416,37.786311],[-122.500001,37.785907],[-122.500352,37.785677]]}},{"type":"Feature","properties":{"kind":"road","name":"El Camino del Mar","surface":"asphalt"},"geometry":{"type":"LineString","coordinates":[[-122.494418,37.786005],[-122.494731,37.785864]]}},{"type":"Feature","properties":{"kind":"road","name":"El Camino del Mar","surface":"asphalt"},"geometry":{"type":"LineString","coordinates":[[-122.494731,37.785864],[-122.495774,37.785758]]}},{"type":"Feature","properties":{"kind":"road","name":"El Camino del Mar","surface":"asphalt"},"geometry":{"type":"LineString","coordinates":[[-122.495774,37.785758],[-122.496234,37.785787],[-122.496811,37.785932]]}},{"type":"Feature","properties":{"kind":"road","surface":"concrete"},"geometry":{"type":"LineString","coordinates":[[-122.450603,37.798942],[-122.450245,37.79881],[-122.450238,37.798759],[-122.450157,37.798721],[-122.450175,37.798651],[-122.450262,37.798616],[-122.450243,37.798566],[-122.450351,37.798536],[-122.450389,37.798645],[-122.45068,37.79881],[-122.450603,37.798942]]}},{"type":"Feature","properties":{"kind":"trail","name":"Lovers' Lane","surface":"wood"},"geometry":{"type":"LineString","coordinates":[[-122.454261,37.797621],[-122.454538,37.797865]]}},{"type":"Feature","properties":{"kind":"steps","name":"Sutro Baths Upper Trail","surface":"unpaved"},"geometry":{"type":"LineString","coordinates":[[-122.512885,37.781284],[-122.51284,37.781346]]}},{"type":"Feature","properties":{"kind":"trail","name":"Sutro Baths Upper Trail","surface":"unpaved"},"geometry":{"type":"LineString","coordinates":[[-122.513248,37.781088],[-122.513111,37.781081],[-122.51303,37.781218],[-122.512885,37.781284]]}},{"type":"Feature","properties":{"kind":"steps","name":"Sutro Baths Upper Trail","surface":"unpaved"},"geometry":{"type":"LineString","coordinates":[[-122.513689,37.781037],[-122.513309,37.781119],[-122.513248,37.781088]]}},{"type":"Feature","properties":{"kind":"steps","name":"Sutro Baths Upper Trail","surface":"unpaved"},"geometry":{"type":"LineString","coordinates":[[-122.514071,37.781045],[-122.513702,37.781044]]}},{"type":"Feature","properties":{"kind":"trail","name":"Sutro Baths Upper Trail","surface":"unpaved"},"geometry":{"type":"LineString","coordinates":[[-122.513702,37.781044],[-122.513689,37.781037]]}},{"type":"Feature","properties":{"kind":"trail","name":"Sutro Baths Upper Trail","surface":"unpaved"},"geometry":{"type":"LineString","coordinates":[[-122.51284,37.781346],[-122.512862,37.781509],[-122.512773,37.781708],[-122.512763,37.781723],[-122.512274,37.781649]]}},{"type":"Feature","properties":{"kind":"trail","surface":"paved"},"geometry":{"type":"LineString","coordinates":[[-122.504091,37.785838],[-122.503663,37.785794],[-122.503108,37.785854],[-122.502719,37.785948],[-122.502399,37.786154],[-122.501673,37.786484],[-122.501554,37.786501]]}},{"type":"Feature","properties":{"kind":"trail","name":"Coastal Trail","surface":"compacted"},"geometry":{"type":"LineString","coordinates":[[-122.477462,37.80299],[-122.477526,37.802916],[-122.477719,37.802549],[-122.477703,37.802413],[-122.477868,37.802045],[-122.477808,37.801997],[-122.477673,37.801878],[-122.47753,37.801457]]}},{"type":"Feature","properties":{"kind":"trail"},"geometry":{"type":"LineString","coordinates":[[-122.476245,37.808411],[-122.476258,37.808428]]}},{"type":"Feature","properties":{"kind":"trail","surface":"concrete"},"geometry":{"type":"LineString","coordinates":[[-122.4763,37.808073],[-122.475956,37.80787],[-122.475909,37.807861]]}},{"type":"Feature","properties":{"kind":"road","surface":"asphalt"},"geometry":{"type":"LineString","coordinates":[[-122.476245,37.808411],[-122.476346,37.808352]]}},{"type":"Feature","properties":{"kind":"trail"},"geometry":{"type":"LineString","coordinates":[[-122.494899,37.786665],[-122.494814,37.786732],[-122.494708,37.786668]]}},{"type":"Feature","properties":{"kind":"trail"},"geometry":{"type":"LineString","coordinates":[[-122.502875,37.787142],[-122.502914,37.787213],[-122.50237,37.787501],[-122.502162,37.787667],[-122.502189,37.787731]]}},{"type":"Feature","properties":{"kind":"trail"},"geometry":{"type":"LineString","coordinates":[[-122.501377,37.787177],[-122.501406,37.787095],[-122.501637,37.787006],[-122.501643,37.786881]]}},{"type":"Feature","properties":{"kind":"road","name":"Mason Street","surface":"asphalt"},"geometry":{"type":"LineString","coordinates":[[-122.454226,37.804217],[-122.453858,37.804259]]}},{"type":"Feature","properties":{"kind":"road","name":"Mason Street","surface":"asphalt"},"geometry":{"type":"LineString","coordinates":[[-122.453605,37.80429],[-122.448383,37.804996]]}},{"type":"Feature","properties":{"kind":"road","name":"Sheridan Avenue","surface":"asphalt"},"geometry":{"type":"LineString","coordinates":[[-122.458467,37.798923],[-122.45825,37.798824]]}},{"type":"Feature","properties":{"kind":"road","name":"California Street","surface":"asphalt"},"geometry":{"type":"LineString","coordinates":[[-122.446812,37.787271],[-122.447169,37.787225]]}},{"type":"Feature","properties":{"kind":"trail","surface":"asphalt"},"geometry":{"type":"LineString","coordinates":[[-122.460445,37.789559],[-122.460546,37.789426]]}},{"type":"Feature","properties":{"kind":"trail","surface":"asphalt"},"geometry":{"type":"LineString","coordinates":[[-122.460445,37.789559],[-122.460375,37.789714],[-122.460246,37.789865],[-122.459961,37.790069],[-122.460006,37.790226],[-122.459946,37.790363],[-122.459884,37.790386],[-122.459652,37.790207],[-122.459544,37.790182]]}},{"type":"Feature","properties":{"kind":"trail","surface":"asphalt"},"geometry":{"type":"LineString","coordinates":[[-122.460426,37.789448],[-122.460445,37.789559]]}},{"type":"Feature","properties":{"kind":"trail"},"geometry":{"type":"LineString","coordinates":[[-122.460268,37.79063],[-122.460134,37.790493],[-122.459946,37.790363]]}},{"type":"Feature","properties":{"kind":"trail"},"geometry":{"type":"LineString","coordinates":[[-122.446696,37.792837],[-122.446962,37.792758],[-122.447032,37.792636],[-122.446952,37.792477],[-122.446804,37.792331],[-122.446552,37.792295]]}},{"type":"Feature","properties":{"kind":"steps"},"geometry":{"type":"LineString","coordinates":[[-122.446482,37.792301],[-122.446552,37.792295]]}},{"type":"Feature","properties":{"kind":"trail"},"geometry":{"type":"LineString","coordinates":[[-122.446386,37.792312],[-122.446482,37.792301]]}},{"type":"Feature","properties":{"kind":"road"},"geometry":{"type":"LineString","coordinates":[[-122.473886,37.807213],[-122.473934,37.807254]]}},{"type":"Feature","properties":{"kind":"road","name":"Lincoln Boulevard","surface":"asphalt"},"geometry":{"type":"LineString","coordinates":[[-122.473161,37.806787],[-122.473451,37.80671]]}},{"type":"Feature","properties":{"kind":"road","surface":"asphalt"},"geometry":{"type":"LineString","coordinates":[[-122.474162,37.807308],[-122.473979,37.807149]]}},{"type":"Feature","properties":{"kind":"road","name":"Lincoln Boulevard","surface":"concrete"},"geometry":{"type":"LineString","coordinates":[[-122.474355,37.806387],[-122.474688,37.806167]]}},{"type":"Feature","properties":{"kind":"road","name":"Lincoln Boulevard","surface":"asphalt"},"geometry":{"type":"LineString","coordinates":[[-122.473952,37.806585],[-122.474355,37.806387]]}},{"type":"Feature","properties":{"kind":"trail","surface":"paving_stones"},"geometry":{"type":"LineString","coordinates":[[-122.474953,37.80758],[-122.474975,37.807601],[-122.474928,37.807633],[-122.475037,37.807763]]}},{"type":"Feature","properties":{"kind":"road","name":"Park Boulevard","surface":"asphalt"},"geometry":{"type":"LineString","coordinates":[[-122.469149,37.798357],[-122.468994,37.798063]]}},{"type":"Feature","properties":{"kind":"trail","surface":"dirt"},"geometry":{"type":"LineString","coordinates":[[-122.468971,37.798045],[-122.468559,37.79843]]}},{"type":"Feature","properties":{"kind":"road","name":"Girard Road","surface":"asphalt"},"geometry":{"type":"LineString","coordinates":[[-122.453361,37.801335],[-122.453458,37.801185]]}},{"type":"Feature","properties":{"kind":"road","name":"Halleck Street","surface":"asphalt"},"geometry":{"type":"LineString","coordinates":[[-122.45497,37.801046],[-122.454827,37.801262]]}},{"type":"Feature","properties":{"kind":"road","name":"Girard Road","surface":"asphalt"},"geometry":{"type":"LineString","coordinates":[[-122.452289,37.802802],[-122.452528,37.802567]]}},{"type":"Feature","properties":{"kind":"trail","surface":"concrete"},"geometry":{"type":"LineString","coordinates":[[-122.4519,37.802805],[-122.451786,37.802881]]}},{"type":"Feature","properties":{"kind":"trail","surface":"concrete"},"geometry":{"type":"LineString","coordinates":[[-122.451756,37.802861],[-122.451786,37.802881],[-122.451859,37.80293]]}},{"type":"Feature","properties":{"kind":"road","name":"Girard Road","surface":"asphalt"},"geometry":{"type":"LineString","coordinates":[[-122.451182,37.803446],[-122.450873,37.803612]]}},{"type":"Feature","properties":{"kind":"road","surface":"asphalt"},"geometry":{"type":"LineString","coordinates":[[-122.453095,37.804424],[-122.453614,37.804364]]}},{"type":"Feature","properties":{"kind":"road","surface":"asphalt"},"geometry":{"type":"LineString","coordinates":[[-122.454703,37.804218],[-122.458666,37.80371],[-122.459791,37.803564],[-122.460252,37.803369],[-122.460715,37.803025],[-122.461104,37.80293],[-122.4638,37.803223],[-122.465746,37.803446],[-122.466433,37.803569],[-122.467348,37.803717]]}},{"type":"Feature","properties":{"kind":"trail","surface":"wood"},"geometry":{"type":"LineString","coordinates":[[-122.476759,37.805891],[-122.476501,37.805681]]}},{"type":"Feature","properties":{"kind":"trail","surface":"gravel"},"geometry":{"type":"LineString","coordinates":[[-122.476501,37.805681],[-122.476418,37.805584]]}},{"type":"Feature","properties":{"kind":"steps"},"geometry":{"type":"LineString","coordinates":[[-122.476385,37.805597],[-122.476323,37.805623]]}},{"type":"Feature","properties":{"kind":"trail"},"geometry":{"type":"LineString","coordinates":[[-122.476323,37.805623],[-122.476223,37.805665],[-122.476027,37.805575]]}},{"type":"Feature","properties":{"kind":"steps","name":"Coastal Trail"},"geometry":{"type":"LineString","coordinates":[[-122.476864,37.805856],[-122.476781,37.805829]]}},{"type":"Feature","properties":{"kind":"trail","name":"Coastal Trail","surface":"compacted"},"geometry":{"type":"LineString","coordinates":[[-122.476781,37.805829],[-122.476853,37.805652],[-122.476744,37.805611],[-122.476836,37.805454],[-122.476846,37.805282],[-122.476997,37.805033],[-122.476935,37.804898],[-122.476902,37.80478],[-122.476974,37.804629],[-122.476877,37.804299],[-122.476969,37.804106],[-122.477064,37.803965],[-122.477282,37.803601],[-122.477369,37.80321],[-122.477462,37.80299]]}},{"type":"Feature","properties":{"kind":"trail","surface":"dirt"},"geometry":{"type":"LineString","coordinates":[[-122.511166,37.778633],[-122.511175,37.778796]]}},{"type":"Feature","properties":{"kind":"trail"},"geometry":{"type":"LineString","coordinates":[[-122.448807,37.806285],[-122.448721,37.806271]]}},{"type":"Feature","properties":{"kind":"trail"},"geometry":{"type":"LineString","coordinates":[[-122.511154,37.777369],[-122.510936,37.777254],[-122.510386,37.777085],[-122.510413,37.777008],[-122.51038,37.776943],[-122.510223,37.776841],[-122.510131,37.776695]]}},{"type":"Feature","properties":{"kind":"trail"},"geometry":{"type":"LineString","coordinates":[[-122.510386,37.777085],[-122.510271,37.777222],[-122.510053,37.777293]]}},{"type":"Feature","properties":{"kind":"trail"},"geometry":{"type":"LineString","coordinates":[[-122.509833,37.777746],[-122.509525,37.777957],[-122.509945,37.77856],[-122.509923,37.778798]]}},{"type":"Feature","properties":{"kind":"trail"},"geometry":{"type":"LineString","coordinates":[[-122.509489,37.779043],[-122.50961,37.779053],[-122.509776,37.779246],[-122.510046,37.779341]]}},{"type":"Feature","properties":{"kind":"steps"},"geometry":{"type":"LineString","coordinates":[[-122.508499,37.781839],[-122.508647,37.781545],[-122.508791,37.781469],[-122.508506,37.781316]]}},{"type":"Feature","properties":{"kind":"trail","surface":"paving_stones"},"geometry":{"type":"LineString","coordinates":[[-122.475241,37.807653],[-122.475213,37.807644],[-122.475068,37.807531],[-122.475051,37.807515]]}},{"type":"Feature","properties":{"kind":"trail"},"geometry":{"type":"LineString","coordinates":[[-122.483302,37.789502],[-122.482927,37.789515],[-122.482668,37.7896],[-122.482381,37.789592]]}},{"type":"Feature","properties":{"kind":"trail"},"geometry":{"type":"LineString","coordinates":[[-122.442419,37.806702],[-122.442503,37.806692],[-122.442878,37.806646],[-122.442942,37.806594]]}},{"type":"Feature","properties":{"kind":"trail"},"geometry":{"type":"LineString","coordinates":[[-122.442436,37.806806],[-122.44237,37.806813]]}},{"type":"Feature","properties":{"kind":"road","surface":"asphalt"},"geometry":{"type":"LineString","coordinates":[[-122.4544,37.804264],[-122.454703,37.804218]]}},{"type":"Feature","properties":{"kind":"road","surface":"asphalt"},"geometry":{"type":"LineString","coordinates":[[-122.453614,37.804364],[-122.453873,37.804332]]}},{"type":"Feature","properties":{"kind":"road","surface":"asphalt"},"geometry":{"type":"LineString","coordinates":[[-122.453873,37.804332],[-122.4544,37.804264]]}},{"type":"Feature","properties":{"kind":"road","name":"Mason Street","surface":"asphalt"},"geometry":{"type":"LineString","coordinates":[[-122.457554,37.803798],[-122.454226,37.804217]]}},{"type":"Feature","properties":{"kind":"trail"},"geometry":{"type":"LineString","coordinates":[[-122.453107,37.802061],[-122.453138,37.801928]]}},{"type":"Feature","properties":{"kind":"trail"},"geometry":{"type":"LineString","coordinates":[[-122.452998,37.802044],[-122.453107,37.802061]]}},{"type":"Feature","properties":{"kind":"road","surface":"asphalt"},"geometry":{"type":"LineString","coordinates":[[-122.448196,37.800687],[-122.448324,37.80077]]}},{"type":"Feature","properties":{"kind":"trail","surface":"asphalt"},"geometry":{"type":"LineString","coordinates":[[-122.467815,37.803529],[-122.467715,37.803475]]}},{"type":"Feature","properties":{"kind":"trail"},"geometry":{"type":"LineString","coordinates":[[-122.466967,37.801625],[-122.466914,37.801581],[-122.466949,37.801117],[-122.467034,37.801059],[-122.467045,37.800931]]}},{"type":"Feature","properties":{"kind":"road","name":"McDowell Avenue"},"geometry":{"type":"LineString","coordinates":[[-122.467098,37.800959],[-122.467023,37.801678]]}},{"type":"Feature","properties":{"kind":"road","name":"Presidio Promenade","surface":"asphalt"},"geometry":{"type":"LineString","coordinates":[[-122.467174,37.800999],[-122.467202,37.801016],[-122.467355,37.801073],[-122.46798,37.801217],[-122.468357,37.801107],[-122.468496,37.801133]]}},{"type":"Feature","properties":{"kind":"trail"},"geometry":{"type":"LineString","coordinates":[[-122.467245,37.800949],[-122.467355,37.801073]]}},{"type":"Feature","properties":{"kind":"trail","surface":"gravel"},"geometry":{"type":"LineString","coordinates":[[-122.471813,37.798325],[-122.471363,37.798597]]}},{"type":"Feature","properties":{"kind":"trail","name":"Tennessee Hollow Trail","surface":"compacted"},"geometry":{"type":"LineString","coordinates":[[-122.452202,37.802934],[-122.452241,37.803125],[-122.452399,37.803446],[-122.452406,37.803755]]}},{"type":"Feature","properties":{"kind":"trail","name":"Tennessee Hollow Trail","surface":"compacted"},"geometry":{"type":"LineString","coordinates":[[-122.452484,37.803939],[-122.452508,37.803998],[-122.452441,37.804103],[-122.452143,37.804343]]}},{"type":"Feature","properties":{"kind":"trail","name":"Tennessee Hollow Trail","surface":"metal"},"geometry":{"type":"LineString","coordinates":[[-122.452406,37.803755],[-122.452484,37.803939]]}},{"type":"Feature","properties":{"kind":"steps"},"geometry":{"type":"LineString","coordinates":[[-122.484281,37.77548],[-122.484297,37.775479]]}},{"type":"Feature","properties":{"kind":"steps","surface":"concrete"},"geometry":{"type":"LineString","coordinates":[[-122.484076,37.775805],[-122.484081,37.775901]]}},{"type":"Feature","properties":{"kind":"steps"},"geometry":{"type":"LineString","coordinates":[[-122.484258,37.775464],[-122.484281,37.77548]]}},{"type":"Feature","properties":{"kind":"trail","surface":"concrete"},"geometry":{"type":"LineString","coordinates":[[-122.489781,37.775325],[-122.489874,37.775321]]}},{"type":"Feature","properties":{"kind":"trail","surface":"concrete"},"geometry":{"type":"LineString","coordinates":[[-122.489874,37.775321],[-122.489965,37.775201]]}},{"type":"Feature","properties":{"kind":"trail","surface":"compacted"},"geometry":{"type":"LineString","coordinates":[[-122.453502,37.798862],[-122.453559,37.799044],[-122.453595,37.799569],[-122.453434,37.80013],[-122.453332,37.80028]]}},{"type":"Feature","properties":{"kind":"trail","surface":"concrete"},"geometry":{"type":"LineString","coordinates":[[-122.454609,37.801755],[-122.454531,37.802098]]}},{"type":"Feature","properties":{"kind":"trail"},"geometry":{"type":"LineString","coordinates":[[-122.456411,37.798216],[-122.45619,37.798114],[-122.455948,37.798002],[-122.455928,37.79803]]}},{"type":"Feature","properties":{"kind":"steps"},"geometry":{"type":"LineString","coordinates":[[-122.455928,37.79803],[-122.455901,37.798067]]}},{"type":"Feature","properties":{"kind":"road","surface":"asphalt"},"geometry":{"type":"LineString","coordinates":[[-122.453777,37.800687],[-122.453837,37.800695],[-122.45389,37.800675],[-122.453916,37.800588],[-122.453802,37.800539],[-122.453723,37.800606],[-122.453732,37.800649],[-122.453777,37.800687]]}},{"type":"Feature","properties":{"kind":"road","name":"Lincoln Boulevard","surface":"asphalt"},"geometry":{"type":"LineString","coordinates":[[-122.454559,37.800869],[-122.454153,37.800696]]}},{"type":"Feature","properties":{"kind":"road","name":"Lincoln Boulevard","surface":"asphalt"},"geometry":{"type":"LineString","coordinates":[[-122.454153,37.800696],[-122.453916,37.800588]]}},{"type":"Feature","properties":{"kind":"road","name":"Lincoln Boulevard","surface":"asphalt"},"geometry":{"type":"LineString","coordinates":[[-122.453802,37.800539],[-122.453448,37.800436]]}},{"type":"Feature","properties":{"kind":"road","name":"Girard Road","surface":"asphalt"},"geometry":{"type":"LineString","coordinates":[[-122.453732,37.800649],[-122.453458,37.801185]]}},{"type":"Feature","properties":{"kind":"road","name":"Lincoln Boulevard","surface":"asphalt"},"geometry":{"type":"LineString","coordinates":[[-122.453144,37.800274],[-122.453448,37.800436]]}},{"type":"Feature","properties":{"kind":"road","name":"Girard Road","surface":"asphalt"},"geometry":{"type":"LineString","coordinates":[[-122.453458,37.801185],[-122.453837,37.800695]]}},{"type":"Feature","properties":{"kind":"road","surface":"asphalt"},"geometry":{"type":"LineString","coordinates":[[-122.442137,37.805932],[-122.442374,37.805908]]}},{"type":"Feature","properties":{"kind":"trail"},"geometry":{"type":"LineString","coordinates":[[-122.442114,37.805934],[-122.442108,37.805908]]}},{"type":"Feature","properties":{"kind":"trail"},"geometry":{"type":"LineString","coordinates":[[-122.442081,37.805741],[-122.442077,37.805714]]}},{"type":"Feature","properties":{"kind":"trail"},"geometry":{"type":"LineString","coordinates":[[-122.442269,37.805602],[-122.44221,37.805572]]}},{"type":"Feature","properties":{"kind":"trail","surface":"asphalt"},"geometry":{"type":"LineString","coordinates":[[-122.440172,37.806154],[-122.440175,37.806175]]}},{"type":"Feature","properties":{"kind":"trail"},"geometry":{"type":"LineString","coordinates":[[-122.442503,37.806692],[-122.442535,37.806619],[-122.442405,37.805976],[-122.442479,37.805893]]}},{"type":"Feature","properties":{"kind":"trail"},"geometry":{"type":"LineString","coordinates":[[-122.457928,37.802043],[-122.45788,37.802106],[-122.45778,37.802238]]}},{"type":"Feature","properties":{"kind":"trail"},"geometry":{"type":"LineString","coordinates":[[-122.457955,37.802006],[-122.457938,37.80203]]}},{"type":"Feature","properties":{"kind":"steps"},"geometry":{"type":"LineString","coordinates":[[-122.457938,37.80203],[-122.457928,37.802043]]}},{"type":"Feature","properties":{"kind":"trail"},"geometry":{"type":"LineString","coordinates":[[-122.457208,37.800728],[-122.456952,37.801069],[-122.457022,37.801103]]}},{"type":"Feature","properties":{"kind":"steps"},"geometry":{"type":"LineString","coordinates":[[-122.457022,37.801103],[-122.457034,37.801108]]}},{"type":"Feature","properties":{"kind":"trail"},"geometry":{"type":"LineString","coordinates":[[-122.456952,37.801069],[-122.456827,37.801236],[-122.456931,37.801286]]}},{"type":"Feature","properties":{"kind":"trail"},"geometry":{"type":"LineString","coordinates":[[-122.456952,37.801069],[-122.456896,37.801044]]}},{"type":"Feature","properties":{"kind":"steps"},"geometry":{"type":"LineString","coordinates":[[-122.456896,37.801044],[-122.456862,37.801027]]}},{"type":"Feature","properties":{"kind":"trail"},"geometry":{"type":"LineString","coordinates":[[-122.456931,37.801286],[-122.45697,37.801303]]}},{"type":"Feature","properties":{"kind":"trail"},"geometry":{"type":"LineString","coordinates":[[-122.453804,37.800472],[-122.454041,37.800367]]}},{"type":"Feature","properties":{"kind":"trail"},"geometry":{"type":"LineString","coordinates":[[-122.451828,37.799419],[-122.451854,37.799372]]}},{"type":"Feature","properties":{"kind":"road","name":"Masonic Avenue","surface":"asphalt"},"geometry":{"type":"LineString","coordinates":[[-122.447309,37.782346],[-122.447265,37.782422]]}},{"type":"Feature","properties":{"kind":"road","name":"Geary Boulevard","surface":"asphalt"},"geometry":{"type":"LineString","coordinates":[[-122.447444,37.782547],[-122.449106,37.782359]]}},{"type":"Feature","properties":{"kind":"road","name":"Masonic Avenue","surface":"asphalt"},"geometry":{"type":"LineString","coordinates":[[-122.447206,37.783135],[-122.447182,37.783004]]}},{"type":"Feature","properties":{"kind":"road","name":"Masonic Avenue","surface":"asphalt"},"geometry":{"type":"LineString","coordinates":[[-122.447182,37.783004],[-122.447185,37.782784]]}},{"type":"Feature","properties":{"kind":"trail"},"geometry":{"type":"LineString","coordinates":[[-122.460205,37.804121],[-122.460108,37.804133]]}},{"type":"Feature","properties":{"kind":"trail"},"geometry":{"type":"LineString","coordinates":[[-122.466882,37.8056],[-122.466945,37.805528]]}},{"type":"Feature","properties":{"kind":"steps"},"geometry":{"type":"LineString","coordinates":[[-122.466832,37.805684],[-122.466811,37.805671]]}},{"type":"Feature","properties":{"kind":"steps"},"geometry":{"type":"LineString","coordinates":[[-122.466811,37.805671],[-122.466788,37.805658]]}},{"type":"Feature","properties":{"kind":"trail"},"geometry":{"type":"LineString","coordinates":[[-122.467749,37.805576],[-122.467669,37.805661],[-122.467656,37.805673],[-122.467653,37.805678]]}},{"type":"Feature","properties":{"kind":"trail"},"geometry":{"type":"LineString","coordinates":[[-122.467669,37.805661],[-122.467538,37.805581],[-122.467439,37.80552],[-122.467412,37.805546]]}},{"type":"Feature","properties":{"kind":"steps"},"geometry":{"type":"LineString","coordinates":[[-122.46737,37.805575],[-122.467345,37.805561]]}},{"type":"Feature","properties":{"kind":"steps"},"geometry":{"type":"LineString","coordinates":[[-122.467397,37.805562],[-122.467412,37.805546]]}},{"type":"Feature","properties":{"kind":"trail"},"geometry":{"type":"LineString","coordinates":[[-122.467345,37.805561],[-122.467284,37.805522]]}},{"type":"Feature","properties":{"kind":"trail"},"geometry":{"type":"LineString","coordinates":[[-122.467281,37.805834],[-122.467408,37.805704]]}},{"type":"Feature","properties":{"kind":"trail"},"geometry":{"type":"LineString","coordinates":[[-122.467408,37.805704],[-122.46732,37.805649],[-122.46736,37.805607]]}},{"type":"Feature","properties":{"kind":"trail"},"geometry":{"type":"LineString","coordinates":[[-122.46749,37.805842],[-122.467553,37.805777],[-122.467556,37.805774]]}},{"type":"Feature","properties":{"kind":"trail"},"geometry":{"type":"LineString","coordinates":[[-122.466908,37.805195],[-122.467033,37.80527],[-122.46705,37.80528]]}},{"type":"Feature","properties":{"kind":"trail"},"geometry":{"type":"LineString","coordinates":[[-122.467033,37.80527],[-122.466926,37.805394]]}},{"type":"Feature","properties":{"kind":"trail"},"geometry":{"type":"LineString","coordinates":[[-122.46705,37.80528],[-122.467134,37.805347]]}},{"type":"Feature","properties":{"kind":"trail"},"geometry":{"type":"LineString","coordinates":[[-122.467033,37.80527],[-122.467131,37.805312],[-122.467234,37.805377],[-122.467353,37.80545]]}},{"type":"Feature","properties":{"kind":"trail"},"geometry":{"type":"LineString","coordinates":[[-122.467131,37.805312],[-122.467208,37.805226]]}},{"type":"Feature","properties":{"kind":"trail"},"geometry":{"type":"LineString","coordinates":[[-122.467234,37.805377],[-122.467203,37.805409]]}},{"type":"Feature","properties":{"kind":"steps"},"geometry":{"type":"LineString","coordinates":[[-122.466944,37.805492],[-122.466923,37.805459],[-122.466989,37.805493]]}},{"type":"Feature","properties":{"kind":"trail"},"geometry":{"type":"LineString","coordinates":[[-122.466944,37.805492],[-122.466922,37.805515]]}},{"type":"Feature","properties":{"kind":"steps"},"geometry":{"type":"LineString","coordinates":[[-122.467509,37.805612],[-122.467538,37.805581]]}},{"type":"Feature","properties":{"kind":"trail"},"geometry":{"type":"LineString","coordinates":[[-122.467656,37.805673],[-122.467553,37.805777]]}},{"type":"Feature","properties":{"kind":"road","name":"Marina Boulevard","surface":"asphalt"},"geometry":{"type":"LineString","coordinates":[[-122.445665,37.805375],[-122.44731,37.805165]]}},{"type":"Feature","properties":{"kind":"road","name":"Marina Boulevard","surface":"asphalt"},"geometry":{"type":"LineString","coordinates":[[-122.444002,37.805587],[-122.445665,37.805375]]}},{"type":"Feature","properties":{"kind":"trail"},"geometry":{"type":"LineString","coordinates":[[-122.448815,37.779066],[-122.448729,37.779076]]}},{"type":"Feature","properties":{"kind":"steps"},"geometry":{"type":"LineString","coordinates":[[-122.448729,37.779076],[-122.448697,37.779081]]}},{"type":"Feature","properties":{"kind":"trail"},"geometry":{"type":"LineString","coordinates":[[-122.448697,37.779081],[-122.44839,37.779107],[-122.448346,37.778932],[-122.448264,37.778875]]}},{"type":"Feature","properties":{"kind":"trail","surface":"concrete"},"geometry":{"type":"LineString","coordinates":[[-122.448145,37.778604],[-122.448188,37.778842],[-122.448189,37.778844]]}},{"type":"Feature","properties":{"kind":"trail"},"geometry":{"type":"LineString","coordinates":[[-122.449133,37.776604],[-122.449134,37.776709],[-122.449059,37.776818],[-122.448844,37.776892],[-122.448811,37.776702],[-122.448602,37.776701]]}},{"type":"Feature","properties":{"kind":"trail"},"geometry":{"type":"LineString","coordinates":[[-122.448844,37.776892],[-122.448909,37.777253]]}},{"type":"Feature","properties":{"kind":"trail"},"geometry":{"type":"LineString","coordinates":[[-122.450552,37.775506],[-122.450618,37.775754],[-122.450868,37.775783]]}},{"type":"Feature","properties":{"kind":"trail"},"geometry":{"type":"LineString","coordinates":[[-122.451869,37.779116],[-122.452165,37.779083],[-122.452171,37.779114],[-122.452202,37.779266],[-122.452394,37.779242]]}},{"type":"Feature","properties":{"kind":"trail"},"geometry":{"type":"LineString","coordinates":[[-122.452394,37.779242],[-122.452355,37.77909],[-122.452171,37.779114]]}},{"type":"Feature","properties":{"kind":"trail","surface":"paved"},"geometry":{"type":"LineString","coordinates":[[-122.476506,37.80538],[-122.476354,37.805317]]}},{"type":"Feature","properties":{"kind":"track","surface":"dirt"},"geometry":{"type":"LineString","coordinates":[[-122.470645,37.788503],[-122.470537,37.788364]]}},{"type":"Feature","properties":{"kind":"steps"},"geometry":{"type":"LineString","coordinates":[[-122.456172,37.798142],[-122.456145,37.798179]]}},{"type":"Feature","properties":{"kind":"trail"},"geometry":{"type":"LineString","coordinates":[[-122.456172,37.798142],[-122.45619,37.798114]]}},{"type":"Feature","properties":{"kind":"road","name":"El Camino del Mar"},"geometry":{"type":"LineString","coordinates":[[-122.492169,37.786425],[-122.492661,37.786683],[-122.492873,37.786683],[-122.493135,37.786598]]}},{"type":"Feature","properties":{"kind":"road","name":"Legion of Honor Drive"},"geometry":{"type":"LineString","coordinates":[[-122.499816,37.785185],[-122.499629,37.785011]]}},{"type":"Feature","properties":{"kind":"road","name":"El Camino del Mar","surface":"asphalt"},"geometry":{"type":"LineString","coordinates":[[-122.493135,37.786598],[-122.493725,37.786459]]}},{"type":"Feature","properties":{"kind":"road","name":"El Camino del Mar"},"geometry":{"type":"LineString","coordinates":[[-122.492031,37.786348],[-122.492169,37.786425]]}},{"type":"Feature","properties":{"kind":"trail"},"geometry":{"type":"LineString","coordinates":[[-122.465114,37.797424],[-122.46496,37.797435],[-122.46499,37.797472]]}},{"type":"Feature","properties":{"kind":"trail"},"geometry":{"type":"LineString","coordinates":[[-122.460975,37.801327],[-122.46083,37.801279]]}},{"type":"Feature","properties":{"kind":"trail"},"geometry":{"type":"LineString","coordinates":[[-122.46496,37.797435],[-122.464959,37.797423],[-122.465003,37.797302]]}},{"type":"Feature","properties":{"kind":"trail","surface":"dirt"},"geometry":{"type":"LineString","coordinates":[[-122.460114,37.79166],[-122.460071,37.791913]]}},{"type":"Feature","properties":{"kind":"steps"},"geometry":{"type":"LineString","coordinates":[[-122.460959,37.801198],[-122.46083,37.801279]]}},{"type":"Feature","properties":{"kind":"trail"},"geometry":{"type":"LineString","coordinates":[[-122.461234,37.801073],[-122.460992,37.801103],[-122.460931,37.80117],[-122.460959,37.801198],[-122.461017,37.801181],[-122.460992,37.801103]]}},{"type":"Feature","properties":{"kind":"road","name":"Turk Boulevard","surface":"asphalt"},"geometry":{"type":"LineString","coordinates":[[-122.451674,37.778082],[-122.451941,37.778047]]}},{"type":"Feature","properties":{"kind":"road","name":"Turk Boulevard","surface":"asphalt"},"geometry":{"type":"LineString","coordinates":[[-122.451941,37.778047],[-122.452986,37.777913]]}},{"type":"Feature","properties":{"kind":"road","name":"Turk Boulevard","surface":"asphalt"},"geometry":{"type":"LineString","coordinates":[[-122.452986,37.777913],[-122.453276,37.777875]]}},{"type":"Feature","properties":{"kind":"road","name":"Turk Boulevard","surface":"asphalt"},"geometry":{"type":"LineString","coordinates":[[-122.453276,37.777875],[-122.453406,37.777836]]}},{"type":"Feature","properties":{"kind":"trail","name":"Golden Gate Bridge East Sidewalk","surface":"concrete"},"geometry":{"type":"LineString","coordinates":[[-122.477267,37.809944],[-122.477742,37.813952],[-122.477694,37.813954],[-122.477671,37.814043],[-122.477764,37.814104],[-122.478153,37.817434]]}},{"type":"Feature","properties":{"kind":"road","name":"Park Boulevard","surface":"asphalt"},"geometry":{"type":"LineString","coordinates":[[-122.469125,37.795527],[-122.469142,37.795603]]}},{"type":"Feature","properties":{"kind":"road","name":"Arguello Boulevard","surface":"asphalt"},"geometry":{"type":"LineString","coordinates":[[-122.459488,37.789693],[-122.459498,37.789662]]}},{"type":"Feature","properties":{"kind":"trail","name":"Bay Area Ridge Trail","surface":"asphalt"},"geometry":{"type":"LineString","coordinates":[[-122.459488,37.789693],[-122.459617,37.789718],[-122.459645,37.789707]]}},{"type":"Feature","properties":{"kind":"trail"},"geometry":{"type":"LineString","coordinates":[[-122.505708,37.787527],[-122.505938,37.787429],[-122.506068,37.787292]]}},{"type":"Feature","properties":{"kind":"trail"},"geometry":{"type":"LineString","coordinates":[[-122.506068,37.787292],[-122.506111,37.787188]]}},{"type":"Feature","properties":{"kind":"trail"},"geometry":{"type":"LineString","coordinates":[[-122.512763,37.781723],[-122.512793,37.781767],[-122.512942,37.781807],[-122.513016,37.781762],[-122.512987,37.781689]]}},{"type":"Feature","properties":{"kind":"trail"},"geometry":{"type":"LineString","coordinates":[[-122.512773,37.781708],[-122.512933,37.781751],[-122.512987,37.781689],[-122.51301,37.781645]]}},{"type":"Feature","properties":{"kind":"trail"},"geometry":{"type":"LineString","coordinates":[[-122.513165,37.781623],[-122.51301,37.781645],[-122.51293,37.781607],[-122.512965,37.781545]]}},{"type":"Feature","properties":{"kind":"trail"},"geometry":{"type":"LineString","coordinates":[[-122.512862,37.781509],[-122.512965,37.781545],[-122.513055,37.781567]]}},{"type":"Feature","properties":{"kind":"trail"},"geometry":{"type":"LineString","coordinates":[[-122.512793,37.781767],[-122.512788,37.781817]]}},{"type":"Feature","properties":{"kind":"trail"},"geometry":{"type":"LineString","coordinates":[[-122.512115,37.781808],[-122.512281,37.781918],[-122.512332,37.781895],[-122.512443,37.782015],[-122.512437,37.782105],[-122.512513,37.782233],[-122.512631,37.782242],[-122.512762,37.782182],[-122.512856,37.782231]]}},{"type":"Feature","properties":{"kind":"trail"},"geometry":{"type":"LineString","coordinates":[[-122.512856,37.782231],[-122.51298,37.782284],[-122.513013,37.782354],[-122.513029,37.782369]]}},{"type":"Feature","properties":{"kind":"trail"},"geometry":{"type":"LineString","coordinates":[[-122.512856,37.782231],[-122.512724,37.782339]]}},{"type":"Feature","properties":{"kind":"trail"},"geometry":{"type":"LineString","coordinates":[[-122.513115,37.782306],[-122.513029,37.782369]]}},{"type":"Feature","properties":{"kind":"trail"},"geometry":{"type":"LineString","coordinates":[[-122.513013,37.782354],[-122.512842,37.782397],[-122.512829,37.782486]]}},{"type":"Feature","properties":{"kind":"trail"},"geometry":{"type":"LineString","coordinates":[[-122.512724,37.782339],[-122.512626,37.782466],[-122.512412,37.782569],[-122.512406,37.782699]]}},{"type":"Feature","properties":{"kind":"trail"},"geometry":{"type":"LineString","coordinates":[[-122.51266,37.782596],[-122.512587,37.782716],[-122.512562,37.782838],[-122.512476,37.7829],[-122.51237,37.782862]]}},{"type":"Feature","properties":{"kind":"trail"},"geometry":{"type":"LineString","coordinates":[[-122.512587,37.782716],[-122.512406,37.782699]]}},{"type":"Feature","properties":{"kind":"trail"},"geometry":{"type":"LineString","coordinates":[[-122.512406,37.782699],[-122.51237,37.782862]]}},{"type":"Feature","properties":{"kind":"trail"},"geometry":{"type":"LineString","coordinates":[[-122.51237,37.782862],[-122.512337,37.782921],[-122.512384,37.783093]]}},{"type":"Feature","properties":{"kind":"trail"},"geometry":{"type":"LineString","coordinates":[[-122.512476,37.7829],[-122.512469,37.782999],[-122.512384,37.783093]]}},{"type":"Feature","properties":{"kind":"trail"},"geometry":{"type":"LineString","coordinates":[[-122.512384,37.783093],[-122.51239,37.78331]]}},{"type":"Feature","properties":{"kind":"trail"},"geometry":{"type":"LineString","coordinates":[[-122.512049,37.783455],[-122.511869,37.783501],[-122.511678,37.783634],[-122.511623,37.783701],[-122.5116,37.783905],[-122.511273,37.783932],[-122.511179,37.783988],[-122.511036,37.784198],[-122.510815,37.784224],[-122.510623,37.784069],[-122.510337,37.784053],[-122.510147,37.784253],[-122.509921,37.784373]]}},{"type":"Feature","properties":{"kind":"trail"},"geometry":{"type":"LineString","coordinates":[[-122.511273,37.783932],[-122.511194,37.783851],[-122.511021,37.78383],[-122.51085,37.783714],[-122.510643,37.783492]]}},{"type":"Feature","properties":{"kind":"road"},"geometry":{"type":"LineString","coordinates":[[-122.469184,37.79531],[-122.46953,37.795241]]}},{"type":"Feature","properties":{"kind":"road","name":"Park Boulevard","surface":"asphalt"},"geometry":{"type":"LineString","coordinates":[[-122.469184,37.79531],[-122.469125,37.795527]]}},{"type":"Feature","properties":{"kind":"road","name":"Washington Boulevard"},"geometry":{"type":"LineString","coordinates":[[-122.461585,37.793149],[-122.461519,37.793074]]}},{"type":"Feature","properties":{"kind":"trail"},"geometry":{"type":"LineString","coordinates":[[-122.461466,37.789346],[-122.461861,37.789239],[-122.461977,37.789261],[-122.461947,37.789381]]}},{"type":"Feature","properties":{"kind":"trail"},"geometry":{"type":"LineString","coordinates":[[-122.461977,37.789261],[-122.462176,37.789213],[-122.46211,37.789409],[-122.462224,37.789744],[-122.462358,37.789972],[-122.462748,37.790424]]}},{"type":"Feature","properties":{"kind":"trail"},"geometry":{"type":"LineString","coordinates":[[-122.462176,37.789213],[-122.462513,37.789109],[-122.463339,37.78911],[-122.464341,37.78894],[-122.464644,37.788924],[-122.464963,37.788995],[-122.465318,37.78918],[-122.465639,37.789448],[-122.465869,37.789813],[-122.466038,37.789935],[-122.466129,37.790168],[-122.466046,37.790291],[-122.465979,37.790307],[-122.465567,37.790349]]}},{"type":"Feature","properties":{"kind":"trail"},"geometry":{"type":"LineString","coordinates":[[-122.466876,37.791007],[-122.467005,37.791322],[-122.467354,37.791562],[-122.467477,37.791816],[-122.467605,37.791931],[-122.467911,37.792043],[-122.468138,37.792082],[-122.468349,37.792053],[-122.468417,37.792025],[-122.468467,37.79188],[-122.468616,37.791758],[-122.469134,37.791556],[-122.469133,37.791614],[-122.468633,37.791986],[-122.468537,37.792106],[-122.468223,37.792946],[-122.468063,37.793161],[-122.467977,37.793507],[-122.468099,37.7939],[-122.468277,37.793988],[-122.468416,37.794045]]}},{"type":"Feature","properties":{"kind":"trail"},"geometry":{"type":"LineString","coordinates":[[-122.466369,37.790325],[-122.466652,37.790625],[-122.466808,37.790716],[-122.466916,37.790915],[-122.466876,37.791007],[-122.466735,37.791421]]}},{"type":"Feature","properties":{"kind":"trail"},"geometry":{"type":"LineString","coordinates":[[-122.468099,37.7939],[-122.467331,37.793494],[-122.467163,37.793353],[-122.465593,37.792541],[-122.46503,37.792325],[-122.464866,37.792298],[-122.464762,37.792384],[-122.464644,37.792691],[-122.464496,37.792866],[-122.46449,37.79298]]}},{"type":"Feature","properties":{"kind":"trail"},"geometry":{"type":"LineString","coordinates":[[-122.46503,37.792325],[-122.465214,37.792267],[-122.465385,37.792345],[-122.465447,37.792372],[-122.466088,37.792678],[-122.466343,37.792636],[-122.4666,37.792412],[-122.467795,37.792981],[-122.467886,37.792955],[-122.467938,37.792827],[-122.468063,37.793161]]}},{"type":"Feature","properties":{"kind":"trail"},"geometry":{"type":"LineString","coordinates":[[-122.467938,37.792827],[-122.467921,37.792635],[-122.467829,37.792573],[-122.466814,37.792382],[-122.466717,37.792309],[-122.466114,37.792123],[-122.465518,37.791843],[-122.464874,37.791505],[-122.464719,37.791486],[-122.464715,37.791566]]}},{"type":"Feature","properties":{"kind":"trail"},"geometry":{"type":"LineString","coordinates":[[-122.465518,37.791843],[-122.465723,37.792163],[-122.465665,37.792308],[-122.465447,37.792372]]}},{"type":"Feature","properties":{"kind":"trail","surface":"asphalt"},"geometry":{"type":"LineString","coordinates":[[-122.465385,37.792345],[-122.465271,37.792173],[-122.464589,37.791807],[-122.463848,37.791552],[-122.463268,37.79144],[-122.462842,37.791227],[-122.462755,37.791056],[-122.4626,37.790479],[-122.461908,37.789715],[-122.461837,37.789457],[-122.461656,37.789356],[-122.461466,37.789346]]}},{"type":"Feature","properties":{"kind":"trail"},"geometry":{"type":"LineString","coordinates":[[-122.460375,37.789714],[-122.460721,37.790029],[-122.461016,37.790389],[-122.463301,37.79233],[-122.463396,37.792477],[-122.464051,37.792941],[-122.46449,37.79298],[-122.464611,37.793001],[-122.465422,37.793429],[-122.465705,37.793809],[-122.465935,37.794011],[-122.466413,37.794206],[-122.467304,37.794389],[-122.467476,37.79455],[-122.4681,37.794624],[-122.468392,37.794602],[-122.468519,37.79457],[-122.468663,37.79435]]}},{"type":"Feature","properties":{"kind":"road","name":"Geary Boulevard","surface":"asphalt"},"geometry":{"type":"LineString","coordinates":[[-122.454649,37.781481],[-122.454166,37.781543]]}},{"type":"Feature","properties":{"kind":"road","name":"Geary Boulevard","surface":"asphalt"},"geometry":{"type":"LineString","coordinates":[[-122.454672,37.781478],[-122.454649,37.781481]]}},{"type":"Feature","properties":{"kind":"road","name":"Masonic Avenue","surface":"asphalt"},"geometry":{"type":"LineString","coordinates":[[-122.447185,37.782784],[-122.447273,37.782528]]}},{"type":"Feature","properties":{"kind":"trail"},"geometry":{"type":"LineString","coordinates":[[-122.467476,37.79455],[-122.466798,37.794461],[-122.466305,37.794325],[-122.46577,37.794075],[-122.465585,37.793889],[-122.465217,37.793665],[-122.465412,37.793668]]}},{"type":"Feature","properties":{"kind":"trail"},"geometry":{"type":"LineString","coordinates":[[-122.465217,37.793665],[-122.4652,37.793645],[-122.465169,37.793498],[-122.464797,37.793317],[-122.465071,37.793489],[-122.4652,37.793645]]}},{"type":"Feature","properties":{"kind":"trail","surface":"asphalt"},"geometry":{"type":"LineString","coordinates":[[-122.464051,37.792941],[-122.463698,37.792837],[-122.463229,37.792921],[-122.462967,37.792881],[-122.462959,37.792825],[-122.460791,37.790871],[-122.460691,37.790811],[-122.460099,37.790807]]}},{"type":"Feature","properties":{"kind":"road","name":"Geary Boulevard","surface":"asphalt"},"geometry":{"type":"LineString","coordinates":[[-122.455551,37.781493],[-122.455947,37.781466]]}},{"type":"Feature","properties":{"kind":"road","name":"Geary Boulevard","surface":"asphalt"},"geometry":{"type":"LineString","coordinates":[[-122.455282,37.781401],[-122.454672,37.781478]]}},{"type":"Feature","properties":{"kind":"trail","surface":"dirt"},"geometry":{"type":"LineString","coordinates":[[-122.472137,37.78251],[-122.472019,37.780833]]}},{"type":"Feature","properties":{"kind":"road","name":"Lincoln Boulevard","surface":"asphalt"},"geometry":{"type":"LineString","coordinates":[[-122.452962,37.800067],[-122.453144,37.800274]]}},{"type":"Feature","properties":{"kind":"road","name":"Presidio Boulevard","surface":"asphalt"},"geometry":{"type":"LineString","coordinates":[[-122.447756,37.792035],[-122.447703,37.791709]]}},{"type":"Feature","properties":{"kind":"trail"},"geometry":{"type":"LineString","coordinates":[[-122.448923,37.802864],[-122.448993,37.802855]]}},{"type":"Feature","properties":{"kind":"trail","surface":"dirt"},"geometry":{"type":"LineString","coordinates":[[-122.458067,37.791768],[-122.458242,37.791814]]}},{"type":"Feature","properties":{"kind":"trail","surface":"dirt"},"geometry":{"type":"LineString","coordinates":[[-122.458242,37.791814],[-122.458207,37.791683]]}},{"type":"Feature","properties":{"kind":"trail","surface":"compacted"},"geometry":{"type":"LineString","coordinates":[[-122.455559,37.793709],[-122.455476,37.793723]]}},{"type":"Feature","properties":{"kind":"trail","surface":"concrete"},"geometry":{"type":"LineString","coordinates":[[-122.454156,37.792522],[-122.45373,37.792531],[-122.453665,37.792601],[-122.453632,37.792636]]}},{"type":"Feature","properties":{"kind":"trail","surface":"dirt"},"geometry":{"type":"LineString","coordinates":[[-122.450999,37.792075],[-122.450415,37.792203],[-122.450319,37.792506],[-122.449435,37.792636]]}},{"type":"Feature","properties":{"kind":"trail","name":"Lovers' Lane","surface":"concrete"},"geometry":{"type":"LineString","coordinates":[[-122.45417,37.797537],[-122.454261,37.797621]]}},{"type":"Feature","properties":{"kind":"trail"},"geometry":{"type":"LineString","coordinates":[[-122.461344,37.801269],[-122.46134,37.801311]]}},{"type":"Feature","properties":{"kind":"trail","surface":"dirt"},"geometry":{"type":"LineString","coordinates":[[-122.467284,37.80026],[-122.467323,37.799811]]}},{"type":"Feature","properties":{"kind":"trail","name":"Park Trail","surface":"dirt"},"geometry":{"type":"LineString","coordinates":[[-122.467124,37.799537],[-122.467302,37.799319]]}},{"type":"Feature","properties":{"kind":"trail","surface":"dirt"},"geometry":{"type":"LineString","coordinates":[[-122.465136,37.797297],[-122.464976,37.797263]]}},{"type":"Feature","properties":{"kind":"trail","name":"Bay Area Ridge Trail","surface":"dirt"},"geometry":{"type":"LineString","coordinates":[[-122.464481,37.796774],[-122.464367,37.796659],[-122.464381,37.79641],[-122.464502,37.796199]]}},{"type":"Feature","properties":{"kind":"trail","surface":"paved"},"geometry":{"type":"LineString","coordinates":[[-122.464381,37.79641],[-122.464496,37.796419]]}},{"type":"Feature","properties":{"kind":"trail","surface":"gravel"},"geometry":{"type":"LineString","coordinates":[[-122.45411,37.79148],[-122.454164,37.791547],[-122.454206,37.791826]]}},{"type":"Feature","properties":{"kind":"trail","surface":"paving_stones"},"geometry":{"type":"LineString","coordinates":[[-122.450562,37.777133],[-122.45058,37.777019],[-122.45061,37.776922],[-122.450581,37.776801],[-122.450796,37.776696],[-122.450856,37.776558],[-122.450698,37.776326],[-122.450655,37.776134]]}},{"type":"Feature","properties":{"kind":"road","name":"Anza Street","surface":"asphalt"},"geometry":{"type":"LineString","coordinates":[[-122.448812,37.780887],[-122.449313,37.780823],[-122.450862,37.780626]]}},{"type":"Feature","properties":{"kind":"road","name":"Euclid Avenue","surface":"asphalt"},"geometry":{"type":"LineString","coordinates":[[-122.45683,37.783928],[-122.459075,37.783826]]}},{"type":"Feature","properties":{"kind":"road","surface":"asphalt"},"geometry":{"type":"LineString","coordinates":[[-122.454562,37.784051],[-122.45465,37.784093],[-122.454717,37.784041],[-122.454713,37.78401],[-122.454643,37.783967],[-122.454559,37.784018],[-122.454562,37.784051]]}},{"type":"Feature","properties":{"kind":"road","name":"Euclid Avenue","surface":"asphalt"},"geometry":{"type":"LineString","coordinates":[[-122.454452,37.784041],[-122.454562,37.784051]]}},{"type":"Feature","properties":{"kind":"road","name":"Euclid Avenue","surface":"asphalt"},"geometry":{"type":"LineString","coordinates":[[-122.454559,37.784018],[-122.454452,37.784041]]}},{"type":"Feature","properties":{"kind":"road","name":"Euclid Avenue","surface":"asphalt"},"geometry":{"type":"LineString","coordinates":[[-122.454813,37.784024],[-122.454713,37.78401]]}},{"type":"Feature","properties":{"kind":"road","name":"Euclid Avenue","surface":"asphalt"},"geometry":{"type":"LineString","coordinates":[[-122.454717,37.784041],[-122.454813,37.784024]]}},{"type":"Feature","properties":{"kind":"steps"},"geometry":{"type":"LineString","coordinates":[[-122.490021,37.780592],[-122.490048,37.780592]]}},{"type":"Feature","properties":{"kind":"trail"},"geometry":{"type":"LineString","coordinates":[[-122.489916,37.780575],[-122.490021,37.780592]]}},{"type":"Feature","properties":{"kind":"steps"},"geometry":{"type":"LineString","coordinates":[[-122.48922,37.780968],[-122.489244,37.780967]]}},{"type":"Feature","properties":{"kind":"steps"},"geometry":{"type":"LineString","coordinates":[[-122.489529,37.780735],[-122.489576,37.780734]]}},{"type":"Feature","properties":{"kind":"trail"},"geometry":{"type":"LineString","coordinates":[[-122.490021,37.780592],[-122.490052,37.780664]]}},{"type":"Feature","properties":{"kind":"trail","surface":"concrete"},"geometry":{"type":"LineString","coordinates":[[-122.512065,37.780647],[-122.511962,37.780663]]}},{"type":"Feature","properties":{"kind":"trail","surface":"dirt"},"geometry":{"type":"LineString","coordinates":[[-122.480147,37.790671],[-122.479566,37.790656],[-122.479072,37.790513],[-122.478602,37.790311],[-122.478378,37.790112],[-122.47828,37.789839],[-122.478039,37.789766],[-122.47758,37.789501],[-122.477233,37.789493],[-122.476862,37.789646],[-122.476398,37.789609],[-122.476256,37.789703],[-122.475903,37.78967],[-122.475802,37.789701],[-122.475769,37.789772]]}},{"type":"Feature","properties":{"kind":"trail"},"geometry":{"type":"LineString","coordinates":[[-122.501783,37.784193],[-122.501786,37.784196]]}},{"type":"Feature","properties":{"kind":"trail","name":"Ghost Trail","surface":"dirt"},"geometry":{"type":"LineString","coordinates":[[-122.461848,37.799087],[-122.461825,37.799042],[-122.461894,37.798897],[-122.462053,37.798801],[-122.462313,37.798484],[-122.462332,37.798274],[-122.462428,37.798213],[-122.462518,37.798033],[-122.462621,37.797985],[-122.462993,37.798054],[-122.463075,37.797794],[-122.463277,37.797683],[-122.463704,37.797276],[-122.463919,37.79698],[-122.464089,37.79693],[-122.464423,37.796994]]}},{"type":"Feature","properties":{"kind":"trail","name":"Ghost Trail","surface":"dirt"},"geometry":{"type":"LineString","coordinates":[[-122.464959,37.797423],[-122.464848,37.797433],[-122.464546,37.797744],[-122.463951,37.797949],[-122.463564,37.798453],[-122.463335,37.798555],[-122.463099,37.798914],[-122.462852,37.799107],[-122.46272,37.799155],[-122.462425,37.799159],[-122.462067,37.79901],[-122.46196,37.799006],[-122.461911,37.799064]]}},{"type":"Feature","properties":{"kind":"trail","surface":"unpaved"},"geometry":{"type":"LineString","coordinates":[[-122.466899,37.802407],[-122.466683,37.802224],[-122.466483,37.802163],[-122.466188,37.802128],[-122.465591,37.802151]]}},{"type":"Feature","properties":{"kind":"trail"},"geometry":{"type":"LineString","coordinates":[[-122.461561,37.80123],[-122.461713,37.801154]]}},{"type":"Feature","properties":{"kind":"road"},"geometry":{"type":"LineString","coordinates":[[-122.461461,37.801316],[-122.461432,37.801341]]}},{"type":"Feature","properties":{"kind":"trail"},"geometry":{"type":"LineString","coordinates":[[-122.459487,37.798627],[-122.459623,37.798651]]}},{"type":"Feature","properties":{"kind":"trail","surface":"dirt"},"geometry":{"type":"LineString","coordinates":[[-122.47758,37.789501],[-122.477909,37.789389],[-122.47809,37.789152],[-122.47876,37.788618]]}},{"type":"Feature","properties":{"kind":"steps","name":"Cemetery Overlook Path","surface":"dirt"},"geometry":{"type":"LineString","coordinates":[[-122.471734,37.789652],[-122.471947,37.789796],[-122.472174,37.789995]]}},{"type":"Feature","properties":{"kind":"trail","surface":"asphalt"},"geometry":{"type":"LineString","coordinates":[[-122.471254,37.786705],[-122.471321,37.786787]]}},{"type":"Feature","properties":{"kind":"trail","surface":"concrete"},"geometry":{"type":"LineString","coordinates":[[-122.471254,37.786705],[-122.471069,37.786712],[-122.47098,37.786804]]}},{"type":"Feature","properties":{"kind":"trail","surface":"concrete"},"geometry":{"type":"LineString","coordinates":[[-122.471253,37.786693],[-122.471254,37.786705]]}},{"type":"Feature","properties":{"kind":"trail","surface":"asphalt"},"geometry":{"type":"LineString","coordinates":[[-122.470184,37.786728],[-122.470113,37.786744],[-122.470094,37.786743],[-122.470009,37.786747],[-122.469986,37.786748]]}},{"type":"Feature","properties":{"kind":"steps","surface":"wood"},"geometry":{"type":"LineString","coordinates":[[-122.470113,37.786744],[-122.470117,37.78678]]}},{"type":"Feature","properties":{"kind":"trail","surface":"asphalt"},"geometry":{"type":"LineString","coordinates":[[-122.470117,37.78678],[-122.470126,37.786873]]}},{"type":"Feature","properties":{"kind":"trail","surface":"asphalt"},"geometry":{"type":"LineString","coordinates":[[-122.470009,37.786747],[-122.469811,37.786848]]}},{"type":"Feature","properties":{"kind":"trail"},"geometry":{"type":"LineString","coordinates":[[-122.470094,37.786743],[-122.470011,37.786848]]}},{"type":"Feature","properties":{"kind":"trail","surface":"asphalt"},"geometry":{"type":"LineString","coordinates":[[-122.469102,37.7868],[-122.469141,37.786858]]}},{"type":"Feature","properties":{"kind":"trail","surface":"asphalt"},"geometry":{"type":"LineString","coordinates":[[-122.468928,37.78689],[-122.468923,37.786808]]}},{"type":"Feature","properties":{"kind":"trail","surface":"asphalt"},"geometry":{"type":"LineString","coordinates":[[-122.468042,37.786839],[-122.468083,37.786921]]}},{"type":"Feature","properties":{"kind":"steps","surface":"concrete"},"geometry":{"type":"LineString","coordinates":[[-122.466865,37.786892],[-122.466875,37.78698]]}},{"type":"Feature","properties":{"kind":"trail","surface":"asphalt"},"geometry":{"type":"LineString","coordinates":[[-122.46697,37.786889],[-122.466865,37.786892]]}},{"type":"Feature","properties":{"kind":"trail","surface":"asphalt"},"geometry":{"type":"LineString","coordinates":[[-122.466865,37.786892],[-122.466773,37.786894]]}},{"type":"Feature","properties":{"kind":"trail","surface":"asphalt"},"geometry":{"type":"LineString","coordinates":[[-122.467943,37.786832],[-122.467861,37.786848]]}},{"type":"Feature","properties":{"kind":"trail","surface":"asphalt"},"geometry":{"type":"LineString","coordinates":[[-122.473402,37.786982],[-122.473325,37.787012]]}},{"type":"Feature","properties":{"kind":"trail"},"geometry":{"type":"LineString","coordinates":[[-122.47864,37.787704],[-122.478848,37.78759]]}},{"type":"Feature","properties":{"kind":"road","name":"Graham Street"},"geometry":{"type":"LineString","coordinates":[[-122.45825,37.798824],[-122.458035,37.799117]]}},{"type":"Feature","properties":{"kind":"steps"},"geometry":{"type":"LineString","coordinates":[[-122.441727,37.782514],[-122.441729,37.782587]]}},{"type":"Feature","properties":{"kind":"trail"},"geometry":{"type":"LineString","coordinates":[[-122.441704,37.782392],[-122.441727,37.782514],[-122.441867,37.782531],[-122.441729,37.782587],[-122.441731,37.782603]]}},{"type":"Feature","properties":{"kind":"road","name":"Geary Boulevard","surface":"asphalt"},"geometry":{"type":"LineString","coordinates":[[-122.451719,37.781978],[-122.452175,37.781919]]}},{"type":"Feature","properties":{"kind":"road","name":"Masonic Avenue","surface":"asphalt"},"geometry":{"type":"LineString","coordinates":[[-122.447693,37.781645],[-122.447699,37.781497]]}},{"type":"Feature","properties":{"kind":"trail","name":"Coastal Trail","surface":"wood"},"geometry":{"type":"LineString","coordinates":[[-122.483204,37.793251],[-122.483204,37.793534]]}},{"type":"Feature","properties":{"kind":"trail","name":"Coastal Trail","surface":"sand"},"geometry":{"type":"LineString","coordinates":[[-122.482169,37.795169],[-122.482541,37.794815],[-122.482708,37.794768]]}},{"type":"Feature","properties":{"kind":"trail","surface":"concrete"},"geometry":{"type":"LineString","coordinates":[[-122.482602,37.79413],[-122.48264,37.794126]]}},{"type":"Feature","properties":{"kind":"trail","surface":"concrete"},"geometry":{"type":"LineString","coordinates":[[-122.482688,37.793931],[-122.482741,37.793951]]}},{"type":"Feature","properties":{"kind":"trail","surface":"asphalt"},"geometry":{"type":"LineString","coordinates":[[-122.482713,37.793518],[-122.483105,37.793256],[-122.483134,37.793245],[-122.483132,37.793178],[-122.483193,37.793121],[-122.483239,37.793136]]}},{"type":"Feature","properties":{"kind":"trail","surface":"compacted"},"geometry":{"type":"LineString","coordinates":[[-122.477673,37.801878],[-122.477351,37.801805]]}},{"type":"Feature","properties":{"kind":"trail","surface":"concrete"},"geometry":{"type":"LineString","coordinates":[[-122.475381,37.807908],[-122.475298,37.807964]]}},{"type":"Feature","properties":{"kind":"trail","surface":"paved"},"geometry":{"type":"LineString","coordinates":[[-122.475175,37.80744],[-122.475068,37.807531],[-122.474975,37.807601]]}},{"type":"Feature","properties":{"kind":"steps","surface":"concrete"},"geometry":{"type":"LineString","coordinates":[[-122.475487,37.807766],[-122.475521,37.807743]]}},{"type":"Feature","properties":{"kind":"trail","surface":"concrete"},"geometry":{"type":"LineString","coordinates":[[-122.475814,37.804319],[-122.475783,37.804333]]}},{"type":"Feature","properties":{"kind":"trail","surface":"compacted"},"geometry":{"type":"LineString","coordinates":[[-122.476969,37.804106],[-122.477096,37.804143]]}},{"type":"Feature","properties":{"kind":"steps"},"geometry":{"type":"LineString","coordinates":[[-122.477096,37.804143],[-122.477144,37.804093]]}},{"type":"Feature","properties":{"kind":"trail","surface":"concrete"},"geometry":{"type":"LineString","coordinates":[[-122.477119,37.804215],[-122.477177,37.804096],[-122.477148,37.804085],[-122.477144,37.804093]]}},{"type":"Feature","properties":{"kind":"trail","surface":"concrete"},"geometry":{"type":"LineString","coordinates":[[-122.477148,37.804085],[-122.477184,37.804015]]}},{"type":"Feature","properties":{"kind":"trail","surface":"concrete"},"geometry":{"type":"LineString","coordinates":[[-122.477395,37.804049],[-122.477304,37.803996],[-122.477367,37.803868],[-122.477303,37.803847]]}},{"type":"Feature","properties":{"kind":"trail","surface":"concrete"},"geometry":{"type":"LineString","coordinates":[[-122.477343,37.804459],[-122.477308,37.804535],[-122.477184,37.804536]]}},{"type":"Feature","properties":{"kind":"trail","surface":"concrete"},"geometry":{"type":"LineString","coordinates":[[-122.477176,37.804513],[-122.477165,37.804531],[-122.477127,37.804555]]}},{"type":"Feature","properties":{"kind":"trail"},"geometry":{"type":"LineString","coordinates":[[-122.455899,37.803945],[-122.455777,37.803878],[-122.455936,37.803792],[-122.455896,37.803607],[-122.456007,37.803533],[-122.456645,37.80338],[-122.457102,37.803413],[-122.457433,37.803514],[-122.457598,37.8036]]}},{"type":"Feature","properties":{"kind":"trail"},"geometry":{"type":"LineString","coordinates":[[-122.455537,37.803145],[-122.455703,37.803363],[-122.455802,37.80331],[-122.455961,37.803242],[-122.456287,37.803222],[-122.457537,37.803353],[-122.457909,37.803455],[-122.457961,37.803469],[-122.458428,37.803536],[-122.458634,37.803565],[-122.45865,37.803606]]}},{"type":"Feature","properties":{"kind":"steps","surface":"concrete"},"geometry":{"type":"LineString","coordinates":[[-122.455703,37.803363],[-122.456007,37.803533]]}},{"type":"Feature","properties":{"kind":"steps","surface":"concrete"},"geometry":{"type":"LineString","coordinates":[[-122.457453,37.803156],[-122.457277,37.802932]]}},{"type":"Feature","properties":{"kind":"steps","surface":"concrete"},"geometry":{"type":"LineString","coordinates":[[-122.455802,37.80331],[-122.455767,37.803274]]}},{"type":"Feature","properties":{"kind":"trail"},"geometry":{"type":"LineString","coordinates":[[-122.455767,37.803274],[-122.455744,37.803238],[-122.456285,37.803081],[-122.457096,37.803044],[-122.457156,37.802989],[-122.457109,37.802807],[-122.457052,37.802765],[-122.456798,37.802693],[-122.456631,37.802707],[-122.456455,37.802792],[-122.456164,37.802774],[-122.455937,37.80264]]}},{"type":"Feature","properties":{"kind":"trail","surface":"concrete"},"geometry":{"type":"LineString","coordinates":[[-122.454631,37.803228],[-122.454522,37.803491],[-122.454595,37.803545],[-122.454691,37.803509],[-122.455129,37.803383],[-122.45539,37.803248],[-122.455537,37.803145],[-122.455581,37.80309],[-122.455721,37.802927],[-122.455937,37.80264],[-122.456004,37.802543],[-122.456037,37.802508],[-122.456058,37.802487],[-122.45624,37.802242],[-122.456157,37.802164],[-122.455954,37.802077]]}},{"type":"Feature","properties":{"kind":"trail"},"geometry":{"type":"LineString","coordinates":[[-122.454631,37.803228],[-122.454751,37.803087],[-122.454864,37.802996],[-122.454942,37.802942],[-122.455042,37.802873],[-122.455712,37.802595],[-122.456004,37.802543]]}},{"type":"Feature","properties":{"kind":"trail","surface":"concrete"},"geometry":{"type":"LineString","coordinates":[[-122.457659,37.802183],[-122.457638,37.802209],[-122.457525,37.802341],[-122.457358,37.802444],[-122.457081,37.802517],[-122.456689,37.802487],[-122.456515,37.802412],[-122.456378,37.802309],[-122.45624,37.802242]]}},{"type":"Feature","properties":{"kind":"trail"},"geometry":{"type":"LineString","coordinates":[[-122.457052,37.802765],[-122.456743,37.802515],[-122.456689,37.802487]]}},{"type":"Feature","properties":{"kind":"trail"},"geometry":{"type":"LineString","coordinates":[[-122.456541,37.801763],[-122.456545,37.801828],[-122.456553,37.801967],[-122.456582,37.802032],[-122.456862,37.802262],[-122.456996,37.802306],[-122.457134,37.802335],[-122.457525,37.802341]]}},{"type":"Feature","properties":{"kind":"trail"},"geometry":{"type":"LineString","coordinates":[[-122.454631,37.803228],[-122.454499,37.803321],[-122.454399,37.803469],[-122.454384,37.803575],[-122.454456,37.803776],[-122.454292,37.803936],[-122.454308,37.804005],[-122.454466,37.804133]]}},{"type":"Feature","properties":{"kind":"trail","surface":"concrete"},"geometry":{"type":"LineString","coordinates":[[-122.469803,37.807151],[-122.469931,37.806992]]}},{"type":"Feature","properties":{"kind":"trail","surface":"compacted"},"geometry":{"type":"LineString","coordinates":[[-122.470458,37.808013],[-122.470517,37.808246]]}},{"type":"Feature","properties":{"kind":"road","surface":"concrete"},"geometry":{"type":"LineString","coordinates":[[-122.470762,37.808511],[-122.47068,37.808469],[-122.470496,37.808375],[-122.470383,37.808304]]}},{"type":"Feature","properties":{"kind":"trail","surface":"concrete"},"geometry":{"type":"LineString","coordinates":[[-122.470517,37.808246],[-122.470513,37.808269],[-122.470496,37.808375]]}},{"type":"Feature","properties":{"kind":"trail","surface":"concrete"},"geometry":{"type":"LineString","coordinates":[[-122.470513,37.808269],[-122.470908,37.808141]]}},{"type":"Feature","properties":{"kind":"trail","name":"Andrews Road","surface":"concrete"},"geometry":{"type":"LineString","coordinates":[[-122.472499,37.808211],[-122.472413,37.808025]]}},{"type":"Feature","properties":{"kind":"steps","surface":"dirt"},"geometry":{"type":"LineString","coordinates":[[-122.474463,37.808342],[-122.474411,37.808326]]}},{"type":"Feature","properties":{"kind":"trail","surface":"concrete"},"geometry":{"type":"LineString","coordinates":[[-122.475326,37.808431],[-122.475223,37.808638],[-122.475119,37.808684]]}},{"type":"Feature","properties":{"kind":"trail","surface":"paved"},"geometry":{"type":"LineString","coordinates":[[-122.472541,37.807255],[-122.472697,37.807385],[-122.472763,37.807561],[-122.472739,37.807657],[-122.472401,37.807488],[-122.472371,37.807474],[-122.472155,37.807345]]}},{"type":"Feature","properties":{"kind":"trail","surface":"paving_stones"},"geometry":{"type":"LineString","coordinates":[[-122.472739,37.807657],[-122.472732,37.807674]]}},{"type":"Feature","properties":{"kind":"trail","surface":"paving_stones"},"geometry":{"type":"LineString","coordinates":[[-122.472715,37.80772],[-122.472696,37.80777]]}},{"type":"Feature","properties":{"kind":"road","name":"Presidio Promenade","surface":"asphalt"},"geometry":{"type":"LineString","coordinates":[[-122.470036,37.805912],[-122.470096,37.805973]]}},{"type":"Feature","properties":{"kind":"road","name":"Presidio Promenade","surface":"asphalt"},"geometry":{"type":"LineString","coordinates":[[-122.469982,37.805866],[-122.470036,37.805912]]}},{"type":"Feature","properties":{"kind":"steps"},"geometry":{"type":"LineString","coordinates":[[-122.446328,37.775954],[-122.446302,37.77596]]}},{"type":"Feature","properties":{"kind":"trail","surface":"concrete"},"geometry":{"type":"LineString","coordinates":[[-122.446302,37.77596],[-122.446225,37.775978]]}},{"type":"Feature","properties":{"kind":"steps","surface":"concrete"},"geometry":{"type":"LineString","coordinates":[[-122.446226,37.775987],[-122.446225,37.775978]]}},{"type":"Feature","properties":{"kind":"trail","surface":"concrete"},"geometry":{"type":"LineString","coordinates":[[-122.446226,37.775987],[-122.446228,37.776004],[-122.446299,37.776018]]}},{"type":"Feature","properties":{"kind":"trail","surface":"concrete"},"geometry":{"type":"LineString","coordinates":[[-122.446228,37.776004],[-122.446168,37.776008],[-122.446136,37.776057],[-122.446138,37.776068]]}},{"type":"Feature","properties":{"kind":"trail","surface":"concrete"},"geometry":{"type":"LineString","coordinates":[[-122.446136,37.776057],[-122.445801,37.776097],[-122.445804,37.776117]]}},{"type":"Feature","properties":{"kind":"trail","surface":"concrete"},"geometry":{"type":"LineString","coordinates":[[-122.445801,37.776097],[-122.4454,37.776139],[-122.445389,37.776129]]}},{"type":"Feature","properties":{"kind":"trail","surface":"concrete"},"geometry":{"type":"LineString","coordinates":[[-122.445801,37.776097],[-122.44579,37.776051]]}},{"type":"Feature","properties":{"kind":"trail","surface":"concrete"},"geometry":{"type":"LineString","coordinates":[[-122.445779,37.775995],[-122.445776,37.77598]]}},{"type":"Feature","properties":{"kind":"trail","surface":"concrete"},"geometry":{"type":"LineString","coordinates":[[-122.4454,37.776139],[-122.44541,37.776164]]}},{"type":"Feature","properties":{"kind":"trail","surface":"concrete"},"geometry":{"type":"LineString","coordinates":[[-122.451378,37.775284],[-122.451377,37.775271]]}},{"type":"Feature","properties":{"kind":"trail","surface":"concrete"},"geometry":{"type":"LineString","coordinates":[[-122.451723,37.775242],[-122.45172,37.775227]]}},{"type":"Feature","properties":{"kind":"trail","surface":"concrete"},"geometry":{"type":"LineString","coordinates":[[-122.453437,37.77708],[-122.453367,37.777045]]}},{"type":"Feature","properties":{"kind":"trail","surface":"concrete"},"geometry":{"type":"LineString","coordinates":[[-122.458753,37.777423],[-122.45875,37.777502]]}},{"type":"Feature","properties":{"kind":"trail","surface":"concrete"},"geometry":{"type":"LineString","coordinates":[[-122.458698,37.777464],[-122.45875,37.777502]]}},{"type":"Feature","properties":{"kind":"trail","surface":"concrete"},"geometry":{"type":"LineString","coordinates":[[-122.458698,37.777464],[-122.458753,37.777423]]}},{"type":"Feature","properties":{"kind":"road","surface":"concrete"},"geometry":{"type":"LineString","coordinates":[[-122.458751,37.777508],[-122.4587,37.77751],[-122.458691,37.777464],[-122.458718,37.777403],[-122.458912,37.777476],[-122.458751,37.777508]]}},{"type":"Feature","properties":{"kind":"trail","surface":"compacted"},"geometry":{"type":"LineString","coordinates":[[-122.458024,37.802325],[-122.457954,37.802349],[-122.457638,37.802209],[-122.45732,37.802061],[-122.457053,37.801978]]}},{"type":"Feature","properties":{"kind":"trail"},"geometry":{"type":"LineString","coordinates":[[-122.456982,37.802355],[-122.456926,37.802365],[-122.456917,37.802429],[-122.456985,37.802427],[-122.456982,37.802355],[-122.456996,37.802306],[-122.457024,37.802254]]}},{"type":"Feature","properties":{"kind":"trail","surface":"concrete"},"geometry":{"type":"LineString","coordinates":[[-122.455971,37.802456],[-122.45608,37.802266],[-122.456157,37.802164],[-122.456353,37.80188],[-122.456553,37.801967]]}},{"type":"Feature","properties":{"kind":"trail","surface":"concrete"},"geometry":{"type":"LineString","coordinates":[[-122.456378,37.802309],[-122.456582,37.802032]]}},{"type":"Feature","properties":{"kind":"trail"},"geometry":{"type":"LineString","coordinates":[[-122.456743,37.802515],[-122.456631,37.802707]]}},{"type":"Feature","properties":{"kind":"trail"},"geometry":{"type":"LineString","coordinates":[[-122.456862,37.802262],[-122.456626,37.802315],[-122.456515,37.802412],[-122.456333,37.80251],[-122.456058,37.802487]]}},{"type":"Feature","properties":{"kind":"trail"},"geometry":{"type":"LineString","coordinates":[[-122.456455,37.802792],[-122.456105,37.802915],[-122.455721,37.802927]]}},{"type":"Feature","properties":{"kind":"trail"},"geometry":{"type":"LineString","coordinates":[[-122.455581,37.80309],[-122.455652,37.803195],[-122.455744,37.803238]]}},{"type":"Feature","properties":{"kind":"trail","surface":"compacted"},"geometry":{"type":"LineString","coordinates":[[-122.455581,37.80309],[-122.455276,37.803177],[-122.455077,37.803167],[-122.454992,37.803069],[-122.455042,37.802873]]}},{"type":"Feature","properties":{"kind":"trail","surface":"compacted"},"geometry":{"type":"LineString","coordinates":[[-122.45539,37.803248],[-122.455031,37.803269],[-122.454812,37.803205],[-122.454751,37.803087]]}},{"type":"Feature","properties":{"kind":"trail","surface":"compacted"},"geometry":{"type":"LineString","coordinates":[[-122.454691,37.803509],[-122.454706,37.803373],[-122.454812,37.803205],[-122.454864,37.802996]]}},{"type":"Feature","properties":{"kind":"trail","surface":"compacted"},"geometry":{"type":"LineString","coordinates":[[-122.457024,37.802254],[-122.456983,37.80215],[-122.457053,37.801978],[-122.457087,37.801887]]}},{"type":"Feature","properties":{"kind":"trail","surface":"compacted"},"geometry":{"type":"LineString","coordinates":[[-122.457024,37.802254],[-122.457131,37.802293],[-122.457261,37.802227],[-122.45732,37.802061],[-122.45736,37.801968]]}},{"type":"Feature","properties":{"kind":"trail"},"geometry":{"type":"LineString","coordinates":[[-122.465979,37.790307],[-122.466369,37.790325],[-122.466624,37.790246],[-122.466825,37.789925],[-122.467446,37.789467],[-122.46878,37.788815],[-122.469401,37.788412],[-122.469685,37.788429],[-122.469801,37.788495],[-122.46983,37.788751],[-122.469711,37.788873],[-122.468854,37.789431],[-122.468283,37.789998],[-122.467704,37.790449],[-122.466916,37.790915]]}},{"type":"Feature","properties":{"kind":"trail","surface":"concrete"},"geometry":{"type":"LineString","coordinates":[[-122.462089,37.801881],[-122.46254,37.801835],[-122.463068,37.801935],[-122.463694,37.802115],[-122.463726,37.80224],[-122.463598,37.802371]]}},{"type":"Feature","properties":{"kind":"trail","surface":"concrete"},"geometry":{"type":"LineString","coordinates":[[-122.448228,37.800313],[-122.448246,37.800186],[-122.448442,37.80012]]}},{"type":"Feature","properties":{"kind":"road","name":"California Street","surface":"asphalt"},"geometry":{"type":"LineString","coordinates":[[-122.447169,37.787225],[-122.447218,37.787219]]}},{"type":"Feature","properties":{"kind":"road","name":"Presidio Avenue","surface":"asphalt"},"geometry":{"type":"LineString","coordinates":[[-122.446747,37.786942],[-122.446812,37.787271]]}},{"type":"Feature","properties":{"kind":"trail"},"geometry":{"type":"LineString","coordinates":[[-122.507145,37.781267],[-122.507145,37.7813]]}},{"type":"Feature","properties":{"kind":"steps"},"geometry":{"type":"LineString","coordinates":[[-122.507145,37.7813],[-122.507147,37.781383],[-122.506975,37.781413],[-122.506961,37.781472]]}},{"type":"Feature","properties":{"kind":"trail"},"geometry":{"type":"LineString","coordinates":[[-122.508262,37.782383],[-122.508195,37.782367]]}},{"type":"Feature","properties":{"kind":"trail"},"geometry":{"type":"LineString","coordinates":[[-122.507779,37.782225],[-122.507952,37.782356],[-122.508195,37.782367]]}},{"type":"Feature","properties":{"kind":"trail","surface":"unpaved"},"geometry":{"type":"LineString","coordinates":[[-122.508316,37.782399],[-122.508461,37.78244]]}},{"type":"Feature","properties":{"kind":"steps"},"geometry":{"type":"LineString","coordinates":[[-122.508316,37.782399],[-122.508262,37.782383]]}},{"type":"Feature","properties":{"kind":"steps"},"geometry":{"type":"LineString","coordinates":[[-122.508505,37.782459],[-122.508461,37.78244]]}},{"type":"Feature","properties":{"kind":"trail","surface":"asphalt"},"geometry":{"type":"LineString","coordinates":[[-122.47784,37.77953],[-122.477847,37.779615]]}},{"type":"Feature","properties":{"kind":"trail"},"geometry":{"type":"LineString","coordinates":[[-122.512688,37.779193],[-122.512635,37.779171]]}},{"type":"Feature","properties":{"kind":"trail"},"geometry":{"type":"LineString","coordinates":[[-122.512764,37.779196],[-122.512855,37.779181]]}},{"type":"Feature","properties":{"kind":"trail"},"geometry":{"type":"LineString","coordinates":[[-122.440349,37.808456],[-122.440108,37.808633],[-122.440182,37.808503],[-122.44023,37.808514],[-122.440254,37.808462]]}},{"type":"Feature","properties":{"kind":"steps"},"geometry":{"type":"LineString","coordinates":[[-122.440254,37.808462],[-122.440281,37.808437]]}},{"type":"Feature","properties":{"kind":"trail"},"geometry":{"type":"LineString","coordinates":[[-122.440281,37.808437],[-122.440382,37.8084]]}},{"type":"Feature","properties":{"kind":"steps"},"geometry":{"type":"LineString","coordinates":[[-122.440182,37.808503],[-122.440238,37.808535]]}},{"type":"Feature","properties":{"kind":"trail"},"geometry":{"type":"LineString","coordinates":[[-122.440238,37.808535],[-122.440382,37.8084]]}},{"type":"Feature","properties":{"kind":"trail","surface":"asphalt"},"geometry":{"type":"LineString","coordinates":[[-122.450025,37.778783],[-122.450015,37.778686],[-122.449894,37.778532],[-122.449886,37.778355]]}},{"type":"Feature","properties":{"kind":"road","name":"Geary Boulevard"},"geometry":{"type":"LineString","coordinates":[[-122.442331,37.783022],[-122.44282,37.78296]]}},{"type":"Feature","properties":{"kind":"road","name":"Geary Boulevard","surface":"asphalt"},"geometry":{"type":"LineString","coordinates":[[-122.472342,37.780724],[-122.472405,37.780721]]}},{"type":"Feature","properties":{"kind":"road","name":"Masonic Avenue","surface":"asphalt"},"geometry":{"type":"LineString","coordinates":[[-122.44756,37.781361],[-122.447548,37.781767],[-122.447525,37.781861]]}},{"type":"Feature","properties":{"kind":"steps"},"geometry":{"type":"LineString","coordinates":[[-122.449586,37.780697],[-122.44957,37.780625]]}},{"type":"Feature","properties":{"kind":"steps"},"geometry":{"type":"LineString","coordinates":[[-122.449552,37.780522],[-122.449537,37.780446]]}},{"type":"Feature","properties":{"kind":"steps"},"geometry":{"type":"LineString","coordinates":[[-122.449781,37.780678],[-122.449772,37.780621]]}},{"type":"Feature","properties":{"kind":"steps"},"geometry":{"type":"LineString","coordinates":[[-122.449772,37.780621],[-122.449766,37.780596]]}},{"type":"Feature","properties":{"kind":"steps"},"geometry":{"type":"LineString","coordinates":[[-122.449515,37.780316],[-122.449522,37.780218]]}},{"type":"Feature","properties":{"kind":"steps"},"geometry":{"type":"LineString","coordinates":[[-122.449772,37.780621],[-122.449786,37.780596]]}},{"type":"Feature","properties":{"kind":"trail"},"geometry":{"type":"LineString","coordinates":[[-122.449522,37.780218],[-122.449577,37.780311]]}},{"type":"Feature","properties":{"kind":"trail","surface":"asphalt"},"geometry":{"type":"LineString","coordinates":[[-122.449493,37.799414],[-122.449339,37.799531],[-122.448991,37.799572]]}},{"type":"Feature","properties":{"kind":"trail","surface":"concrete"},"geometry":{"type":"LineString","coordinates":[[-122.448362,37.800576],[-122.448293,37.800494]]}},{"type":"Feature","properties":{"kind":"steps","surface":"concrete"},"geometry":{"type":"LineString","coordinates":[[-122.448293,37.800494],[-122.448292,37.800482]]}},{"type":"Feature","properties":{"kind":"trail","surface":"concrete"},"geometry":{"type":"LineString","coordinates":[[-122.448316,37.800419],[-122.448313,37.80035]]}},{"type":"Feature","properties":{"kind":"steps","surface":"concrete"},"geometry":{"type":"LineString","coordinates":[[-122.448316,37.800431],[-122.448316,37.800419]]}},{"type":"Feature","properties":{"kind":"trail","surface":"asphalt"},"geometry":{"type":"LineString","coordinates":[[-122.449015,37.800686],[-122.448998,37.800683],[-122.448941,37.800739],[-122.449034,37.800753],[-122.449015,37.800686]]}},{"type":"Feature","properties":{"kind":"trail"},"geometry":{"type":"LineString","coordinates":[[-122.450925,37.799923],[-122.450905,37.79992],[-122.450337,37.799719]]}},{"type":"Feature","properties":{"kind":"trail","surface":"paving_stones"},"geometry":{"type":"LineString","coordinates":[[-122.450337,37.799719],[-122.450272,37.799696]]}},{"type":"Feature","properties":{"kind":"road","name":"Masonic Avenue","surface":"asphalt"},"geometry":{"type":"LineString","coordinates":[[-122.447506,37.781073],[-122.44756,37.781361]]}},{"type":"Feature","properties":{"kind":"road","name":"Masonic Avenue","surface":"asphalt"},"geometry":{"type":"LineString","coordinates":[[-122.44739,37.780431],[-122.447432,37.780736]]}},{"type":"Feature","properties":{"kind":"trail"},"geometry":{"type":"LineString","coordinates":[[-122.449839,37.779324],[-122.449786,37.77936],[-122.44973,37.779366],[-122.449699,37.77931],[-122.449682,37.779265],[-122.449665,37.779246],[-122.449625,37.779177],[-122.449541,37.779209]]}},{"type":"Feature","properties":{"kind":"trail"},"geometry":{"type":"LineString","coordinates":[[-122.449573,37.779359],[-122.44964,37.779388],[-122.449699,37.77931]]}},{"type":"Feature","properties":{"kind":"trail"},"geometry":{"type":"LineString","coordinates":[[-122.449786,37.77936],[-122.449732,37.779301],[-122.449745,37.779272],[-122.449736,37.77921],[-122.449625,37.779177]]}},{"type":"Feature","properties":{"kind":"trail"},"geometry":{"type":"LineString","coordinates":[[-122.449745,37.779272],[-122.449682,37.779265]]}},{"type":"Feature","properties":{"kind":"trail"},"geometry":{"type":"LineString","coordinates":[[-122.449736,37.77921],[-122.449665,37.779246]]}},{"type":"Feature","properties":{"kind":"trail"},"geometry":{"type":"LineString","coordinates":[[-122.449732,37.779301],[-122.449699,37.77931]]}},{"type":"Feature","properties":{"kind":"trail"},"geometry":{"type":"LineString","coordinates":[[-122.449531,37.779457],[-122.449511,37.779368],[-122.449501,37.779325],[-122.449415,37.779336],[-122.44936,37.779046],[-122.449573,37.778892],[-122.449625,37.778812]]}},{"type":"Feature","properties":{"kind":"trail"},"geometry":{"type":"LineString","coordinates":[[-122.449812,37.778977],[-122.449573,37.778892]]}},{"type":"Feature","properties":{"kind":"trail"},"geometry":{"type":"LineString","coordinates":[[-122.450175,37.778972],[-122.450153,37.778871]]}},{"type":"Feature","properties":{"kind":"trail"},"geometry":{"type":"LineString","coordinates":[[-122.450393,37.778988],[-122.450358,37.778826]]}},{"type":"Feature","properties":{"kind":"steps"},"geometry":{"type":"LineString","coordinates":[[-122.45019,37.779724],[-122.450264,37.779715]]}},{"type":"Feature","properties":{"kind":"trail"},"geometry":{"type":"LineString","coordinates":[[-122.45076,37.778933],[-122.450706,37.778938]]}},{"type":"Feature","properties":{"kind":"trail"},"geometry":{"type":"LineString","coordinates":[[-122.450658,37.778943],[-122.450633,37.778946]]}},{"type":"Feature","properties":{"kind":"steps"},"geometry":{"type":"LineString","coordinates":[[-122.450706,37.778938],[-122.450658,37.778943]]}},{"type":"Feature","properties":{"kind":"trail"},"geometry":{"type":"LineString","coordinates":[[-122.450571,37.779061],[-122.450659,37.779065]]}},{"type":"Feature","properties":{"kind":"trail"},"geometry":{"type":"LineString","coordinates":[[-122.44949,37.779615],[-122.449516,37.779812],[-122.449788,37.779857],[-122.449824,37.779853],[-122.44994,37.779839]]}},{"type":"Feature","properties":{"kind":"trail"},"geometry":{"type":"LineString","coordinates":[[-122.449824,37.779853],[-122.449788,37.779857]]}},{"type":"Feature","properties":{"kind":"trail","surface":"concrete"},"geometry":{"type":"LineString","coordinates":[[-122.450207,37.779869],[-122.450194,37.779859]]}},{"type":"Feature","properties":{"kind":"steps","surface":"concrete"},"geometry":{"type":"LineString","coordinates":[[-122.450249,37.780005],[-122.450175,37.779963]]}},{"type":"Feature","properties":{"kind":"steps"},"geometry":{"type":"LineString","coordinates":[[-122.450175,37.779947],[-122.450232,37.77993]]}},{"type":"Feature","properties":{"kind":"trail","surface":"concrete"},"geometry":{"type":"LineString","coordinates":[[-122.450175,37.779963],[-122.450175,37.779947]]}},{"type":"Feature","properties":{"kind":"trail","surface":"concrete"},"geometry":{"type":"LineString","coordinates":[[-122.450232,37.77993],[-122.450234,37.779915]]}},{"type":"Feature","properties":{"kind":"steps"},"geometry":{"type":"LineString","coordinates":[[-122.450234,37.779915],[-122.450207,37.779869]]}},{"type":"Feature","properties":{"kind":"road","name":"Geary Boulevard","surface":"asphalt"},"geometry":{"type":"LineString","coordinates":[[-122.44008,37.783171],[-122.439526,37.783242]]}},{"type":"Feature","properties":{"kind":"road","name":"Masonic Avenue","surface":"asphalt"},"geometry":{"type":"LineString","coordinates":[[-122.447258,37.783396],[-122.447206,37.783135]]}},{"type":"Feature","properties":{"kind":"trail","name":"The Esplanade","surface":"concrete"},"geometry":{"type":"LineString","coordinates":[[-122.512108,37.776696],[-122.511962,37.776471],[-122.511904,37.776163],[-122.511867,37.775863],[-122.511816,37.775453],[-122.511766,37.775045],[-122.511748,37.774911],[-122.511231,37.770702],[-122.511288,37.770413]]}},{"type":"Feature","properties":{"kind":"trail","name":"Coastal Trail","surface":"compacted"},"geometry":{"type":"LineString","coordinates":[[-122.509994,37.78075],[-122.510073,37.780721]]}},{"type":"Feature","properties":{"kind":"trail","surface":"concrete"},"geometry":{"type":"LineString","coordinates":[[-122.510164,37.783261],[-122.510446,37.783217],[-122.51058,37.783201],[-122.510734,37.783189],[-122.510872,37.783183],[-122.511001,37.783162],[-122.511128,37.783132],[-122.511186,37.783114]]}},{"type":"Feature","properties":{"kind":"trail","name":"Coastal Trail","surface":"compacted"},"geometry":{"type":"LineString","coordinates":[[-122.511318,37.783369],[-122.510643,37.783492],[-122.510131,37.783546],[-122.509713,37.783871],[-122.509332,37.784039]]}},{"type":"Feature","properties":{"kind":"trail","name":"Coastal Trail","surface":"unpaved"},"geometry":{"type":"LineString","coordinates":[[-122.505695,37.784858],[-122.505546,37.784923]]}},{"type":"Feature","properties":{"kind":"trail","name":"El Camino del Mar","surface":"unpaved"},"geometry":{"type":"LineString","coordinates":[[-122.505463,37.784067],[-122.505274,37.784062],[-122.505146,37.783984]]}},{"type":"Feature","properties":{"kind":"trail","name":"Coastal Trail","surface":"sand"},"geometry":{"type":"LineString","coordinates":[[-122.485148,37.790276],[-122.484856,37.790622],[-122.484063,37.791141]]}},{"type":"Feature","properties":{"kind":"trail","name":"Coastal Trail","surface":"dirt"},"geometry":{"type":"LineString","coordinates":[[-122.479686,37.796257],[-122.479805,37.795772],[-122.480323,37.795473],[-122.480714,37.795471],[-122.480858,37.795412],[-122.480869,37.795327],[-122.480761,37.795111],[-122.481,37.794841],[-122.480892,37.794498],[-122.48093,37.794431],[-122.481033,37.794423],[-122.481196,37.794465],[-122.481509,37.794421],[-122.481635,37.794471],[-122.4819,37.795042],[-122.482122,37.795208],[-122.482169,37.795169]]}},{"type":"Feature","properties":{"kind":"trail","name":"Coastal Trail","surface":"gravel"},"geometry":{"type":"LineString","coordinates":[[-122.476816,37.805947],[-122.476759,37.805891]]}},{"type":"Feature","properties":{"kind":"trail","surface":"asphalt"},"geometry":{"type":"LineString","coordinates":[[-122.447347,37.805245],[-122.44731,37.805165]]}},{"type":"Feature","properties":{"kind":"trail","surface":"concrete"},"geometry":{"type":"LineString","coordinates":[[-122.458634,37.803056],[-122.458134,37.803108],[-122.457796,37.803154],[-122.457537,37.803353],[-122.457433,37.803514],[-122.457322,37.803598],[-122.457279,37.803619],[-122.457225,37.803638],[-122.457082,37.803662],[-122.456947,37.803653],[-122.456757,37.803615],[-122.45673,37.803613],[-122.456699,37.80361],[-122.456433,37.80364],[-122.456259,37.8037],[-122.456157,37.803747],[-122.456107,37.803764],[-122.455936,37.803792]]}},{"type":"Feature","properties":{"kind":"trail","name":"Bay Area Ridge Trail","surface":"dirt"},"geometry":{"type":"LineString","coordinates":[[-122.466984,37.796614],[-122.467114,37.796567],[-122.467178,37.796545]]}},{"type":"Feature","properties":{"kind":"trail","name":"Bay Area Ridge Trail","surface":"dirt"},"geometry":{"type":"LineString","coordinates":[[-122.467114,37.796567],[-122.467128,37.79625],[-122.467191,37.796137]]}},{"type":"Feature","properties":{"kind":"trail"},"geometry":{"type":"LineString","coordinates":[[-122.469767,37.790279],[-122.469237,37.790471]]}},{"type":"Feature","properties":{"kind":"trail","surface":"concrete"},"geometry":{"type":"LineString","coordinates":[[-122.459586,37.790667],[-122.459748,37.790627]]}},{"type":"Feature","properties":{"kind":"trail"},"geometry":{"type":"LineString","coordinates":[[-122.459978,37.790548],[-122.460134,37.790493]]}},{"type":"Feature","properties":{"kind":"trail","surface":"concrete"},"geometry":{"type":"LineString","coordinates":[[-122.477663,37.798887],[-122.477807,37.798806],[-122.477975,37.79893],[-122.478047,37.798983],[-122.478048,37.798873],[-122.47805,37.798629]]}},{"type":"Feature","properties":{"kind":"steps","surface":"wood"},"geometry":{"type":"LineString","coordinates":[[-122.478048,37.798873],[-122.477975,37.79893]]}},{"type":"Feature","properties":{"kind":"trail"},"geometry":{"type":"LineString","coordinates":[[-122.477794,37.803937],[-122.477816,37.804042]]}},{"type":"Feature","properties":{"kind":"trail"},"geometry":{"type":"LineString","coordinates":[[-122.477184,37.804536],[-122.477165,37.804531]]}},{"type":"Feature","properties":{"kind":"steps","surface":"asphalt"},"geometry":{"type":"LineString","coordinates":[[-122.458549,37.77887],[-122.458427,37.77887]]}},{"type":"Feature","properties":{"kind":"trail"},"geometry":{"type":"LineString","coordinates":[[-122.452393,37.802785],[-122.452458,37.802739]]}},{"type":"Feature","properties":{"kind":"trail","surface":"concrete"},"geometry":{"type":"LineString","coordinates":[[-122.467174,37.795524],[-122.466986,37.795382],[-122.466887,37.795362],[-122.466845,37.795284],[-122.466643,37.795297]]}},{"type":"Feature","properties":{"kind":"steps"},"geometry":{"type":"LineString","coordinates":[[-122.466643,37.795297],[-122.46657,37.795279]]}},{"type":"Feature","properties":{"kind":"trail"},"geometry":{"type":"LineString","coordinates":[[-122.46657,37.795279],[-122.466455,37.795249]]}},{"type":"Feature","properties":{"kind":"trail","surface":"dirt"},"geometry":{"type":"LineString","coordinates":[[-122.465085,37.794583],[-122.464371,37.794369]]}},{"type":"Feature","properties":{"kind":"trail","surface":"concrete"},"geometry":{"type":"LineString","coordinates":[[-122.465681,37.800953],[-122.465737,37.801212],[-122.465697,37.801368],[-122.465561,37.801553],[-122.465598,37.801635]]}},{"type":"Feature","properties":{"kind":"trail"},"geometry":{"type":"LineString","coordinates":[[-122.450699,37.777095],[-122.450637,37.777041],[-122.45058,37.777019]]}},{"type":"Feature","properties":{"kind":"trail"},"geometry":{"type":"LineString","coordinates":[[-122.45061,37.776922],[-122.450637,37.777041]]}},{"type":"Feature","properties":{"kind":"trail","surface":"concrete"},"geometry":{"type":"LineString","coordinates":[[-122.45963,37.789594],[-122.459658,37.789636]]}},{"type":"Feature","properties":{"kind":"trail","surface":"ground"},"geometry":{"type":"LineString","coordinates":[[-122.475679,37.789775],[-122.475331,37.789764],[-122.475199,37.789703]]}},{"type":"Feature","properties":{"kind":"trail"},"geometry":{"type":"LineString","coordinates":[[-122.493312,37.782337],[-122.493306,37.782237]]}},{"type":"Feature","properties":{"kind":"steps","surface":"paved"},"geometry":{"type":"LineString","coordinates":[[-122.493133,37.782346],[-122.493312,37.782337]]}},{"type":"Feature","properties":{"kind":"trail"},"geometry":{"type":"LineString","coordinates":[[-122.492424,37.782124],[-122.492741,37.782107]]}},{"type":"Feature","properties":{"kind":"trail"},"geometry":{"type":"LineString","coordinates":[[-122.49314,37.782471],[-122.493133,37.782346]]}},{"type":"Feature","properties":{"kind":"road","name":"California Street","surface":"asphalt"},"geometry":{"type":"LineString","coordinates":[[-122.468101,37.784659],[-122.469925,37.784576]]}},{"type":"Feature","properties":{"kind":"road","name":"Park Boulevard Trail","surface":"asphalt"},"geometry":{"type":"LineString","coordinates":[[-122.47121,37.790361],[-122.471436,37.790047],[-122.471734,37.789652],[-122.471833,37.789431],[-122.472001,37.788575],[-122.472361,37.78789],[-122.472658,37.787591],[-122.472854,37.787477],[-122.473325,37.787327]]}},{"type":"Feature","properties":{"kind":"trail","surface":"paved"},"geometry":{"type":"LineString","coordinates":[[-122.458395,37.781469],[-122.458408,37.781632]]}},{"type":"Feature","properties":{"kind":"trail"},"geometry":{"type":"LineString","coordinates":[[-122.458387,37.781358],[-122.458395,37.781469]]}},{"type":"Feature","properties":{"kind":"trail","surface":"paved"},"geometry":{"type":"LineString","coordinates":[[-122.458734,37.781741],[-122.458193,37.781772]]}},{"type":"Feature","properties":{"kind":"trail"},"geometry":{"type":"LineString","coordinates":[[-122.458408,37.781632],[-122.4584,37.781676]]}},{"type":"Feature","properties":{"kind":"trail"},"geometry":{"type":"LineString","coordinates":[[-122.458527,37.781647],[-122.458494,37.781663]]}},{"type":"Feature","properties":{"kind":"trail"},"geometry":{"type":"LineString","coordinates":[[-122.458788,37.781739],[-122.458734,37.781741]]}},{"type":"Feature","properties":{"kind":"steps","surface":"paved"},"geometry":{"type":"LineString","coordinates":[[-122.458494,37.781663],[-122.458454,37.781665]]}},{"type":"Feature","properties":{"kind":"trail"},"geometry":{"type":"LineString","coordinates":[[-122.458454,37.781665],[-122.4584,37.781676]]}},{"type":"Feature","properties":{"kind":"trail","surface":"paved"},"geometry":{"type":"LineString","coordinates":[[-122.458724,37.78075],[-122.458501,37.780759],[-122.458448,37.780727],[-122.458449,37.780778],[-122.458409,37.780779]]}},{"type":"Feature","properties":{"kind":"trail"},"geometry":{"type":"LineString","coordinates":[[-122.458501,37.780759],[-122.458508,37.780895]]}},{"type":"Feature","properties":{"kind":"trail","surface":"asphalt"},"geometry":{"type":"LineString","coordinates":[[-122.494615,37.782202],[-122.494709,37.782177]]}},{"type":"Feature","properties":{"kind":"trail","surface":"asphalt"},"geometry":{"type":"LineString","coordinates":[[-122.494448,37.781684],[-122.494527,37.781936],[-122.494709,37.782177]]}},{"type":"Feature","properties":{"kind":"trail","surface":"asphalt"},"geometry":{"type":"LineString","coordinates":[[-122.494637,37.78168],[-122.494635,37.781845],[-122.494843,37.782084],[-122.495249,37.782357],[-122.495911,37.782695],[-122.497317,37.783094],[-122.498021,37.783348],[-122.498385,37.783532],[-122.499056,37.784041],[-122.499631,37.784673]]}},{"type":"Feature","properties":{"kind":"trail","surface":"concrete"},"geometry":{"type":"LineString","coordinates":[[-122.500365,37.784807],[-122.500407,37.784778]]}},{"type":"Feature","properties":{"kind":"steps","surface":"dirt; wood"},"geometry":{"type":"LineString","coordinates":[[-122.475767,37.794457],[-122.475804,37.79449]]}},{"type":"Feature","properties":{"kind":"trail","surface":"dirt"},"geometry":{"type":"LineString","coordinates":[[-122.476369,37.794862],[-122.476284,37.794765],[-122.475934,37.794604],[-122.475804,37.79449]]}},{"type":"Feature","properties":{"kind":"steps","surface":"dirt; wood"},"geometry":{"type":"LineString","coordinates":[[-122.476461,37.795168],[-122.476219,37.795271],[-122.476131,37.795173]]}},{"type":"Feature","properties":{"kind":"trail","surface":"wood"},"geometry":{"type":"LineString","coordinates":[[-122.476404,37.794964],[-122.476426,37.795091]]}},{"type":"Feature","properties":{"kind":"trail","surface":"dirt"},"geometry":{"type":"LineString","coordinates":[[-122.475801,37.794516],[-122.475804,37.79449]]}},{"type":"Feature","properties":{"kind":"trail"},"geometry":{"type":"LineString","coordinates":[[-122.476437,37.795139],[-122.476461,37.795168],[-122.47661,37.795298],[-122.477057,37.795503],[-122.477168,37.795613],[-122.477336,37.795796],[-122.477604,37.796012],[-122.477615,37.796101],[-122.477273,37.796419],[-122.476998,37.796698],[-122.476729,37.797091],[-122.4766,37.797462],[-122.476618,37.79753]]}},{"type":"Feature","properties":{"kind":"steps"},"geometry":{"type":"LineString","coordinates":[[-122.476426,37.795091],[-122.476437,37.795139]]}},{"type":"Feature","properties":{"kind":"trail","surface":"dirt"},"geometry":{"type":"LineString","coordinates":[[-122.476024,37.795194],[-122.475813,37.795235]]}},{"type":"Feature","properties":{"kind":"trail","surface":"dirt"},"geometry":{"type":"LineString","coordinates":[[-122.476131,37.795173],[-122.476024,37.795194]]}},{"type":"Feature","properties":{"kind":"steps","surface":"dirt; wood"},"geometry":{"type":"LineString","coordinates":[[-122.476397,37.794917],[-122.476369,37.794862]]}},{"type":"Feature","properties":{"kind":"trail","surface":"dirt"},"geometry":{"type":"LineString","coordinates":[[-122.475782,37.794483],[-122.475801,37.794516],[-122.475926,37.794714],[-122.476024,37.795194],[-122.476245,37.795909],[-122.476358,37.796455],[-122.476339,37.796562],[-122.476173,37.796556]]}},{"type":"Feature","properties":{"kind":"road","surface":"concrete"},"geometry":{"type":"LineString","coordinates":[[-122.458726,37.802074],[-122.458024,37.802325]]}},{"type":"Feature","properties":{"kind":"road","surface":"asphalt"},"geometry":{"type":"LineString","coordinates":[[-122.458024,37.802325],[-122.45778,37.802238],[-122.457659,37.802183],[-122.457428,37.802081],[-122.457457,37.801928]]}},{"type":"Feature","properties":{"kind":"road","name":"Incinerator Road","surface":"asphalt"},"geometry":{"type":"LineString","coordinates":[[-122.465578,37.801842],[-122.465615,37.801994]]}},{"type":"Feature","properties":{"kind":"trail","surface":"concrete"},"geometry":{"type":"LineString","coordinates":[[-122.456255,37.801683],[-122.456242,37.80171]]}},{"type":"Feature","properties":{"kind":"trail","surface":"concrete"},"geometry":{"type":"LineString","coordinates":[[-122.456168,37.801702],[-122.456193,37.801713]]}},{"type":"Feature","properties":{"kind":"trail","surface":"concrete"},"geometry":{"type":"LineString","coordinates":[[-122.4556,37.802481],[-122.455712,37.802595]]}},{"type":"Feature","properties":{"kind":"trail","surface":"concrete"},"geometry":{"type":"LineString","coordinates":[[-122.455815,37.802165],[-122.455869,37.80219]]}},{"type":"Feature","properties":{"kind":"trail"},"geometry":{"type":"LineString","coordinates":[[-122.457134,37.802335],[-122.457131,37.802293]]}},{"type":"Feature","properties":{"kind":"trail","surface":"concrete"},"geometry":{"type":"LineString","coordinates":[[-122.463775,37.802412],[-122.463767,37.802347]]}},{"type":"Feature","properties":{"kind":"steps","surface":"concrete"},"geometry":{"type":"LineString","coordinates":[[-122.463764,37.802427],[-122.463775,37.802412]]}},{"type":"Feature","properties":{"kind":"trail","surface":"concrete"},"geometry":{"type":"LineString","coordinates":[[-122.45438,37.804144],[-122.454388,37.804125]]}},{"type":"Feature","properties":{"kind":"trail","surface":"concrete"},"geometry":{"type":"LineString","coordinates":[[-122.454323,37.804123],[-122.454337,37.804112]]}},{"type":"Feature","properties":{"kind":"road","name":"Mason Street","surface":"asphalt"},"geometry":{"type":"LineString","coordinates":[[-122.453858,37.804259],[-122.453605,37.80429]]}},{"type":"Feature","properties":{"kind":"trail","surface":"paved"},"geometry":{"type":"LineString","coordinates":[[-122.475728,37.780716],[-122.47569,37.780716]]}},{"type":"Feature","properties":{"kind":"steps"},"geometry":{"type":"LineString","coordinates":[[-122.47537,37.78069],[-122.475372,37.78072]]}},{"type":"Feature","properties":{"kind":"steps","surface":"paved"},"geometry":{"type":"LineString","coordinates":[[-122.47569,37.780716],[-122.475686,37.780677]]}},{"type":"Feature","properties":{"kind":"trail","surface":"paved"},"geometry":{"type":"LineString","coordinates":[[-122.475681,37.780787],[-122.47569,37.780716]]}},{"type":"Feature","properties":{"kind":"trail","surface":"concrete"},"geometry":{"type":"LineString","coordinates":[[-122.45573,37.802126],[-122.455692,37.802107]]}},{"type":"Feature","properties":{"kind":"trail","surface":"concrete"},"geometry":{"type":"LineString","coordinates":[[-122.455516,37.802393],[-122.455499,37.802376]]}},{"type":"Feature","properties":{"kind":"trail","surface":"concrete"},"geometry":{"type":"LineString","coordinates":[[-122.454882,37.802334],[-122.454792,37.802435],[-122.454707,37.802809],[-122.45468,37.802921],[-122.454607,37.80291]]}},{"type":"Feature","properties":{"kind":"trail","surface":"concrete"},"geometry":{"type":"LineString","coordinates":[[-122.454707,37.802809],[-122.454942,37.802942]]}},{"type":"Feature","properties":{"kind":"trail","surface":"concrete"},"geometry":{"type":"LineString","coordinates":[[-122.454554,37.802902],[-122.454493,37.802893]]}},{"type":"Feature","properties":{"kind":"steps"},"geometry":{"type":"LineString","coordinates":[[-122.454607,37.80291],[-122.454554,37.802902]]}},{"type":"Feature","properties":{"kind":"trail"},"geometry":{"type":"LineString","coordinates":[[-122.456037,37.802508],[-122.455992,37.802473]]}},{"type":"Feature","properties":{"kind":"steps"},"geometry":{"type":"LineString","coordinates":[[-122.455992,37.802473],[-122.455971,37.802456]]}},{"type":"Feature","properties":{"kind":"trail","surface":"concrete"},"geometry":{"type":"LineString","coordinates":[[-122.454537,37.80077],[-122.454526,37.80076]]}},{"type":"Feature","properties":{"kind":"trail"},"geometry":{"type":"LineString","coordinates":[[-122.457277,37.802932],[-122.457109,37.802807]]}},{"type":"Feature","properties":{"kind":"trail"},"geometry":{"type":"LineString","coordinates":[[-122.454885,37.803827],[-122.454786,37.80378]]}},{"type":"Feature","properties":{"kind":"trail","surface":"concrete"},"geometry":{"type":"LineString","coordinates":[[-122.454864,37.804079],[-122.455011,37.803888],[-122.455177,37.803727]]}},{"type":"Feature","properties":{"kind":"trail","surface":"concrete"},"geometry":{"type":"LineString","coordinates":[[-122.454885,37.803827],[-122.455011,37.803888]]}},{"type":"Feature","properties":{"kind":"trail"},"geometry":{"type":"LineString","coordinates":[[-122.463107,37.80161],[-122.463253,37.801707],[-122.463613,37.801857],[-122.46376,37.801972],[-122.46391,37.801963],[-122.463892,37.801906],[-122.463781,37.80185],[-122.463613,37.801857]]}},{"type":"Feature","properties":{"kind":"trail"},"geometry":{"type":"LineString","coordinates":[[-122.463613,37.801857],[-122.463608,37.801728]]}},{"type":"Feature","properties":{"kind":"trail"},"geometry":{"type":"LineString","coordinates":[[-122.46391,37.801963],[-122.464013,37.801903]]}},{"type":"Feature","properties":{"kind":"trail"},"geometry":{"type":"LineString","coordinates":[[-122.464029,37.801887],[-122.464054,37.801858]]}},{"type":"Feature","properties":{"kind":"steps"},"geometry":{"type":"LineString","coordinates":[[-122.464013,37.801903],[-122.464029,37.801887]]}},{"type":"Feature","properties":{"kind":"trail","surface":"concrete"},"geometry":{"type":"LineString","coordinates":[[-122.463068,37.801935],[-122.463074,37.801916]]}},{"type":"Feature","properties":{"kind":"trail"},"geometry":{"type":"LineString","coordinates":[[-122.463253,37.801707],[-122.463108,37.801813]]}},{"type":"Feature","properties":{"kind":"trail"},"geometry":{"type":"LineString","coordinates":[[-122.462627,37.801541],[-122.462319,37.801648],[-122.462,37.801651],[-122.461861,37.801715]]}},{"type":"Feature","properties":{"kind":"trail"},"geometry":{"type":"LineString","coordinates":[[-122.463476,37.801688],[-122.463407,37.801667]]}},{"type":"Feature","properties":{"kind":"steps","surface":"paved"},"geometry":{"type":"LineString","coordinates":[[-122.460892,37.789282],[-122.46089,37.789262]]}},{"type":"Feature","properties":{"kind":"trail","surface":"paved"},"geometry":{"type":"LineString","coordinates":[[-122.460543,37.789305],[-122.460578,37.789306],[-122.460619,37.789306]]}},{"type":"Feature","properties":{"kind":"steps"},"geometry":{"type":"LineString","coordinates":[[-122.460753,37.7893],[-122.460758,37.789261]]}},{"type":"Feature","properties":{"kind":"trail","surface":"paved"},"geometry":{"type":"LineString","coordinates":[[-122.460487,37.789437],[-122.460501,37.789337]]}},{"type":"Feature","properties":{"kind":"steps","surface":"paved"},"geometry":{"type":"LineString","coordinates":[[-122.460619,37.789306],[-122.460629,37.789337]]}},{"type":"Feature","properties":{"kind":"trail","surface":"paved"},"geometry":{"type":"LineString","coordinates":[[-122.460619,37.789306],[-122.460702,37.789303]]}},{"type":"Feature","properties":{"kind":"trail","surface":"paved"},"geometry":{"type":"LineString","coordinates":[[-122.460899,37.789282],[-122.460899,37.789267]]}},{"type":"Feature","properties":{"kind":"trail","surface":"paved"},"geometry":{"type":"LineString","coordinates":[[-122.460578,37.789306],[-122.460579,37.789304]]}},{"type":"Feature","properties":{"kind":"trail","surface":"paved"},"geometry":{"type":"LineString","coordinates":[[-122.460937,37.789281],[-122.460899,37.789282],[-122.460892,37.789282],[-122.460753,37.7893],[-122.460702,37.789303]]}},{"type":"Feature","properties":{"kind":"trail"},"geometry":{"type":"LineString","coordinates":[[-122.460899,37.789267],[-122.46089,37.789262]]}},{"type":"Feature","properties":{"kind":"trail","surface":"paved"},"geometry":{"type":"LineString","coordinates":[[-122.46062,37.789302],[-122.460619,37.789306]]}},{"type":"Feature","properties":{"kind":"trail","surface":"paved"},"geometry":{"type":"LineString","coordinates":[[-122.460543,37.789305],[-122.460501,37.789337]]}},{"type":"Feature","properties":{"kind":"trail","surface":"asphalt"},"geometry":{"type":"LineString","coordinates":[[-122.461452,37.78937],[-122.460813,37.789488],[-122.460761,37.789468],[-122.460702,37.789303]]}},{"type":"Feature","properties":{"kind":"trail","surface":"paved"},"geometry":{"type":"LineString","coordinates":[[-122.461459,37.789359],[-122.461424,37.789255]]}},{"type":"Feature","properties":{"kind":"trail","surface":"asphalt"},"geometry":{"type":"LineString","coordinates":[[-122.461459,37.789359],[-122.461452,37.78937]]}},{"type":"Feature","properties":{"kind":"steps"},"geometry":{"type":"LineString","coordinates":[[-122.461883,37.800227],[-122.461927,37.800229]]}},{"type":"Feature","properties":{"kind":"steps","surface":"concrete"},"geometry":{"type":"LineString","coordinates":[[-122.467591,37.779053],[-122.467592,37.779082]]}},{"type":"Feature","properties":{"kind":"trail","surface":"concrete"},"geometry":{"type":"LineString","coordinates":[[-122.467716,37.779419],[-122.467689,37.779082]]}},{"type":"Feature","properties":{"kind":"trail","surface":"concrete"},"geometry":{"type":"LineString","coordinates":[[-122.467689,37.779082],[-122.467591,37.779053],[-122.46748,37.779055]]}},{"type":"Feature","properties":{"kind":"trail","surface":"concrete"},"geometry":{"type":"LineString","coordinates":[[-122.465118,37.780032],[-122.465086,37.780046]]}},{"type":"Feature","properties":{"kind":"trail","surface":"stepping_stones"},"geometry":{"type":"LineString","coordinates":[[-122.464909,37.780144],[-122.464919,37.780192],[-122.465031,37.780183]]}},{"type":"Feature","properties":{"kind":"trail","surface":"concrete"},"geometry":{"type":"LineString","coordinates":[[-122.465195,37.77987],[-122.465201,37.780007],[-122.465103,37.780009],[-122.465118,37.780032],[-122.465133,37.780131],[-122.465031,37.780183]]}},{"type":"Feature","properties":{"kind":"trail","surface":"concrete"},"geometry":{"type":"LineString","coordinates":[[-122.464894,37.780153],[-122.464857,37.78017]]}},{"type":"Feature","properties":{"kind":"trail","surface":"concrete"},"geometry":{"type":"LineString","coordinates":[[-122.465103,37.780009],[-122.464924,37.779992],[-122.464909,37.780144],[-122.464894,37.780153]]}},{"type":"Feature","properties":{"kind":"trail","surface":"concrete"},"geometry":{"type":"LineString","coordinates":[[-122.459008,37.79842],[-122.45902,37.798392],[-122.459003,37.798419],[-122.459008,37.79842]]}},{"type":"Feature","properties":{"kind":"trail"},"geometry":{"type":"LineString","coordinates":[[-122.458999,37.798426],[-122.459003,37.798419]]}},{"type":"Feature","properties":{"kind":"trail","surface":"concrete"},"geometry":{"type":"LineString","coordinates":[[-122.472787,37.799648],[-122.472775,37.799633]]}},{"type":"Feature","properties":{"kind":"trail","surface":"paving_stones"},"geometry":{"type":"LineString","coordinates":[[-122.473024,37.799262],[-122.473101,37.799381]]}},{"type":"Feature","properties":{"kind":"steps","surface":"concrete"},"geometry":{"type":"LineString","coordinates":[[-122.472801,37.799667],[-122.472787,37.799648]]}},{"type":"Feature","properties":{"kind":"steps","surface":"concrete"},"geometry":{"type":"LineString","coordinates":[[-122.472946,37.799441],[-122.47296,37.799434]]}},{"type":"Feature","properties":{"kind":"trail","surface":"concrete"},"geometry":{"type":"LineString","coordinates":[[-122.47296,37.799851],[-122.472923,37.799818]]}},{"type":"Feature","properties":{"kind":"trail","surface":"brick"},"geometry":{"type":"LineString","coordinates":[[-122.472842,37.798954],[-122.472887,37.799012]]}},{"type":"Feature","properties":{"kind":"trail","surface":"concrete"},"geometry":{"type":"LineString","coordinates":[[-122.473128,37.800005],[-122.472979,37.799868]]}},{"type":"Feature","properties":{"kind":"trail","surface":"concrete"},"geometry":{"type":"LineString","coordinates":[[-122.472946,37.799441],[-122.472843,37.799492],[-122.472829,37.799498]]}},{"type":"Feature","properties":{"kind":"steps","surface":"concrete"},"geometry":{"type":"LineString","coordinates":[[-122.47296,37.799851],[-122.472979,37.799868]]}},{"type":"Feature","properties":{"kind":"trail","surface":"concrete"},"geometry":{"type":"LineString","coordinates":[[-122.473101,37.799381],[-122.472974,37.799428],[-122.47296,37.799434]]}},{"type":"Feature","properties":{"kind":"steps","surface":"concrete"},"geometry":{"type":"LineString","coordinates":[[-122.472603,37.799603],[-122.472617,37.799596]]}},{"type":"Feature","properties":{"kind":"trail","surface":"concrete"},"geometry":{"type":"LineString","coordinates":[[-122.472831,37.79904],[-122.472319,37.799296]]}},{"type":"Feature","properties":{"kind":"steps","surface":"sett"},"geometry":{"type":"LineString","coordinates":[[-122.473128,37.800005],[-122.473162,37.800036]]}},{"type":"Feature","properties":{"kind":"steps","surface":"concrete"},"geometry":{"type":"LineString","coordinates":[[-122.472818,37.799502],[-122.472829,37.799498]]}},{"type":"Feature","properties":{"kind":"trail","surface":"concrete"},"geometry":{"type":"LineString","coordinates":[[-122.472818,37.799502],[-122.472728,37.799544],[-122.472617,37.799596]]}},{"type":"Feature","properties":{"kind":"steps","surface":"sett"},"geometry":{"type":"LineString","coordinates":[[-122.472831,37.79904],[-122.472887,37.799012]]}},{"type":"Feature","properties":{"kind":"steps","surface":"sett"},"geometry":{"type":"LineString","coordinates":[[-122.473101,37.799381],[-122.473142,37.799372]]}},{"type":"Feature","properties":{"kind":"steps","surface":"concrete"},"geometry":{"type":"LineString","coordinates":[[-122.472903,37.7998],[-122.472923,37.799818]]}},{"type":"Feature","properties":{"kind":"trail","surface":"dirt"},"geometry":{"type":"LineString","coordinates":[[-122.493722,37.783549],[-122.493743,37.783844],[-122.493699,37.784122],[-122.493823,37.78559]]}},{"type":"Feature","properties":{"kind":"trail","name":"Coastal Trail","surface":"concrete"},"geometry":{"type":"LineString","coordinates":[[-122.494043,37.786439],[-122.493955,37.786393]]}},{"type":"Feature","properties":{"kind":"trail","surface":"concrete"},"geometry":{"type":"LineString","coordinates":[[-122.493841,37.786324],[-122.493861,37.786336]]}},{"type":"Feature","properties":{"kind":"trail","surface":"concrete"},"geometry":{"type":"LineString","coordinates":[[-122.493796,37.783122],[-122.493847,37.783299],[-122.493859,37.78383],[-122.494032,37.785511],[-122.494021,37.785904],[-122.494079,37.786008],[-122.494243,37.786058]]}},{"type":"Feature","properties":{"kind":"trail","surface":"sand"},"geometry":{"type":"LineString","coordinates":[[-122.493823,37.78559],[-122.493767,37.785777],[-122.49382,37.786032]]}},{"type":"Feature","properties":{"kind":"trail","surface":"dirt"},"geometry":{"type":"LineString","coordinates":[[-122.49382,37.786032],[-122.493845,37.786096],[-122.493841,37.786324]]}},{"type":"Feature","properties":{"kind":"trail","surface":"dirt"},"geometry":{"type":"LineString","coordinates":[[-122.494079,37.786008],[-122.493845,37.786096]]}},{"type":"Feature","properties":{"kind":"road"},"geometry":{"type":"LineString","coordinates":[[-122.445618,37.780377],[-122.446086,37.780311],[-122.446229,37.781009],[-122.445912,37.78105],[-122.445944,37.781168],[-122.445766,37.781163],[-122.445744,37.781095],[-122.445897,37.78108],[-122.445876,37.780862],[-122.445828,37.780746],[-122.445646,37.78077],[-122.445618,37.780377]]}},{"type":"Feature","properties":{"kind":"trail","surface":"gravel"},"geometry":{"type":"LineString","coordinates":[[-122.471309,37.79864],[-122.470977,37.798826]]}},{"type":"Feature","properties":{"kind":"trail","surface":"gravel"},"geometry":{"type":"LineString","coordinates":[[-122.471296,37.798613],[-122.471307,37.798596],[-122.471363,37.798597],[-122.471366,37.798635],[-122.471309,37.79864],[-122.471296,37.798613]]}},{"type":"Feature","properties":{"kind":"trail"},"geometry":{"type":"LineString","coordinates":[[-122.471307,37.798596],[-122.471202,37.798508]]}},{"type":"Feature","properties":{"kind":"trail"},"geometry":{"type":"LineString","coordinates":[[-122.47159,37.798393],[-122.471649,37.798349],[-122.471713,37.798302]]}},{"type":"Feature","properties":{"kind":"trail"},"geometry":{"type":"LineString","coordinates":[[-122.471813,37.798325],[-122.471739,37.798219],[-122.471664,37.798157],[-122.471605,37.798108]]}},{"type":"Feature","properties":{"kind":"trail"},"geometry":{"type":"LineString","coordinates":[[-122.471664,37.798157],[-122.471599,37.79821],[-122.471537,37.79826],[-122.471478,37.798308]]}},{"type":"Feature","properties":{"kind":"trail"},"geometry":{"type":"LineString","coordinates":[[-122.471649,37.798349],[-122.471611,37.798319],[-122.47157,37.798286],[-122.471537,37.79826]]}},{"type":"Feature","properties":{"kind":"trail"},"geometry":{"type":"LineString","coordinates":[[-122.471521,37.798326],[-122.47157,37.798286]]}},{"type":"Feature","properties":{"kind":"trail"},"geometry":{"type":"LineString","coordinates":[[-122.471553,37.798364],[-122.471611,37.798319],[-122.471673,37.79827],[-122.471739,37.798219]]}},{"type":"Feature","properties":{"kind":"trail"},"geometry":{"type":"LineString","coordinates":[[-122.471713,37.798302],[-122.471673,37.79827],[-122.471599,37.79821],[-122.471523,37.798149]]}},{"type":"Feature","properties":{"kind":"road","name":"25th Avenue"},"geometry":{"type":"LineString","coordinates":[[-122.485081,37.784651],[-122.485049,37.784208]]}},{"type":"Feature","properties":{"kind":"road","name":"25th Avenue"},"geometry":{"type":"LineString","coordinates":[[-122.485049,37.784208],[-122.485026,37.78389]]}},{"type":"Feature","properties":{"kind":"trail","surface":"asphalt"},"geometry":{"type":"LineString","coordinates":[[-122.469405,37.804127],[-122.469423,37.80414]]}},{"type":"Feature","properties":{"kind":"trail","surface":"concrete"},"geometry":{"type":"LineString","coordinates":[[-122.469405,37.804127],[-122.469392,37.804119]]}},{"type":"Feature","properties":{"kind":"trail","surface":"concrete"},"geometry":{"type":"LineString","coordinates":[[-122.469372,37.804134],[-122.469392,37.804119]]}},{"type":"Feature","properties":{"kind":"trail","surface":"compacted"},"geometry":{"type":"LineString","coordinates":[[-122.468357,37.801107],[-122.468224,37.801274],[-122.468142,37.801512]]}},{"type":"Feature","properties":{"kind":"trail","surface":"dirt"},"geometry":{"type":"LineString","coordinates":[[-122.468357,37.801107],[-122.468309,37.80097],[-122.468118,37.800839]]}},{"type":"Feature","properties":{"kind":"trail","surface":"asphalt"},"geometry":{"type":"LineString","coordinates":[[-122.469266,37.801084],[-122.469192,37.801084],[-122.469125,37.801079]]}},{"type":"Feature","properties":{"kind":"trail","surface":"concrete"},"geometry":{"type":"LineString","coordinates":[[-122.469286,37.801044],[-122.469266,37.801084]]}},{"type":"Feature","properties":{"kind":"trail","surface":"sand"},"geometry":{"type":"LineString","coordinates":[[-122.468952,37.801237],[-122.468701,37.801267]]}},{"type":"Feature","properties":{"kind":"trail","surface":"asphalt"},"geometry":{"type":"LineString","coordinates":[[-122.469254,37.800912],[-122.469286,37.801044]]}},{"type":"Feature","properties":{"kind":"trail"},"geometry":{"type":"LineString","coordinates":[[-122.468952,37.801237],[-122.469109,37.801211]]}},{"type":"Feature","properties":{"kind":"trail","surface":"asphalt"},"geometry":{"type":"LineString","coordinates":[[-122.473347,37.801673],[-122.473257,37.801691]]}},{"type":"Feature","properties":{"kind":"trail","surface":"asphalt"},"geometry":{"type":"LineString","coordinates":[[-122.470427,37.801932],[-122.47033,37.801816]]}},{"type":"Feature","properties":{"kind":"trail","surface":"asphalt"},"geometry":{"type":"LineString","coordinates":[[-122.470829,37.802079],[-122.470833,37.802034]]}},{"type":"Feature","properties":{"kind":"steps","surface":"concrete"},"geometry":{"type":"LineString","coordinates":[[-122.469906,37.801381],[-122.469966,37.801366]]}},{"type":"Feature","properties":{"kind":"steps","surface":"concrete"},"geometry":{"type":"LineString","coordinates":[[-122.470515,37.801873],[-122.47053,37.801859]]}},{"type":"Feature","properties":{"kind":"trail","surface":"asphalt"},"geometry":{"type":"LineString","coordinates":[[-122.472986,37.801727],[-122.472792,37.80173]]}},{"type":"Feature","properties":{"kind":"trail","surface":"asphalt"},"geometry":{"type":"LineString","coordinates":[[-122.472396,37.801727],[-122.472297,37.801746]]}},{"type":"Feature","properties":{"kind":"steps","surface":"concrete"},"geometry":{"type":"LineString","coordinates":[[-122.469847,37.801313],[-122.469882,37.80126]]}},{"type":"Feature","properties":{"kind":"trail","surface":"asphalt"},"geometry":{"type":"LineString","coordinates":[[-122.469846,37.801406],[-122.469906,37.801381]]}},{"type":"Feature","properties":{"kind":"steps","surface":"concrete"},"geometry":{"type":"LineString","coordinates":[[-122.472729,37.801608],[-122.472783,37.801603]]}},{"type":"Feature","properties":{"kind":"trail","surface":"asphalt"},"geometry":{"type":"LineString","coordinates":[[-122.47362,37.80165],[-122.473553,37.801664]]}},{"type":"Feature","properties":{"kind":"trail","surface":"asphalt"},"geometry":{"type":"LineString","coordinates":[[-122.470515,37.801873],[-122.470427,37.801932]]}},{"type":"Feature","properties":{"kind":"trail","surface":"asphalt"},"geometry":{"type":"LineString","coordinates":[[-122.469847,37.801313],[-122.469807,37.80133]]}},{"type":"Feature","properties":{"kind":"trail","surface":"concrete"},"geometry":{"type":"LineString","coordinates":[[-122.469945,37.801092],[-122.469924,37.801101]]}},{"type":"Feature","properties":{"kind":"trail","surface":"concrete"},"geometry":{"type":"LineString","coordinates":[[-122.469882,37.80126],[-122.470056,37.801153]]}},{"type":"Feature","properties":{"kind":"trail","surface":"concrete"},"geometry":{"type":"LineString","coordinates":[[-122.47015,37.801321],[-122.469966,37.801366]]}},{"type":"Feature","properties":{"kind":"steps","surface":"concrete"},"geometry":{"type":"LineString","coordinates":[[-122.469977,37.801072],[-122.469945,37.801092]]}},{"type":"Feature","properties":{"kind":"steps","surface":"concrete"},"geometry":{"type":"LineString","coordinates":[[-122.473347,37.801673],[-122.473391,37.801674]]}},{"type":"Feature","properties":{"kind":"steps","surface":"concrete"},"geometry":{"type":"LineString","coordinates":[[-122.473501,37.801669],[-122.473553,37.801664]]}},{"type":"Feature","properties":{"kind":"steps","surface":"wood"},"geometry":{"type":"LineString","coordinates":[[-122.469924,37.801101],[-122.46993,37.801108]]}},{"type":"Feature","properties":{"kind":"steps","surface":"wood"},"geometry":{"type":"LineString","coordinates":[[-122.473417,37.803046],[-122.473427,37.803054]]}},{"type":"Feature","properties":{"kind":"trail","surface":"wood"},"geometry":{"type":"LineString","coordinates":[[-122.473608,37.803133],[-122.473681,37.803077]]}},{"type":"Feature","properties":{"kind":"steps","surface":"concrete"},"geometry":{"type":"LineString","coordinates":[[-122.473974,37.802935],[-122.474031,37.802953]]}},{"type":"Feature","properties":{"kind":"trail","surface":"wood"},"geometry":{"type":"LineString","coordinates":[[-122.473686,37.803148],[-122.473608,37.803133],[-122.473584,37.803128]]}},{"type":"Feature","properties":{"kind":"road","surface":"concrete"},"geometry":{"type":"LineString","coordinates":[[-122.47352,37.802974],[-122.473505,37.802997]]}},{"type":"Feature","properties":{"kind":"trail","surface":"asphalt"},"geometry":{"type":"LineString","coordinates":[[-122.473303,37.803247],[-122.473216,37.803209]]}},{"type":"Feature","properties":{"kind":"trail","surface":"wood"},"geometry":{"type":"LineString","coordinates":[[-122.473505,37.802997],[-122.473427,37.803054],[-122.473442,37.803091]]}},{"type":"Feature","properties":{"kind":"road","surface":"concrete"},"geometry":{"type":"LineString","coordinates":[[-122.473698,37.803055],[-122.473681,37.803077]]}},{"type":"Feature","properties":{"kind":"trail","name":"Coastal Trail","surface":"compacted"},"geometry":{"type":"LineString","coordinates":[[-122.510073,37.780721],[-122.510218,37.780663]]}},{"type":"Feature","properties":{"kind":"road","name":"El Camino del Mar","surface":"asphalt"},"geometry":{"type":"LineString","coordinates":[[-122.493725,37.786459],[-122.493909,37.786365]]}},{"type":"Feature","properties":{"kind":"trail","name":"Coastal Trail","surface":"sand"},"geometry":{"type":"LineString","coordinates":[[-122.485196,37.79019],[-122.485148,37.790276]]}},{"type":"Feature","properties":{"kind":"trail","surface":"sand"},"geometry":{"type":"LineString","coordinates":[[-122.478981,37.788205],[-122.478954,37.788388]]}},{"type":"Feature","properties":{"kind":"road","surface":"asphalt"},"geometry":{"type":"LineString","coordinates":[[-122.475566,37.788732],[-122.475665,37.788686]]}},{"type":"Feature","properties":{"kind":"road","surface":"asphalt"},"geometry":{"type":"LineString","coordinates":[[-122.473416,37.787323],[-122.47336,37.787325]]}},{"type":"Feature","properties":{"kind":"road","name":"Point Lobos Avenue","surface":"asphalt"},"geometry":{"type":"LineString","coordinates":[[-122.509864,37.77984],[-122.509955,37.779832]]}},{"type":"Feature","properties":{"kind":"trail","surface":"concrete"},"geometry":{"type":"LineString","coordinates":[[-122.44597,37.782567],[-122.445945,37.782454],[-122.445943,37.782443]]}},{"type":"Feature","properties":{"kind":"trail","surface":"concrete"},"geometry":{"type":"LineString","coordinates":[[-122.445809,37.782355],[-122.445803,37.78233]]}},{"type":"Feature","properties":{"kind":"trail","surface":"concrete"},"geometry":{"type":"LineString","coordinates":[[-122.445793,37.782357],[-122.445741,37.782242],[-122.445452,37.782247]]}},{"type":"Feature","properties":{"kind":"trail","surface":"concrete"},"geometry":{"type":"LineString","coordinates":[[-122.445724,37.782449],[-122.445729,37.782479],[-122.445755,37.782609]]}},{"type":"Feature","properties":{"kind":"steps"},"geometry":{"type":"LineString","coordinates":[[-122.445235,37.78226],[-122.445116,37.782229]]}},{"type":"Feature","properties":{"kind":"trail","surface":"concrete"},"geometry":{"type":"LineString","coordinates":[[-122.445116,37.782229],[-122.444799,37.782002],[-122.44472,37.781948],[-122.444577,37.781852],[-122.444603,37.781819],[-122.444546,37.781753],[-122.444601,37.781734]]}},{"type":"Feature","properties":{"kind":"trail","surface":"concrete"},"geometry":{"type":"LineString","coordinates":[[-122.445807,37.782204],[-122.445778,37.782207]]}},{"type":"Feature","properties":{"kind":"trail","surface":"concrete"},"geometry":{"type":"LineString","coordinates":[[-122.44592,37.782355],[-122.445915,37.782342]]}},{"type":"Feature","properties":{"kind":"trail","surface":"concrete"},"geometry":{"type":"LineString","coordinates":[[-122.444799,37.782002],[-122.44479,37.782012]]}},{"type":"Feature","properties":{"kind":"steps"},"geometry":{"type":"LineString","coordinates":[[-122.444942,37.782127],[-122.444914,37.782107]]}},{"type":"Feature","properties":{"kind":"trail","surface":"concrete"},"geometry":{"type":"LineString","coordinates":[[-122.445245,37.782276],[-122.445235,37.78226]]}},{"type":"Feature","properties":{"kind":"trail","surface":"concrete"},"geometry":{"type":"LineString","coordinates":[[-122.445796,37.78229],[-122.445778,37.782207],[-122.445452,37.782247],[-122.445245,37.782276],[-122.4451,37.782251],[-122.444942,37.782127]]}},{"type":"Feature","properties":{"kind":"trail","surface":"concrete"},"geometry":{"type":"LineString","coordinates":[[-122.44598,37.782663],[-122.446002,37.782662]]}},{"type":"Feature","properties":{"kind":"trail","surface":"concrete"},"geometry":{"type":"LineString","coordinates":[[-122.44575,37.782476],[-122.445729,37.782479]]}},{"type":"Feature","properties":{"kind":"trail","surface":"concrete"},"geometry":{"type":"LineString","coordinates":[[-122.445945,37.782454],[-122.445931,37.782456]]}},{"type":"Feature","properties":{"kind":"trail","surface":"concrete"},"geometry":{"type":"LineString","coordinates":[[-122.445765,37.782666],[-122.445795,37.782678]]}},{"type":"Feature","properties":{"kind":"trail","surface":"concrete"},"geometry":{"type":"LineString","coordinates":[[-122.445703,37.782368],[-122.445707,37.782385]]}},{"type":"Feature","properties":{"kind":"trail","surface":"asphalt"},"geometry":{"type":"LineString","coordinates":[[-122.445529,37.781824],[-122.445488,37.781864]]}},{"type":"Feature","properties":{"kind":"trail","surface":"concrete"},"geometry":{"type":"LineString","coordinates":[[-122.44472,37.781948],[-122.444729,37.78194]]}},{"type":"Feature","properties":{"kind":"trail","surface":"asphalt"},"geometry":{"type":"LineString","coordinates":[[-122.445574,37.781942],[-122.445417,37.781966]]}},{"type":"Feature","properties":{"kind":"trail","surface":"concrete"},"geometry":{"type":"LineString","coordinates":[[-122.445738,37.781931],[-122.445574,37.781942]]}},{"type":"Feature","properties":{"kind":"trail","surface":"asphalt"},"geometry":{"type":"LineString","coordinates":[[-122.444729,37.78194],[-122.444786,37.781887]]}},{"type":"Feature","properties":{"kind":"trail","surface":"asphalt"},"geometry":{"type":"LineString","coordinates":[[-122.445417,37.781966],[-122.445354,37.781923]]}},{"type":"Feature","properties":{"kind":"trail","surface":"asphalt"},"geometry":{"type":"LineString","coordinates":[[-122.445488,37.781864],[-122.445416,37.781866]]}},{"type":"Feature","properties":{"kind":"trail","surface":"concrete"},"geometry":{"type":"LineString","coordinates":[[-122.445549,37.781804],[-122.445529,37.781824]]}},{"type":"Feature","properties":{"kind":"trail","surface":"concrete"},"geometry":{"type":"LineString","coordinates":[[-122.450254,37.780487],[-122.45024,37.780486]]}},{"type":"Feature","properties":{"kind":"trail","surface":"asphalt"},"geometry":{"type":"LineString","coordinates":[[-122.450331,37.780081],[-122.450323,37.780033]]}},{"type":"Feature","properties":{"kind":"steps"},"geometry":{"type":"LineString","coordinates":[[-122.450553,37.779695],[-122.450735,37.779673]]}},{"type":"Feature","properties":{"kind":"trail"},"geometry":{"type":"LineString","coordinates":[[-122.450264,37.779715],[-122.450336,37.779722]]}},{"type":"Feature","properties":{"kind":"trail","surface":"concrete"},"geometry":{"type":"LineString","coordinates":[[-122.450336,37.780553],[-122.450278,37.78056],[-122.450231,37.780568]]}},{"type":"Feature","properties":{"kind":"trail","surface":"asphalt"},"geometry":{"type":"LineString","coordinates":[[-122.450966,37.780115],[-122.451033,37.78005]]}},{"type":"Feature","properties":{"kind":"trail","surface":"concrete"},"geometry":{"type":"LineString","coordinates":[[-122.450258,37.78013],[-122.450259,37.780099]]}},{"type":"Feature","properties":{"kind":"trail"},"geometry":{"type":"LineString","coordinates":[[-122.450735,37.779673],[-122.450631,37.779222],[-122.450689,37.779215],[-122.450659,37.779065],[-122.450633,37.778946],[-122.450571,37.778833]]}},{"type":"Feature","properties":{"kind":"steps"},"geometry":{"type":"LineString","coordinates":[[-122.450194,37.779859],[-122.450117,37.779831]]}},{"type":"Feature","properties":{"kind":"steps","surface":"concrete"},"geometry":{"type":"LineString","coordinates":[[-122.45018,37.780159],[-122.450258,37.78013]]}},{"type":"Feature","properties":{"kind":"steps","surface":"concrete"},"geometry":{"type":"LineString","coordinates":[[-122.450247,37.780398],[-122.450251,37.780357]]}},{"type":"Feature","properties":{"kind":"trail","surface":"paved"},"geometry":{"type":"LineString","coordinates":[[-122.450117,37.779831],[-122.450122,37.779809],[-122.450138,37.779731],[-122.449987,37.77885]]}},{"type":"Feature","properties":{"kind":"steps","surface":"concrete"},"geometry":{"type":"LineString","coordinates":[[-122.450269,37.780514],[-122.450254,37.780487]]}},{"type":"Feature","properties":{"kind":"steps"},"geometry":{"type":"LineString","coordinates":[[-122.451599,37.780067],[-122.451566,37.779895]]}},{"type":"Feature","properties":{"kind":"trail","surface":"concrete"},"geometry":{"type":"LineString","coordinates":[[-122.450332,37.780088],[-122.450331,37.780081]]}},{"type":"Feature","properties":{"kind":"trail"},"geometry":{"type":"LineString","coordinates":[[-122.450431,37.77971],[-122.450553,37.779695]]}},{"type":"Feature","properties":{"kind":"trail","surface":"concrete"},"geometry":{"type":"LineString","coordinates":[[-122.450254,37.780487],[-122.450255,37.78047]]}},{"type":"Feature","properties":{"kind":"steps","surface":"concrete"},"geometry":{"type":"LineString","coordinates":[[-122.450255,37.78047],[-122.450251,37.78042]]}},{"type":"Feature","properties":{"kind":"trail","surface":"concrete"},"geometry":{"type":"LineString","coordinates":[[-122.450251,37.780357],[-122.450244,37.78033]]}},{"type":"Feature","properties":{"kind":"trail","surface":"concrete"},"geometry":{"type":"LineString","coordinates":[[-122.451566,37.779895],[-122.451986,37.779842]]}},{"type":"Feature","properties":{"kind":"steps","surface":"concrete"},"geometry":{"type":"LineString","coordinates":[[-122.450288,37.780616],[-122.450278,37.78056]]}},{"type":"Feature","properties":{"kind":"trail","surface":"concrete"},"geometry":{"type":"LineString","coordinates":[[-122.450251,37.78042],[-122.450247,37.780398]]}},{"type":"Feature","properties":{"kind":"steps","surface":"concrete"},"geometry":{"type":"LineString","coordinates":[[-122.450244,37.78033],[-122.450211,37.780234]]}},{"type":"Feature","properties":{"kind":"steps","surface":"concrete"},"geometry":{"type":"LineString","coordinates":[[-122.450323,37.780033],[-122.450249,37.780005]]}},{"type":"Feature","properties":{"kind":"steps"},"geometry":{"type":"LineString","coordinates":[[-122.450336,37.779722],[-122.450431,37.77971]]}},{"type":"Feature","properties":{"kind":"trail","surface":"paved"},"geometry":{"type":"LineString","coordinates":[[-122.450138,37.779731],[-122.45019,37.779724]]}},{"type":"Feature","properties":{"kind":"trail","surface":"paved"},"geometry":{"type":"LineString","coordinates":[[-122.44994,37.779839],[-122.450122,37.779809]]}},{"type":"Feature","properties":{"kind":"trail","surface":"concrete"},"geometry":{"type":"LineString","coordinates":[[-122.450278,37.78056],[-122.450269,37.780514]]}},{"type":"Feature","properties":{"kind":"trail","surface":"concrete"},"geometry":{"type":"LineString","coordinates":[[-122.450211,37.780234],[-122.45018,37.780159]]}},{"type":"Feature","properties":{"kind":"trail"},"geometry":{"type":"LineString","coordinates":[[-122.475944,37.807949],[-122.475845,37.808012],[-122.475923,37.808141]]}},{"type":"Feature","properties":{"kind":"trail"},"geometry":{"type":"LineString","coordinates":[[-122.470431,37.800424],[-122.470476,37.800358],[-122.471166,37.800184],[-122.472172,37.799574],[-122.472174,37.799475],[-122.472362,37.79935]]}},{"type":"Feature","properties":{"kind":"trail"},"geometry":{"type":"LineString","coordinates":[[-122.442043,37.778371],[-122.442611,37.778291]]}},{"type":"Feature","properties":{"kind":"trail","surface":"concrete"},"geometry":{"type":"LineString","coordinates":[[-122.472728,37.799544],[-122.472618,37.799406],[-122.472469,37.799481]]}},{"type":"Feature","properties":{"kind":"trail"},"geometry":{"type":"LineString","coordinates":[[-122.465891,37.788232],[-122.465808,37.788236]]}},{"type":"Feature","properties":{"kind":"trail"},"geometry":{"type":"LineString","coordinates":[[-122.44833,37.804894],[-122.448293,37.804931]]}},{"type":"Feature","properties":{"kind":"trail"},"geometry":{"type":"LineString","coordinates":[[-122.448261,37.805095],[-122.448277,37.805152]]}},{"type":"Feature","properties":{"kind":"trail"},"geometry":{"type":"LineString","coordinates":[[-122.448251,37.804972],[-122.44824,37.805018]]}},{"type":"Feature","properties":{"kind":"trail","surface":"asphalt"},"geometry":{"type":"LineString","coordinates":[[-122.44723,37.782291],[-122.447211,37.78235]]}},{"type":"Feature","properties":{"kind":"trail","surface":"asphalt"},"geometry":{"type":"LineString","coordinates":[[-122.44718,37.782429],[-122.447158,37.782489]]}},{"type":"Feature","properties":{"kind":"road","name":"California Street","surface":"asphalt"},"geometry":{"type":"LineString","coordinates":[[-122.451776,37.786627],[-122.453421,37.786419]]}},{"type":"Feature","properties":{"kind":"trail","surface":"bricks"},"geometry":{"type":"LineString","coordinates":[[-122.492448,37.784551],[-122.492448,37.784564]]}},{"type":"Feature","properties":{"kind":"trail"},"geometry":{"type":"LineString","coordinates":[[-122.492599,37.784563],[-122.492485,37.784549]]}},{"type":"Feature","properties":{"kind":"steps","surface":"bricks"},"geometry":{"type":"LineString","coordinates":[[-122.492448,37.784551],[-122.492414,37.784553]]}},{"type":"Feature","properties":{"kind":"steps","surface":"bricks"},"geometry":{"type":"LineString","coordinates":[[-122.492485,37.784549],[-122.492448,37.784551]]}},{"type":"Feature","properties":{"kind":"trail","surface":"concrete"},"geometry":{"type":"LineString","coordinates":[[-122.489392,37.788475],[-122.489377,37.788472]]}},{"type":"Feature","properties":{"kind":"steps","surface":"bricks"},"geometry":{"type":"LineString","coordinates":[[-122.488151,37.788638],[-122.488172,37.788599]]}},{"type":"Feature","properties":{"kind":"trail","surface":"dirt"},"geometry":{"type":"LineString","coordinates":[[-122.489375,37.788118],[-122.489302,37.788125]]}},{"type":"Feature","properties":{"kind":"steps","surface":"bricks"},"geometry":{"type":"LineString","coordinates":[[-122.487992,37.788643],[-122.487954,37.78862]]}},{"type":"Feature","properties":{"kind":"steps","surface":"bricks"},"geometry":{"type":"LineString","coordinates":[[-122.487997,37.788524],[-122.487951,37.788528]]}},{"type":"Feature","properties":{"kind":"trail","surface":"concrete"},"geometry":{"type":"LineString","coordinates":[[-122.489523,37.788515],[-122.489554,37.788525]]}},{"type":"Feature","properties":{"kind":"trail","surface":"concrete"},"geometry":{"type":"LineString","coordinates":[[-122.465868,37.775051],[-122.465868,37.775046],[-122.465867,37.775041]]}},{"type":"Feature","properties":{"kind":"trail","surface":"concrete"},"geometry":{"type":"LineString","coordinates":[[-122.465872,37.775128],[-122.465872,37.775121],[-122.465872,37.775115]]}},{"type":"Feature","properties":{"kind":"steps","surface":"concrete"},"geometry":{"type":"LineString","coordinates":[[-122.465894,37.775121],[-122.465872,37.775121]]}},{"type":"Feature","properties":{"kind":"steps","surface":"concrete"},"geometry":{"type":"LineString","coordinates":[[-122.46589,37.775045],[-122.465868,37.775046]]}},{"type":"Feature","properties":{"kind":"trail","surface":"concrete"},"geometry":{"type":"LineString","coordinates":[[-122.448664,37.800904],[-122.448601,37.800969]]}},{"type":"Feature","properties":{"kind":"trail","surface":"concrete"},"geometry":{"type":"LineString","coordinates":[[-122.449058,37.801141],[-122.448952,37.801238]]}},{"type":"Feature","properties":{"kind":"trail","surface":"asphalt"},"geometry":{"type":"LineString","coordinates":[[-122.449013,37.801114],[-122.448914,37.801211]]}},{"type":"Feature","properties":{"kind":"trail","surface":"unpaved"},"geometry":{"type":"LineString","coordinates":[[-122.454156,37.79132],[-122.454592,37.791412],[-122.454902,37.791332]]}},{"type":"Feature","properties":{"kind":"trail"},"geometry":{"type":"LineString","coordinates":[[-122.454345,37.790617],[-122.454331,37.79057],[-122.454262,37.790582]]}},{"type":"Feature","properties":{"kind":"road","name":"Geary Boulevard","surface":"asphalt"},"geometry":{"type":"LineString","coordinates":[[-122.481042,37.78033],[-122.481135,37.780326]]}},{"type":"Feature","properties":{"kind":"trail","name":"Golden Gate Bridge East Sidewalk","surface":"concrete"},"geometry":{"type":"LineString","coordinates":[[-122.476411,37.808172],[-122.476798,37.808594],[-122.477065,37.809038],[-122.477207,37.809448],[-122.477267,37.809944]]}},{"type":"Feature","properties":{"kind":"trail"},"geometry":{"type":"LineString","coordinates":[[-122.461235,37.794966],[-122.461539,37.79504],[-122.462321,37.794946],[-122.46277,37.794613]]}},{"type":"Feature","properties":{"kind":"trail","surface":"asphalt"},"geometry":{"type":"LineString","coordinates":[[-122.467934,37.803632],[-122.467878,37.803564]]}},{"type":"Feature","properties":{"kind":"road","name":"Lincoln Boulevard","surface":"asphalt"},"geometry":{"type":"LineString","coordinates":[[-122.470204,37.805947],[-122.470387,37.806037]]}},{"type":"Feature","properties":{"kind":"trail","surface":"asphalt"},"geometry":{"type":"LineString","coordinates":[[-122.472475,37.807212],[-122.472541,37.807255]]}},{"type":"Feature","properties":{"kind":"road","name":"Lincoln Boulevard","surface":"asphalt"},"geometry":{"type":"LineString","coordinates":[[-122.470106,37.805867],[-122.470204,37.805947]]}},{"type":"Feature","properties":{"kind":"road","name":"Lincoln Boulevard"},"geometry":{"type":"LineString","coordinates":[[-122.470005,37.804636],[-122.469955,37.804903]]}},{"type":"Feature","properties":{"kind":"road","surface":"asphalt"},"geometry":{"type":"LineString","coordinates":[[-122.467836,37.803541],[-122.467954,37.803524]]}},{"type":"Feature","properties":{"kind":"trail","surface":"asphalt"},"geometry":{"type":"LineString","coordinates":[[-122.467607,37.803751],[-122.467641,37.803732],[-122.467975,37.80404]]}},{"type":"Feature","properties":{"kind":"road","name":"Mason Street","surface":"asphalt"},"geometry":{"type":"LineString","coordinates":[[-122.46726,37.803626],[-122.46708,37.803597]]}},{"type":"Feature","properties":{"kind":"road","name":"Mason Street","surface":"asphalt"},"geometry":{"type":"LineString","coordinates":[[-122.467444,37.803697],[-122.46726,37.803626]]}},{"type":"Feature","properties":{"kind":"road","name":"Graham Street","surface":"asphalt"},"geometry":{"type":"LineString","coordinates":[[-122.456449,37.801204],[-122.456194,37.801575]]}},{"type":"Feature","properties":{"kind":"road","name":"Divisadero Street","surface":"asphalt"},"geometry":{"type":"LineString","coordinates":[[-122.441178,37.791639],[-122.441001,37.790758]]}},{"type":"Feature","properties":{"kind":"road","name":"Divisadero Street","surface":"asphalt"},"geometry":{"type":"LineString","coordinates":[[-122.441001,37.790758],[-122.440825,37.78988]]}},{"type":"Feature","properties":{"kind":"road","name":"Legion of Honor Drive","surface":"asphalt"},"geometry":{"type":"LineString","coordinates":[[-122.494779,37.782135],[-122.49459,37.781926],[-122.494531,37.781584]]}},{"type":"Feature","properties":{"kind":"trail","surface":"concrete"},"geometry":{"type":"LineString","coordinates":[[-122.446415,37.781911],[-122.446437,37.781908],[-122.446917,37.781845],[-122.44698,37.782091]]}},{"type":"Feature","properties":{"kind":"trail","surface":"concrete"},"geometry":{"type":"LineString","coordinates":[[-122.446437,37.781908],[-122.44646,37.782165]]}},{"type":"Feature","properties":{"kind":"road","name":"California Street","surface":"asphalt"},"geometry":{"type":"LineString","coordinates":[[-122.460326,37.785544],[-122.461392,37.785409]]}},{"type":"Feature","properties":{"kind":"road","surface":"asphalt"},"geometry":{"type":"LineString","coordinates":[[-122.467498,37.803746],[-122.467557,37.803707]]}},{"type":"Feature","properties":{"kind":"trail","surface":"asphalt"},"geometry":{"type":"LineString","coordinates":[[-122.494517,37.782329],[-122.494615,37.782202]]}},{"type":"Feature","properties":{"kind":"road","name":"Sheridan Avenue"},"geometry":{"type":"LineString","coordinates":[[-122.45959,37.799489],[-122.460263,37.799875]]}},{"type":"Feature","properties":{"kind":"steps","surface":"bricks"},"geometry":{"type":"LineString","coordinates":[[-122.472678,37.776217],[-122.47272,37.776215]]}},{"type":"Feature","properties":{"kind":"steps"},"geometry":{"type":"LineString","coordinates":[[-122.472732,37.807674],[-122.472715,37.80772]]}},{"type":"Feature","properties":{"kind":"road","surface":"paving_stones"},"geometry":{"type":"LineString","coordinates":[[-122.472803,37.807704],[-122.472806,37.807565],[-122.472763,37.807561],[-122.472539,37.807526],[-122.472417,37.807455],[-122.472401,37.807488],[-122.472732,37.807674],[-122.472803,37.807704]]}},{"type":"Feature","properties":{"kind":"trail","name":"El Polin Loop","surface":"compacted"},"geometry":{"type":"LineString","coordinates":[[-122.455673,37.792841],[-122.455703,37.793042],[-122.455517,37.793331],[-122.455444,37.793296]]}},{"type":"Feature","properties":{"kind":"trail","name":"El Polin Loop","surface":"unhewn_cobblestone"},"geometry":{"type":"LineString","coordinates":[[-122.455444,37.793296],[-122.455382,37.793252]]}},{"type":"Feature","properties":{"kind":"trail"},"geometry":{"type":"LineString","coordinates":[[-122.447923,37.801781],[-122.447916,37.801746]]}},{"type":"Feature","properties":{"kind":"steps"},"geometry":{"type":"LineString","coordinates":[[-122.447916,37.801746],[-122.447912,37.801727]]}},{"type":"Feature","properties":{"kind":"trail","surface":"dirt"},"geometry":{"type":"LineString","coordinates":[[-122.447456,37.793143],[-122.44753,37.793362],[-122.447956,37.794082],[-122.44801,37.794298],[-122.447967,37.794512],[-122.448273,37.794705],[-122.44834,37.794836]]}},{"type":"Feature","properties":{"kind":"trail","surface":"paving_stones"},"geometry":{"type":"LineString","coordinates":[[-122.463611,37.780196],[-122.463603,37.780069],[-122.463597,37.779979]]}},{"type":"Feature","properties":{"kind":"trail","surface":"paving_stones"},"geometry":{"type":"LineString","coordinates":[[-122.463613,37.780524],[-122.463644,37.780522],[-122.463764,37.780517],[-122.463786,37.780516]]}},{"type":"Feature","properties":{"kind":"steps","surface":"concrete"},"geometry":{"type":"LineString","coordinates":[[-122.463498,37.780016],[-122.463498,37.780011]]}},{"type":"Feature","properties":{"kind":"trail"},"geometry":{"type":"LineString","coordinates":[[-122.463481,37.780015],[-122.463479,37.779984]]}},{"type":"Feature","properties":{"kind":"trail","surface":"concrete"},"geometry":{"type":"LineString","coordinates":[[-122.463364,37.780148],[-122.463356,37.78004],[-122.463394,37.780025]]}},{"type":"Feature","properties":{"kind":"trail","surface":"concrete"},"geometry":{"type":"LineString","coordinates":[[-122.463482,37.780022],[-122.463481,37.780015]]}},{"type":"Feature","properties":{"kind":"trail"},"geometry":{"type":"LineString","coordinates":[[-122.463466,37.780036],[-122.463356,37.78004]]}},{"type":"Feature","properties":{"kind":"trail","surface":"concrete"},"geometry":{"type":"LineString","coordinates":[[-122.463779,37.780233],[-122.463765,37.780234]]}},{"type":"Feature","properties":{"kind":"steps","surface":"concrete"},"geometry":{"type":"LineString","coordinates":[[-122.463788,37.780232],[-122.463779,37.780233]]}},{"type":"Feature","properties":{"kind":"road"},"geometry":{"type":"LineString","coordinates":[[-122.450143,37.78453],[-122.450176,37.784491],[-122.450166,37.784463],[-122.450105,37.784482],[-122.450109,37.784507],[-122.450143,37.78453]]}},{"type":"Feature","properties":{"kind":"road","name":"Euclid Avenue","surface":"asphalt"},"geometry":{"type":"LineString","coordinates":[[-122.448006,37.78501],[-122.449694,37.784598]]}},{"type":"Feature","properties":{"kind":"road","name":"Euclid Avenue","surface":"asphalt"},"geometry":{"type":"LineString","coordinates":[[-122.450056,37.784512],[-122.450109,37.784507]]}},{"type":"Feature","properties":{"kind":"road","name":"Euclid Avenue","surface":"asphalt"},"geometry":{"type":"LineString","coordinates":[[-122.450262,37.784462],[-122.450166,37.784463]]}},{"type":"Feature","properties":{"kind":"road","name":"Euclid Avenue","surface":"asphalt"},"geometry":{"type":"LineString","coordinates":[[-122.450105,37.784482],[-122.450056,37.784512]]}},{"type":"Feature","properties":{"kind":"road","name":"Euclid Avenue","surface":"asphalt"},"geometry":{"type":"LineString","coordinates":[[-122.450176,37.784491],[-122.450262,37.784462]]}},{"type":"Feature","properties":{"kind":"road","name":"Euclid Avenue","surface":"asphalt"},"geometry":{"type":"LineString","coordinates":[[-122.449694,37.784598],[-122.450056,37.784512]]}},{"type":"Feature","properties":{"kind":"road","name":"Euclid Avenue","surface":"asphalt"},"geometry":{"type":"LineString","coordinates":[[-122.450262,37.784462],[-122.450651,37.784369]]}},{"type":"Feature","properties":{"kind":"road","name":"Euclid Avenue","surface":"asphalt"},"geometry":{"type":"LineString","coordinates":[[-122.450651,37.784369],[-122.451029,37.784278]]}},{"type":"Feature","properties":{"kind":"trail","surface":"concrete"},"geometry":{"type":"LineString","coordinates":[[-122.440721,37.777618],[-122.440713,37.777574]]}},{"type":"Feature","properties":{"kind":"trail","surface":"concrete"},"geometry":{"type":"LineString","coordinates":[[-122.475897,37.807877],[-122.475909,37.807896]]}},{"type":"Feature","properties":{"kind":"trail","surface":"concrete"},"geometry":{"type":"LineString","coordinates":[[-122.475688,37.807703],[-122.47577,37.80775]]}},{"type":"Feature","properties":{"kind":"trail","surface":"concrete"},"geometry":{"type":"LineString","coordinates":[[-122.475566,37.807712],[-122.475632,37.807674],[-122.475688,37.807703]]}},{"type":"Feature","properties":{"kind":"trail","name":"Lone Mountain Terrace","surface":"compacted"},"geometry":{"type":"LineString","coordinates":[[-122.455346,37.778851],[-122.45546,37.778824],[-122.456204,37.778742]]}},{"type":"Feature","properties":{"kind":"steps","name":"Lone Mountain Terrace","surface":"concrete"},"geometry":{"type":"LineString","coordinates":[[-122.455346,37.778851],[-122.455313,37.778856]]}},{"type":"Feature","properties":{"kind":"trail","surface":"woodchips"},"geometry":{"type":"LineString","coordinates":[[-122.509372,37.777387],[-122.509357,37.777149]]}},{"type":"Feature","properties":{"kind":"trail"},"geometry":{"type":"LineString","coordinates":[[-122.502082,37.779455],[-122.502001,37.779444]]}},{"type":"Feature","properties":{"kind":"trail","surface":"asphalt"},"geometry":{"type":"LineString","coordinates":[[-122.494709,37.782177],[-122.494753,37.782166]]}},{"type":"Feature","properties":{"kind":"trail","surface":"asphalt"},"geometry":{"type":"LineString","coordinates":[[-122.498797,37.785145],[-122.498479,37.784665],[-122.498127,37.784374],[-122.497642,37.783703],[-122.497427,37.783543],[-122.497284,37.783376],[-122.497267,37.7832]]}},{"type":"Feature","properties":{"kind":"trail","surface":"asphalt"},"geometry":{"type":"LineString","coordinates":[[-122.497267,37.7832],[-122.497286,37.783163],[-122.497317,37.783094],[-122.497327,37.783067]]}},{"type":"Feature","properties":{"kind":"trail","surface":"ground"},"geometry":{"type":"LineString","coordinates":[[-122.47198,37.780529],[-122.471902,37.77885]]}},{"type":"Feature","properties":{"kind":"trail","surface":"ground"},"geometry":{"type":"LineString","coordinates":[[-122.471887,37.77866],[-122.471754,37.776988]]}},{"type":"Feature","properties":{"kind":"road","name":"Mason Street","surface":"asphalt"},"geometry":{"type":"LineString","coordinates":[[-122.462162,37.802977],[-122.460972,37.80288]]}},{"type":"Feature","properties":{"kind":"road","name":"Mason Street","surface":"asphalt"},"geometry":{"type":"LineString","coordinates":[[-122.46708,37.803597],[-122.465754,37.803384],[-122.462162,37.802977]]}},{"type":"Feature","properties":{"kind":"steps","surface":"paving_stones"},"geometry":{"type":"LineString","coordinates":[[-122.489991,37.786581],[-122.490027,37.786613]]}},{"type":"Feature","properties":{"kind":"steps"},"geometry":{"type":"LineString","coordinates":[[-122.489931,37.786525],[-122.489893,37.786499]]}},{"type":"Feature","properties":{"kind":"steps","surface":"paving_stones"},"geometry":{"type":"LineString","coordinates":[[-122.489714,37.78697],[-122.489765,37.78698]]}},{"type":"Feature","properties":{"kind":"steps","surface":"paving_stones"},"geometry":{"type":"LineString","coordinates":[[-122.489626,37.786957],[-122.489581,37.786948]]}},{"type":"Feature","properties":{"kind":"trail"},"geometry":{"type":"LineString","coordinates":[[-122.48196,37.790684],[-122.481683,37.790669],[-122.481642,37.790621]]}},{"type":"Feature","properties":{"kind":"trail","surface":"paved"},"geometry":{"type":"LineString","coordinates":[[-122.501554,37.786501],[-122.501204,37.786232],[-122.500818,37.785971],[-122.500321,37.785792],[-122.500081,37.785931]]}},{"type":"Feature","properties":{"kind":"trail","surface":"paved"},"geometry":{"type":"LineString","coordinates":[[-122.500081,37.785931],[-122.500001,37.785907],[-122.499913,37.78588]]}},{"type":"Feature","properties":{"kind":"trail"},"geometry":{"type":"LineString","coordinates":[[-122.49622,37.785739],[-122.496234,37.785787],[-122.496249,37.785836]]}},{"type":"Feature","properties":{"kind":"steps"},"geometry":{"type":"LineString","coordinates":[[-122.492032,37.785427],[-122.492001,37.785447]]}},{"type":"Feature","properties":{"kind":"trail","surface":"paving_stones"},"geometry":{"type":"LineString","coordinates":[[-122.477948,37.783213],[-122.477888,37.78316]]}},{"type":"Feature","properties":{"kind":"trail","surface":"paving_stones"},"geometry":{"type":"LineString","coordinates":[[-122.477794,37.783231],[-122.477774,37.783125]]}},{"type":"Feature","properties":{"kind":"road","surface":"asphalt"},"geometry":{"type":"LineString","coordinates":[[-122.461432,37.801341],[-122.46134,37.801311],[-122.461193,37.801326],[-122.459454,37.801786],[-122.458726,37.802074]]}},{"type":"Feature","properties":{"kind":"road","name":"Golden Gate Avenue","surface":"asphalt"},"geometry":{"type":"LineString","coordinates":[[-122.441883,37.778308],[-122.44024,37.778517]]}},{"type":"Feature","properties":{"kind":"road","name":"Fulton Street","surface":"asphalt"},"geometry":{"type":"LineString","coordinates":[[-122.447036,37.775741],[-122.448,37.775617]]}},{"type":"Feature","properties":{"kind":"trail","surface":"dirt"},"geometry":{"type":"LineString","coordinates":[[-122.475871,37.792544],[-122.476583,37.792336],[-122.476756,37.792331]]}},{"type":"Feature","properties":{"kind":"steps","surface":"concrete"},"geometry":{"type":"LineString","coordinates":[[-122.475534,37.807734],[-122.475566,37.807712]]}},{"type":"Feature","properties":{"kind":"trail","surface":"concrete"},"geometry":{"type":"LineString","coordinates":[[-122.475521,37.807743],[-122.475534,37.807734]]}},{"type":"Feature","properties":{"kind":"road","name":"Fulton Street","surface":"asphalt"},"geometry":{"type":"LineString","coordinates":[[-122.451266,37.775199],[-122.452926,37.774987]]}},{"type":"Feature","properties":{"kind":"trail"},"geometry":{"type":"LineString","coordinates":[[-122.457322,37.803598],[-122.457279,37.803565],[-122.457298,37.803519],[-122.457238,37.803494],[-122.45709,37.803511],[-122.45705,37.803593],[-122.456965,37.80363],[-122.456947,37.803653],[-122.456825,37.803712],[-122.456749,37.803656],[-122.456757,37.803615]]}},{"type":"Feature","properties":{"kind":"trail"},"geometry":{"type":"LineString","coordinates":[[-122.457322,37.803598],[-122.457352,37.803621],[-122.457314,37.803665],[-122.457279,37.803619]]}},{"type":"Feature","properties":{"kind":"trail"},"geometry":{"type":"LineString","coordinates":[[-122.457225,37.803638],[-122.457146,37.803722],[-122.457087,37.803675],[-122.457082,37.803662],[-122.45705,37.803593]]}},{"type":"Feature","properties":{"kind":"trail"},"geometry":{"type":"LineString","coordinates":[[-122.457087,37.803675],[-122.456915,37.803766],[-122.456619,37.803811],[-122.456494,37.803803],[-122.456486,37.803744],[-122.456201,37.803831],[-122.456157,37.803747]]}},{"type":"Feature","properties":{"kind":"trail"},"geometry":{"type":"LineString","coordinates":[[-122.456259,37.8037],[-122.456274,37.803724]]}},{"type":"Feature","properties":{"kind":"trail"},"geometry":{"type":"LineString","coordinates":[[-122.456274,37.803724],[-122.456347,37.803739],[-122.456209,37.8038],[-122.456274,37.803724]]}},{"type":"Feature","properties":{"kind":"trail"},"geometry":{"type":"LineString","coordinates":[[-122.456433,37.80364],[-122.456441,37.803653],[-122.45649,37.803685],[-122.456413,37.803719],[-122.456441,37.803653]]}},{"type":"Feature","properties":{"kind":"trail"},"geometry":{"type":"LineString","coordinates":[[-122.456749,37.803656],[-122.456704,37.803662],[-122.45673,37.803613]]}},{"type":"Feature","properties":{"kind":"trail"},"geometry":{"type":"LineString","coordinates":[[-122.456699,37.80361],[-122.456703,37.803495],[-122.456707,37.803428],[-122.456634,37.803419],[-122.456421,37.8036],[-122.456433,37.80364]]}},{"type":"Feature","properties":{"kind":"trail"},"geometry":{"type":"LineString","coordinates":[[-122.456965,37.80363],[-122.456884,37.803557],[-122.456934,37.803485],[-122.456703,37.803495]]}},{"type":"Feature","properties":{"kind":"trail"},"geometry":{"type":"LineString","coordinates":[[-122.456421,37.8036],[-122.456268,37.803537],[-122.456153,37.803612],[-122.456106,37.80371],[-122.456107,37.803764]]}},{"type":"Feature","properties":{"kind":"trail"},"geometry":{"type":"LineString","coordinates":[[-122.456259,37.8037],[-122.456153,37.803612],[-122.456071,37.803598]]}},{"type":"Feature","properties":{"kind":"trail"},"geometry":{"type":"LineString","coordinates":[[-122.456106,37.80371],[-122.456046,37.803697]]}},{"type":"Feature","properties":{"kind":"steps","surface":"concrete"},"geometry":{"type":"LineString","coordinates":[[-122.45208,37.775011],[-122.45208,37.774979]]}},{"type":"Feature","properties":{"kind":"trail","surface":"concrete"},"geometry":{"type":"LineString","coordinates":[[-122.446168,37.776008],[-122.446144,37.775996]]}},{"type":"Feature","properties":{"kind":"trail","name":"Lone Mountain Terrace","surface":"compacted"},"geometry":{"type":"LineString","coordinates":[[-122.456225,37.778739],[-122.456317,37.778727]]}},{"type":"Feature","properties":{"kind":"steps","name":"Lone Mountain Terrace","surface":"compacted"},"geometry":{"type":"LineString","coordinates":[[-122.456204,37.778742],[-122.456225,37.778739]]}},{"type":"Feature","properties":{"kind":"trail","name":"Lone Mountain Terrace","surface":"compacted"},"geometry":{"type":"LineString","coordinates":[[-122.453921,37.779034],[-122.454141,37.779006]]}},{"type":"Feature","properties":{"kind":"steps","name":"Lone Mountain Terrace","surface":"compacted"},"geometry":{"type":"LineString","coordinates":[[-122.453879,37.779039],[-122.453921,37.779034]]}},{"type":"Feature","properties":{"kind":"steps","name":"Lone Mountain Terrace","surface":"compacted"},"geometry":{"type":"LineString","coordinates":[[-122.454141,37.779006],[-122.454186,37.779]]}},{"type":"Feature","properties":{"kind":"trail","name":"Lone Mountain Terrace","surface":"compacted"},"geometry":{"type":"LineString","coordinates":[[-122.453691,37.779063],[-122.453879,37.779039]]}},{"type":"Feature","properties":{"kind":"trail","name":"Lone Mountain Terrace","surface":"compacted"},"geometry":{"type":"LineString","coordinates":[[-122.454964,37.7789],[-122.455313,37.778856]]}},{"type":"Feature","properties":{"kind":"steps","name":"Lone Mountain Terrace","surface":"compacted"},"geometry":{"type":"LineString","coordinates":[[-122.454942,37.778903],[-122.454964,37.7789]]}},{"type":"Feature","properties":{"kind":"road","surface":"asphalt"},"geometry":{"type":"LineString","coordinates":[[-122.474844,37.807566],[-122.474798,37.807596]]}},{"type":"Feature","properties":{"kind":"trail","surface":"concrete"},"geometry":{"type":"LineString","coordinates":[[-122.480383,37.780873],[-122.480371,37.780874],[-122.48036,37.780875]]}},{"type":"Feature","properties":{"kind":"trail","surface":"concrete"},"geometry":{"type":"LineString","coordinates":[[-122.480377,37.780753],[-122.480363,37.780785]]}},{"type":"Feature","properties":{"kind":"steps","surface":"concrete"},"geometry":{"type":"LineString","coordinates":[[-122.480368,37.78086],[-122.480366,37.780835]]}},{"type":"Feature","properties":{"kind":"trail","surface":"concrete"},"geometry":{"type":"LineString","coordinates":[[-122.480417,37.780871],[-122.480383,37.780873]]}},{"type":"Feature","properties":{"kind":"trail","surface":"concrete"},"geometry":{"type":"LineString","coordinates":[[-122.480409,37.780752],[-122.480377,37.780753]]}},{"type":"Feature","properties":{"kind":"steps","surface":"concrete"},"geometry":{"type":"LineString","coordinates":[[-122.480363,37.780785],[-122.480364,37.780807]]}},{"type":"Feature","properties":{"kind":"trail","surface":"concrete"},"geometry":{"type":"LineString","coordinates":[[-122.480371,37.780874],[-122.480368,37.78086]]}},{"type":"Feature","properties":{"kind":"trail","surface":"concrete"},"geometry":{"type":"LineString","coordinates":[[-122.480364,37.780813],[-122.480356,37.780814]]}},{"type":"Feature","properties":{"kind":"trail","surface":"concrete"},"geometry":{"type":"LineString","coordinates":[[-122.480336,37.780496],[-122.480334,37.780469]]}},{"type":"Feature","properties":{"kind":"trail","surface":"concrete"},"geometry":{"type":"LineString","coordinates":[[-122.480366,37.780835],[-122.480364,37.780813],[-122.480364,37.780807]]}},{"type":"Feature","properties":{"kind":"steps","surface":"paved"},"geometry":{"type":"LineString","coordinates":[[-122.48025,37.779023],[-122.480216,37.779015]]}},{"type":"Feature","properties":{"kind":"trail","surface":"paved"},"geometry":{"type":"LineString","coordinates":[[-122.441022,37.782752],[-122.440879,37.78277],[-122.441044,37.782722]]}},{"type":"Feature","properties":{"kind":"trail","surface":"asphalt"},"geometry":{"type":"LineString","coordinates":[[-122.441113,37.782788],[-122.441022,37.782752]]}},{"type":"Feature","properties":{"kind":"trail","surface":"concrete"},"geometry":{"type":"LineString","coordinates":[[-122.441046,37.782407],[-122.440955,37.782421]]}},{"type":"Feature","properties":{"kind":"trail","surface":"concrete"},"geometry":{"type":"LineString","coordinates":[[-122.440547,37.782931],[-122.440561,37.783001]]}},{"type":"Feature","properties":{"kind":"trail","surface":"asphalt"},"geometry":{"type":"LineString","coordinates":[[-122.440583,37.782972],[-122.440554,37.782889],[-122.440547,37.782931]]}},{"type":"Feature","properties":{"kind":"trail","surface":"paved"},"geometry":{"type":"LineString","coordinates":[[-122.441032,37.78234],[-122.441046,37.782407],[-122.441089,37.782663],[-122.441051,37.782668],[-122.441042,37.782712]]}},{"type":"Feature","properties":{"kind":"trail","surface":"paved"},"geometry":{"type":"LineString","coordinates":[[-122.441044,37.782722],[-122.441042,37.782712]]}},{"type":"Feature","properties":{"kind":"steps","surface":"concrete"},"geometry":{"type":"LineString","coordinates":[[-122.441045,37.782643],[-122.441044,37.782637]]}},{"type":"Feature","properties":{"kind":"steps"},"geometry":{"type":"LineString","coordinates":[[-122.440583,37.782972],[-122.440587,37.782998]]}},{"type":"Feature","properties":{"kind":"steps","surface":"paved"},"geometry":{"type":"LineString","coordinates":[[-122.441102,37.782715],[-122.441044,37.782722]]}},{"type":"Feature","properties":{"kind":"trail","surface":"asphalt"},"geometry":{"type":"LineString","coordinates":[[-122.441102,37.782715],[-122.441113,37.782788],[-122.441139,37.782966]]}},{"type":"Feature","properties":{"kind":"trail","surface":"concrete"},"geometry":{"type":"LineString","coordinates":[[-122.441051,37.782668],[-122.441045,37.782643]]}},{"type":"Feature","properties":{"kind":"road","surface":"brick"},"geometry":{"type":"LineString","coordinates":[[-122.441002,37.782614],[-122.441044,37.782637],[-122.441002,37.782614]]}},{"type":"Feature","properties":{"kind":"steps","surface":"concrete"},"geometry":{"type":"LineString","coordinates":[[-122.446415,37.781911],[-122.446388,37.781824],[-122.446388,37.781875]]}},{"type":"Feature","properties":{"kind":"road","name":"Sheridan Avenue"},"geometry":{"type":"LineString","coordinates":[[-122.460733,37.800376],[-122.460831,37.800494]]}},{"type":"Feature","properties":{"kind":"road","name":"Sheridan Avenue","surface":"asphalt"},"geometry":{"type":"LineString","coordinates":[[-122.458588,37.798976],[-122.458467,37.798923]]}},{"type":"Feature","properties":{"kind":"trail"},"geometry":{"type":"LineString","coordinates":[[-122.446562,37.785287],[-122.446545,37.785262],[-122.446563,37.785245]]}},{"type":"Feature","properties":{"kind":"trail"},"geometry":{"type":"LineString","coordinates":[[-122.447843,37.785166],[-122.447738,37.785176],[-122.447714,37.785181]]}},{"type":"Feature","properties":{"kind":"trail"},"geometry":{"type":"LineString","coordinates":[[-122.447715,37.785018],[-122.447717,37.784994],[-122.447734,37.784981]]}},{"type":"Feature","properties":{"kind":"trail","surface":"asphalt"},"geometry":{"type":"LineString","coordinates":[[-122.476881,37.77527],[-122.476788,37.775275]]}},{"type":"Feature","properties":{"kind":"trail","surface":"concrete"},"geometry":{"type":"LineString","coordinates":[[-122.476692,37.775262],[-122.476634,37.775264]]}},{"type":"Feature","properties":{"kind":"trail","surface":"concrete"},"geometry":{"type":"LineString","coordinates":[[-122.476765,37.775265],[-122.476692,37.775262]]}},{"type":"Feature","properties":{"kind":"trail","surface":"concrete"},"geometry":{"type":"LineString","coordinates":[[-122.476692,37.775262],[-122.476691,37.775235]]}},{"type":"Feature","properties":{"kind":"trail","surface":"concrete"},"geometry":{"type":"LineString","coordinates":[[-122.476663,37.77536],[-122.476653,37.775388],[-122.476625,37.775389]]}},{"type":"Feature","properties":{"kind":"road","name":"Spruce Street","surface":"asphalt"},"geometry":{"type":"LineString","coordinates":[[-122.453421,37.786419],[-122.453333,37.78598]]}},{"type":"Feature","properties":{"kind":"road","name":"Laurel Street","surface":"asphalt"},"geometry":{"type":"LineString","coordinates":[[-122.450134,37.786841],[-122.449989,37.786124]]}},{"type":"Feature","properties":{"kind":"road","name":"Mayfair Drive","surface":"asphalt"},"geometry":{"type":"LineString","coordinates":[[-122.449989,37.786124],[-122.45041,37.786083]]}},{"type":"Feature","properties":{"kind":"road","name":"California Street","surface":"asphalt"},"geometry":{"type":"LineString","coordinates":[[-122.470227,37.784562],[-122.472069,37.784479]]}},{"type":"Feature","properties":{"kind":"trail","surface":"concrete"},"geometry":{"type":"LineString","coordinates":[[-122.446904,37.787156],[-122.446882,37.787158]]}},{"type":"Feature","properties":{"kind":"trail","surface":"concrete"},"geometry":{"type":"LineString","coordinates":[[-122.446907,37.787172],[-122.446904,37.787156]]}},{"type":"Feature","properties":{"kind":"trail"},"geometry":{"type":"LineString","coordinates":[[-122.459292,37.798588],[-122.459506,37.798129],[-122.459572,37.79812],[-122.459866,37.798261]]}},{"type":"Feature","properties":{"kind":"trail"},"geometry":{"type":"LineString","coordinates":[[-122.459948,37.798301],[-122.460301,37.798468]]}},{"type":"Feature","properties":{"kind":"trail"},"geometry":{"type":"LineString","coordinates":[[-122.460512,37.79844],[-122.459878,37.798135]]}},{"type":"Feature","properties":{"kind":"trail","surface":"concrete"},"geometry":{"type":"LineString","coordinates":[[-122.470422,37.806119],[-122.470396,37.806145]]}},{"type":"Feature","properties":{"kind":"trail","name":"Andrews Road","surface":"concrete"},"geometry":{"type":"LineString","coordinates":[[-122.472413,37.808025],[-122.472278,37.807989]]}},{"type":"Feature","properties":{"kind":"trail","surface":"concrete"},"geometry":{"type":"LineString","coordinates":[[-122.47046,37.806064],[-122.470422,37.806119]]}},{"type":"Feature","properties":{"kind":"trail","surface":"concrete"},"geometry":{"type":"LineString","coordinates":[[-122.461159,37.80262],[-122.461032,37.802625],[-122.461035,37.802664]]}},{"type":"Feature","properties":{"kind":"trail","surface":"concrete"},"geometry":{"type":"LineString","coordinates":[[-122.461081,37.802785],[-122.461065,37.802753]]}},{"type":"Feature","properties":{"kind":"trail","surface":"concrete"},"geometry":{"type":"LineString","coordinates":[[-122.451352,37.803545],[-122.451355,37.803566]]}},{"type":"Feature","properties":{"kind":"trail","surface":"asphalt"},"geometry":{"type":"LineString","coordinates":[[-122.451402,37.803516],[-122.451352,37.803545]]}},{"type":"Feature","properties":{"kind":"trail","surface":"asphalt"},"geometry":{"type":"LineString","coordinates":[[-122.451337,37.803534],[-122.451352,37.803545]]}},{"type":"Feature","properties":{"kind":"trail"},"geometry":{"type":"LineString","coordinates":[[-122.457912,37.799107],[-122.457663,37.798982]]}},{"type":"Feature","properties":{"kind":"trail"},"geometry":{"type":"LineString","coordinates":[[-122.447733,37.78516],[-122.447738,37.785176]]}},{"type":"Feature","properties":{"kind":"trail"},"geometry":{"type":"LineString","coordinates":[[-122.447717,37.784994],[-122.447691,37.785001]]}},{"type":"Feature","properties":{"kind":"trail"},"geometry":{"type":"LineString","coordinates":[[-122.44753,37.785054],[-122.447554,37.785045]]}},{"type":"Feature","properties":{"kind":"trail"},"geometry":{"type":"LineString","coordinates":[[-122.447534,37.785077],[-122.44753,37.785054],[-122.447511,37.785047]]}},{"type":"Feature","properties":{"kind":"trail"},"geometry":{"type":"LineString","coordinates":[[-122.446545,37.785262],[-122.446512,37.785268]]}},{"type":"Feature","properties":{"kind":"trail"},"geometry":{"type":"LineString","coordinates":[[-122.491145,37.787805],[-122.491153,37.78778]]}},{"type":"Feature","properties":{"kind":"trail","surface":"paved"},"geometry":{"type":"LineString","coordinates":[[-122.490701,37.787912],[-122.490759,37.787981]]}},{"type":"Feature","properties":{"kind":"steps"},"geometry":{"type":"LineString","coordinates":[[-122.491145,37.787805],[-122.491074,37.787834]]}},{"type":"Feature","properties":{"kind":"trail","surface":"compacted"},"geometry":{"type":"LineString","coordinates":[[-122.510332,37.780607],[-122.510218,37.780663]]}},{"type":"Feature","properties":{"kind":"steps","surface":"paved"},"geometry":{"type":"LineString","coordinates":[[-122.47167,37.782731],[-122.471671,37.782742]]}},{"type":"Feature","properties":{"kind":"steps","surface":"paved"},"geometry":{"type":"LineString","coordinates":[[-122.471836,37.783062],[-122.471808,37.783063]]}},{"type":"Feature","properties":{"kind":"steps","name":"1","surface":"concrete"},"geometry":{"type":"LineString","coordinates":[[-122.511873,37.776166],[-122.511826,37.77617]]}},{"type":"Feature","properties":{"kind":"steps","name":"2","surface":"concrete"},"geometry":{"type":"LineString","coordinates":[[-122.511835,37.775866],[-122.511789,37.77587]]}},{"type":"Feature","properties":{"kind":"steps","name":"3","surface":"concrete"},"geometry":{"type":"LineString","coordinates":[[-122.511785,37.775456],[-122.511738,37.77546]]}},{"type":"Feature","properties":{"kind":"steps","name":"4","surface":"concrete"},"geometry":{"type":"LineString","coordinates":[[-122.511735,37.775048],[-122.511689,37.775053]]}},{"type":"Feature","properties":{"kind":"trail","surface":"concrete"},"geometry":{"type":"LineString","coordinates":[[-122.45604,37.802246],[-122.45608,37.802266]]}},{"type":"Feature","properties":{"kind":"trail"},"geometry":{"type":"LineString","coordinates":[[-122.448313,37.8046],[-122.448284,37.804618]]}},{"type":"Feature","properties":{"kind":"trail","name":"Sutro Heights Loop Trail","surface":"compacted"},"geometry":{"type":"LineString","coordinates":[[-122.509894,37.779616],[-122.510046,37.779341],[-122.510313,37.778883],[-122.510675,37.778265],[-122.51102,37.778347],[-122.511128,37.778352],[-122.512094,37.778372],[-122.512477,37.778429],[-122.512592,37.778405],[-122.512684,37.778321],[-122.512688,37.778221],[-122.512574,37.777993],[-122.512402,37.777753],[-122.512091,37.777515],[-122.511531,37.777357],[-122.511154,37.777369],[-122.510831,37.777556],[-122.510679,37.777696],[-122.510617,37.777762],[-122.510772,37.777938],[-122.510786,37.778049],[-122.510675,37.778265]]}},{"type":"Feature","properties":{"kind":"trail","surface":"concrete"},"geometry":{"type":"LineString","coordinates":[[-122.491771,37.785123],[-122.491765,37.785044]]}},{"type":"Feature","properties":{"kind":"steps"},"geometry":{"type":"LineString","coordinates":[[-122.491765,37.785044],[-122.491763,37.78503]]}},{"type":"Feature","properties":{"kind":"trail","surface":"concrete"},"geometry":{"type":"LineString","coordinates":[[-122.491762,37.785013],[-122.491748,37.784875]]}},{"type":"Feature","properties":{"kind":"trail","surface":"paved"},"geometry":{"type":"LineString","coordinates":[[-122.491773,37.785153],[-122.491777,37.785236]]}},{"type":"Feature","properties":{"kind":"steps"},"geometry":{"type":"LineString","coordinates":[[-122.491748,37.784875],[-122.491745,37.784852]]}},{"type":"Feature","properties":{"kind":"steps"},"geometry":{"type":"LineString","coordinates":[[-122.491762,37.785013],[-122.491763,37.78503]]}},{"type":"Feature","properties":{"kind":"steps","surface":"concrete"},"geometry":{"type":"LineString","coordinates":[[-122.491773,37.785153],[-122.491771,37.785123]]}},{"type":"Feature","properties":{"kind":"road","name":"Divisadero Street"},"geometry":{"type":"LineString","coordinates":[[-122.442488,37.798122],[-122.441922,37.795323]]}},{"type":"Feature","properties":{"kind":"road","name":"Divisadero Street"},"geometry":{"type":"LineString","coordinates":[[-122.441542,37.793441],[-122.441178,37.791639]]}},{"type":"Feature","properties":{"kind":"road","name":"California Street","surface":"asphalt"},"geometry":{"type":"LineString","coordinates":[[-122.467787,37.784673],[-122.468101,37.784659]]}},{"type":"Feature","properties":{"kind":"trail"},"geometry":{"type":"LineString","coordinates":[[-122.471537,37.806133],[-122.471406,37.806147],[-122.471388,37.806307]]}},{"type":"Feature","properties":{"kind":"trail"},"geometry":{"type":"LineString","coordinates":[[-122.442066,37.805716],[-122.442077,37.805714],[-122.442089,37.805712]]}},{"type":"Feature","properties":{"kind":"trail"},"geometry":{"type":"LineString","coordinates":[[-122.449703,37.806288],[-122.449683,37.806177]]}},{"type":"Feature","properties":{"kind":"trail"},"geometry":{"type":"LineString","coordinates":[[-122.449605,37.806074],[-122.449532,37.805724],[-122.449486,37.805516]]}},{"type":"Feature","properties":{"kind":"road","surface":"compacted"},"geometry":{"type":"LineString","coordinates":[[-122.44829,37.806466],[-122.448121,37.806377]]}},{"type":"Feature","properties":{"kind":"trail"},"geometry":{"type":"LineString","coordinates":[[-122.451841,37.805788],[-122.451339,37.805498]]}},{"type":"Feature","properties":{"kind":"trail"},"geometry":{"type":"LineString","coordinates":[[-122.448702,37.805027],[-122.448538,37.805059]]}},{"type":"Feature","properties":{"kind":"trail"},"geometry":{"type":"LineString","coordinates":[[-122.448296,37.804868],[-122.44833,37.804894]]}},{"type":"Feature","properties":{"kind":"road","name":"Park Boulevard Trail","surface":"asphalt"},"geometry":{"type":"LineString","coordinates":[[-122.473325,37.787327],[-122.47336,37.787325]]}},{"type":"Feature","properties":{"kind":"trail","surface":"concrete"},"geometry":{"type":"LineString","coordinates":[[-122.463609,37.802413],[-122.463672,37.802454],[-122.463764,37.802427]]}},{"type":"Feature","properties":{"kind":"trail","surface":"asphalt"},"geometry":{"type":"LineString","coordinates":[[-122.463598,37.802371],[-122.463604,37.802392],[-122.463609,37.802413]]}},{"type":"Feature","properties":{"kind":"steps","surface":"unpaved"},"geometry":{"type":"LineString","coordinates":[[-122.47587,37.804268],[-122.475916,37.804218]]}},{"type":"Feature","properties":{"kind":"steps","surface":"unpaved"},"geometry":{"type":"LineString","coordinates":[[-122.475891,37.804153],[-122.475883,37.804092],[-122.476044,37.804]]}},{"type":"Feature","properties":{"kind":"trail","surface":"concrete"},"geometry":{"type":"LineString","coordinates":[[-122.451496,37.800176],[-122.45149,37.800173]]}},{"type":"Feature","properties":{"kind":"trail","surface":"compacted"},"geometry":{"type":"LineString","coordinates":[[-122.451474,37.800242],[-122.452,37.800454],[-122.452027,37.80041]]}},{"type":"Feature","properties":{"kind":"steps","surface":"metal"},"geometry":{"type":"LineString","coordinates":[[-122.451561,37.800153],[-122.451604,37.800172]]}},{"type":"Feature","properties":{"kind":"trail"},"geometry":{"type":"LineString","coordinates":[[-122.451022,37.799997],[-122.45096,37.799973]]}},{"type":"Feature","properties":{"kind":"trail"},"geometry":{"type":"LineString","coordinates":[[-122.451323,37.800129],[-122.451022,37.799997],[-122.450997,37.800042],[-122.450934,37.80002],[-122.45096,37.799973],[-122.450979,37.799945]]}},{"type":"Feature","properties":{"kind":"trail","surface":"concrete"},"geometry":{"type":"LineString","coordinates":[[-122.45209,37.799827],[-122.452104,37.799806]]}},{"type":"Feature","properties":{"kind":"trail","surface":"concrete"},"geometry":{"type":"LineString","coordinates":[[-122.449493,37.799414],[-122.449483,37.799304]]}},{"type":"Feature","properties":{"kind":"trail","surface":"concrete"},"geometry":{"type":"LineString","coordinates":[[-122.44928,37.799346],[-122.449325,37.799271]]}},{"type":"Feature","properties":{"kind":"steps","surface":"metal"},"geometry":{"type":"LineString","coordinates":[[-122.452027,37.80041],[-122.45205,37.800374]]}},{"type":"Feature","properties":{"kind":"trail","surface":"concrete"},"geometry":{"type":"LineString","coordinates":[[-122.451561,37.800153],[-122.451521,37.800137]]}},{"type":"Feature","properties":{"kind":"trail","surface":"asphalt"},"geometry":{"type":"LineString","coordinates":[[-122.452113,37.799904],[-122.45209,37.799827]]}},{"type":"Feature","properties":{"kind":"trail","surface":"concrete"},"geometry":{"type":"LineString","coordinates":[[-122.451457,37.800236],[-122.451474,37.800242]]}},{"type":"Feature","properties":{"kind":"trail","surface":"concrete"},"geometry":{"type":"LineString","coordinates":[[-122.451399,37.800135],[-122.451461,37.800162]]}},{"type":"Feature","properties":{"kind":"trail","surface":"concrete"},"geometry":{"type":"LineString","coordinates":[[-122.468682,37.793669],[-122.468649,37.793649]]}},{"type":"Feature","properties":{"kind":"road","name":"Park Boulevard Trail","surface":"concrete"},"geometry":{"type":"LineString","coordinates":[[-122.468929,37.794639],[-122.468663,37.79435],[-122.468416,37.794045],[-122.468495,37.793816],[-122.468649,37.793649],[-122.469238,37.79303],[-122.469871,37.792622],[-122.470095,37.792141],[-122.470839,37.790889],[-122.47121,37.790361]]}},{"type":"Feature","properties":{"kind":"steps"},"geometry":{"type":"LineString","coordinates":[[-122.468702,37.793681],[-122.468724,37.793725]]}},{"type":"Feature","properties":{"kind":"trail","surface":"concrete"},"geometry":{"type":"LineString","coordinates":[[-122.468724,37.793725],[-122.468712,37.79375]]}},{"type":"Feature","properties":{"kind":"trail","surface":"metal"},"geometry":{"type":"LineString","coordinates":[[-122.468702,37.793681],[-122.468682,37.793669]]}},{"type":"Feature","properties":{"kind":"trail","surface":"asphalt"},"geometry":{"type":"LineString","coordinates":[[-122.468277,37.793988],[-122.468261,37.794023]]}},{"type":"Feature","properties":{"kind":"trail","surface":"concrete"},"geometry":{"type":"LineString","coordinates":[[-122.468529,37.793836],[-122.468495,37.793816]]}},{"type":"Feature","properties":{"kind":"trail","surface":"metal"},"geometry":{"type":"LineString","coordinates":[[-122.468536,37.793841],[-122.468529,37.793836]]}},{"type":"Feature","properties":{"kind":"trail","surface":"concrete"},"geometry":{"type":"LineString","coordinates":[[-122.468608,37.793868],[-122.468536,37.793841]]}},{"type":"Feature","properties":{"kind":"steps"},"geometry":{"type":"LineString","coordinates":[[-122.468261,37.794023],[-122.468244,37.794055]]}},{"type":"Feature","properties":{"kind":"steps"},"geometry":{"type":"LineString","coordinates":[[-122.474422,37.776648],[-122.47442,37.776625]]}},{"type":"Feature","properties":{"kind":"trail","surface":"asphalt"},"geometry":{"type":"LineString","coordinates":[[-122.447676,37.782201],[-122.447651,37.782193]]}},{"type":"Feature","properties":{"kind":"trail","surface":"asphalt"},"geometry":{"type":"LineString","coordinates":[[-122.447627,37.782186],[-122.447615,37.782185],[-122.447602,37.782184]]}},{"type":"Feature","properties":{"kind":"trail","surface":"asphalt"},"geometry":{"type":"LineString","coordinates":[[-122.447659,37.782221],[-122.447676,37.782201]]}},{"type":"Feature","properties":{"kind":"trail","surface":"concrete"},"geometry":{"type":"LineString","coordinates":[[-122.447776,37.782219],[-122.447676,37.782201]]}},{"type":"Feature","properties":{"kind":"trail"},"geometry":{"type":"LineString","coordinates":[[-122.452857,37.800138],[-122.452837,37.800174]]}},{"type":"Feature","properties":{"kind":"trail"},"geometry":{"type":"LineString","coordinates":[[-122.45281,37.800014],[-122.452822,37.800047]]}},{"type":"Feature","properties":{"kind":"road","name":"Lincoln Boulevard","surface":"asphalt"},"geometry":{"type":"LineString","coordinates":[[-122.472399,37.806912],[-122.472936,37.806853]]}},{"type":"Feature","properties":{"kind":"trail","surface":"paved"},"geometry":{"type":"LineString","coordinates":[[-122.474154,37.807136],[-122.474069,37.807171]]}},{"type":"Feature","properties":{"kind":"trail","surface":"paved"},"geometry":{"type":"LineString","coordinates":[[-122.474018,37.807202],[-122.47398,37.807225]]}},{"type":"Feature","properties":{"kind":"trail"},"geometry":{"type":"LineString","coordinates":[[-122.472625,37.780811],[-122.472765,37.782485]]}},{"type":"Feature","properties":{"kind":"trail"},"geometry":{"type":"LineString","coordinates":[[-122.445012,37.798756],[-122.445055,37.798787]]}},{"type":"Feature","properties":{"kind":"trail","surface":"concrete"},"geometry":{"type":"LineString","coordinates":[[-122.504126,37.7792],[-122.504127,37.77922]]}},{"type":"Feature","properties":{"kind":"trail","surface":"asphalt"},"geometry":{"type":"LineString","coordinates":[[-122.503062,37.779267],[-122.503061,37.779248]]}},{"type":"Feature","properties":{"kind":"trail","surface":"asphalt"},"geometry":{"type":"LineString","coordinates":[[-122.502845,37.779258],[-122.502847,37.779278]]}},{"type":"Feature","properties":{"kind":"trail","surface":"concrete"},"geometry":{"type":"LineString","coordinates":[[-122.503912,37.779231],[-122.503911,37.779209]]}},{"type":"Feature","properties":{"kind":"trail","surface":"asphalt"},"geometry":{"type":"LineString","coordinates":[[-122.448065,37.80086],[-122.448048,37.800848]]}},{"type":"Feature","properties":{"kind":"trail","surface":"paving_stones"},"geometry":{"type":"LineString","coordinates":[[-122.447859,37.801016],[-122.447782,37.800979],[-122.447747,37.800956]]}},{"type":"Feature","properties":{"kind":"trail","surface":"concrete"},"geometry":{"type":"LineString","coordinates":[[-122.447782,37.800979],[-122.447796,37.800963]]}},{"type":"Feature","properties":{"kind":"trail"},"geometry":{"type":"LineString","coordinates":[[-122.447912,37.801727],[-122.447903,37.801674]]}},{"type":"Feature","properties":{"kind":"trail"},"geometry":{"type":"LineString","coordinates":[[-122.447721,37.801714],[-122.447903,37.801674],[-122.447936,37.801663]]}},{"type":"Feature","properties":{"kind":"trail"},"geometry":{"type":"LineString","coordinates":[[-122.450356,37.786025],[-122.450321,37.786014]]}},{"type":"Feature","properties":{"kind":"trail","surface":"concrete"},"geometry":{"type":"LineString","coordinates":[[-122.446895,37.800383],[-122.446891,37.800372],[-122.44691,37.800365]]}},{"type":"Feature","properties":{"kind":"trail","surface":"concrete"},"geometry":{"type":"LineString","coordinates":[[-122.446871,37.800367],[-122.446891,37.800372]]}},{"type":"Feature","properties":{"kind":"trail"},"geometry":{"type":"LineString","coordinates":[[-122.456042,37.779972],[-122.456056,37.779997]]}},{"type":"Feature","properties":{"kind":"trail"},"geometry":{"type":"LineString","coordinates":[[-122.456056,37.779997],[-122.456089,37.779988]]}},{"type":"Feature","properties":{"kind":"trail"},"geometry":{"type":"LineString","coordinates":[[-122.456036,37.780006],[-122.456056,37.779997]]}},{"type":"Feature","properties":{"kind":"trail"},"geometry":{"type":"LineString","coordinates":[[-122.455695,37.779907],[-122.455671,37.7799]]}},{"type":"Feature","properties":{"kind":"trail"},"geometry":{"type":"LineString","coordinates":[[-122.455695,37.779907],[-122.455714,37.779898]]}},{"type":"Feature","properties":{"kind":"trail"},"geometry":{"type":"LineString","coordinates":[[-122.455708,37.779927],[-122.455695,37.779907]]}},{"type":"Feature","properties":{"kind":"trail","surface":"asphalt"},"geometry":{"type":"LineString","coordinates":[[-122.446322,37.799984],[-122.446374,37.800019]]}},{"type":"Feature","properties":{"kind":"trail"},"geometry":{"type":"LineString","coordinates":[[-122.457655,37.781353],[-122.457653,37.781312]]}},{"type":"Feature","properties":{"kind":"trail","surface":"concrete"},"geometry":{"type":"LineString","coordinates":[[-122.458737,37.781301],[-122.458733,37.781262]]}},{"type":"Feature","properties":{"kind":"trail","surface":"concrete"},"geometry":{"type":"LineString","coordinates":[[-122.459055,37.781286],[-122.459055,37.781252]]}},{"type":"Feature","properties":{"kind":"trail"},"geometry":{"type":"LineString","coordinates":[[-122.446253,37.799614],[-122.44624,37.799605],[-122.446218,37.799589]]}},{"type":"Feature","properties":{"kind":"trail"},"geometry":{"type":"LineString","coordinates":[[-122.446207,37.799612],[-122.44624,37.799605]]}},{"type":"Feature","properties":{"kind":"trail"},"geometry":{"type":"LineString","coordinates":[[-122.44609,37.799506],[-122.446065,37.79948],[-122.446043,37.799455]]}},{"type":"Feature","properties":{"kind":"trail"},"geometry":{"type":"LineString","coordinates":[[-122.446033,37.799491],[-122.446065,37.79948],[-122.446099,37.799467]]}},{"type":"Feature","properties":{"kind":"trail","surface":"concrete"},"geometry":{"type":"LineString","coordinates":[[-122.445739,37.799553],[-122.445703,37.799562],[-122.445724,37.799585]]}},{"type":"Feature","properties":{"kind":"trail","surface":"concrete"},"geometry":{"type":"LineString","coordinates":[[-122.445703,37.799562],[-122.445687,37.799557]]}},{"type":"Feature","properties":{"kind":"trail"},"geometry":{"type":"LineString","coordinates":[[-122.454768,37.780045],[-122.454742,37.780045]]}},{"type":"Feature","properties":{"kind":"road","name":"Euclid Avenue","surface":"asphalt"},"geometry":{"type":"LineString","coordinates":[[-122.454813,37.784024],[-122.45683,37.783928]]}},{"type":"Feature","properties":{"kind":"trail"},"geometry":{"type":"LineString","coordinates":[[-122.460767,37.800119],[-122.460624,37.800152]]}},{"type":"Feature","properties":{"kind":"road","name":"Graham Street"},"geometry":{"type":"LineString","coordinates":[[-122.456818,37.800709],[-122.456449,37.801204]]}},{"type":"Feature","properties":{"kind":"trail"},"geometry":{"type":"LineString","coordinates":[[-122.446795,37.786328],[-122.446764,37.786304]]}},{"type":"Feature","properties":{"kind":"trail"},"geometry":{"type":"LineString","coordinates":[[-122.448217,37.80481],[-122.448238,37.804825]]}},{"type":"Feature","properties":{"kind":"trail","surface":"concrete"},"geometry":{"type":"LineString","coordinates":[[-122.500407,37.784778],[-122.500426,37.784765]]}},{"type":"Feature","properties":{"kind":"steps"},"geometry":{"type":"LineString","coordinates":[[-122.46138,37.801673],[-122.461544,37.80166]]}},{"type":"Feature","properties":{"kind":"trail","surface":"asphalt"},"geometry":{"type":"LineString","coordinates":[[-122.462049,37.801835],[-122.462029,37.801839]]}},{"type":"Feature","properties":{"kind":"trail","surface":"compacted"},"geometry":{"type":"LineString","coordinates":[[-122.461979,37.801839],[-122.461662,37.801716],[-122.461601,37.801651]]}},{"type":"Feature","properties":{"kind":"steps","surface":"concrete"},"geometry":{"type":"LineString","coordinates":[[-122.463074,37.801916],[-122.463108,37.801813]]}},{"type":"Feature","properties":{"kind":"road","surface":"asphalt"},"geometry":{"type":"LineString","coordinates":[[-122.461432,37.801341],[-122.461399,37.80135]]}},{"type":"Feature","properties":{"kind":"trail","surface":"compacted"},"geometry":{"type":"LineString","coordinates":[[-122.461232,37.801372],[-122.461193,37.801326]]}},{"type":"Feature","properties":{"kind":"trail","surface":"unpaved"},"geometry":{"type":"LineString","coordinates":[[-122.461544,37.80166],[-122.461601,37.801651]]}},{"type":"Feature","properties":{"kind":"trail","surface":"compacted"},"geometry":{"type":"LineString","coordinates":[[-122.461399,37.80135],[-122.461268,37.801387]]}},{"type":"Feature","properties":{"kind":"steps","surface":"compacted"},"geometry":{"type":"LineString","coordinates":[[-122.461979,37.801839],[-122.462029,37.801839]]}},{"type":"Feature","properties":{"kind":"steps","surface":"compacted"},"geometry":{"type":"LineString","coordinates":[[-122.461232,37.801372],[-122.461268,37.801387]]}},{"type":"Feature","properties":{"kind":"steps"},"geometry":{"type":"LineString","coordinates":[[-122.450708,37.801986],[-122.45074,37.801956]]}},{"type":"Feature","properties":{"kind":"trail","surface":"concrete"},"geometry":{"type":"LineString","coordinates":[[-122.449474,37.801221],[-122.449511,37.801235]]}},{"type":"Feature","properties":{"kind":"road","name":"Girard Road","surface":"asphalt"},"geometry":{"type":"LineString","coordinates":[[-122.452911,37.802088],[-122.452934,37.801999]]}},{"type":"Feature","properties":{"kind":"trail"},"geometry":{"type":"LineString","coordinates":[[-122.449504,37.802798],[-122.449473,37.8028]]}},{"type":"Feature","properties":{"kind":"trail"},"geometry":{"type":"LineString","coordinates":[[-122.475349,37.787949],[-122.475425,37.78791]]}},{"type":"Feature","properties":{"kind":"trail"},"geometry":{"type":"LineString","coordinates":[[-122.475212,37.788018],[-122.475274,37.787987]]}},{"type":"Feature","properties":{"kind":"trail","name":"Bay Area Ridge Trail","surface":"asphalt"},"geometry":{"type":"LineString","coordinates":[[-122.458261,37.789895],[-122.458267,37.789881]]}},{"type":"Feature","properties":{"kind":"road","surface":"asphalt"},"geometry":{"type":"LineString","coordinates":[[-122.475665,37.788686],[-122.475714,37.788657]]}},{"type":"Feature","properties":{"kind":"trail"},"geometry":{"type":"LineString","coordinates":[[-122.511492,37.775001],[-122.511438,37.774999]]}},{"type":"Feature","properties":{"kind":"road","name":"Turk Boulevard","surface":"asphalt"},"geometry":{"type":"LineString","coordinates":[[-122.453406,37.777836],[-122.452436,37.777893]]}},{"type":"Feature","properties":{"kind":"trail","name":"Lovers' Lane","surface":"concrete"},"geometry":{"type":"LineString","coordinates":[[-122.451818,37.795477],[-122.453024,37.796548],[-122.454074,37.797452]]}},{"type":"Feature","properties":{"kind":"trail","surface":"concrete"},"geometry":{"type":"LineString","coordinates":[[-122.463583,37.780197],[-122.463479,37.780202]]}},{"type":"Feature","properties":{"kind":"trail","surface":"concrete"},"geometry":{"type":"LineString","coordinates":[[-122.463801,37.780029],[-122.46386,37.780026],[-122.463858,37.77997]]}},{"type":"Feature","properties":{"kind":"trail","surface":"concrete"},"geometry":{"type":"LineString","coordinates":[[-122.463909,37.780237],[-122.463814,37.78024],[-122.463799,37.780241]]}},{"type":"Feature","properties":{"kind":"trail","surface":"concrete"},"geometry":{"type":"LineString","coordinates":[[-122.463814,37.78024],[-122.463814,37.78023],[-122.46381,37.780164],[-122.463804,37.780068],[-122.463801,37.780029]]}},{"type":"Feature","properties":{"kind":"trail","surface":"concrete"},"geometry":{"type":"LineString","coordinates":[[-122.464008,37.780236],[-122.464006,37.780183]]}},{"type":"Feature","properties":{"kind":"trail","surface":"concrete"},"geometry":{"type":"LineString","coordinates":[[-122.463874,37.780066],[-122.463804,37.780068]]}},{"type":"Feature","properties":{"kind":"trail","surface":"concrete"},"geometry":{"type":"LineString","coordinates":[[-122.464097,37.780234],[-122.464008,37.780236],[-122.463909,37.780237]]}},{"type":"Feature","properties":{"kind":"trail","surface":"paving_stones"},"geometry":{"type":"LineString","coordinates":[[-122.464066,37.780865],[-122.464049,37.780595]]}},{"type":"Feature","properties":{"kind":"trail","surface":"concrete"},"geometry":{"type":"LineString","coordinates":[[-122.464129,37.780234],[-122.464097,37.780234]]}},{"type":"Feature","properties":{"kind":"road","surface":"asphalt"},"geometry":{"type":"LineString","coordinates":[[-122.473762,37.806954],[-122.473702,37.806899]]}},{"type":"Feature","properties":{"kind":"road","surface":"asphalt"},"geometry":{"type":"LineString","coordinates":[[-122.474801,37.807645],[-122.474877,37.807599]]}},{"type":"Feature","properties":{"kind":"road","surface":"asphalt"},"geometry":{"type":"LineString","coordinates":[[-122.474877,37.807599],[-122.475021,37.807486]]}},{"type":"Feature","properties":{"kind":"trail"},"geometry":{"type":"LineString","coordinates":[[-122.482825,37.79197],[-122.482416,37.791651],[-122.482206,37.791576]]}},{"type":"Feature","properties":{"kind":"trail"},"geometry":{"type":"LineString","coordinates":[[-122.481155,37.792129],[-122.481155,37.792129]]}},{"type":"Feature","properties":{"kind":"trail","surface":"paving_stones"},"geometry":{"type":"LineString","coordinates":[[-122.474998,37.807805],[-122.475037,37.807763]]}},{"type":"Feature","properties":{"kind":"trail","surface":"paving_stones"},"geometry":{"type":"LineString","coordinates":[[-122.475037,37.807763],[-122.475063,37.807787]]}},{"type":"Feature","properties":{"kind":"trail","surface":"paving_stones"},"geometry":{"type":"LineString","coordinates":[[-122.475175,37.80767],[-122.475213,37.807644]]}},{"type":"Feature","properties":{"kind":"trail"},"geometry":{"type":"LineString","coordinates":[[-122.451738,37.79651],[-122.451747,37.796306]]}},{"type":"Feature","properties":{"kind":"trail"},"geometry":{"type":"LineString","coordinates":[[-122.451257,37.797688],[-122.451226,37.797708]]}},{"type":"Feature","properties":{"kind":"trail","surface":"paving_stones"},"geometry":{"type":"LineString","coordinates":[[-122.473751,37.787639],[-122.473774,37.787602],[-122.473833,37.787502]]}},{"type":"Feature","properties":{"kind":"road","name":"Presidio Boulevard","surface":"asphalt"},"geometry":{"type":"LineString","coordinates":[[-122.451273,37.79761],[-122.451217,37.797411],[-122.451242,37.797188],[-122.451323,37.797049],[-122.451617,37.796811],[-122.45166,37.79664]]}},{"type":"Feature","properties":{"kind":"trail"},"geometry":{"type":"LineString","coordinates":[[-122.453401,37.785782],[-122.453396,37.785772],[-122.453388,37.785759]]}},{"type":"Feature","properties":{"kind":"trail"},"geometry":{"type":"LineString","coordinates":[[-122.453396,37.785772],[-122.453367,37.785783]]}},{"type":"Feature","properties":{"kind":"trail"},"geometry":{"type":"LineString","coordinates":[[-122.465749,37.784778],[-122.465745,37.784751]]}},{"type":"Feature","properties":{"kind":"trail"},"geometry":{"type":"LineString","coordinates":[[-122.465544,37.784808],[-122.465542,37.784785]]}},{"type":"Feature","properties":{"kind":"trail","surface":"dirt"},"geometry":{"type":"LineString","coordinates":[[-122.472558,37.77882],[-122.472518,37.778872],[-122.472548,37.779457],[-122.472626,37.780123],[-122.472534,37.78037]]}},{"type":"Feature","properties":{"kind":"trail","surface":"dirt"},"geometry":{"type":"LineString","coordinates":[[-122.472473,37.780366],[-122.472534,37.78037],[-122.472654,37.780492]]}},{"type":"Feature","properties":{"kind":"road","name":"Lincoln Boulevard","surface":"asphalt"},"geometry":{"type":"LineString","coordinates":[[-122.452612,37.799216],[-122.452816,37.799556]]}},{"type":"Feature","properties":{"kind":"track"},"geometry":{"type":"LineString","coordinates":[[-122.469172,37.798628],[-122.469633,37.798651],[-122.469757,37.798679],[-122.469879,37.798774]]}},{"type":"Feature","properties":{"kind":"trail","name":"El Camino del Mar","surface":"unpaved"},"geometry":{"type":"LineString","coordinates":[[-122.504735,37.783883],[-122.504569,37.783857],[-122.504523,37.783999]]}},{"type":"Feature","properties":{"kind":"trail","name":"El Camino del Mar","surface":"wood"},"geometry":{"type":"LineString","coordinates":[[-122.504738,37.783883],[-122.504735,37.783883]]}},{"type":"Feature","properties":{"kind":"trail","surface":"concrete"},"geometry":{"type":"LineString","coordinates":[[-122.446904,37.787156],[-122.446915,37.787149]]}},{"type":"Feature","properties":{"kind":"road","name":"California Street","surface":"asphalt"},"geometry":{"type":"LineString","coordinates":[[-122.445417,37.787451],[-122.446812,37.787271]]}},{"type":"Feature","properties":{"kind":"road","name":"Bush Street"},"geometry":{"type":"LineString","coordinates":[[-122.446447,37.785371],[-122.445032,37.785558]]}},{"type":"Feature","properties":{"kind":"trail","surface":"asphalt"},"geometry":{"type":"LineString","coordinates":[[-122.458698,37.777464],[-122.458691,37.777464]]}},{"type":"Feature","properties":{"kind":"trail"},"geometry":{"type":"LineString","coordinates":[[-122.47259,37.788801],[-122.472472,37.788772]]}},{"type":"Feature","properties":{"kind":"trail"},"geometry":{"type":"LineString","coordinates":[[-122.472384,37.789029],[-122.472504,37.789016]]}},{"type":"Feature","properties":{"kind":"trail","surface":"asphalt"},"geometry":{"type":"LineString","coordinates":[[-122.472991,37.788113],[-122.473028,37.78808]]}},{"type":"Feature","properties":{"kind":"road"},"geometry":{"type":"LineString","coordinates":[[-122.489548,37.78058],[-122.489518,37.780563],[-122.489502,37.780618],[-122.489548,37.780726],[-122.489593,37.780693],[-122.489548,37.78058]]}},{"type":"Feature","properties":{"kind":"road"},"geometry":{"type":"LineString","coordinates":[[-122.489763,37.780628],[-122.48976,37.780584],[-122.489751,37.78058],[-122.489745,37.780564],[-122.489743,37.780548],[-122.489666,37.78055],[-122.489674,37.780584],[-122.48968,37.780594],[-122.489677,37.780609],[-122.489677,37.780629],[-122.489677,37.780655],[-122.489672,37.780692],[-122.489698,37.780698],[-122.489763,37.780628]]}},{"type":"Feature","properties":{"kind":"road"},"geometry":{"type":"LineString","coordinates":[[-122.48976,37.780584],[-122.489916,37.780575],[-122.490042,37.78057],[-122.49004,37.780538],[-122.489743,37.780548],[-122.489745,37.780564],[-122.489751,37.78058],[-122.48976,37.780584]]}},{"type":"Feature","properties":{"kind":"road"},"geometry":{"type":"LineString","coordinates":[[-122.489666,37.78055],[-122.489569,37.780453],[-122.489531,37.780454],[-122.489601,37.780629],[-122.489576,37.780734],[-122.489611,37.780758],[-122.489672,37.780692],[-122.489677,37.780655],[-122.489677,37.780629],[-122.489677,37.780609],[-122.48968,37.780594],[-122.489674,37.780584],[-122.489666,37.78055]]}},{"type":"Feature","properties":{"kind":"road"},"geometry":{"type":"LineString","coordinates":[[-122.489698,37.780698],[-122.489718,37.780959],[-122.489696,37.780963],[-122.489672,37.780692],[-122.489698,37.780698]]}},{"type":"Feature","properties":{"kind":"trail"},"geometry":{"type":"LineString","coordinates":[[-122.489569,37.780453],[-122.489548,37.780074]]}},{"type":"Feature","properties":{"kind":"road"},"geometry":{"type":"LineString","coordinates":[[-122.489784,37.780913],[-122.489744,37.781251],[-122.489598,37.781371],[-122.489603,37.781424],[-122.48952,37.781428],[-122.489514,37.781346],[-122.489671,37.781295],[-122.489739,37.781155],[-122.48969,37.781021],[-122.489545,37.780891],[-122.489495,37.780642],[-122.489527,37.780454],[-122.4895,37.780647],[-122.489557,37.780871],[-122.489595,37.78094],[-122.489696,37.780963],[-122.489718,37.780959],[-122.489784,37.780913]]}},{"type":"Feature","properties":{"kind":"road"},"geometry":{"type":"LineString","coordinates":[[-122.491592,37.77765],[-122.491644,37.777635],[-122.491613,37.777327],[-122.491308,37.777342],[-122.49133,37.77766],[-122.491592,37.77765]]}},{"type":"Feature","properties":{"kind":"road","name":"California Street","surface":"asphalt"},"geometry":{"type":"LineString","coordinates":[[-122.448133,37.787101],[-122.448491,37.787055]]}},{"type":"Feature","properties":{"kind":"road","name":"California Street","surface":"asphalt"},"geometry":{"type":"LineString","coordinates":[[-122.448032,37.787114],[-122.448133,37.787101]]}},{"type":"Feature","properties":{"kind":"road","name":"Divisadero Street"},"geometry":{"type":"LineString","coordinates":[[-122.442612,37.798737],[-122.442488,37.798122]]}},{"type":"Feature","properties":{"kind":"road","name":"Golden Gate Avenue","surface":"asphalt"},"geometry":{"type":"LineString","coordinates":[[-122.445172,37.777892],[-122.446832,37.777679]]}},{"type":"Feature","properties":{"kind":"trail","surface":"dirt/sand"},"geometry":{"type":"LineString","coordinates":[[-122.481989,37.789407],[-122.482388,37.789536]]}},{"type":"Feature","properties":{"kind":"road","name":"California Street","surface":"asphalt"},"geometry":{"type":"LineString","coordinates":[[-122.469925,37.784576],[-122.470227,37.784562]]}},{"type":"Feature","properties":{"kind":"trail"},"geometry":{"type":"LineString","coordinates":[[-122.457909,37.803455],[-122.457893,37.803506]]}},{"type":"Feature","properties":{"kind":"trail","surface":"concrete"},"geometry":{"type":"LineString","coordinates":[[-122.45879,37.803037],[-122.458774,37.803039]]}},{"type":"Feature","properties":{"kind":"trail"},"geometry":{"type":"LineString","coordinates":[[-122.457984,37.803675],[-122.457961,37.803469],[-122.45794,37.803382],[-122.457981,37.803294],[-122.458153,37.803205],[-122.458399,37.803275],[-122.458498,37.803392],[-122.458428,37.803536]]}},{"type":"Feature","properties":{"kind":"trail","surface":"concrete"},"geometry":{"type":"LineString","coordinates":[[-122.458498,37.803392],[-122.458698,37.803378]]}},{"type":"Feature","properties":{"kind":"trail"},"geometry":{"type":"LineString","coordinates":[[-122.458134,37.803108],[-122.458153,37.803205]]}},{"type":"Feature","properties":{"kind":"trail"},"geometry":{"type":"LineString","coordinates":[[-122.458718,37.803557],[-122.458728,37.803555]]}},{"type":"Feature","properties":{"kind":"trail"},"geometry":{"type":"LineString","coordinates":[[-122.458666,37.80371],[-122.458663,37.803685]]}},{"type":"Feature","properties":{"kind":"trail"},"geometry":{"type":"LineString","coordinates":[[-122.45794,37.803382],[-122.457882,37.803352]]}},{"type":"Feature","properties":{"kind":"trail","surface":"concrete"},"geometry":{"type":"LineString","coordinates":[[-122.458845,37.803355],[-122.45878,37.803367]]}},{"type":"Feature","properties":{"kind":"trail"},"geometry":{"type":"LineString","coordinates":[[-122.458634,37.803565],[-122.458718,37.803557]]}},{"type":"Feature","properties":{"kind":"trail"},"geometry":{"type":"LineString","coordinates":[[-122.458879,37.803537],[-122.458825,37.803544]]}},{"type":"Feature","properties":{"kind":"trail","surface":"wood"},"geometry":{"type":"LineString","coordinates":[[-122.449378,37.804693],[-122.449391,37.804747],[-122.449392,37.804752]]}},{"type":"Feature","properties":{"kind":"trail","surface":"concrete"},"geometry":{"type":"LineString","coordinates":[[-122.449394,37.804761],[-122.4494,37.804787]]}},{"type":"Feature","properties":{"kind":"steps","surface":"wood"},"geometry":{"type":"LineString","coordinates":[[-122.449392,37.804752],[-122.449394,37.804761]]}},{"type":"Feature","properties":{"kind":"trail","surface":"wood"},"geometry":{"type":"LineString","coordinates":[[-122.449191,37.804794],[-122.449303,37.804769]]}},{"type":"Feature","properties":{"kind":"trail","surface":"concrete"},"geometry":{"type":"LineString","coordinates":[[-122.449169,37.804817],[-122.449191,37.804794]]}},{"type":"Feature","properties":{"kind":"trail","surface":"wood"},"geometry":{"type":"LineString","coordinates":[[-122.449303,37.804769],[-122.449347,37.804753]]}},{"type":"Feature","properties":{"kind":"trail","surface":"wood"},"geometry":{"type":"LineString","coordinates":[[-122.449347,37.804753],[-122.449391,37.804747]]}},{"type":"Feature","properties":{"kind":"trail","surface":"concrete"},"geometry":{"type":"LineString","coordinates":[[-122.449297,37.804347],[-122.449314,37.804441],[-122.449333,37.804463]]}},{"type":"Feature","properties":{"kind":"trail"},"geometry":{"type":"LineString","coordinates":[[-122.449335,37.804472],[-122.449353,37.804558],[-122.449356,37.804573]]}},{"type":"Feature","properties":{"kind":"steps","surface":"wood"},"geometry":{"type":"LineString","coordinates":[[-122.449333,37.804463],[-122.449335,37.804472]]}},{"type":"Feature","properties":{"kind":"trail","surface":"wood"},"geometry":{"type":"LineString","coordinates":[[-122.449353,37.804558],[-122.449302,37.804564],[-122.449288,37.804493]]}},{"type":"Feature","properties":{"kind":"trail","surface":"asphalt"},"geometry":{"type":"LineString","coordinates":[[-122.449246,37.804449],[-122.449097,37.804467]]}},{"type":"Feature","properties":{"kind":"trail","surface":"concrete"},"geometry":{"type":"LineString","coordinates":[[-122.449314,37.804441],[-122.44928,37.804445],[-122.449246,37.804449]]}},{"type":"Feature","properties":{"kind":"trail","surface":"concrete"},"geometry":{"type":"LineString","coordinates":[[-122.449288,37.804493],[-122.44928,37.804445]]}},{"type":"Feature","properties":{"kind":"trail","surface":"wood"},"geometry":{"type":"LineString","coordinates":[[-122.450165,37.804653],[-122.450105,37.804357],[-122.450104,37.80435]]}},{"type":"Feature","properties":{"kind":"trail","surface":"concrete"},"geometry":{"type":"LineString","coordinates":[[-122.450101,37.804337],[-122.450087,37.804268]]}},{"type":"Feature","properties":{"kind":"steps","surface":"wood"},"geometry":{"type":"LineString","coordinates":[[-122.450104,37.80435],[-122.450101,37.804337]]}},{"type":"Feature","properties":{"kind":"trail","surface":"concrete"},"geometry":{"type":"LineString","coordinates":[[-122.450172,37.804688],[-122.450167,37.804664]]}},{"type":"Feature","properties":{"kind":"steps","surface":"wood"},"geometry":{"type":"LineString","coordinates":[[-122.450167,37.804664],[-122.450165,37.804653]]}},{"type":"Feature","properties":{"kind":"trail","surface":"wood"},"geometry":{"type":"LineString","coordinates":[[-122.450164,37.804275],[-122.450122,37.80428],[-122.450137,37.804353],[-122.450105,37.804357]]}},{"type":"Feature","properties":{"kind":"trail","surface":"concrete"},"geometry":{"type":"LineString","coordinates":[[-122.450183,37.804256],[-122.450164,37.804275]]}},{"type":"Feature","properties":{"kind":"trail","surface":"concrete"},"geometry":{"type":"LineString","coordinates":[[-122.449975,37.804154],[-122.450039,37.804274],[-122.450087,37.804268],[-122.450183,37.804256],[-122.45028,37.804243],[-122.450576,37.804206],[-122.450623,37.8042],[-122.450682,37.804193],[-122.450735,37.804186],[-122.450788,37.80418],[-122.450852,37.804172],[-122.451583,37.80408],[-122.451661,37.804106],[-122.451739,37.804488]]}},{"type":"Feature","properties":{"kind":"trail","surface":"wood"},"geometry":{"type":"LineString","coordinates":[[-122.45087,37.804253],[-122.450872,37.804261],[-122.450935,37.804557]]}},{"type":"Feature","properties":{"kind":"trail","surface":"wood"},"geometry":{"type":"LineString","coordinates":[[-122.450818,37.804193],[-122.450872,37.804261]]}},{"type":"Feature","properties":{"kind":"trail","surface":"concrete"},"geometry":{"type":"LineString","coordinates":[[-122.450788,37.80418],[-122.450818,37.804193]]}},{"type":"Feature","properties":{"kind":"trail","surface":"concrete"},"geometry":{"type":"LineString","coordinates":[[-122.450852,37.804172],[-122.450867,37.804241]]}},{"type":"Feature","properties":{"kind":"trail","surface":"concrete"},"geometry":{"type":"LineString","coordinates":[[-122.450936,37.804565],[-122.450941,37.80459]]}},{"type":"Feature","properties":{"kind":"steps","surface":"wood"},"geometry":{"type":"LineString","coordinates":[[-122.450935,37.804557],[-122.450936,37.804565]]}},{"type":"Feature","properties":{"kind":"steps","surface":"wood"},"geometry":{"type":"LineString","coordinates":[[-122.450867,37.804241],[-122.45087,37.804253]]}},{"type":"Feature","properties":{"kind":"trail","surface":"concrete"},"geometry":{"type":"LineString","coordinates":[[-122.450965,37.80378],[-122.450988,37.803896]]}},{"type":"Feature","properties":{"kind":"trail","surface":"asphalt"},"geometry":{"type":"LineString","coordinates":[[-122.450788,37.80418],[-122.450772,37.804091]]}},{"type":"Feature","properties":{"kind":"trail","surface":"asphalt"},"geometry":{"type":"LineString","coordinates":[[-122.450735,37.804186],[-122.450717,37.804098]]}},{"type":"Feature","properties":{"kind":"trail","surface":"asphalt"},"geometry":{"type":"LineString","coordinates":[[-122.450682,37.804193],[-122.450663,37.804104]]}},{"type":"Feature","properties":{"kind":"trail","surface":"asphalt"},"geometry":{"type":"LineString","coordinates":[[-122.450623,37.8042],[-122.450606,37.804111]]}},{"type":"Feature","properties":{"kind":"trail","surface":"asphalt"},"geometry":{"type":"LineString","coordinates":[[-122.450576,37.804206],[-122.450557,37.804117]]}},{"type":"Feature","properties":{"kind":"trail","surface":"asphalt"},"geometry":{"type":"LineString","coordinates":[[-122.45028,37.804243],[-122.450263,37.804153]]}},{"type":"Feature","properties":{"kind":"trail","surface":"concrete"},"geometry":{"type":"LineString","coordinates":[[-122.471448,37.782463],[-122.471453,37.782546]]}},{"type":"Feature","properties":{"kind":"trail","surface":"concrete"},"geometry":{"type":"LineString","coordinates":[[-122.471816,37.782295],[-122.471788,37.782296]]}},{"type":"Feature","properties":{"kind":"steps","surface":"rock"},"geometry":{"type":"LineString","coordinates":[[-122.471788,37.782296],[-122.47176,37.782297]]}},{"type":"Feature","properties":{"kind":"steps","surface":"concrete"},"geometry":{"type":"LineString","coordinates":[[-122.475886,37.806687],[-122.475903,37.806675]]}},{"type":"Feature","properties":{"kind":"steps","surface":"concrete"},"geometry":{"type":"LineString","coordinates":[[-122.475913,37.806668],[-122.475932,37.806653]]}},{"type":"Feature","properties":{"kind":"road","name":"Mason Street","surface":"asphalt"},"geometry":{"type":"LineString","coordinates":[[-122.458921,37.803613],[-122.457554,37.803798]]}},{"type":"Feature","properties":{"kind":"road","name":"Mason Street","surface":"asphalt"},"geometry":{"type":"LineString","coordinates":[[-122.459772,37.803504],[-122.458921,37.803613]]}},{"type":"Feature","properties":{"kind":"trail","surface":"concrete"},"geometry":{"type":"LineString","coordinates":[[-122.461087,37.802826],[-122.461081,37.802785]]}},{"type":"Feature","properties":{"kind":"trail","surface":"concrete"},"geometry":{"type":"LineString","coordinates":[[-122.461104,37.80293],[-122.461101,37.802917]]}},{"type":"Feature","properties":{"kind":"trail","surface":"asphalt"},"geometry":{"type":"LineString","coordinates":[[-122.459008,37.80333],[-122.459025,37.803413]]}},{"type":"Feature","properties":{"kind":"trail","surface":"asphalt"},"geometry":{"type":"LineString","coordinates":[[-122.458929,37.80334],[-122.458946,37.803422]]}},{"type":"Feature","properties":{"kind":"trail","surface":"concrete"},"geometry":{"type":"LineString","coordinates":[[-122.46013,37.803273],[-122.459963,37.803211],[-122.459003,37.803304],[-122.458923,37.803314],[-122.458849,37.803323]]}},{"type":"Feature","properties":{"kind":"trail","surface":"concrete"},"geometry":{"type":"LineString","coordinates":[[-122.459008,37.80333],[-122.459003,37.803304]]}},{"type":"Feature","properties":{"kind":"trail","surface":"concrete"},"geometry":{"type":"LineString","coordinates":[[-122.458929,37.80334],[-122.458923,37.803314]]}},{"type":"Feature","properties":{"kind":"trail"},"geometry":{"type":"LineString","coordinates":[[-122.447981,37.775543],[-122.447812,37.774761]]}},{"type":"Feature","properties":{"kind":"trail"},"geometry":{"type":"LineString","coordinates":[[-122.442,37.804626],[-122.441017,37.804751],[-122.440935,37.804898]]}},{"type":"Feature","properties":{"kind":"trail"},"geometry":{"type":"LineString","coordinates":[[-122.443692,37.80461],[-122.442239,37.804795]]}},{"type":"Feature","properties":{"kind":"trail"},"geometry":{"type":"LineString","coordinates":[[-122.443722,37.804743],[-122.442263,37.804904]]}},{"type":"Feature","properties":{"kind":"trail"},"geometry":{"type":"LineString","coordinates":[[-122.441876,37.803938],[-122.441872,37.803848],[-122.441833,37.803835],[-122.441123,37.803923],[-122.44125,37.80459],[-122.441985,37.804509]]}},{"type":"Feature","properties":{"kind":"trail"},"geometry":{"type":"LineString","coordinates":[[-122.440992,37.803939],[-122.441117,37.804612],[-122.440566,37.804695]]}},{"type":"Feature","properties":{"kind":"trail"},"geometry":{"type":"LineString","coordinates":[[-122.443524,37.803782],[-122.442078,37.80397]]}},{"type":"Feature","properties":{"kind":"trail"},"geometry":{"type":"LineString","coordinates":[[-122.443502,37.803651],[-122.442027,37.803843]]}},{"type":"Feature","properties":{"kind":"trail"},"geometry":{"type":"LineString","coordinates":[[-122.440316,37.779377],[-122.438856,37.779568],[-122.438826,37.779393]]}},{"type":"Feature","properties":{"kind":"trail"},"geometry":{"type":"LineString","coordinates":[[-122.441811,37.803698],[-122.441568,37.802582],[-122.440911,37.802673],[-122.440885,37.802696],[-122.441093,37.803776],[-122.441811,37.803698]]}},{"type":"Feature","properties":{"kind":"trail"},"geometry":{"type":"LineString","coordinates":[[-122.441577,37.802576],[-122.441568,37.802582]]}},{"type":"Feature","properties":{"kind":"trail"},"geometry":{"type":"LineString","coordinates":[[-122.440907,37.80266],[-122.440911,37.802673]]}},{"type":"Feature","properties":{"kind":"trail"},"geometry":{"type":"LineString","coordinates":[[-122.440873,37.802698],[-122.440885,37.802696]]}},{"type":"Feature","properties":{"kind":"trail"},"geometry":{"type":"LineString","coordinates":[[-122.441545,37.802465],[-122.440847,37.802553]]}},{"type":"Feature","properties":{"kind":"trail"},"geometry":{"type":"LineString","coordinates":[[-122.440847,37.802553],[-122.440611,37.801335]]}},{"type":"Feature","properties":{"kind":"trail"},"geometry":{"type":"LineString","coordinates":[[-122.440611,37.801335],[-122.441335,37.80122],[-122.441545,37.802465]]}},{"type":"Feature","properties":{"kind":"trail"},"geometry":{"type":"LineString","coordinates":[[-122.447919,37.778423],[-122.447751,37.777633],[-122.447164,37.77772]]}},{"type":"Feature","properties":{"kind":"trail"},"geometry":{"type":"LineString","coordinates":[[-122.448802,37.7783],[-122.448641,37.777516],[-122.447927,37.777612]]}},{"type":"Feature","properties":{"kind":"trail"},"geometry":{"type":"LineString","coordinates":[[-122.448081,37.778399],[-122.447927,37.777612]]}},{"type":"Feature","properties":{"kind":"trail","surface":"concrete"},"geometry":{"type":"LineString","coordinates":[[-122.446982,37.777757],[-122.447012,37.777762]]}},{"type":"Feature","properties":{"kind":"trail","surface":"concrete"},"geometry":{"type":"LineString","coordinates":[[-122.447011,37.77772],[-122.447029,37.777734]]}},{"type":"Feature","properties":{"kind":"trail","surface":"concrete"},"geometry":{"type":"LineString","coordinates":[[-122.446756,37.777775],[-122.446724,37.777764]]}},{"type":"Feature","properties":{"kind":"trail","surface":"concrete"},"geometry":{"type":"LineString","coordinates":[[-122.446738,37.777601],[-122.446714,37.777618]]}},{"type":"Feature","properties":{"kind":"trail"},"geometry":{"type":"LineString","coordinates":[[-122.45007,37.780108],[-122.450064,37.780062]]}},{"type":"Feature","properties":{"kind":"steps","surface":"wood"},"geometry":{"type":"LineString","coordinates":[[-122.511299,37.783333],[-122.511287,37.78331]]}},{"type":"Feature","properties":{"kind":"trail"},"geometry":{"type":"LineString","coordinates":[[-122.445014,37.80156],[-122.444983,37.801553]]}},{"type":"Feature","properties":{"kind":"trail"},"geometry":{"type":"LineString","coordinates":[[-122.444834,37.801572],[-122.444802,37.801597]]}},{"type":"Feature","properties":{"kind":"trail"},"geometry":{"type":"LineString","coordinates":[[-122.449573,37.779359],[-122.449511,37.779368]]}},{"type":"Feature","properties":{"kind":"trail"},"geometry":{"type":"LineString","coordinates":[[-122.448264,37.778875],[-122.4482,37.778883]]}},{"type":"Feature","properties":{"kind":"steps"},"geometry":{"type":"LineString","coordinates":[[-122.4482,37.778883],[-122.448188,37.778842]]}},{"type":"Feature","properties":{"kind":"trail"},"geometry":{"type":"LineString","coordinates":[[-122.450016,37.786749],[-122.449949,37.786377],[-122.449854,37.786236]]}},{"type":"Feature","properties":{"kind":"trail"},"geometry":{"type":"LineString","coordinates":[[-122.4502,37.786725],[-122.450107,37.786363]]}},{"type":"Feature","properties":{"kind":"trail"},"geometry":{"type":"LineString","coordinates":[[-122.450096,37.786285],[-122.450107,37.786363]]}},{"type":"Feature","properties":{"kind":"trail"},"geometry":{"type":"LineString","coordinates":[[-122.449623,37.782013],[-122.449625,37.782027]]}},{"type":"Feature","properties":{"kind":"trail"},"geometry":{"type":"LineString","coordinates":[[-122.475782,37.808017],[-122.475646,37.808087],[-122.475562,37.80803]]}},{"type":"Feature","properties":{"kind":"road","surface":"asphalt"},"geometry":{"type":"LineString","coordinates":[[-122.475886,37.806854],[-122.475916,37.806805]]}},{"type":"Feature","properties":{"kind":"road","surface":"asphalt"},"geometry":{"type":"LineString","coordinates":[[-122.475021,37.807486],[-122.475144,37.807411]]}},{"type":"Feature","properties":{"kind":"road"},"geometry":{"type":"LineString","coordinates":[[-122.475916,37.806805],[-122.47542,37.806337]]}},{"type":"Feature","properties":{"kind":"trail"},"geometry":{"type":"LineString","coordinates":[[-122.475629,37.806752],[-122.475585,37.806782],[-122.475663,37.80686]]}},{"type":"Feature","properties":{"kind":"trail"},"geometry":{"type":"LineString","coordinates":[[-122.475616,37.80674],[-122.475552,37.806784]]}},{"type":"Feature","properties":{"kind":"trail"},"geometry":{"type":"LineString","coordinates":[[-122.475602,37.806727],[-122.475616,37.80674],[-122.475629,37.806752],[-122.475689,37.806713]]}},{"type":"Feature","properties":{"kind":"steps"},"geometry":{"type":"LineString","coordinates":[[-122.475689,37.806713],[-122.475721,37.806691]]}},{"type":"Feature","properties":{"kind":"trail"},"geometry":{"type":"LineString","coordinates":[[-122.475721,37.806691],[-122.47581,37.806804]]}},{"type":"Feature","properties":{"kind":"road","surface":"asphalt"},"geometry":{"type":"LineString","coordinates":[[-122.475144,37.807411],[-122.475621,37.807097],[-122.475886,37.806854]]}},{"type":"Feature","properties":{"kind":"trail"},"geometry":{"type":"LineString","coordinates":[[-122.473166,37.806522],[-122.473101,37.806376]]}},{"type":"Feature","properties":{"kind":"trail"},"geometry":{"type":"LineString","coordinates":[[-122.473331,37.806479],[-122.473269,37.806333]]}},{"type":"Feature","properties":{"kind":"trail"},"geometry":{"type":"LineString","coordinates":[[-122.473495,37.806436],[-122.473437,37.806297]]}},{"type":"Feature","properties":{"kind":"trail"},"geometry":{"type":"LineString","coordinates":[[-122.471683,37.806191],[-122.471788,37.80608]]}},{"type":"Feature","properties":{"kind":"trail"},"geometry":{"type":"LineString","coordinates":[[-122.471821,37.806282],[-122.471932,37.806172]]}},{"type":"Feature","properties":{"kind":"trail"},"geometry":{"type":"LineString","coordinates":[[-122.471955,37.806366],[-122.472061,37.806253]]}},{"type":"Feature","properties":{"kind":"trail"},"geometry":{"type":"LineString","coordinates":[[-122.47209,37.806454],[-122.472194,37.806337]]}},{"type":"Feature","properties":{"kind":"trail"},"geometry":{"type":"LineString","coordinates":[[-122.472224,37.806537],[-122.47233,37.8064]]}},{"type":"Feature","properties":{"kind":"trail"},"geometry":{"type":"LineString","coordinates":[[-122.47243,37.806429],[-122.472361,37.806622]]}},{"type":"Feature","properties":{"kind":"trail"},"geometry":{"type":"LineString","coordinates":[[-122.472565,37.80645],[-122.472522,37.806646]]}},{"type":"Feature","properties":{"kind":"trail"},"geometry":{"type":"LineString","coordinates":[[-122.472737,37.806451],[-122.472666,37.806563],[-122.472668,37.806653]]}},{"type":"Feature","properties":{"kind":"trail"},"geometry":{"type":"LineString","coordinates":[[-122.472834,37.806609],[-122.472814,37.806546],[-122.472863,37.806434]]}},{"type":"Feature","properties":{"kind":"trail"},"geometry":{"type":"LineString","coordinates":[[-122.472998,37.806566],[-122.472941,37.806417]]}},{"type":"Feature","properties":{"kind":"road","surface":"concrete"},"geometry":{"type":"LineString","coordinates":[[-122.476274,37.808172],[-122.476341,37.808107]]}},{"type":"Feature","properties":{"kind":"road","name":"Geary Boulevard"},"geometry":{"type":"LineString","coordinates":[[-122.444715,37.782613],[-122.443717,37.782709]]}},{"type":"Feature","properties":{"kind":"trail"},"geometry":{"type":"LineString","coordinates":[[-122.502002,37.779454],[-122.502001,37.779444],[-122.501999,37.779425]]}},{"type":"Feature","properties":{"kind":"trail"},"geometry":{"type":"LineString","coordinates":[[-122.481181,37.792143],[-122.481216,37.792132],[-122.481181,37.792143]]}},{"type":"Feature","properties":{"kind":"steps","surface":"wood"},"geometry":{"type":"LineString","coordinates":[[-122.478954,37.788388],[-122.478889,37.788529]]}},{"type":"Feature","properties":{"kind":"trail","surface":"sand"},"geometry":{"type":"LineString","coordinates":[[-122.478889,37.788529],[-122.47876,37.788618]]}},{"type":"Feature","properties":{"kind":"trail"},"geometry":{"type":"LineString","coordinates":[[-122.478523,37.795525],[-122.478511,37.79553]]}},{"type":"Feature","properties":{"kind":"trail"},"geometry":{"type":"LineString","coordinates":[[-122.479171,37.796166],[-122.479144,37.796143]]}},{"type":"Feature","properties":{"kind":"steps"},"geometry":{"type":"LineString","coordinates":[[-122.479144,37.796143],[-122.479072,37.796125]]}},{"type":"Feature","properties":{"kind":"trail"},"geometry":{"type":"LineString","coordinates":[[-122.479059,37.796114],[-122.479009,37.796072]]}},{"type":"Feature","properties":{"kind":"steps","surface":"sand"},"geometry":{"type":"LineString","coordinates":[[-122.483416,37.79323],[-122.483308,37.793161]]}},{"type":"Feature","properties":{"kind":"trail","name":"Coastal Trail","surface":"wood"},"geometry":{"type":"LineString","coordinates":[[-122.483219,37.793546],[-122.483204,37.793534]]}},{"type":"Feature","properties":{"kind":"trail","surface":"sand"},"geometry":{"type":"LineString","coordinates":[[-122.483308,37.793161],[-122.483265,37.793142]]}},{"type":"Feature","properties":{"kind":"trail"},"geometry":{"type":"LineString","coordinates":[[-122.479568,37.796536],[-122.479553,37.796532]]}},{"type":"Feature","properties":{"kind":"trail","name":"Batteries to Bluffs Trail","surface":"dirt"},"geometry":{"type":"LineString","coordinates":[[-122.479322,37.796756],[-122.479421,37.796802]]}},{"type":"Feature","properties":{"kind":"steps"},"geometry":{"type":"LineString","coordinates":[[-122.479369,37.796474],[-122.479219,37.7964]]}},{"type":"Feature","properties":{"kind":"trail","surface":"sand"},"geometry":{"type":"LineString","coordinates":[[-122.478766,37.79882],[-122.478915,37.798845]]}},{"type":"Feature","properties":{"kind":"trail"},"geometry":{"type":"LineString","coordinates":[[-122.478551,37.794517],[-122.478476,37.794825],[-122.478327,37.794909],[-122.478286,37.79499],[-122.478319,37.795188],[-122.478523,37.795525],[-122.478907,37.795829],[-122.479009,37.796072]]}},{"type":"Feature","properties":{"kind":"trail"},"geometry":{"type":"LineString","coordinates":[[-122.475272,37.803045],[-122.475112,37.803046]]}},{"type":"Feature","properties":{"kind":"trail"},"geometry":{"type":"LineString","coordinates":[[-122.491536,37.787787],[-122.491683,37.787799]]}},{"type":"Feature","properties":{"kind":"steps"},"geometry":{"type":"LineString","coordinates":[[-122.491683,37.787799],[-122.491748,37.787807]]}},{"type":"Feature","properties":{"kind":"trail"},"geometry":{"type":"LineString","coordinates":[[-122.491195,37.787107],[-122.491565,37.787378]]}},{"type":"Feature","properties":{"kind":"steps"},"geometry":{"type":"LineString","coordinates":[[-122.491093,37.787758],[-122.490837,37.787366]]}},{"type":"Feature","properties":{"kind":"trail"},"geometry":{"type":"LineString","coordinates":[[-122.491101,37.787763],[-122.491093,37.787758]]}},{"type":"Feature","properties":{"kind":"steps"},"geometry":{"type":"LineString","coordinates":[[-122.491135,37.787755],[-122.491101,37.787763]]}},{"type":"Feature","properties":{"kind":"trail"},"geometry":{"type":"LineString","coordinates":[[-122.490837,37.787366],[-122.490782,37.787328]]}},{"type":"Feature","properties":{"kind":"trail","surface":"concrete"},"geometry":{"type":"LineString","coordinates":[[-122.510792,37.782958],[-122.51078,37.782921]]}},{"type":"Feature","properties":{"kind":"trail","surface":"concrete"},"geometry":{"type":"LineString","coordinates":[[-122.511063,37.782904],[-122.511052,37.782867]]}},{"type":"Feature","properties":{"kind":"trail","surface":"concrete"},"geometry":{"type":"LineString","coordinates":[[-122.511004,37.782716],[-122.510993,37.78268]]}},{"type":"Feature","properties":{"kind":"trail","surface":"concrete"},"geometry":{"type":"LineString","coordinates":[[-122.511508,37.782809],[-122.511496,37.782812]]}},{"type":"Feature","properties":{"kind":"trail","surface":"concrete"},"geometry":{"type":"LineString","coordinates":[[-122.511262,37.78326],[-122.511257,37.783251]]}},{"type":"Feature","properties":{"kind":"trail","surface":"concrete"},"geometry":{"type":"LineString","coordinates":[[-122.511191,37.783124],[-122.511186,37.783114]]}},{"type":"Feature","properties":{"kind":"steps","surface":"wood"},"geometry":{"type":"LineString","coordinates":[[-122.511282,37.7833],[-122.511262,37.78326]]}},{"type":"Feature","properties":{"kind":"steps","surface":"wood"},"geometry":{"type":"LineString","coordinates":[[-122.511257,37.783251],[-122.51121,37.783161]]}},{"type":"Feature","properties":{"kind":"trail","surface":"concrete"},"geometry":{"type":"LineString","coordinates":[[-122.511287,37.78331],[-122.511282,37.7833]]}},{"type":"Feature","properties":{"kind":"steps","surface":"wood"},"geometry":{"type":"LineString","coordinates":[[-122.511194,37.783129],[-122.511191,37.783124]]}},{"type":"Feature","properties":{"kind":"trail","surface":"concrete"},"geometry":{"type":"LineString","coordinates":[[-122.510365,37.780184],[-122.510334,37.779913]]}},{"type":"Feature","properties":{"kind":"trail","surface":"concrete"},"geometry":{"type":"LineString","coordinates":[[-122.511386,37.780765],[-122.510991,37.780542],[-122.510626,37.780333],[-122.510365,37.780184]]}},{"type":"Feature","properties":{"kind":"trail","surface":"concrete"},"geometry":{"type":"LineString","coordinates":[[-122.511494,37.782776],[-122.511558,37.782816],[-122.511522,37.782843],[-122.511508,37.782809],[-122.511494,37.782776]]}},{"type":"Feature","properties":{"kind":"trail","surface":"concrete"},"geometry":{"type":"LineString","coordinates":[[-122.51147,37.782882],[-122.51158,37.782814],[-122.511562,37.78277],[-122.511427,37.782767]]}},{"type":"Feature","properties":{"kind":"trail","surface":"concrete"},"geometry":{"type":"LineString","coordinates":[[-122.51171,37.78093],[-122.51171,37.780952]]}},{"type":"Feature","properties":{"kind":"trail","surface":"concrete"},"geometry":{"type":"LineString","coordinates":[[-122.511292,37.783105],[-122.511199,37.783139],[-122.510705,37.783223]]}},{"type":"Feature","properties":{"kind":"trail"},"geometry":{"type":"LineString","coordinates":[[-122.499625,37.787872],[-122.499352,37.787859],[-122.499217,37.787726]]}},{"type":"Feature","properties":{"kind":"trail"},"geometry":{"type":"LineString","coordinates":[[-122.505174,37.786156],[-122.505056,37.786182]]}},{"type":"Feature","properties":{"kind":"steps"},"geometry":{"type":"LineString","coordinates":[[-122.508791,37.781469],[-122.508861,37.781514],[-122.508993,37.781499]]}},{"type":"Feature","properties":{"kind":"steps","name":"Coastal Trail","surface":"unpaved"},"geometry":{"type":"LineString","coordinates":[[-122.505271,37.78511],[-122.505115,37.785229]]}},{"type":"Feature","properties":{"kind":"trail","name":"Coastal Trail","surface":"unpaved"},"geometry":{"type":"LineString","coordinates":[[-122.505115,37.785229],[-122.505152,37.785558],[-122.505241,37.785737],[-122.505065,37.78599]]}},{"type":"Feature","properties":{"kind":"trail","name":"El Camino del Mar","surface":"unpaved"},"geometry":{"type":"LineString","coordinates":[[-122.505021,37.783937],[-122.504738,37.783883]]}},{"type":"Feature","properties":{"kind":"trail","name":"Coastal Trail","surface":"dirt"},"geometry":{"type":"LineString","coordinates":[[-122.499909,37.787597],[-122.499952,37.787527],[-122.500141,37.78744]]}},{"type":"Feature","properties":{"kind":"steps","name":"Coastal Trail"},"geometry":{"type":"LineString","coordinates":[[-122.500878,37.787283],[-122.501019,37.787077],[-122.501126,37.787072]]}},{"type":"Feature","properties":{"kind":"steps"},"geometry":{"type":"LineString","coordinates":[[-122.51277,37.780309],[-122.512325,37.780567],[-122.512065,37.780647]]}},{"type":"Feature","properties":{"kind":"trail","surface":"concrete"},"geometry":{"type":"LineString","coordinates":[[-122.511711,37.780905],[-122.511711,37.780916]]}},{"type":"Feature","properties":{"kind":"steps"},"geometry":{"type":"LineString","coordinates":[[-122.511711,37.780916],[-122.51171,37.78093]]}},{"type":"Feature","properties":{"kind":"trail","surface":"concrete"},"geometry":{"type":"LineString","coordinates":[[-122.500678,37.784591],[-122.500697,37.784577]]}},{"type":"Feature","properties":{"kind":"trail","surface":"asphalt"},"geometry":{"type":"LineString","coordinates":[[-122.494843,37.782084],[-122.494808,37.782101]]}},{"type":"Feature","properties":{"kind":"trail","surface":"paved"},"geometry":{"type":"LineString","coordinates":[[-122.506766,37.783463],[-122.506764,37.783446]]}},{"type":"Feature","properties":{"kind":"steps"},"geometry":{"type":"LineString","coordinates":[[-122.506229,37.782761],[-122.506281,37.782772]]}},{"type":"Feature","properties":{"kind":"steps"},"geometry":{"type":"LineString","coordinates":[[-122.504535,37.781187],[-122.504533,37.781271]]}},{"type":"Feature","properties":{"kind":"steps"},"geometry":{"type":"LineString","coordinates":[[-122.507501,37.781988],[-122.507533,37.781965]]}},{"type":"Feature","properties":{"kind":"trail","surface":"paved"},"geometry":{"type":"LineString","coordinates":[[-122.507533,37.781965],[-122.507545,37.781955]]}}]}